time_s,mach,q_pa,cl,reynolds,cd_parasite,cd_induced,cd_wave,cd_total,drag_n,speed_m_s,altitude_m,mass_kg,fuel_kg,thrust_n,fuel_flow_kg_s,excess_thrust_n,acceleration_force_n,acceleration_m_s2,climb_rate_m_s,specific_excess_power_m_s,throttle
0.0,0.8,21153.492460281614,0.13907845267271926,1711109.3149584413,0.033609527105619055,0.002736448692775893,0.007084548104956279,0.04543052390335123,76.8811395884947,253.1613759960853,6000.0,24.0,3.0,288.68452210985254,0.014149326625146993,211.80338252135783,211.80338252135783,8.825140938389909,0.0,227.8234487130848,1.0
0.007177963616682791,0.8002001191735552,21164.076832523337,0.1390083098627947,1711537.347185906,0.03360837111424889,0.0027336891884129242,0.0071279208602544365,0.045469981162916256,76.98641399242788,253.2247040527608,6000.0,23.99989843867497,2.99989843867497,288.6652650071916,0.014148761974987451,211.6788510147637,211.6788510147637,8.819989449357456,0.0,227.74741813585828,1.0
0.014355927233365581,0.8004001214085342,21174.657664862043,0.1389382604267324,1711965.1292950124,0.03360721614493744,0.002730934746793147,0.00717137299763286,0.04550952388936345,77.09188710785057,253.2879951040228,6000.0,23.999796881401977,2.999796881401976,288.6460191573163,0.014148197604229019,211.55413204946572,211.55413204946572,8.814830104391598,0.0,227.67108485812506,1.0
0.02153389085005236,0.8006000065270833,21185.234943246942,0.1388683042816039,1712392.6609053512,0.033606062197913324,0.0027281853591061677,0.007214904032499595,0.04554915158951909,77.19755823116255,253.35124909358908,6000.0,23.999695328179012,2.9996953281790106,288.62678457734125,0.014147633513462281,211.42922634617872,211.42922634617872,8.809662933426123,0.0,227.59444950895568,1.0
0.0218005789180806,0.8006074307444917,21185.627859854627,0.1388657069467595,1712408.5404648057,0.03360601934418528,0.0027280833063783707,0.007216522886277952,0.0455506255368416,77.20148811256938,253.3535984999576,6000.0,23.999691555176756,2.9996915551767556,288.6260701584564,0.014147612560792815,211.424582045887,211.424582045887,8.809470803397993,0.0,227.59159640868126,1.0
0.028725993960259006,0.80080016774834,21195.82947872483,0.13879830381694847,1712820.7830680832,0.03360490700332478,0.002725435615587243,0.007258599462104049,0.045588942081016076,77.30363539717436,253.41459045633206,6000.0,23.99959357897167,2.9995935789716697,288.6075234285068,0.014147068592933125,211.30388803133243,211.30388803133243,8.804477764843314,0.0,227.51736086835467,1.0
0.03591864267658195,0.8010002262071274,21206.421221396227,0.13872839154434952,1713248.6854335421,0.03360375274798392,0.0027226907202259096,0.007302376452524632,0.04562881992073446,77.40991800594641,253.47789929971492,6000.0,23.999491826107864,2.999491826107863,288.5882721683171,0.01414650391185748,211.17835416237068,211.17835416237068,8.799284405373957,0.0,227.43996435224383,1.0
0.0431112913929049,0.8012001665374602,21217.00935335436,0.1386585726939352,1713676.3351356278,0.03360259951978303,0.00271995087297877,0.007346231206793631,0.04566878159955544,77.51639730832521,253.5411707611451,6000.0,23.999390077304593,2.999390077304593,288.5690322754129,0.014145939513690808,211.05263496708767,211.05263496708767,8.794083278252682,0.0,227.36226643544884,1.0
0.049952835568172815,0.8013902371280761,21227.0772689996,0.1385922486223762,1714082.8745832562,0.03360150353902879,0.0027173494460607304,0.007388016939705511,0.045706869924795036,77.61786076941907,253.60131892646604,6000.0,23.999293299070192,2.9992932990701915,288.55074212953986,0.014145402929326138,210.9328813601208,210.9328813601208,8.789128860235772,0.0,227.28808218611445,1.0
0.0503050746591284,0.8014000200731808,21227.59552986567,0.13858883619083856,1714103.7991938763,0.03360144713727215,0.002717215634034687,0.0073901701763986975,0.04570883294770554,77.62308943648726,253.604414756271,6000.0,23.999288316511187,2.999288316511187,288.5498007345957,0.014145375310060554,210.92671129810844,210.92671129810844,8.788873591430363,0.0,227.28425543091097,1.0
0.05752096550972492,0.8016003687243509,21238.210582615557,0.1385189790909543,1714532.322247947,0.033600292245947336,0.002714477044554711,0.007434321351301598,0.04574909064180365,77.73030568110342,253.66781543153252,6000.0,23.999186247067925,2.999186247067925,288.53052154972295,0.014144809658030034,210.80021586861955,210.80021586861955,8.783640149231053,0.0,227.20570308842892,1.0
0.06473685636031744,0.8018005979517812,21248.821958990837,0.138449215764017,1714960.5898681756,0.03359913838904664,0.0027117435092135315,0.007478549331956971,0.04578943123021715,77.83771774514712,253.7311783149461,6000.0,23.999084181705314,2.9990841817053124,288.5112538567786,0.014144244292508825,210.67353611163145,210.67353611163145,8.778398980417323,0.0,227.12684933387135,1.0
0.07195274721090995,0.8020007075796247,21259.42964492671,0.1383795461249548,1715388.6016784457,0.03359798556677416,0.002709015019127347,0.007522853631864682,0.04582985421776619,77.94532491038784,253.79450335086477,6000.0,23.998982120421278,2.9989821204212794,288.491997672684,0.014143679214084139,210.54667276229617,210.54667276229617,8.77315011552666,0.0,227.04769481858438,1.0
0.07916863806150247,0.802200697432734,21270.03362638899,0.1383099700885794,1715816.3573041363,0.03359683377932995,0.002706291565421962,0.007567233765371941,0.04587035911012385,78.05312645814982,253.85779048386277,6000.0,23.99888006321375,2.9988800632137513,288.47275301429346,0.01414311442334133,210.41962655614364,210.41962655614364,8.767893585112814,0.0,226.96824019561961,1.0
0.08638452891209498,0.8024005673366613,21280.63388937419,0.13824048756958715,1716243.8563721236,0.03359568302691004,0.0027035731392328205,0.007611689247676618,0.04591094541381948,78.16112166932282,253.92103965873582,6000.0,23.998778010080652,2.998778010080651,288.4535198983937,0.01414254992086392,210.2923982290709,210.2923982290709,8.762629419745366,0.0,226.8884861197217,1.0
0.0936004197626915,0.8026003171176586,21291.23041990956,0.1381710984825598,1716671.0985107804,0.03359453330970645,0.0027008597317050207,0.007656219594830477,0.04595161263624195,78.26930982437241,253.98425082050105,6000.0,23.998675961019895,2.9986759610198956,288.4342983417041,0.014141985707233549,210.1649885173317,210.1649885173317,8.757357650009293,0.0,226.80843324731626,1.0
0.09990567113634563,0.8027747601648697,21300.48661046857,0.13811054266346004,1717044.2124145462,0.03359352953350841,0.0026984928556326847,0.007695191159191176,0.045987213548332274,78.36400211512084,254.0394536228322,6000.0,23.998586793798733,2.998586793798732,288.41751200579756,0.014141492933821744,210.0535098906767,210.0535098906767,8.752744971839542,0.0,226.7382388834219,1.0
0.10082012290159441,0.8028000520387936,21301.828799423896,0.13810176615640304,1717098.308865876,0.033593384021311054,0.002698149904419379,0.007700847908817631,0.04599238183454806,78.3777475133821,254.04745727983732,6000.0,23.998573862118224,2.9985738621182234,288.4150782149519,0.01414142148517506,210.0373307015698,210.0373307015698,8.7520755153336,0.0,226.72803970689512,1.0
0.10806622225624964,0.8030003959598097,21312.46214308312,0.13803227421367226,1717526.8218026834,0.03359223157333654,0.0026954352033764766,0.0077457137729731625,0.046033380549686184,78.48677442266606,254.11085645823343,6000.0,23.99847139402392,2.9984713940239183,288.3957994852532,0.014140855492150425,209.90902506258712,209.90902506258712,8.746766475920566,0.0,226.64705280970966,1.0
0.11531232161090486,0.8032006182278292,21323.091680826947,0.13796287622733092,1717955.0745375212,0.03359108016982151,0.0026927255363321098,0.0077906536690019075,0.04607445937515553,78.59599371207824,254.17421713932953,6000.0,23.99836893002979,2.998368930029793,288.3765324620002,0.014140289792147454,209.780538749922,209.780538749922,8.741449861095271,0.0,226.5657666080253,1.0
0.12255842096556009,0.8034007186697512,21333.71739863178,0.13789357211042738,1718383.0667001458,0.03358992981094416,0.002690020894359107,0.007835667110348402,0.04611561781565167,78.70540465139374,254.2375392683475,6000.0,23.99826647013372,2.9982664701337227,288.35727716185016,0.014139724385747603,209.65187251045643,209.65187251045643,8.73612570188651,0.0,226.4841817732448,1.0
0.12980452032021933,0.8036006971131857,21344.33928250558,0.13782436177589774,1718810.797921836,0.03358878049687856,0.0026873212685402247,0.007880753611341263,0.04615685537676005,78.81500651000867,254.30082279073432,6000.0,23.99816401433358,2.9981640143335775,288.3380336013917,0.014139159273530426,209.52302709138303,209.52302709138303,8.730794029336558,0.0,226.40229897841945,1.0
0.13705061967487456,0.8038005533864545,21354.957318487937,0.13775524513656687,1719238.2678353898,0.0335876322277948,0.0026846266499681733,0.007925912687196406,0.04619817156495938,78.92479855695125,254.36406765216202,6000.0,23.998061562627225,2.9980615626272242,288.31880179714534,0.014138594456073598,209.39400324019408,209.39400324019408,8.72545487450072,0.0,226.32011889823622,1.0
0.14429671902952979,0.8040002873185906,21365.571492650157,0.13768622210514903,1719665.476075129,0.03358648500385889,0.0026819370297456297,0.007971143854020112,0.04623956588762464,79.03478006089212,254.4272737985279,6000.0,23.997959115012527,2.9979591150125255,288.2995817655627,0.01413802993395289,209.26480170467062,209.26480170467062,8.720108268446868,0.0,226.23764220900495,1.0
0.14985850670451845,0.8041535112176296,21373.715838288623,0.1376333065013294,1719993.204626279,0.03358560515421916,0.002679875980433531,0.008005909912052587,0.04627139104670528,79.11932509396888,254.47576176492313,6000.0,23.997880483496377,2.9978804834963775,288.28483730953945,0.014137596832262482,209.16551221557057,209.16551221557057,8.71599941334053,0.0,226.17413594371723,1.0
0.15154996854919284,0.8042000956474542,21376.192259000574,0.13761722462348464,1720092.843441035,0.03358533769474527,0.0026792497523587433,0.008016491367009135,0.046281078814113155,79.1450590947553,254.4905034878661,6000.0,23.997856570402128,2.9978565704021283,288.2803545749189,0.014137465151132355,209.13529548016356,209.13529548016356,8.714748955458864,0.0,226.15478776596302,1.0
0.15882682872245088,0.8044004308645919,21386.843681546507,0.13754809661732287,1720521.3377612333,0.03358418770358347,0.0026765587421865617,0.008062058108097736,0.04632280455386777,79.25588639075205,254.55389991190495,6000.0,23.997753696105725,2.9977536961057236,288.2610766827785,0.014136898828361123,209.00519029202644,209.00519029202644,8.709364757166547,0.0,226.07136633733697,1.0
0.16610368889571295,0.8046006421858294,21397.491167392498,0.13747906275031396,1720949.5670821453,0.033583038766940715,0.00267387274598624,0.008107696092378738,0.0463646076053057,79.36690253713182,254.61725712887304,6000.0,23.99765082592928,2.997650825929282,288.24181071291434,0.014136332805172383,208.87490817578254,208.87490817578254,8.703973138491321,0.0,225.9876478355044,1.0
0.17338054906897096,0.8048007294409,21408.13470256093,0.13741012293361635,1721377.53103959,0.03358189088496881,0.0026711917547873544,0.008153404833414113,0.04640648747317028,79.47810679186685,254.68057508488923,6000.0,23.997547959870623,2.9975479598706216,288.2225566817109,0.01413576708214159,208.74444988984405,208.74444988984405,8.698574130945062,0.0,225.90363295188766,1.0
0.18065740924222898,0.805000692460261,21418.774273106745,0.1373412770782801,1721805.2292709344,0.0335807440578155,0.002668515759629712,0.008199183845686926,0.04644844366313214,79.58949841261942,254.7438537263014,6000.0,23.997445097927557,2.997445097927556,288.20331460548294,0.01413520165984224,208.6138161928635,208.6138161928635,8.693167766050212,0.0,225.81932237949692,1.0
0.18793426941548702,0.805200531075093,21429.40986511749,0.13727252509524823,1722232.6614150938,0.03357959828562446,0.002665844751563395,0.008245032644604201,0.04649047568179206,79.70107665675195,254.80709299968646,6000.0,23.997342240097897,2.9973422400978955,288.1840845004756,0.014134636538845915,208.48300784372364,208.48300784372364,8.68775407533935,0.0,225.73471681291767,1.0
0.19521112958874504,0.8054002451173004,21440.04146471337,0.1372038668953573,1722659.8271125301,0.033578453568535296,0.002663178721648763,0.008290950746499937,0.046532583036684,79.81284078133783,254.87029285185014,6000.0,23.997239386379444,2.997239386379445,288.16486638286455,0.014134071719722262,208.35202560152672,208.35202560152672,8.682333090354756,0.0,225.64981694829794,1.0
0.19981134227269126,0.8055264339996762,21446.76037703885,0.13716051158398027,1722929.7308276272,0.033577730457128196,0.002661495901730281,0.008320014328067171,0.04655924068692565,79.88359026794976,254.91022554072225,6000.0,23.997174367464414,2.9971743674644147,288.15272345712987,0.01413371481401228,208.2691331891801,208.2691331891801,8.678902357418934,0.0,225.59599428709768,1.0
0.20249834966947314,0.8056001184814561,21450.684185458227,0.1371352048422907,1723087.333581554,0.033577308279229404,0.0026605138760003666,0.008337003188047807,0.04657482534327758,79.92494955452187,254.93354312171843,6000.0,23.99713639034818,2.997136390348182,288.1456329339933,0.014133506399564724,208.2206833794714,208.2206833794714,8.676897109407573,0.0,225.5645019862919,1.0
0.20980337477604388,0.8058003544782327,21461.348863448304,0.13706646924104107,1723515.6156806468,0.03357616125387135,0.0026578475119388508,0.008383236933998414,0.046617245699808615,80.03751784133424,254.99690814730334,6000.0,23.997033146798053,2.9970331467980516,288.1263645896471,0.014132940003133336,208.08884674831285,208.08884674831285,8.671440568313685,0.0,225.47868376082403,1.0
0.2171083998826146,0.8060004644315004,21472.00947622099,0.13699782787963122,1723943.6281869626,0.03357501529219679,0.002655186137627222,0.008429539061257764,0.04665974049108177,80.1502711986016,255.06023328620304,6000.0,23.996929907384345,2.9969299073843443,288.10710837423755,0.014132373912629394,207.95683717563594,207.95683717563594,8.665976771955457,0.0,225.39257107246365,1.0
0.22441342498918534,0.806200448174137,21482.666009867764,0.13692928066743548,1724371.3707430447,0.0335738703943306,0.0026525297440635185,0.008475909084309882,0.046702309222704005,80.26320887367338,255.12351848553146,6000.0,23.996826672104824,2.996826672104823,288.0878643038467,0.014131808128621326,207.82465543017332,207.82465543017332,8.66050575227764,0.0,225.30616463167914,1.0
0.23171845009575606,0.8064003055397553,21493.318450513594,0.13686082751372444,1724798.84299301,0.03357272656039356,0.0026498783222563206,0.00852234651859507,0.046744951401244954,80.37633011365917,255.18676369263505,6000.0,23.996723440957247,2.996723440957245,288.06863239448546,0.014131242651675587,207.6923022808263,207.6923022808263,8.655027541232576,0.0,225.2194651504607,1.0
0.23902347520233086,0.8066000363627028,21503.966784316992,0.13679246832766562,1725226.0445825474,0.03357158379050239,0.0026472318632247624,0.00856885088051287,0.04678766653424002,80.48963416543977,255.24996885509285,6000.0,23.996620213939366,2.996620213939365,288.04941266209437,0.014130677482356666,207.5597784966546,207.5597784966546,8.64954217077976,0.0,225.13247334230817,1.0
0.23980636809888659,0.806621434365663,21505.1077414894,0.1367851477199145,1725271.812485281,0.033571461380897116,0.0026469485314334776,0.008573838788619847,0.046792248700950445,80.50178798244053,255.25674028993404,6000.0,23.996609151156044,2.9966091511560435,288.0473535713415,0.014130616930402046,207.54556558890096,207.54556558890096,8.64895387017221,0.0,225.12313295755106,1.0
0.24634263522004213,0.8068000265805848,21514.631589565462,0.13672407101880193,1725653.8009884458,0.03357043987664939,0.002644585251594741,0.008615511864047468,0.0468305369922916,80.60334004245367,255.3132561035238,6000.0,23.996516791321056,2.9965167913210564,288.03016796860237,0.01413011152854398,207.4268279261487,207.4268279261487,8.644039038247827,0.0,225.04502075030976,1.0
0.24976417784086408,0.8068934738310375,21519.61572325897,0.13669212911511336,1725853.6740643291,0.033569905489120054,0.0026433497234344067,0.008637347566566974,0.04685060277912144,80.65655745677937,255.34282764665835,6000.0,23.996468444994683,2.9964684449946835,288.0211757103226,0.01412984706415045,207.36461825354326,207.36461825354326,8.6414640024581,0.0,225.00403842234212,1.0
0.2536737137319455,0.8070002147870036,21525.309600731664,0.1366556567108172,1726081.9808693805,0.03356929517105169,0.002641939306340288,0.008662315209654266,0.046873549687046254,80.71741352791595,255.37660600576774,6000.0,23.99641320444102,2.996413204441018,288.010904223035,0.01412954496383863,207.2934906951191,207.2934906951191,8.638519804149533,0.0,224.95713301660786,1.0
0.2610137615890219,0.807200519738681,21535.99649055705,0.13658725323679838,1726510.4104551899,0.033568150138887955,0.002639295104093936,0.008709241886468034,0.04691668712944992,80.83180874947172,255.4399928522496,6000.0,23.996309494985685,2.996309494985686,287.9916292432846,0.014128978018052725,207.15982049381287,207.15982049381287,8.632986690603461,0.0,224.86884497165843,1.0
0.2683538094460982,0.8074006962682801,21546.67917837271,0.1365189442647804,1726938.565360731,0.03356700618142792,0.002636655876067454,0.008756234185995583,0.04695989624349096,80.94638548865356,255.5033390593439,6000.0,23.996205789690617,2.9962057896906154,287.97236662135634,0.014128411385115584,207.02598113270278,207.02598113270278,8.627446478294766,0.0,224.7802646938649,1.0
0.27569385730317864,0.80760074421152,21557.357650310227,0.1364507297020971,1727366.4452346265,0.033565863298769205,0.0026340216132037615,0.008803291622575466,0.047003176534548434,81.06114298047439,255.56664457506363,6000.0,23.996102088553506,2.9961020885535072,287.9531163730586,0.01412784506558971,206.89197339258422,206.89197339258422,8.621899199673548,0.0,224.6913929145014,1.0
0.283033905160255,0.8078006634048726,21568.031892535997,0.13638260945598085,1727794.0497271072,0.03356472149100529,0.0026313923064565856,0.008850413711542267,0.04704652750900415,81.1760804597819,255.6299093476601,6000.0,23.99599839157206,2.995998391572059,287.93387851412734,0.014127279060035603,206.75779805434544,206.75779805434544,8.616344887194337,0.0,224.60223036629867,1.0
0.2903739530173313,0.8080004536855631,21578.701891251272,0.13631458343356362,1728221.3784900166,0.03356358075822553,0.002628767946790488,0.008897599969229359,0.047089948674245374,81.29119716126912,255.6931333256229,6000.0,23.995894698743964,2.995894698743963,287.91465306022627,0.014126713369011711,206.62345589895716,206.62345589895716,8.610783573315674,0.0,224.51277778343146,1.0
0.2977140008744077,0.8082001148915702,21589.36763269226,0.13624665154187734,1728648.4311768098,0.033562441100515136,0.0026261485251808693,0.00894484991297184,0.047133439538667846,81.40649231948586,255.75631645768016,6000.0,23.99579101006691,2.9957910100669083,287.8954400269463,0.014126147993074467,206.48894770746043,206.48894770746043,8.605215290499592,0.0,224.42303590150377,1.0
0.2997170134090369,0.8082545776423705,21592.277446599568,0.13622813006562953,1728764.9208270756,0.03356213028808719,0.002625434572347649,0.008957754863099864,0.04714531972353471,81.43798590233634,255.7735512888466,6000.0,23.995762715369878,2.9957627153698776,287.89019917588377,0.014125993763442575,206.45221327354744,206.45221327354744,8.60369456567887,0.0,224.3984962518531,1.0
0.30507763000301213,0.8084002876868243,21600.063348193176,0.13617859589754966,1729076.5780950105,0.033561298861779276,0.002623525641002901,0.008992315164750804,0.04717713966753298,81.52233643242157,255.81966148303454,6000.0,23.995686992439396,2.9956869924393943,287.8761777643672,0.014125581117926016,206.3538413319456,206.3538413319456,8.599622148637126,0.0,224.33271575373402,1.0
0.3124501092852358,0.8086005705998568,21610.76759849637,0.13611055317819934,1729504.9605426567,0.0335601563343158,0.00262090456505044,0.009039900703292175,0.047220961602658415,81.63849815780574,255.88304135534932,6000.0,23.99558285397642,2.99558285397642,287.8569049053553,0.014125013880269384,206.21840674754955,206.21840674754955,8.594015323673462,0.0,224.24199685683107,1.0
0.3198225885674554,0.808800722808037,21621.467512271316,0.1360426051405481,1729933.0634274401,0.03355901489167653,0.002618288443570752,0.009087549033499898,0.04726485236874718,81.75483759705338,255.94637986588876,6000.0,23.995478719694216,2.9954787196942143,287.8376446238327,0.0141244469621659,206.08280702677934,206.08280702677934,8.58840156656835,0.0,224.15098833931032,1.0
0.32719506784967495,0.8090007441502468,21632.16307571356,0.13597475168999296,1730360.886404747,0.03355787453393116,0.002615677267463308,0.009135259670380539,0.047308811471775,81.87135397405002,256.0096769636668,6000.0,23.99537458959042,2.9953745895904187,287.8183969353035,0.01412388036417113,205.9470429612535,205.9470429612535,8.582780910225782,0.0,224.0596909522445,1.0
0.33456754713189457,0.8092006344661349,21642.85427505454,0.13590699273183351,1730788.429131605,0.033556735261145235,0.0026130710276386984,0.009183032129974051,0.04735283841875799,81.98804651259064,256.07293259793994,6000.0,23.99527046366267,2.995270463662672,287.799161855198,0.014123314086838572,205.81111534260737,205.81111534260737,8.577153387551027,0.0,223.96810544809352,1.0
0.34194002641411414,0.8094003935961162,21653.5410965616,0.1358393281712729,1731215.6912666783,0.03355559707338015,0.0026104697150186504,0.009230865929356208,0.04739693271775501,82.10491443638986,256.1361467182072,6000.0,23.995166341908607,2.9951663419086083,287.7799393988727,0.014122748130719636,205.67502496248287,205.67502496248287,8.5715190314502,0.0,223.87623258069104,1.0
0.3493125056963378,0.8096000213813728,21664.223526538153,0.13577175791341806,1731642.6724702748,0.03355445997069316,0.0026078733205360262,0.009278760586641592,0.04744109387787078,82.22195696909387,256.1993192742105,6000.0,23.995062224325856,2.995062224325858,287.7607295816106,0.014122182496363671,205.5387726125167,205.5387726125167,8.56587787482978,0.0,223.7840731052307,1.0
0.3496698489772097,0.8096096939785707,21664.741190950273,0.13576848518480727,1731663.3610592315,0.03355440488302011,0.0026077475983844432,0.00928108357357704,0.0474432360549816,82.22763443138697,256.2023801842306,6000.0,23.99505717786373,2.995057177863728,287.759798805244,0.01412215508831242,205.532164373857,205.532164373857,8.565604276345194,0.0,223.7795988758509,1.0
0.35671637868259354,0.809800366883278,21674.947011358337,0.13570399473611477,1732071.188788425,0.03355331911803493,0.002605270810480524,0.009326919952908281,0.047485509881423735,82.33967283897537,256.2627189528817,6000.0,23.994957667582213,2.994957667582214,287.7414506997858,0.014121614777779809,205.4017778608104,205.4017778608104,8.56020588601885,0.0,223.6912335147734,1.0
0.36412185082946386,0.8100006228303224,21685.668354309604,0.13563631186884686,1732499.5135588793,0.0335521791137608,0.0026026726817277375,0.009375150147040885,0.047530001942529425,82.45758872043075,256.32609029176314,6000.0,23.994853092458857,2.994853092458859,287.7221804356617,0.014121047262293285,205.26459171523095,205.26459171523095,8.554525877874278,0.0,223.59808625526827,1.0
0.3715273229763341,0.810200745776977,21696.385224977625,0.1355687238615653,1732927.553856576,0.033551040204446936,0.0026000794877722518,0.00942344028846714,0.047574559980686326,82.57567841998197,256.38941954244245,6000.0,23.994748521537016,2.994748521537016,287.70292296992227,0.014120480073111051,205.12724454994031,205.12724454994031,8.548839108100001,0.0,223.5046521174398,1.0
0.3789327951232044,0.8104007355653979,21707.097609628112,0.13550123061771605,1733355.309343906,0.03354990239013458,0.002597491219470119,0.009471789893051766,0.04761918350265646,82.69394115063652,256.45270665496975,6000.0,23.99464395481427,2.9946439548142685,287.6836783177566,0.014119913210781387,204.98973716712004,204.98973716712004,8.543145610043155,0.0,223.4109318720552,1.0
0.38633826727007464,0.8106005920385223,21717.80549456374,0.13543383204065165,1733782.779684928,0.03354876567086084,0.002594907867688813,0.009520198477730226,0.047663872016279876,82.81237612538769,256.5159515796421,6000.0,23.994539392288193,2.994539392288193,287.6644464942784,0.014119346675850483,204.85207036889074,204.85207036889074,8.537445417048925,0.0,223.31692629119624,1.0
0.39374373941694907,0.8108003150400672,21728.508866124266,0.13536652803363178,1734209.9645453717,0.03354763004665863,0.002592329423307235,0.00956866556051105,0.04770862503047692,82.93098255722526,256.57915426700356,6000.0,23.994434833956365,2.9944348339563645,287.64522751452665,0.014118780468862387,204.7142449573014,204.7142449573014,8.531738562460099,0.0,223.22263614824558,1.0
0.3996226845453825,0.810958772999529,21737.002675409356,0.13531316501201754,1734548.8881584522,0.033546729294111594,0.0025902859748043413,0.00960718321531092,0.047744198484226855,83.02526161495317,256.6292985608222,6000.0,23.994351831741387,2.994351831741387,287.6299793944261,0.014118331210822043,204.6047177794729,204.6047177794729,8.52720336911988,0.0,223.1475803972523,1.0
0.4011561287535145,0.8110000907813931,21739.217701978494,0.13529925576590807,1734637.2622102287,0.03354649445834512,0.0025897534756442837,0.009617236013030158,0.04775348394701956,83.04987068417547,256.64237364395944,6000.0,23.994330182157984,2.994330182157985,287.626003459722,0.01411821406194566,204.57613277554657,204.57613277554657,8.526019739766186,0.0,223.1279737472886,1.0
0.40859515749977887,0.811200449741808,21749.96045069961,0.1352318367909671,1735065.8073146055,0.03354535589193065,0.002587173195022888,0.009666038978038279,0.04779856806499182,83.16935720109164,256.7057775815992,6000.0,23.994225158471032,2.9942251584710338,287.60672328280947,0.014117645950837138,204.4373660817178,204.4373660817178,8.520273721343417,0.0,223.03268606971062,1.0
0.4160341862460432,0.8114006735490689,21760.698603847195,0.1351645129511218,1735494.063341706,0.03354421843060903,0.0025845978387834716,0.009714899517275978,0.04784371578666848,83.2890143457455,256.76913874979084,6000.0,23.99412013900904,2.994120139009043,287.5874561114381,0.014117078172287278,204.2984417656926,204.2984417656926,8.514521081919119,0.0,222.9371135985591,1.0
0.4234732149923076,0.8116007620479291,21771.432147725645,0.13509728414794203,1735922.0299594756,0.03354308207439675,0.0025820273977269553,0.009763817146555297,0.047888926618679,83.40884132047859,256.8324570994064,6000.0,23.994015123769536,2.9940151237695374,287.568201960547,0.014116510726838947,204.15936064006843,204.15936064006843,8.508761855276948,0.0,222.84125712291987,1.0
0.4309122437385761,0.8118007150839367,21782.16106867739,0.13503015028290735,1736349.7068375591,0.03354194682330611,0.002579461862665973,0.009812791382793746,0.04793420006876582,83.52883732768512,256.89573258156923,6000.0,23.993910112750036,2.993910112750036,287.5489608449989,0.014115943615032826,204.02012351731375,204.02012351731375,8.502996075195774,0.0,222.74511743313226,1.0
0.4383512724848405,0.8120005325034347,21792.885353083002,0.13496311125740754,1736777.093647302,0.03354081267734519,0.0025769012244248714,0.009861821744016919,0.04797953564578698,83.6490015698236,256.9589651476544,6000.0,23.993805105948056,2.9938051059480557,287.52973277957994,0.014115376837407443,203.88073120975633,203.88073120975633,8.497223775449203,0.0,222.64869532077444,1.0
0.4457903012311049,0.8122002141535606,21803.604987361236,0.13489616697274365,1737204.1900617476,0.033539679636517904,0.0025743454738397322,0.009910907749360768,0.0480249328597184,83.76933324942758,257.0221547492882,6000.0,23.993700103361107,2.9937001033611077,287.5105177789997,0.014114810394499147,203.74118452957214,203.74118452957214,8.491444989805116,0.0,222.55199157864897,1.0
0.44957552011355534,0.8123017664808555,21809.057695243937,0.1348621398880142,1737421.398978235,0.03353910353285889,0.0025730468984176227,0.009935905505608281,0.04804805593688479,83.83062592574628,257.05429115793015,6000.0,23.993646676259566,2.9936466762595657,287.5007455839749,0.014114522298652118,203.6701196582286,203.6701196582286,8.488502077499929,0.0,222.50267772627367,1.0
0.45324444491616867,0.8124001651893784,21814.341724350874,0.13482918159842427,1737631.8626616516,0.0335385454020333,0.0025717894237467158,0.009960148822049248,0.04807048364782927,83.89007657188547,257.0854295984875,6000.0,23.99359489165077,2.9935948916507695,287.49127685592623,0.014114243136941856,203.60120028404077,203.60120028404077,8.485647990784798,0.0,222.45480965798234,1.0
0.46071424714775866,0.812600399194875,21825.096304420527,0.13476215073809225,1738060.1405016228,0.03353740989804224,0.0025692329088495237,0.01000954841299932,0.04811619121989109,84.0112405740829,257.14879399392845,6000.0,23.993489463167947,2.9934894631679483,287.4720087031972,0.014113675025988745,203.4607681291143,203.4607681291143,8.479832349581496,0.0,222.35714152800216,1.0
0.4681840493793528,0.8128004958468709,21835.846154876912,0.13469521510436006,1738488.1245580255,0.03353627550833349,0.002566681294424717,0.010059002658619748,0.048161959461377954,84.1325709852854,257.2121149236178,6000.0,23.993384038927537,2.9933840389275375,287.45275376774487,0.014113107254140288,203.32018278245948,203.32018278245948,8.47401027102251,0.0,222.2591918437141,1.0
0.4756538516109428,0.8130004549938233,21846.591262125206,0.13462837459694582,1738915.8145067273,0.033535142232894055,0.0025641345712418915,0.010108511076584935,0.04820778788072088,84.25406699850738,257.27539233959965,6000.0,23.993278618927,2.993278618927,287.43351206415167,0.014112539821930708,203.1794450656443,203.1794450656443,8.46818178926856,0.0,222.16096141262526,1.0
0.48312365384253286,0.8132002764849982,21857.331612609763,0.1345616291154812,1739343.210025325,0.0335340100717067,0.0025615927300826212,0.010158073185710404,0.048253675987499724,84.3757278068965,257.3386261941739,6000.0,23.993173203163796,2.993173203163796,287.41428360692265,0.014111972729892008,203.03855580002613,203.03855580002613,8.462346938472189,0.0,222.06245104341514,1.0
0.48980636809888656,0.8133789261361725,21866.93621727807,0.13450199701205381,1739725.3213781228,0.03353299814988108,0.0025593228509691373,0.01020245807969028,0.0482947790805405,84.48470830253716,257.39516018356454,6000.0,23.993078898576837,2.9930788985768357,287.3970924771979,0.01411146568068253,202.9123841746607,202.9123841746607,8.457121532105518,0.0,221.97408406011968,1.0
0.49059527267721115,0.8134000087153554,21868.06980305003,0.13449496236210584,1739770.414625152,0.03353287874982289,0.0025590551453596407,0.010207700578482888,0.04829963447366542,84.49758225055336,257.4018318020089,6000.0,23.993067766000557,2.9930677660005576,287.3950637390991,0.014111405840765562,202.89748148854574,202.89748148854574,8.456504331474534,0.0,221.96363748713048,1.0
0.4980823152507068,0.8136000148051654,21878.825359514787,0.13442825315285636,1740198.2049793047,0.03353174621074135,0.0025565172033334195,0.010257483338470976,0.04834574675254575,84.6198520059422,257.4651240731388,6000.0,23.992962115429734,2.9929621154297323,287.3758175182805,0.01411083812385693,202.75596551233826,202.75596551233826,8.450643340196294,0.0,221.86434063431273,1.0
0.49952835568172815,0.8136386278137683,21880.902122797725,0.1344153799660749,1740280.7938276785,0.03353152760216831,0.002556027589775264,0.01026710439775406,0.04835465958969763,84.64348589307009,257.47734322612536,6000.0,23.992941710666543,2.9929417106665412,287.37210185896856,0.014110728515084802,202.72861596589848,202.72861596589848,8.449510627359688,0.0,221.84513038534917,1.0
0.5055861403586297,0.813800330008592,21889.60018939927,0.1343614898939836,1740626.6564924438,0.03353061225611479,0.0025539784656539288,0.010307430359684452,0.04839202108145317,84.74255950639926,257.5285141638043,6000.0,23.992856232302053,2.992856232302051,287.356541552023,0.01411026947887628,202.61398204562371,202.61398204562371,8.444762894583619,0.0,221.76454148029617,1.0
0.5130939827177824,0.8140006128267182,21900.37592918311,0.13429478645625065,1741055.038737096,0.033529478819630545,0.0025514432622039465,0.010357456409616456,0.048438378491450954,84.86549586902667,257.5918940060858,6000.0,23.992750296757876,2.9927502967578743,287.3372687021438,0.014109700875149006,202.4717728331171,202.4717728331171,8.438873006588034,0.0,221.66440946131897,1.0
0.5206018250769351,0.8142007558324303,21911.14679558729,0.1342281785053195,1741483.1219388433,0.03352834650862531,0.002548912944135483,0.01040753427995283,0.048484793732713624,84.98859462650071,257.6552296044884,6000.0,23.992644365481386,2.992644365481385,287.31800930615793,0.014109132617726464,202.32941467965722,202.32941467965722,8.432976857305146,0.0,221.56399875781173,1.0
0.5281096674360877,0.8144007588776092,21921.912775088407,0.13416166593877024,1741910.9057808756,0.03352721532305598,0.0025463875021619897,0.01045766348913691,0.04853126631435488,85.11185496062991,257.7185209121395,6000.0,23.992538438469982,2.9925384384699805,287.29876337831854,0.014108564707135313,202.18690841768864,202.18690841768864,8.427074481352054,0.0,221.46331019772165,1.0
0.5356175097952404,0.8146006218149517,21932.673854203036,0.13409524865410294,1742338.3899481278,0.0335260852628752,0.0025438669270093227,0.010507843556790668,0.04857779574667519,85.23527605343347,257.78176788242484,6000.0,23.992432515721056,2.9924325157210543,287.2795309328005,0.014107997143899964,202.04425487936706,202.04425487936706,8.421165913334441,0.0,221.36234461009286,1.0
0.5431253521543972,0.8148003444979725,21943.430019487896,0.1340289265487379,1742765.5741272839,0.033524956328031444,0.00254135120941573,0.010558074003717261,0.04862438154116444,85.35885708715368,257.8449704689888,6000.0,23.992326597231994,2.9923265972319957,287.26031198369975,0.014107429928542588,201.90145489654606,201.90145489654606,8.415251187846014,0.0,221.26110282505016,1.0
0.5494811912499009,0.8149693120018099,21952.53190821943,0.13397285522376529,1743126.9764644608,0.0335240014964755,0.002539225293373066,0.01060063611381703,0.048663862903665596,85.46360025359479,257.8984405262014,6000.0,23.992236934202566,2.992236934202565,287.24405254933396,0.014106950018995744,201.78045229573917,201.78045229573917,8.410239230677462,0.0,221.17518031580585,1.0
0.5506386050578087,0.8150000705597826,21954.189003664935,0.13396265182761147,1743192.7655332882,0.033523827706116074,0.0025388385324140277,0.01060839060443301,0.04867105684296312,85.48268647508256,257.90817412477645,6000.0,23.992220606674387,2.9922206066743855,287.2410927094642,0.01410686265319485,201.75840623438165,201.75840623438165,8.409326070395275,0.0,221.1595124161183,1.0
0.5581817090474219,0.8152004485703199,21964.985757348695,0.13389620946700573,1743621.3513837173,0.033522695733613876,0.0025363207471848287,0.01065895690932824,0.04871797339012695,85.6071673312825,257.9715840908602,6000.0,23.99211419928933,2.992114199289328,287.22181069939313,0.01410629347549665,201.61464336811065,201.61464336811065,8.403371278304547,0.0,221.05724180712687,1.0
0.5657248130370351,0.8154006845665609,21975.777510398573,0.1338298628701745,1744049.6334816648,0.033521564896862255,0.002533807837228188,0.010709572621285895,0.04876494535537634,85.7318071549196,258.0349491162756,6000.0,23.992007796196305,2.9920077961963045,287.2025423550985,0.014105724650522266,201.47073520017892,201.47073520017892,8.397410375638513,0.0,220.95469492501192,1.0
0.5732679170266485,0.8156007784032665,21986.56424934466,0.1337636119327702,1744477.6115164806,0.03352043519579187,0.00253129979320172,0.010760237259147694,0.04881197224814129,85.85660511767895,258.0982691550615,6000.0,23.991901397392652,2.9919013973926534,287.1832876905563,0.014105156178792117,201.32668257287736,201.32668257287736,8.391443397427299,0.0,220.85187261589377,1.0
0.5808110210162659,0.8158007299360299,21997.345960758274,0.1336974565503678,1744905.2851792953,0.03351930663032918,0.002528796605775709,0.01081095034296955,0.04885905357907444,85.98156039153002,258.1615441615201,6000.0,23.99179500287571,2.991795002875708,287.1640467196626,0.014104588060824323,201.1824863281326,201.1824863281326,8.385470378686481,0.0,220.74877572691886,1.0
0.5883541250058791,0.8160005390212763,22008.12263125198,0.13363139661846588,1745332.6541630183,0.03351817920039639,0.002526298265633124,0.01086171139402363,0.04890618886005314,86.10667214873752,258.224774090217,6000.0,23.991688612642797,2.991688612642798,287.1448194562335,0.014104020297134732,201.038147307496,201.038147307496,8.37949135441662,0.0,220.6454051062451,1.0
0.5958972289954925,0.8162002055162639,22018.894247479704,0.1335654320324871,1745759.7181623413,0.03351705290591143,0.0025238047634696193,0.010912519934800687,0.04895337760418174,86.23193956187353,258.2879588959812,6000.0,23.99158222669125,2.99158222669125,287.1256059140045,0.014103452888236856,200.89366635213096,200.89366635213096,8.373506359602729,0.0,220.54176160302515,1.0
0.5994340268180738,0.8162937756612517,22023.943080380064,0.1335345354730537,1745959.8540957046,0.03351652520184243,0.002522637277783831,0.010936359176002913,0.04897552165562918,86.29072810203985,258.3175693293028,6000.0,23.991532346100062,2.9915323461000605,287.116601829808,0.014103186964835831,200.82587372776817,200.82587372776817,8.370698079250172,0.0,220.49307168313013,1.0
0.603459365529386,0.8164002325310926,22029.687955563957,0.13349939660850182,1746187.5532727372,0.03351592490925459,0.002521309816743125,0.010963503865351627,0.049000738591349347,86.35767846076693,258.35125778886925,6000.0,23.9914755766046,2.9914755766046004,287.1063576796096,0.014102884404318335,200.74867921884265,200.74867921884265,8.367500305592028,0.0,220.43758352734608,1.0
0.611038304139397,0.8166005599051934,22040.50052227173,0.13343331039826611,1746616.0308175683,0.03351479555114958,0.0025188141864563125,0.011014648003466335,0.04904825774107222,86.48385202868967,258.41465173096555,6000.0,23.991368693867372,2.991368693867371,287.0870805421903,0.014102315016107168,200.6032285135006,200.6032285135006,8.361474956815549,0.0,220.3329005238976,1.0
0.6186172427494122,0.8168007429027363,22051.30794631208,0.13336732012407287,1747044.1995573083,0.03351366733903145,0.002516323412054852,0.011065838641345072,0.04909582939243137,86.61018022496833,258.47799998485175,6000.0,23.991261815444137,2.9912618154441373,287.0678172978636,0.014101745987611762,200.45763707289527,200.45763707289527,8.35544368674484,0.0,220.22794462286944,1.0
0.6261961813594232,0.8170007813823198,22062.11021431665,0.13330142567954625,1747472.0591895152,0.033512540272799846,0.0025138374841528217,0.01111707529961653,0.0491434530565692,86.73666221169009,258.5413025057812,6000.0,23.991154941332173,2.9911549413321716,287.04856796023614,0.014101177319343645,200.31190574854605,200.31190574854605,8.34940653079802,0.0,220.12271668947054,1.0
0.6337751199694344,0.8172006752033913,22072.90731295958,0.13323562695823665,1747899.6094135628,0.0335114143523501,0.002511356393377252,0.01116835750016148,0.04919112824588883,86.86329715131298,258.60455924927567,6000.0,23.99104807152874,2.9910480715287426,287.0293325428333,0.014100609011812008,200.16603539152032,200.16603539152032,8.34336352437501,0.0,220.01721758984797,1.0
0.6413540585794454,0.8174004242262466,22083.699228957576,0.1331699238536216,1748326.8499306396,0.03351028957757327,0.0025088801303681384,0.011219684766114573,0.04923885447405599,86.99008420667717,258.66777017112554,6000.0,23.990941206031113,2.9909412060311147,287.0101110590983,0.01410004106552367,200.0200268524211,200.0200268524211,8.337314702857002,0.0,219.91144819107043,1.0
0.6489329971894564,0.8176000283120293,22094.485949069953,0.1331043162591065,1748753.7804437478,0.033509165948356165,0.002506408685778447,0.011271056621866235,0.04928663125600085,87.11702254101623,258.7309352273895,6000.0,23.99083434483655,2.990834344836548,286.9909035223932,0.01409947348098312,199.87388098137694,199.87388098137694,8.331260101606054,0.0,219.8054093611142,1.0
0.6493868623862467,0.8176119770120895,22095.13174727335,0.13310039037309332,1748779.3373587164,0.033509098696105105,0.002506260835881964,0.011274134433296201,0.049289493965283274,87.1246290335495,258.7347164140753,6000.0,23.990827945583952,2.990827945583953,286.9897537208043,0.014099439502639852,199.8651246872548,199.8651246872548,8.330897338790862,0.0,219.79905068773013,1.0
0.6565461653344684,0.8178003878305499,22105.316141902626,0.13303850840487258,1749182.3267418495,0.033508038397591255,0.002503930920850892,0.011322704907624083,0.04933467422606623,87.24468564199753,258.79433934164274,6000.0,23.990727005343338,2.990727005343339,286.9716232917751,0.014098903697710972,199.72693764977754,199.72693764977754,8.325172372029131,0.0,219.6986212340173,1.0
0.6641615138913451,0.8180006581415842,22116.144164661324,0.13297277790351886,1749610.68223525,0.03350691168008107,0.002501457291546297,0.011374412039633564,0.04938278101126094,87.37253632775572,258.8577152260335,6000.0,23.990619639446418,2.9906196394464195,286.95235164543055,0.01409833411744618,199.57981531767484,199.57981531767484,8.319077135861761,0.0,219.59153229475007,1.0
0.6717768624482219,0.818200781702898,22126.966901522566,0.13290714350784935,1750038.7238476335,0.03350578611879393,0.002498988498748542,0.01142616275352094,0.04943093737106341,87.50053720966041,258.92104467122283,6000.0,23.99051227788566,2.9905122778856588,286.93309412054356,0.014097764903931697,199.43255691088314,199.43255691088314,8.312976171614272,0.0,219.48417397188132,1.0
0.6793922110050987,0.8184007583770769,22137.784339228125,0.13284160510943907,1750466.4512850859,0.033504661713597714,0.0024965245330280535,0.011477956571919344,0.04947914281854511,87.62868744054558,258.9843276337256,6000.0,23.990404920658264,2.9904049206582624,286.9138507303374,0.014097196057669735,199.28516328979183,199.28516328979183,8.306869515077935,0.0,219.37654714949053,1.0
0.6870075595619755,0.8186005880275706,22148.596464563536,0.1327761625997933,1750893.8642555415,0.03350353846435599,0.0024940653849685086,0.011529793018751372,0.049527396868075876,87.75698617370404,259.0475640703304,6000.0,23.99029756776143,2.9902975677614307,286.89462148795207,0.014096627579160097,199.13763531424803,199.13763531424803,8.30075720202206,0.0,219.2686527125029,1.0
0.6946229081188564,0.8188002705186943,22159.403264358243,0.13271081587034797,1751320.9624687866,0.03350241637092801,0.002491611045166827,0.011581671619231298,0.04957569903532614,87.88543256289984,259.1107539380994,6000.0,23.99019021919236,2.9901902191923613,286.8754064064441,0.014096059468900182,198.98997384354425,198.98997384354425,8.294639268193485,0.0,219.16049154667286,1.0
0.6993396979544194,0.8189238758751576,22166.094096733872,0.1326703894405478,1751585.3403148153,0.03350172194898415,0.0024900932849661528,0.011613825087296765,0.04960564032124708,87.96506328715988,259.1498690657528,6000.0,23.990123731871826,2.9901237318718255,286.8635120886905,0.014095707778017975,198.89844880153066,198.89844880153066,8.290847142955174,0.0,219.09336537359897,1.0
0.7022509875112222,0.8190001391619586,22170.222778175947,0.13264545581011397,1751748.4588403585,0.033501293560226714,0.0024891574132655135,0.011633678731387194,0.04962412970487942,88.01424085842203,259.17400271403346,6000.0,23.990082695500867,2.9900826955008672,286.85617341185565,0.014095490778581321,198.84193255343362,198.84193255343362,8.288505507766537,0.0,219.0518830553926,1.0
0.7098997836394576,0.8192004020939376,22181.066284606757,0.132580014514941,1752176.7985507962,0.03350016886425054,0.0024867019427510634,0.01168586860038314,0.04967273940738475,88.14354602665595,259.2373762633095,6000.0,23.989974884145205,2.989974884145206,286.83690247558405,0.014094920915768371,198.6933564489281,198.6933564489281,8.282349498424988,0.0,218.9427126763402,1.0
0.717548579767693,0.8194005161648064,22191.90437894033,0.1325146695135365,1752604.8198641934,0.033499045333810484,0.0024842512943895815,0.0117380995621907,0.04972139619039077,88.27299758756479,259.3007027052311,6000.0,23.989867077146883,2.9898670771468834,286.81764586394536,0.014094351425940807,198.54464827638057,198.54464827638057,8.276187927090152,0.0,218.83327591124663,1.0
0.7251973758959285,0.8196004812405956,22202.73704801068,0.13244942069562546,1753032.522494005,0.03349792296874652,0.0024818054587073713,0.011790371141003526,0.04977009956845742,88.40259468574159,259.3639819974036,6000.0,23.989759274503044,2.9897592745030424,286.7984035898311,0.014093782309592831,198.3958089040895,198.3958089040895,8.270020829885937,0.0,218.72357366080047,1.0
0.7328461720241682,0.8198002971882165,22213.564278696846,0.13238426795086589,1753459.906155569,0.033496801768894274,0.002479364426244227,0.011842682862338519,0.04981884905747702,88.53233646631692,259.42721409771065,6000.0,23.989651476210824,2.9896514762108235,286.7791756660481,0.014093213567216193,198.2468391997312,198.2468391997312,8.263848242910962,0.0,218.61360682645474,1.0
0.7398063680988866,0.8199819945507248,22223.412026576625,0.1323250641239269,1753848.5362174336,0.03349578252001774,0.0024771473193018635,0.011890319588899127,0.04986324942821873,88.65052296218128,259.484712540595,6000.0,23.989553386481212,2.989553386481213,286.7616912606266,0.014092696352547542,198.1111682984453,198.1111682984453,8.258226616677513,0.0,218.51331083740675,1.0
0.7404966496904907,0.8200000077544605,22224.388436420293,0.13231919687708232,1753887.0644183138,0.03349568148798079,0.0024769276524885964,0.011895045766476566,0.049867654906945946,88.66225064522617,259.49041284989977,6000.0,23.989543658570042,2.9895436585700432,286.7599578829226,0.014092645074389417,198.09770723769645,198.09770723769645,8.257668843439124,0.0,218.50335204802587,1.0
0.7481641239206857,0.8202000120483867,22235.23115631457,0.13225407745334927,1754314.8509312752,0.03349455988748249,0.0024744902675116376,0.011947564346876589,0.049916614501870724,88.79259695917918,259.5537045527191,6000.0,23.989435605760193,2.9894356057601943,286.7407118349186,0.014092075694943857,197.94811487573944,197.94811487573944,8.251470277533723,0.0,218.3925885537397,1.0
0.7492925335225922,0.8202294336718463,22236.826397286146,0.13224450205867092,1754377.7804487287,0.033494394922178386,0.002474131966827882,0.011955296716492553,0.049923823605498824,88.81179188833707,259.563015076068,6000.0,23.98941970417393,2.98941970417393,286.7378806458159,0.014091991932140056,197.92608875747882,197.92608875747882,8.250557587395145,0.0,218.37626543651638,1.0
0.7558507267232596,0.8204003644898394,22246.095401342693,0.1321888921416934,1754743.3820923304,0.03349343666362344,0.002472051618033987,0.012000253009371149,0.049965741291028584,88.92341180472238,259.6171064274221,6000.0,23.989327287764212,2.9893272877642114,286.7214322853138,0.01409150527371184,197.79802048059145,197.79802048059145,8.245250819579196,0.0,218.28128459234105,1.0
0.7635406304359744,0.8206006517364619,22256.95876335652,0.13212377547738222,1755171.7738090344,0.03349231413422047,0.002469616737081928,0.012053002956434387,0.05001493382773679,89.05442558047544,259.68048767110884,6000.0,23.98921892763846,2.989218927638462,286.70215900928855,0.014090934987408496,197.64773342881313,197.64773342881313,8.23902328896166,0.0,218.16966911342678,1.0
0.7712305341486936,0.820800787586296,22267.816562554894,0.13205875536169936,1755599.8417051698,0.03349119278169106,0.002467186663392051,0.012105791094561193,0.050064170539644307,89.18558127466113,259.7438210050215,6000.0,23.989110571896695,2.989110571896697,286.68290030189974,0.014090365081562474,197.4973190272386,197.4973190272386,8.232790391929212,0.0,218.05779077800497,1.0
0.7789204378614084,0.8210007719094204,22278.66878587783,0.1319938316821371,1756027.5855028494,0.033490072605842115,0.0024647613874339788,0.012158616949686455,0.050113450942962545,89.31687802204797,259.8071063880463,6000.0,23.989002220535987,2.9890022205359874,286.6636561756495,0.01408979555665862,197.34677815360155,197.34677815360155,8.22655216500256,0.0,217.94565050650658,1.0
0.7866103415741231,0.8212006045767913,22289.51542031067,0.13192900432613103,1756455.0049260638,0.03348895360647624,0.002462340899691384,0.012211480049102748,0.05016277455527037,89.44831495802133,259.870343779347,6000.0,23.9888938735534,2.988893873553402,286.6444266429556,0.014089226413179341,197.19611168493424,197.19611168493424,8.220308644673835,0.0,217.83324922004232,1.0
0.794300245286838,0.8214002854602435,22300.356452884174,0.13186427318106056,1756882.0997006812,0.03348783578339179,0.002459925190661985,0.012264379921462105,0.050212140895515886,89.57989121859576,259.9335331383656,6000.0,23.988785530946004,2.988785530946005,286.6252117161509,0.01408865765160455,197.0453204975551,197.0453204975551,8.214059867406075,0.0,217.72058784038543,1.0
0.799245369090765,0.8215286134128247,22307.324998387314,0.13182269748954914,1757156.5786444703,0.03348711756951785,0.002458374247931548,0.012298417295451192,0.050243909112900595,89.66457678167261,259.9741427396834,6000.0,23.988715861693596,2.9887158616935965,286.6128629515962,0.014088292101751405,196.94828616992356,196.94828616992356,8.210038724266214,0.0,217.6480020395051,1.0
0.8020037659489627,0.8216001676149642,22311.211052576826,0.13179952376646745,1757309.6249717271,0.03348671716011557,0.002457509985893899,0.012317409865791593,0.050261637011801065,89.71183929746402,259.99678619002333,6000.0,23.988677000874066,2.9886770008740657,286.60597742137963,0.014088088266289855,196.8941381239156,196.8941381239156,8.207794790714864,0.0,217.60746710579858,1.0
0.8097318195437498,0.821800533015677,22322.094545598273,0.13173466493443517,1757738.1838511708,0.03348559616010379,0.0024550918890077463,0.012370644823334626,0.05031133287244617,89.84434632750478,260.0601921657064,6000.0,23.988568129578777,2.988568129578777,286.5866966247289,0.014087517453741217,196.74235029722414,196.74235029722414,8.201504534763526,0.0,217.49372572269993,1.0
0.8174598731385326,0.8220007447388727,22332.972341934532,0.13166990292799582,1758166.4140318262,0.03348447634743538,0.0024526785895976075,0.012423915496560786,0.05036107043359377,89.97699144829333,260.12354950987486,6000.0,23.98845926269326,2.9884592626932607,286.5674306161851,0.014086947028338195,196.59043916789176,196.59043916789176,8.195209080127471,0.0,217.3797244623102,1.0
0.8251879267333154,0.8222008026580409,22343.844428607834,0.13160523763262313,1758594.3152431005,0.03348335772188845,0.002450270078076239,0.01247722141261798,0.05041084921258267,90.10977378559639,260.18685818249423,6000.0,23.98835040021452,2.9883504002145225,286.548179407922,0.014086376990557882,196.43840562232563,196.43840562232563,8.188908463691982,0.0,217.26546426272503,1.0
0.8329159803280982,0.822400706647566,22354.710792687125,0.13154066893373664,1759021.8872163182,0.033482240283236764,0.002447866344870708,0.012530562100047838,0.050460668728155314,90.24269246588027,260.2501181438134,6000.0,23.988241542139566,2.988241542139566,286.5289430120273,0.014085807340874874,196.28625054614702,196.28625054614702,8.182602722310248,0.0,217.15094606263418,1.0
0.8406440339228811,0.8226004565827286,22365.57142128807,0.1314761967167029,1759449.129684717,0.03348112403124981,0.0024454673804224086,0.012583937088787217,0.05051052850045944,90.37574661632257,260.3133293543645,6000.0,23.98813268846539,2.9881326884653907,286.5097214405027,0.014085238079761237,196.13397482418011,196.13397482418011,8.176291892802913,0.0,217.03617080130573,1.0
0.8483720875176682,0.8228000523397042,22376.426301573152,0.13141182086683578,1759876.0423834508,0.03348000896569276,0.0024430731751870502,0.012637345910169448,0.05056042805104926,90.50893536482366,260.37649177496314,6000.0,23.98802383918899,2.9880238391889913,286.4905147052635,0.014084669207686536,195.98157934043982,195.98157934043982,8.169976011957546,0.0,216.92113941856908,1.0
0.8491982046589379,0.8228213796949294,22377.586331099297,0.13140494488327303,1759921.6591786873,0.0334798898370683,0.0024428175194720356,0.012643057213916436,0.05056576457045678,90.5231809658751,260.3832408532071,6000.0,23.988012203627438,2.988012203627438,286.48846241281313,0.014084608419165574,195.96528144693804,195.96528144693804,8.16930055660487,0.0,216.9088276254057,1.0
0.8561347350228294,0.8230003862295329,22387.3239728494,0.13134725374400533,1760304.5338646856,0.03347889010281602,0.0024406730341240165,0.012691027400197435,0.05061059053713747,90.64285494496983,260.4398877789727,6000.0,23.987914507083286,2.987914507083287,286.47123694084763,0.01408409818123506,195.8283819958778,195.8283819958778,8.16362681041124,0.0,216.8053362129694,1.0
0.863901523195257,0.8232006710452695,22398.221626663497,0.13128274925783354,1760732.9203819998,0.03347777184067274,0.0024382763992865774,0.01274477074350933,0.05066081898346865,90.77698011040097,260.5032682534015,6000.0,23.98780512109353,2.9878051210935315,286.451963898742,0.014083527243979538,195.67498378834102,195.67498378834102,8.157269195766286,0.0,216.68921451463177,1.0
0.8716683113676846,0.8234007997624646,22409.113435657313,0.1312183417583441,1761160.9730222288,0.03347665477614259,0.002435884542565075,0.012798546843369549,0.050711086162077215,90.9112385801104,260.5665993301783,6000.0,23.987695739536594,2.987695739536594,286.43270587771406,0.014082956701084587,195.52146729760364,195.52146729760364,8.150906590637822,0.0,216.57283698107256,1.0
0.8794350995401121,0.8236007722590696,22419.999386990767,0.1311540311289099,1761588.6915243242,0.03347553890896977,0.0024334974543292554,0.01285235522972979,0.05076139159302881,91.04562947188033,260.62988097068063,6000.0,23.98758636240941,2.9875863624094112,286.4134628895082,0.014082386553016598,195.36783341762788,195.36783341762788,8.14453903222985,0.0,216.4562045684437,1.0
0.887201887712544,0.8238005884139484,22430.879467871866,0.1310898172528537,1762016.0756291898,0.03347442423889416,0.0024311151249634664,0.012906195433972784,0.05081173479783041,91.18015190428837,260.6931131365749,6000.0,23.987476989708913,2.987476989708914,286.3942349457812,0.014081816800239387,195.2140830414928,195.2140830414928,8.138166557710234,0.0,216.33931823338693,1.0
0.8949686758849715,0.8240002481068791,22441.75366555681,0.13102570001344852,1762443.1250796842,0.03347331076565131,0.002428737544866643,0.01296006698891389,0.05086211529943185,91.31480499671983,260.7562957898165,6000.0,23.987367621432032,2.9873676214320315,286.37502205810176,0.014081247443214205,195.06021706138193,195.06021706138193,8.131789204210184,0.0,216.2221789330166,1.0
0.8991510402271107,0.8241076986844315,22447.60690800792,0.13099121329106753,1762672.9496848686,0.033472711663309444,0.002427459197573176,0.01298908929011673,0.05088926015099935,91.38736861671882,260.7902987098974,6000.0,23.987308729165672,2.987308729165673,286.3646822852248,0.01408094101229622,194.97731366850596,194.97731366850596,8.128353033262005,0.0,216.15899573900353,1.0
0.9027536112566585,0.824200217176661,22452.64735436144,0.13096152982162546,1762870.8362521934,0.033472195891524816,0.0024263591658231346,0.013014095408340455,0.05091265046568841,91.44990294255742,260.8195763458948,6000.0,23.987258002050822,2.9872580020508224,286.3557793996529,0.014080677153479859,194.90587645709547,194.90587645709547,8.125392091102357,0.0,216.1045130442711,1.0
0.9105597210772068,0.8244005720714889,22463.56471273048,0.13089728234082287,1763299.37266074,0.0334710791918179,0.0024239790893796124,0.013068301467318036,0.050963359748515555,91.58549837511544,260.8829789969725,6000.0,23.98714808896924,2.9871480889692386,286.3364996139643,0.014080105712751048,194.75100123884886,194.75100123884886,8.118972731418927,0.0,215.98627386189537,1.0
0.9183658308977551,0.8246007685564237,22474.476089761247,0.1308331321227459,1763727.5702484827,0.033469963700263346,0.002421603781337328,0.013122537784701082,0.05101410526630176,91.72122312384498,260.9463315189671,6000.0,23.987038180346822,2.9870381803468216,286.3172350717704,0.014079534673177154,194.59601194792543,194.59601194792543,8.112548555801391,0.0,215.86778205665215,1.0
0.9261719407183078,0.824800806513127,22485.3814727124,0.13076907904868926,1764155.4287623079,0.033468849416575075,0.0024192332320079907,0.013176803892017004,0.05106488654060007,91.85707629809357,261.00963387443016,6000.0,23.986928276180436,2.9869282761804374,286.2979857844589,0.014078964035215974,194.4409094863653,194.4409094863653,8.10611960179368,0.0,215.7490386020211,1.0
0.9339780505388561,0.8250006858241921,22496.280848892136,0.13070512299990014,1764582.9479510968,0.03346773634046264,0.00241686743171817,0.013231099322260704,0.05111570309444152,91.99305700809131,261.07288602620815,6000.0,23.98681837646695,2.98681837646695,286.27875176332736,0.014078393799322653,194.28569475523605,194.28569475523605,8.099685906899865,0.0,215.6300444718791,1.0
0.9417841603594044,0.825200406373145,22507.17420565831,0.13064126385757857,1765010.1275657238,0.033466624471631186,0.0024145063708092863,0.013285423609896015,0.05116655445233649,92.12916436496315,261.13608793744265,6000.0,23.986708481203216,2.986708481203218,286.25953301958407,0.014077823965949707,194.13036865462092,194.13036865462092,8.093247508583678,0.0,215.51080064048335,1.0
0.9491038757952834,0.8253875381106377,22517.383323688242,0.13058147167466613,1765410.381139659,0.03346558297925251,0.0024122967233390614,0.013336388784640838,0.051214268487232414,92.25690521354394,261.1953060976379,6000.0,23.98660543749228,2.9866054374922797,286.2415256741808,0.014077290004659777,193.98462046063688,193.98462046063688,8.087206043645887,0.0,215.39876084542175,1.0
0.9495925250529146,0.8254000256668651,22518.06467445852,0.1305774830984556,1765437.0906068864,0.033465513489130065,0.0024121493596701584,0.01333979199522967,0.0512174548440299,92.26543685112192,261.1992578062846,6000.0,23.986598558643678,2.9865985586436765,286.24032401944686,0.014077254371119594,193.97488716832493,193.97488716832493,8.08680258245391,0.0,215.39127352999313,1.0
0.9574348231735899,0.8256003523390671,22528.99638328371,0.13051352251805562,1765865.5666504358,0.03346439889380131,0.0024097868591315486,0.013394424782049831,0.05126861053498269,92.40242730548849,261.2626515262638,6000.0,23.986488162860034,2.9864881628600353,286.22104694957,0.014076682707242685,193.8186196440815,193.8186196440815,8.080324986639123,0.0,215.27097746970273,1.0
0.9652771212942693,0.8258005184261483,22539.921978715643,0.13044965938412065,1766293.6992206147,0.03346328551605239,0.0024074291128154315,0.013449085291470764,0.05131979992033859,92.53954289341833,261.32599442880536,6000.0,23.986377771557954,2.986377771557955,286.2017853325062,0.014076111450983267,193.66224243908783,193.66224243908783,8.073842757063739,0.0,215.1504323445304,1.0
0.9731194194149446,0.8260005238137943,22550.841448137937,0.13038589357600605,1766721.4880729187,0.033462173355566636,0.0024050761109885802,0.013503773057429745,0.05137102252398496,92.67678271736861,261.38928647773423,6000.0,23.986267384734234,2.9862673847342354,286.1825391792555,0.014075540602789446,193.5057564618869,193.5057564618869,8.067355931546118,0.0,215.0296391437195,1.0
0.9809617175356198,0.8262003683886405,22561.754778985127,0.13032222497302262,1767148.9329648726,0.03346106241202293,0.0024027278439328757,0.013558487615365431,0.05142227787132124,92.81414588076665,261.452527637176,6000.0,23.986157002385674,2.986157002385673,286.1633085007269,0.014074970163106642,193.34916261996023,193.34916261996023,8.060864547861069,0.0,214.90859885681436,1.0
0.9888040156562949,0.826400052038271,22572.66195874274,0.13025865345443693,1767576.0336560323,0.033459952685095745,0.0024003843019452936,0.013613228502218437,0.05147356548925948,92.95163148802085,261.5157178715565,6000.0,23.98604662450906,2.9860466245090613,286.14409330773805,0.014074400132377585,193.1924618197172,193.1924618197172,8.054368643739407,0.0,214.78731247364448,1.0
0.9898063680988866,0.8264255627222319,22574.055600797863,0.13025053514026042,1767630.598117228,0.03345981093456055,0.0024000851054446527,0.01362022700668921,0.05148012304669441,92.9692127993596,261.52379077137414,6000.0,23.98603251703621,2.986032517036211,286.14163846120204,0.014074327304189485,193.17242566184245,193.17242566184245,8.0535380548926,0.0,214.77179273625873,1.0
0.9966638842148989,0.8266000214946458,22583.587391411387,0.13019503679544717,1768003.74565542,0.03345884169223626,0.00239804024055531,0.01366811798836789,0.051524999921159456,93.08954708495756,261.57899854997277,6000.0,23.985936003817837,2.9859360038178386,286.12485061208804,0.0140738292352831,193.03530352713048,193.03530352713048,8.04785368794468,0.0,214.6655084222721,1.0
0.9990567113634563,0.8266608672654796,22586.912255484476,0.13017568891342,1768133.887861982,0.03345850370852229,0.0023973275628165077,0.013684833413915005,0.051540664685253805,93.13155766681402,261.59825329880755,6000.0,23.98590232778501,2.9859023277850096,286.11899553466276,0.01407365551536131,192.98743786784874,192.98743786784874,8.045869412396222,0.0,214.62837814678355,1.0
1.0045430793857546,0.8268003201868923,22594.533461959647,0.1301313613457384,1768432.1618530161,0.033457729193476934,0.0023956951596007317,0.013723168056058926,0.05157659240913659,93.22792344336726,261.6423834156469,6000.0,23.985825115623776,2.9858251156237756,286.10557623467116,0.014073257347603339,192.8776527913039,192.8776527913039,8.041318231144283,0.0,214.5431587545476,1.0
1.0124296030585713,0.827000642172221,22605.483457998504,0.13006772444076628,1768860.6278718747,0.033456616888766166,0.0023933526443620057,0.013778294541947112,0.051628264075075286,93.36654956114342,261.705775652457,6000.0,23.985714128802393,2.9857141288023934,286.0862996158036,0.014072685342724572,192.7197500546602,192.7197500546602,8.034772240666353,0.0,214.420449535205,1.0
1.0203161267313878,0.8272008009649705,22616.42718307476,0.13000418522811555,1769288.7448403053,0.033455505813070545,0.0023910148684212224,0.013833445790572172,0.05167996647206394,93.50529588313432,261.76911624669475,6000.0,23.985603146490504,2.9856031464905035,286.06703870065996,0.014072113753196143,192.56174281752564,192.56174281752564,8.028221831298858,0.0,214.29749545579003,1.0
1.0282026504042046,0.8274007964555548,22627.364624716785,0.12994074358481392,1769716.5125239159,0.03345439596603714,0.002388681821988304,0.013888621338643981,0.05173169912666942,93.64416150362334,261.8324051636814,6000.0,23.98549216868483,2.9854921686848277,286.0477934997855,0.014071542579454836,192.40363199616215,192.40363199616215,8.021667041185923,0.0,214.17429752422512,1.0
1.0360891740770213,0.8276006285353233,22638.295770503613,0.12987739938785875,1770143.930690315,0.0334532873473087,0.002386353495288974,0.013943820724404156,0.05178346156700184,93.78314551794354,261.89564236903436,6000.0,23.985381195382086,2.985381195382085,286.02856402363545,0.014070971821934774,192.24541850569193,192.24541850569193,8.015107908424863,0.0,214.05085674864063,1.0
1.0439756977498422,0.8278002970965604,22649.220608065018,0.12981415251421752,1770570.9991091117,0.033452179956523755,0.0023840298785647446,0.013999043487626463,0.051835253322714964,93.92224702248852,261.9588278286668,6000.0,23.98527022657899,2.9852702265789905,286.00935028257504,0.014070401481067403,192.0871032600865,192.0871032600865,8.008544471065724,0.0,213.9271741373586,1.0
1.0490095469316292,0.8279276569852733,22656.190463304545,0.12977383381668264,1770843.4074740221,0.03345147376753583,0.0023825492071476028,0.014034303356829321,0.051868326331512754,94.01109443036698,261.99913108450835,6000.0,23.98519939921579,2.985199399215791,285.9970946730387,0.014070037659131463,191.9860002426717,191.9860002426717,8.004352894766795,0.0,213.84810341173278,1.0
1.0518770868009972,0.8280001779265401,22660.159699515203,0.12975088390115175,1770998.5215466865,0.03345107170945861,0.002381706595558648,0.014054393324045577,0.05188717162906284,94.06172763765747,262.0220804611079,6000.0,23.985159053118895,2.9851590531188945,285.9901161152812,0.01406983048342123,191.9283884776237,191.9283884776237,8.001964383582706,0.0,213.80301688772698,1.0
1.0598047074018158,0.8282005571653874,22671.128718842163,0.12968750317367828,1771427.1100243314,0.03344996102114057,0.0023793803312122204,0.014109949571871316,0.051939290924224106,94.20178800867802,262.08549081589246,6000.0,23.985047515110352,2.9850475151103506,285.9708339870121,0.01406925801131318,191.76904597833408,191.76904597833408,7.995358185449556,0.0,213.67820553220622,1.0
1.0677323280026343,0.8284007708554615,22682.091326750106,0.12962422041245927,1771855.3444119163,0.03344885157247277,0.002377058796501158,0.01416552805236717,0.0519914384213411,94.34196435855705,262.14884878248296,6000.0,23.984935981638472,2.9849359816384724,285.9515677891991,0.014068685961506287,191.60960343064204,191.60960343064204,7.9887477530616575,0.0,213.55315287878744,1.0
1.0756599486034528,0.8286008188911629,22693.047510881745,0.12956103549241324,1772283.2244835761,0.03344774336307069,0.0023747419815778248,0.014221128304322287,0.0520436136489708,94.48225577392546,262.2121543274623,6000.0,23.98482445269991,2.984824452699911,285.93231753200394,0.014068114334427935,191.45006175807848,191.45006175807848,7.982133124869606,0.0,213.42785995224244,1.0
1.0835875692042711,0.8288007011678478,22703.997258932,0.12949794828843075,1772710.7500154893,0.03344663639254553,0.0023724298766106405,0.014276749868093849,0.05209581613725002,94.62266134255599,262.27540741771577,6000.0,23.984712928291312,2.984712928291313,285.9130832254963,0.014067543130502767,191.29042188294028,191.29042188294028,7.975514339273268,0.0,213.30232777745005,1.0
1.091515189805094,0.8290004175818264,22714.940558648002,0.12943495867537552,1773137.9207858755,0.033445530660504166,0.0023701224717840854,0.014332392285607223,0.05214804541789548,94.76318015337378,262.33860802043057,6000.0,23.984601408409322,2.9846014084093233,285.89386487965396,0.014066972350152708,191.13068472628018,191.13068472628018,7.968891434621349,0.0,213.17655737938,1.0
1.0989623824998018,0.8291878796443397,22725.21479004617,0.1293758751320311,1773538.8808875852,0.03344449306561267,0.002367959172562832,0.014384681262577638,0.05219713350075314,94.89528561834638,262.3979307125467,6000.0,23.984496650950938,2.9844966509509394,285.87582574767714,0.01406643654632987,190.98054012933076,190.98054012933076,7.9626661717647,0.0,213.0581928003807,1.0
1.0994453371043147,0.8292000316047959,22725.880882597296,0.1293720464985665,1773564.8725535,0.033444425814721145,0.002367819024122091,0.014388072844462562,0.052200317683305804,94.90385613636359,262.40177622133444,6000.0,23.984489857509026,2.9844898575090273,285.87465638671154,0.014066401812080093,190.97080025034796,190.97080025034796,7.962262336405672,0.0,213.050509584117,1.0
1.1074146511747462,0.8294004641093201,22736.868715598674,0.12930892172548883,1773993.5749603896,0.03344331675979948,0.002365508918075154,0.014444048510203554,0.05225287418807819,95.04533923416228,262.46520343213405,6000.0,23.98437776021834,2.984377760218341,285.85536913278355,0.014065828883969806,190.81002989862128,190.81002989862128,7.955596422230645,0.0,212.9236011670371,1.0
1.115383965245178,0.8296007286927941,22747.84999536371,0.12924589519231822,1774421.9182031879,0.03344220895520266,0.0023632035320225275,0.014500043867862876,0.05230545635508806,95.18693400836695,262.5285775040285,6000.0,23.98426566749179,2.984265667491789,285.8360980375916,0.014065256385166622,190.64916402922466,190.64916402922466,7.948926461719028,0.0,212.79645512781903,1.0
1.123353279315614,0.8298008252537723,22758.824709658715,0.12918296677182844,1774849.902064914,0.033441102400513775,0.0023609028560582323,0.01455605845849213,0.052358063715064136,95.32863953826296,262.5918984049151,6000.0,23.984153579325948,2.984153579325948,285.8168431108977,0.014064684316088042,190.48820357263475,190.48820357263475,7.942252493614504,0.0,212.66907250788026,1.0
1.1313225933860456,0.8300007536917835,22769.792846303688,0.12912013633676866,1775277.5263306717,0.03343999709531159,0.002358606880292627,0.01461209182474691,0.05241069580035113,95.47045490437071,262.6551661029997,6000.0,23.984041495717392,2.9840414957173933,285.7976043623699,0.014064112677148763,190.32714945799918,190.32714945799918,7.935574556606072,0.0,212.54145434864162,1.0
1.1392919074564771,0.8302005139073323,22780.754393172458,0.1290574037598634,1775704.7907876514,0.033438893039170484,0.0023563155948523773,0.014668143510887613,0.05246335214491048,95.61237918845785,262.7183805667967,6000.0,23.983929416662697,2.9839294166626953,285.7783818015825,0.0140635414687607,190.16600261312465,190.16600261312465,7.928892689327542,0.0,212.41360169150994,1.0
1.1472612215269087,0.8304001058018984,22791.709338192744,0.12899476891381328,1776131.6952251291,0.03343779023166047,0.002354028989880448,0.014724213062779675,0.0525160322843206,95.75441147355052,262.78154176512925,6000.0,23.98381734215842,2.9838173421584218,285.75917543801586,0.014062970691332964,190.00476396446533,190.00476396446533,7.922206930357062,0.0,212.28551557785997,1.0
1.1489152180679747,0.8304415091318136,22793.98216108737,0.1289817815583647,1776220.252254489,0.0334375615051755,0.0023535550005483103,0.01473585225188891,0.05252696875761273,95.78390310696146,262.7946439200944,6000.0,23.983794082151466,2.983794082151466,285.75519127117906,0.014062852282996884,189.97128816421758,189.97128816421758,7.9208188459887,0.0,212.2589027024696,1.0
1.1552640504101785,0.8306003675941578,22802.70369838136,0.12893196887791955,1776560.0324978356,0.033436684042393576,0.0023517374687491354,0.014780535936790816,0.05256895744793353,95.8971488334437,262.844914953739,6000.0,23.983704800902462,2.9837048009024607,285.7399046114175,0.014062397947602789,189.84275577797382,189.84275577797382,7.915489177086202,0.0,212.156656918363,1.0
1.163275656901898,0.8308006788206167,22813.7034245996,0.12886919842108877,1776988.4755046915,0.03343557790018755,0.0023494481420247323,0.014836937717816667,0.05262196376002895,96.04014998730628,262.9083037858863,6000.0,23.983592140799136,2.9835921407991344,285.7206290278562,0.014061825011807583,189.68047904054993,189.68047904054993,7.908760202683706,0.0,212.02742322168075,1.0
1.171287263393622,0.8310008196411174,22824.69644232364,0.12880652634783643,1777416.5540325188,0.0334344730185662,0.0023471635156968,0.01489335618324429,0.052674992717507294,96.18325751029698,262.97163869277495,6000.0,23.983479485284196,2.9834794852841973,285.70136984214923,0.014061252512786246,189.51811233185225,189.51811233185225,7.902027412166651,0.0,211.8979567510508,1.0
1.1792988698853415,0.8312007899595368,22835.68273950836,0.12874395252873375,1777844.2678757226,0.03343336939707497,0.002344883579816844,0.014949790878216506,0.05272804385510832,96.32647047601095,263.03491964398677,6000.0,23.98336683435415,2.983366834354149,285.68212706354626,0.014060680450943035,189.3556565875353,189.3556565875353,7.895290844498917,0.0,211.76825856420666,1.0
1.1873104763770612,0.8314005896807493,22846.662304164096,0.12868147683432987,1778271.6168308381,0.03343226703525488,0.0023426083244529345,0.01500624134951746,0.05278111670922527,96.46978795938742,263.09814660941896,6000.0,23.983254188005485,2.9832541880054855,285.66290070120095,0.014060108826679327,189.19311274181354,189.19311274181354,7.888550538585079,0.0,211.63832971875902,1.0
1.1953220828687807,0.8316002187106241,22857.635124356675,0.12861909913515276,1778698.6006965318,0.033431165932642525,0.002340337739689703,0.015062707145572314,0.05283421081790454,96.61320903672002,263.1613195592838,6000.0,23.983141546234698,2.9831415462346986,285.64369076417137,0.014059537640393653,189.03048172745133,189.03048172745133,7.88180653326998,0.0,211.5081712721788,1.0
1.1988680536361476,0.8316885208421315,22862.48958450805,0.12859152175429525,1778887.4689462234,0.03343067898187226,0.002339334257834761,0.015087703920099886,0.05285771715980691,96.67672064215664,263.1892629206786,6000.0,23.983091691973232,2.983091691973233,285.6351936112929,0.014059284970866573,188.95847296913627,188.95847296913627,7.878820437165644,0.0,211.45048957003712,1.0
1.203355425969176,0.8318002178817436,22868.630931471023,0.1285566504608173,1779126.3762523902,0.03343006310645167,0.0023380656741902504,0.015119341076231651,0.05288746985687358,96.75712232449123,263.2246096409822,6000.0,23.983028603444033,2.983028603444032,285.6244452091257,0.014058965344559436,188.8673228846345,188.8673228846345,7.875040555032845,0.0,211.3774302137248,1.0
1.2114060291829505,0.8320004744034207,22879.6435367999,0.12849416619556947,1779554.7022519188,0.033428959179956655,0.00233579341816088,0.015176111238395242,0.05294086383651278,96.90144744877387,263.28798116170714,6000.0,23.98291542259959,2.9829154225995884,285.60517488970584,0.01405839226168844,188.70372744093197,188.70372744093197,7.86825638650723,0.0,211.2461787935939,1.0
1.2194566323967249,0.832200558288221,22890.64929594336,0.12843178048853734,1779982.6590007371,0.033427856523523605,0.0023335258482997463,0.01523289551345289,0.05299427788527624,97.04587438109003,263.3512980511955,6000.0,23.982802246367022,2.9828022463670223,285.58592118281734,0.014057819622262437,188.54004680172733,188.54004680172733,7.8614686000793705,0.0,211.114698742141,1.0
1.227507235610499,0.8324004694446857,22901.64819701869,0.12836949320826765,1780410.2463032263,0.03342675513666443,0.002331262954613204,0.015289693449883473,0.053047711541161106,97.19040218980798,263.414560280505,6000.0,23.982689074742762,2.9826890747427606,285.5666840972612,0.014057247426674134,188.37628190745323,188.37628190745323,7.8546772349161085,0.0,210.98299113160147,1.0
1.2355578388242734,0.8326002077823711,22912.64022820013,0.12830730422328818,1780837.4639659359,0.03342565501888661,0.002329004727124416,0.01534650459784001,0.053101164343851044,97.33502994473503,263.4777678210145,6000.0,23.982575907723227,2.9825759077232266,285.54746364174065,0.014056675675313303,188.21243369700562,188.21243369700562,7.847882330120955,0.0,210.85105703397704,1.0
1.2398063680988867,0.8327055456134602,22918.438258231643,0.12827452492983607,1781062.7696459284,0.03342507496727183,0.002327814874715189,0.015376490608593169,0.05312938045058019,97.4113940443777,263.5111021588432,6000.0,23.982516188165732,2.982516188165733,285.5373271745979,0.014056374125277828,188.12593313022023,188.12593313022023,7.844295054538594,0.0,210.78134077188722,1.0
1.2436186630500208,0.8328000264692503,22923.63932003468,0.12824513463422763,1781264.853486463,0.033424554775405436,0.00232674829770505,0.015403400660445996,0.053154703733556484,97.47994052410797,263.5410007881646,6000.0,23.982462601637234,2.982462601637234,285.5282354543638,0.014056103643521166,188.04829493025585,188.04829493025585,7.841075291301327,0.0,210.71872958909526,1.0
1.2488208892043204,0.8329288916745278,22930.734151793422,0.12820506434341594,1781540.4815528682,0.033423845384646204,0.002325294536269747,0.015440126340996193,0.05318926626191215,97.573513950469,263.58178040402214,6000.0,23.982389479566958,2.9823894795669594,285.5158349909631,0.014055734707354182,187.9423210404941,187.9423210404941,7.836680377517066,0.0,210.63320974677518,1.0
1.2517000644442924,0.8330001811390628,22934.659552226392,0.12818290500047938,1781692.961636399,0.03342345299947118,0.002324490784151497,0.015460454358088288,0.053208398141710966,97.62531973595651,263.6043400776918,6000.0,23.982349010937458,2.982349010937457,285.5089749359629,0.01405553059932345,187.8836552000064,187.8836552000064,7.834247392293375,0.0,210.58583857391395,1.0
1.2597980620299427,0.833200571902261,22945.695436350437,0.1281206465250582,1782121.5747633236,0.033422350242132144,0.0023222333207672933,0.015517637219875612,0.05326222078277505,97.77109570761687,263.667754079377,6000.0,23.982235191608105,2.9822351916081047,285.4896916987265,0.014054956828487659,187.71859599110965,187.71859599110965,7.827402012002467,0.0,210.45244897912002,1.0
1.2678960596155928,0.8334007874482423,22956.724321991955,0.1280584869722161,1782549.813120484,0.03342124876682179,0.0023199805383743366,0.015574831640324445,0.05331606094552057,97.916969044867,263.7311126332725,6000.0,23.982121376923324,2.982121376923322,285.470425322323,0.01405438350867985,187.553456277456,187.553456277456,7.82055320835497,0.0,210.31883457114972,1.0
1.2759940572012431,0.8336008276900025,22967.74619739951,0.12799642620809626,1782977.6765217872,0.033420148573016874,0.0023177324269055026,0.015632037170100803,0.05336991817002318,98.06293880840583,263.7944157118458,6000.0,23.982007566879453,2.982007566879454,285.4511758151246,0.014053810640282148,187.38823700671878,187.38823700671878,7.813701020823329,0.0,210.18499643967542,1.0
1.2840920547868933,0.8338006925415253,22978.76105087757,0.12793446409884113,1783405.1647832536,0.03341904966018997,0.002315488976311339,0.01568925336156977,0.05342379199807108,98.20900406043684,263.85766328787673,6000.0,23.981893761472843,2.981893761472842,285.43194318540844,0.014053238223673823,187.22293912497162,187.22293912497162,7.806845488814031,0.0,210.05093567405507,1.0
1.292190052372548,0.8340003819177837,22989.768870786735,0.12787260051059224,1783832.277723021,0.033417952027809374,0.002313250176560013,0.01574647976879584,0.05347768197316523,98.35516386468056,263.92085533445845,6000.0,23.981779960699825,2.981779960699826,285.4127274413566,0.01405266625923129,187.05756357667605,187.05756357667605,7.799986651667094,0.0,209.9166533633135,1.0
1.2987737247724933,0.8341626000089606,22998.71303722793,0.12782237792653256,1784179.2438316057,0.03341706059593371,0.0023114334529404012,0.015793012062246755,0.05352150611112087,98.4740608295928,263.9721895284257,6000.0,23.981687444078624,2.9816874440786227,285.39711749064696,0.014052201585611317,186.92305666105415,186.92305666105415,7.794408008065662,0.0,209.8073193156672,1.0
1.3002962972998564,0.8342000988384903,23000.78084560064,0.12781077245531688,1784259.449577241,0.03341685455941988,0.0023110137446380402,0.015803774244106387,0.05353164254816431,98.50156628442862,263.9840560975282,6000.0,23.98166604866432,2.9816660486643185,285.3935090467528,0.014052094165507106,186.89194276232416,186.89194276232416,7.793117558349675,0.0,209.78201350084,1.0
1.3084383983274002,0.8344005219908459,23011.834411264863,0.12774877002531262,1784688.1319809023,0.033415753527127175,0.0023087720914538447,0.015861331557279652,0.053585857175860674,98.64870976932758,264.04748034881794,6000.0,23.981551637431746,2.9815516374317466,285.3742226927669,0.014051519998108124,186.72551292343934,186.72551292343934,7.786214826566423,0.0,209.64655681700404,1.0
1.3165804993549441,0.8346007674989729,23022.880831505074,0.12768686678553626,1785116.4344236958,0.03341465378762422,0.0023065351095268786,0.015918897852798587,0.05364008674994969,98.79594600285488,264.11084838428604,6000.0,23.981437230872235,2.981437230872236,285.3549534331608,0.014050946288940111,186.55900743030594,186.55900743030594,7.77930887270348,0.0,209.5108794759801,1.0
1.3247226003824881,0.8348008352804742,23033.920094719713,0.12762506259993311,1785544.356729383,0.03341355534035339,0.0023043027887321792,0.015976472684323416,0.053694330813408984,98.94327403964073,264.17416017785774,6000.0,23.981322828982055,2.9813228289820546,285.3357012758634,0.014050373038373991,186.3924272362227,186.3924272362227,7.772399736471692,0.0,209.37498258314633,1.0
1.3328647014100365,0.8350007252539624,23044.95218936489,0.12756335733245,1785971.8987238863,0.033412458184752726,0.0023020751189626893,0.016034055607249506,0.05374858891096492,99.09069293592115,264.23741570377786,6000.0,23.981208431757466,2.9812084317574676,285.3164662287064,0.014049800246777754,186.22577329278528,186.22577329278528,7.765487457511652,0.0,209.23886724345007,1.0
1.3410068024375805,0.8352004373390605,23055.97710395445,0.12750175084703583,1786399.0602352875,0.033411362320256044,0.0022998520901292415,0.016091646178707168,0.053802860589092456,99.23820174954952,264.30061493661094,6000.0,23.981094039194737,2.981094039194736,285.2972482994243,0.014049227914516453,186.0590465498748,186.0590465498748,7.758572075393208,0.0,209.10253456138872,1.0
1.348726560340666,0.835389625696782,23066.42349808218,0.12744343108894718,1786803.7126867615,0.03341032449177814,0.0022977486501121205,0.016146256103239318,0.053854329245129576,99.3781412458649,264.360483917815,6000.0,23.98098558464967,2.9809855846496696,285.27904304921185,0.014048685694539244,185.90090180334695,185.90090180334695,7.752012574593386,0.0,208.97307394028485,1.0
1.3491512227420113,0.8354000282683179,23066.99796443203,0.12744022550117928,1786825.9626080797,0.033410267434687294,0.0022976330609088234,0.016149260365269202,0.053857160860865325,99.38584159581352,264.3637758294699,6000.0,23.980979618707398,2.980979618707397,285.2780420287477,0.014048655879119892,185.89220043293415,185.89220043293415,7.751651658463564,0.0,208.96594671434184,1.0
1.3573380357244358,0.8356004785510887,23078.068926452568,0.1273784792453019,1787254.7030406233,0.033409168150896014,0.002295407140961622,0.016207181264459334,0.05391175655631697,99.53433870022513,264.4272086662262,6000.0,23.98086460734123,2.9808646073412284,285.2587530640515,0.014048081330130302,185.72441436382638,185.72441436382638,7.74469217039701,0.0,208.82843097258072,1.0
1.3655248487068603,0.8358007487482649,23089.132594790215,0.12731683244596065,1787683.0582904946,0.03340807017068097,0.002293185882510286,0.016265108561144142,0.05396636461433539,99.68292385913476,264.4905845145864,6000.0,23.98074960067688,2.98074960067688,285.2394814286633,0.014047507246625842,185.55655756952854,185.55655756952854,7.737729664809603,0.0,208.69069884836784,1.0
1.3737116616892893,0.8360008387822541,23100.188958004583,0.12725528496486319,1788111.0281917308,0.03340697349344913,0.0022909692753711754,0.016323041812183362,0.05402098458100367,99.83159612149095,264.5539033499961,6000.0,23.98063459871054,2.9806345987105405,285.2202271300496,0.014046933628965651,185.38863100855863,185.38863100855863,7.730764181633756,0.0,208.55275146248195,1.0
1.3818984746717138,0.8362007485764947,23111.23800471461,0.12719383666372192,1788538.612580577,0.03340587811860313,0.002288757309378831,0.016380980576207637,0.0540756160041896,99.98035453795042,264.61716514822746,6000.0,23.980519601438395,2.980519601438395,285.2009901755777,0.014046360477505874,185.2206356376273,185.2206356376273,7.723795760727279,0.0,208.41458993515113,1.0
1.3900852876541383,0.836400478055459,23122.279723598775,0.1271324874042535,1788965.8112954863,0.03340478404554122,0.002286549974385923,0.016438924413618626,0.054130258433545776,100.12919816089097,264.68036988537943,6000.0,23.980404608856624,2.980404608856625,285.18177057251575,0.014045787792599634,185.0525724116248,185.0525724116248,7.716824441872836,0.0,208.27621538603285,1.0
1.3982721006365628,0.8366000271446504,23133.314103395045,0.1270712370481799,1789392.6241771197,0.03340369127365737,0.0022843472602632484,0.01649687288658787,0.054184911420508484,100.27812604442082,264.7435175378775,6000.0,23.98028962096141,2.9802896209614107,285.16256832803214,0.014045215574597068,184.88444228361132,184.88444228361132,7.709850264777535,0.0,208.13762893419678,1.0
1.3986793959088388,0.8366099500324033,23133.86287373473,0.12706819241320141,1789413.8481092013,0.033403636942045394,0.0022842377953613234,0.01649975594576589,0.0541876306831726,100.28553741416766,264.7466576527742,6000.0,23.980283900417305,2.980283900417304,285.1616134666625,0.014045187118857015,184.87607605249485,184.87607605249485,7.7095032244083495,0.0,208.130728722387,1.0
1.4065019817065794,0.8368004441050263,23144.39912296362,0.12700976402004865,1789821.2933368383,0.0334025940639131,0.0022821376055861408,0.01655513043903834,0.05423986210853758,100.42792136116039,264.8069398297046,6000.0,23.980174032873045,2.9801740328730433,285.14328256988927,0.014044640817291721,184.7153612087289,184.7153612087289,7.702836558046377,0.0,207.998100976851,1.0
1.4147341175987007,0.8370007334601115,23155.479737398575,0.12694837385702853,1790249.6895633051,0.033401497867758104,0.002279931996562854,0.01661340775703743,0.05429483762135839,100.5778409909368,264.87032174061807,6000.0,23.980058417846045,2.9800584178460467,285.12400909097045,0.014044066375238029,184.54616810003364,184.54616810003364,7.695818120388469,0.0,207.85832283242215,1.0
1.4229662534908176,0.8372008402021087,23166.552897341346,0.12688708327459497,1790677.6952010768,0.03340040298535648,0.0022777310289892735,0.016671688440017176,0.05434982245436293,100.72784294800874,264.9336458633057,6000.0,23.979942807545992,2.9799428075459917,285.1047531845756,0.014043492406319436,184.37691023656686,184.37691023656686,7.688796913166417,0.0,207.71833383547997,1.0
1.4311983893829345,0.8374007642594903,23177.618591585648,0.12682589213218484,1791105.310097164,0.03339930941607438,0.0022755346926406914,0.016729972050054765,0.05440481615876984,100.87792627786425,264.9969121751325,6000.0,23.97982720196898,2.979827201968981,285.0855148575878,0.014042918910879625,184.20758857972353,184.20758857972353,7.681772976437389,0.0,207.57813512119685,1.0
1.4394305252750514,0.837600505561784,23188.67680898645,0.1267648002892424,1791532.5341008352,0.033398217159273574,0.0022733429773108007,0.016788258151033995,0.05445981828761837,101.02809002781697,265.0601206537974,6000.0,23.979711601111116,2.979711601111115,285.06629411678836,0.014042345889259204,184.03820408897138,184.03820408897138,7.674746350178951,0.0,207.43772782405043,1.0
1.4476626611671681,0.8378000640395734,23199.727538460083,0.12670380760521924,1791959.3670636155,0.03339712621431142,0.0022711558728116536,0.016846546308644683,0.05451482839576776,101.17833324701752,265.12327127733346,6000.0,23.979596004968492,2.9795960049684913,285.0470909688572,0.014041773341795688,183.8687577218397,183.8687577218397,7.667717074288603,0.0,207.2971130778053,1.0
1.4486322314770117,0.8378235557411235,23201.02858566602,0.12669663048647428,1792009.613150299,0.03339699781054799,0.0022708985815111014,0.01685341152766312,0.05452130791972221,101.19603388586994,265.13070526669463,6000.0,23.97958239051464,2.9795823905146395,285.044830405312,0.014041705939123605,183.84879651944203,183.84879651944203,7.666889002711125,0.0,207.28053805226716,1.0
1.4559317390401774,0.8380003339166869,23210.820308926974,0.12664264090020488,1792387.7216289085,0.03339603169372771,0.002268963585269649,0.016905097670707726,0.054570092949705086,101.3293297357638,265.18664702440924,6000.0,23.979479894827463,2.9794798948274637,285.027819364268,0.014041198702697136,183.6984896285042,183.6984896285042,7.6606536269424765,0.0,207.1556596130437,1.0
1.4642057487581959,0.8382005384673606,23221.912111050733,0.12658153757001336,1792815.9364683523,0.03339493784385875,0.0022667746261020947,0.016963685157190406,0.054625397627151254,101.48049461831245,265.2500020988208,6000.0,23.97936372019001,2.9793637201900074,285.00855404592284,0.014040624200396293,183.5280594276104,183.5280594276104,7.653583371483894,0.0,207.01391457323376,1.0
1.4724797584762142,0.8384005581242661,23232.996315554356,0.1265205339828214,1793243.755840984,0.03339384531722754,0.00226459029392936,0.017022273411861133,0.05468070902301803,101.63173690109423,265.31329866328133,6000.0,23.979247550304002,2.9792475503040023,284.98930651956744,0.014040050178095686,183.3575696184732,183.3575696184732,7.646510560175965,0.0,206.8719634109406,1.0
1.4807537681942327,0.838600392821221,23244.072911434894,0.1264596299959595,1793671.1796052486,0.03339275411316374,0.002262410578481786,0.017080862001097194,0.05473602669274272,101.78305562626866,265.37653669684744,6000.0,23.979131385165473,2.9791313851654735,284.9700767915703,0.014039476636125434,183.18702116530164,183.18702116530164,7.639435233197356,0.0,206.72980727422592,1.0
1.4890277779122512,0.8388000424931202,23255.141887752376,0.12639882546676798,1794098.2076218927,0.03339166423099255,0.0022602354695083256,0.01713945049311476,0.05479135019361564,101.93444983792483,265.4397161789164,6000.0,23.979015224770443,2.979015224770443,284.9508648681964,0.0140389035748125,183.01641503027156,183.01641503027156,7.632357430642719,0.0,206.58744731032994,1.0
1.4898063680988867,0.8388188201419425,23256.18309364974,0.12639310883215613,1794138.3708841589,0.033391561740330526,0.002260031026973661,0.017144963691325687,0.05479655645862988,101.94869999227294,265.4456583981837,6000.0,23.979004294238873,2.979004294238872,284.9490579293375,0.014038849674091096,183.0003579370646,183.0003579370646,7.631691278400235,0.0,206.5740406853132,1.0
1.497322776615795,0.8390000128292725,23266.231283618927,0.12633796638573325,1794525.9215030244,0.03339057291032374,0.002258059456597134,0.0171981870790628,0.05484681944598368,102.08630291209155,265.5029971357398,6000.0,23.978898774464625,2.9788987744646245,284.9316220878869,0.014038329542608126,182.84531917579537,182.84531917579537,7.6252592287728085,0.0,206.44452276528077,1.0
1.4985850670451843,0.8390304269785643,23267.918138080728,0.12632871390417139,1794590.9739207241,0.03339040695510344,0.0022577287264288607,0.01720712523833112,0.054855260919863424,102.10941764211529,265.51262174559537,6000.0,23.978881054070705,2.978881054070706,284.92869538983575,0.014038242231727036,182.81927774772046,182.81927774772046,7.624178848690885,0.0,206.4227554540268,1.0
1.5056432252776373,0.8392004097450179,23277.346987410685,0.1262770207175781,1794954.5477895506,0.03338947957471982,0.002255881397974908,0.017257102908858016,0.054902463881552746,102.23869617877487,265.56641308440913,6000.0,23.978781971658115,2.9787819716581168,284.91233825860223,0.014037754235189923,182.67364207982735,182.67364207982735,7.618136830125054,0.0,206.30095622486184,1.0
1.5139678492923454,0.8394007197821279,23288.460525146358,0.1262161446848117,1795382.988252524,0.033388387026163986,0.002253706877114497,0.017316046901632763,0.05495814080491125,102.39123941364889,265.62980154018487,6000.0,23.978665115026224,2.9786651150262227,284.89306278948993,0.014037179126485265,182.50182337584104,182.50182337584104,7.61100847358998,0.0,206.15711485169473,1.0
1.5222924733070535,0.8396008422687091,23299.56630593015,0.12615536875103933,1795811.027566176,0.033387295812942586,0.0022515369778057523,0.017374989059771438,0.05501382185051978,102.54385519590515,265.6931306452732,6000.0,23.97854826317986,2.978548263179862,284.87380536802254,0.014036604505636636,182.32995017211738,182.32995017211738,7.603877773205029,0.0,206.0130718040159,1.0
1.5306170973217617,0.8398007771437394,23310.664318931107,0.1260946927710866,1796238.6655999876,0.033386205934346866,0.002249371689705286,0.017433928952834934,0.055069506576887084,102.6965425618387,265.7564003803635,6000.0,23.978431416114972,2.978431416114971,284.85456600007217,0.014036030372961543,182.15802343823347,182.15802343823347,7.596744769376872,0.0,205.8688282459303,1.0
1.5389417213364744,0.8400005243472326,23321.754553379546,0.1260341165998112,1796665.9022256553,0.03338511738966394,0.0022472110024893133,0.017492866152242454,0.05512519454439571,102.84930054973552,265.8196107264732,6000.0,23.978314573827483,2.978314573827484,284.835344691411,0.014035456728774416,181.9860441416755,181.9860441416755,7.589609502425775,0.0,205.72438534063738,1.0
1.5472663453511826,0.8402000838202386,23332.836998567123,0.12597364009210363,1797092.7373170913,0.03338403017817677,0.002245054905853631,0.01755180023127024,0.05518088531530064,103.00212819988288,265.8827616649472,6000.0,23.978197736313334,2.9781977363133323,284.81614144771197,0.014034883573386657,181.8140132478291,181.8140132478291,7.5824720125851774,0.0,205.5797442504135,1.0
1.5485379026133572,0.8402305493019248,23334.529116955408,0.12596441128175254,1797157.8995289637,0.0333838642277446,0.002244725973118235,0.017560801904558464,0.0551893921054213,103.02547816248179,265.8924025190273,6000.0,23.978179890210836,2.978179890210835,284.8132098100382,0.014034796068954634,181.7877316475564,181.7877316475564,7.581381592761,0.0,205.5576334541105,1.0
1.5556309343319228,0.8404004121980613,23343.964792321814,0.12591297348402947,1797521.21700877,0.033382939089274366,0.002242893071516022,0.017611013670309685,0.05523684583110008,103.15575874560867,265.94615592467306,6000.0,23.978080342687743,2.9780803426877425,284.7968642137064,0.014034308159022872,181.64110546809772,181.64110546809772,7.57529805856582,0.0,205.4342103225076,1.0
1.5640027283689277,0.8406007232353093,23355.094275378495,0.12585235507800244,1797949.659610925,0.033381848406835044,0.0022407339949522625,0.017670274100583017,0.05529285650237033,103.30959010942671,266.0095446969442,6000.0,23.977962852759354,2.9779628527593527,284.77758864835266,0.014033732743774584,181.46799853892594,181.46799853892594,7.568115759176882,0.0,205.28835303721567,1.0
1.5723745224059325,0.8408008442353998,23366.215848423206,0.12579183702658409,1798377.6957451422,0.03338075907053445,0.0022385795298857742,0.017729530087104612,0.05534886868752484,103.46348901749903,266.07287333163,6000.0,23.977845367646147,2.977845367646146,284.7583313699276,0.014033157823810215,181.29484235242856,181.29484235242856,7.560931333599049,0.0,205.14229884760363,1.0
1.580746316442942,0.8410007751426035,23377.329500815784,0.12573141918231945,1798805.3252922227,0.03337967107962638,0.002236429665915741,0.017788781203423937,0.05540488194896606,103.61745450198242,266.1361418110948,6000.0,23.977727887343974,2.977727887343974,284.7390923837939,0.014032583399434015,181.12163788181147,181.12163788181147,7.553744822394613,0.0,204.9960489318611,1.0
1.589118110479947,0.8412005159022506,23388.435221979165,0.1256711013977884,1799232.5481352338,0.03337858443336041,0.002234284392661201,0.017848027024983597,0.05546089585100521,103.77148559713346,266.19935011803824,6000.0,23.977610411848687,2.9776104118486884,284.7198716952123,0.014032009470947125,180.94838609807886,180.94838609807886,7.546556266034837,0.0,204.84960446714047,1.0
1.597489904516952,0.8414000664607311,23399.53300139953,0.12561088352560557,1799659.3641595102,0.03337749913098195,0.0022321436997609963,0.017907267129118106,0.055516909959861055,103.9255813393196,266.26249823549534,6000.0,23.977492941156136,2.977492941156136,284.7006693093418,0.01403143603864755,180.77508797002218,180.77508797002218,7.53936570489949,0.0,204.7029666295376,1.0
1.59849073818153,0.841423909658077,23400.85918999976,0.125603691261107,1799710.3620558563,0.033377369474835224,0.002231888089612898,0.017914348779765325,0.055523606344213446,103.94400750255329,266.27004345630564,6000.0,23.977478898056873,2.977478898056874,284.6983749219979,0.014031367519015334,180.75436741944463,180.75436741944463,7.538505953354959,0.0,204.68542344179144,1.0
1.6059037758844004,0.8416004282862972,23410.678546914583,0.12555046351155844,1800087.9153921208,0.03337640972705417,0.002229996852068068,0.017966798793661882,0.055573205372784124,104.08051574431325,266.3259030798171,6000.0,23.97737488488096,2.97737488488096,284.6813888567209,0.014030860224461728,180.60087311240767,180.60087311240767,7.53213702415298,0.0,204.55539813070402,1.0
1.6143233605384077,0.8418007337448256,23421.823609538093,0.12549010319370008,1800516.3460620267,0.03337532094065695,0.0022278531568758492,0.018026364249971078,0.05562953834750388,104.23561877242167,266.3892900866928,6000.0,23.977256753289463,2.9772567532894625,284.66211382819716,0.014030284521572622,180.4264950557755,180.4264950557755,7.52490148945094,0.0,204.40753628885844,1.0
1.6227429451924198,0.84200084666767,23432.960607858593,0.12542984348354813,1800944.3649199302,0.033374233511210626,0.0022257140630501837,0.018085922647830023,0.05568587022209084,104.39078426628643,266.4526161653202,6000.0,23.977138626543027,2.9771386265430286,284.6428573270307,0.014029709321440377,180.25207306074427,180.25207306074427,7.517664049420922,0.0,204.2594824348967,1.0
1.6311625298464272,0.8422007670046232,23444.08953144006,0.12536968423132416,1801371.971858443,0.03337314743793044,0.0022235795601319892,0.0181454735650031,0.05574220056306553,104.54601125439974,266.51588129981104,6000.0,23.977020504637427,2.977020504637425,284.6236193580529,0.014029134624355353,180.07760810365318,180.07760810365318,7.510424744760265,0.0,204.11123776067166,1.0
1.6395821145004346,0.8424004947065622,23455.21036991154,0.12530962528728673,1801799.1667724964,0.03337206272002736,0.0022214496376822663,0.018205016581183026,0.05579852893889266,104.70129876746594,266.5790854746203,6000.0,23.976902387568416,2.9769023875684155,284.6043999259908,0.014028560430604697,179.90310115852483,179.90310115852483,7.503183616070493,0.0,203.96280345686108,1.0
1.648001699154442,0.8426000297254473,23466.32311296721,0.12524966650173194,1802225.94955934,0.03337097935670808,0.0022193242852820757,0.018264551277988896,0.05585485491997906,104.8566458384108,266.6422286745458,6000.0,23.97678427533176,2.9767842753317613,284.5851990354671,0.014027986740472356,179.7285531970563,179.7285531970563,7.495940703856937,0.0,203.81418071295062,1.0
1.648443573749703,0.842610496351386,23466.906105473725,0.1252465225226761,1802248.336485765,0.0333709225372936,0.002219212869073278,0.018267675525833083,0.055857810932199964,104.86480035225922,266.6455408563266,6000.0,23.97677807672745,2.976778076727447,284.5841918511647,0.01402795664612055,179.71939149890545,179.71939149890545,7.4955605346052,0.0,203.8063755483412,1.0
1.6564671566551317,0.8428004575729707,23477.48823010095,0.12518948186706022,1802654.642005433,0.03336989145571466,0.002217191950180593,0.01832440153256581,0.05591148493846107,105.0128983656149,266.70565441162944,6000.0,23.976665524445902,2.976665524445902,284.5659122296738,0.014027410432700367,179.55301386405893,179.55301386405893,7.488656572407534,0.0,203.66455943751444,1.0
1.6649351549909042,0.8430007506069842,23488.648490090258,0.12512938016338374,1803083.0461007105,0.03336880459657598,0.0022150635760681543,0.018384260493861104,0.05596812866650524,105.16925607165484,266.7690374867461,6000.0,23.976546742796724,2.9765467427967236,284.54663839673844,0.014026834461870932,179.3773823250836,179.3773823250836,7.481368532729759,0.0,203.51470507869126,1.0
1.673403153326672,0.8432008485959686,23499.800530304805,0.12506937931759268,1803511.0330167797,0.033367719105201595,0.0022129397930998667,0.018444109777230162,0.056024768675531626,105.32567109051696,266.8323588395277,6000.0,23.976427966022708,2.976427966022708,284.5273833326301,0.014026259001313464,179.20171224211316,179.20171224211316,7.474078811742188,0.0,203.36466372203583,1.0
1.6818711516624398,0.8434007514954783,23510.944340526807,0.12500947917754068,1803938.6026585775,0.033366634980767036,0.0022108205907575224,0.018503948964884945,0.0560814045364095,105.48214244752731,266.8956184559096,6000.0,23.976309194119533,2.9763091941195334,284.50814704162565,0.014025684051303706,179.02600459409834,179.02600459409834,7.466787450255544,0.0,203.21443657260915,1.0
1.6903391499982077,0.8436004592621766,23522.079910605516,0.124949679591121,1804365.7549334115,0.03336555222244353,0.0022087059585432466,0.018563777641000246,0.05613803582198702,105.63866917033711,266.95881632217765,6000.0,23.976190427082877,2.9761904270828747,284.4889295278953,0.014025109612114131,178.85026035755823,178.85026035755823,7.459494488979937,0.0,203.0640248341576,1.0
1.6983964093178758,0.8437902990293618,23532.66769197491,0.12489287379187251,1804771.8006758867,0.033364523250716184,0.0022066981296776362,0.018620694198801885,0.05619191557919571,105.78765410405765,267.01889144302686,6000.0,23.976077425338104,2.976077425338106,284.4706615937396,0.014024563510514213,178.68300748968193,178.68300748968193,7.452553823539473,0.0,202.92073851733275,1.0
1.6988093223475969,0.8438000230502152,23533.21008614605,0.12488996509240115,1804792.599254213,0.03336447055194404,0.002206595344838999,0.01862361074745775,0.056194676644240785,105.79529049535705,267.0219686261512,6000.0,23.976071634418872,2.9760716344188722,284.46972586896857,0.014024535536733338,178.67443537361152,178.67443537361152,7.452198095584402,0.0,202.91339102292852,1.0
1.7073221412214874,0.8440003948291758,23544.38797405227,0.12483005099627634,1805221.1717760055,0.03336338481080174,0.0022044786903338202,0.01868373367826095,0.05625159717939651,105.95275425214528,267.08537662024173,6000.0,23.975952248542047,2.975952248542046,284.45044445855075,0.014023959086425519,178.49769020640548,178.49769020640548,7.444863434663361,0.0,202.76181512884935,1.0
1.7158349600953733,0.8442005692793247,23555.557503931705,0.12477023805927372,1805649.322233839,0.03336230044772647,0.0022023666227000064,0.018743844734834036,0.05630851180526052,106.11027102317051,267.14872216929047,6000.0,23.975832867570237,2.975832867570236,284.4311820367241,0.014023383153167228,178.3209110135536,178.3209110135536,7.4375272800116505,0.0,202.6100563346659,1.0
1.7243477789692592,0.8444005463611509,23566.71866574543,0.12471052612702159,1806077.0505432026,0.03336121746185862,0.00220025913135449,0.018803943502689956,0.05636542009590307,106.26783983013611,267.21200526079394,6000.0,23.97571349149904,2.975713491499038,284.4119386072908,0.014022807737221869,178.14409877715468,178.14409877715468,7.430189672575059,0.0,202.4581158577928,1.0
1.732860597843145,0.8446003260362754,23577.871449523416,0.12465091504518971,1806504.356622009,0.03336013585233413,0.0021981562057347666,0.01886402956933725,0.05642232162740615,106.42545969717177,267.2752258826072,6000.0,23.975594120324047,2.9755941203240464,284.39271417394394,0.014022232838849473,177.96725447677215,177.96725447677215,7.422850653194441,0.0,202.30599491420642,1.0
1.7398063680988867,0.8447631837904375,23586.965003662735,0.12460235183861874,1806852.6908972086,0.03335925436564505,0.002196443763922549,0.018913045235041556,0.05646874336460915,106.55410188334787,267.3267624990263,6000.0,23.975496726744172,2.9754967267441725,284.3770426696332,0.014021764151979537,177.82294078628536,177.82294078628536,7.416861590522441,0.0,202.1817437042969,1.0
1.7413779684106352,0.844800014928637,23589.021801881623,0.12459137286697337,1806931.468526776,0.03335905504106535,0.0021960567145442493,0.01892413464092024,0.05647924639652985,106.58321396812693,267.3384177760589,6000.0,23.975474690218558,2.9754746902185576,284.3734984764566,0.014021658151331514,177.79028450832965,177.79028450832965,7.415506337435062,0.0,202.1536132377751,1.0
1.7483492448860485,0.8449633086820603,23598.14185897832,0.12454271384116908,1807280.735354972,0.03335817144542482,0.002194341714360079,0.01897331923745179,0.05652583239723669,106.71236892854593,267.39009236519416,6000.0,23.975376943001336,2.9753769430013346,284.3577850167331,0.014021188168463553,177.64541608818718,177.64541608818718,7.4094941869117825,0.0,202.0287595680187,1.0
1.7499208632540817,0.8450001036533892,23600.197124217982,0.12453175335912298,1807359.4356277026,0.03335797237316218,0.002193955501728191,0.01898440623484442,0.0565363341097348,106.74149037363121,267.40173619715836,6000.0,23.97535490712769,2.9753549071276923,284.35424430382835,0.014021082262602578,177.61275393019713,177.61275393019713,7.4081386748270495,0.0,202.00059588524817,1.0
1.758487567620553,0.8452005502896157,23611.395090205166,0.12447206920929867,1807788.168260702,0.033356888077043526,0.00219185301803894,0.019044831722628327,0.0565935728177108,106.90025658922123,267.4651678799595,6000.0,23.975234795132792,2.9752347951327933,284.33495569003253,0.014020505293030772,177.43469910081132,177.43469910081132,7.400749173761264,0.0,201.84697324749308,1.0
1.7670542719870241,0.8454007968663588,23622.58453188932,0.12441248656473713,1808216.4729891443,0.0333558051712014,0.0021897551153848556,0.019105242692482982,0.05665080297906924,107.05907057379764,267.52853625359296,6000.0,23.975114688078374,2.975114688078373,284.3156863275954,0.01401992884863085,177.25661575379777,177.25661575379777,7.393358407663369,0.0,201.69317277565492,1.0
1.7756209763534954,0.8456008433500741,23633.76543945068,0.12435300526843847,1808644.3497412815,0.033354723654734006,0.0021876617831082822,0.01916563873413371,0.056708024171976,107.21793134521441,267.59184130744364,6000.0,23.97499458595993,2.9749945859599305,284.29643621974503,0.01401935292965123,177.0785048745306,177.0785048745306,7.385966417620386,0.0,201.53919570148648,1.0
1.7841876807199666,0.8458006897082947,23644.937803135886,0.12429362516347141,1809071.7984476713,0.033353643526735574,0.002185573010573274,0.01922601943931471,0.05676523597662356,107.37683792380764,267.6550830312373,6000.0,23.97487448877296,2.974874488772963,284.2772053696056,0.014018777536337089,176.90036744579797,176.90036744579797,7.378573244612292,0.0,201.38504325521654,1.0
1.7927543850864427,0.8460003359096306,23656.101613258015,0.12423434609297362,1809498.8190411737,0.03335256478629629,0.0021834887871655566,0.01928638440176672,0.056822437975228575,107.53578933240466,267.71826141504056,6000.0,23.974754396512964,2.974754396512965,284.25799378019775,0.014018202668930403,176.7222044477931,176.7222044477931,7.371178929511648,0.0,201.2307166655319,1.0
1.7983020804542214,0.8461295176098172,23663.326595595558,0.12419601150131962,1809775.124054313,0.03335186694668356,0.0021821414908716843,0.019325467441205477,0.056859475878760724,107.63874782188022,267.7591411862565,6000.0,23.974676628826916,2.974676628826917,284.2455628610698,0.014017830672341226,176.6068150391896,176.6068150391896,7.366389869335684,0.0,201.13068428632238,1.0
1.8013388147849752,0.8462001943891283,23667.279932587393,0.12417504555927127,1809926.293673601,0.03335148520479098,0.002181404803922949,0.01934685806769768,0.05687974807641161,107.69511361755863,267.7815069746332,6000.0,23.974634060708325,2.9746340607083246,284.2387617636499,0.014017627139848433,176.54364814609127,176.54364814609127,7.36376821014449,0.0,201.0758973068672,1.0
1.8099558163448735,0.8464006089991101,23678.49200842455,0.12411562173583907,1810354.9578060932,0.03335040292642884,0.002179317486027557,0.019407544474734785,0.05693726488719118,107.85508572903265,267.8449285226741,6000.0,23.974513273280557,2.9745132732805586,284.2194762316811,0.014017049958614278,176.36439050264843,176.36439050264843,7.35632830132178,0.0,200.92031713754,1.0
1.818572817904772,0.8466008210060089,23689.695400889166,0.12405629965978544,1810783.1885935566,0.0333493220491737,0.0021772347386628714,0.019468213729463214,0.056994770517299786,108.01510023987282,267.9082859566209,6000.0,23.974392490824066,2.974392490824066,284.20021019583703,0.014016473310197898,176.1851099559642,176.1851099559642,7.348887360686913,0.0,200.7645645036691,1.0
1.8271898194646705,0.846800830382276,23700.8901003948,0.12399707917175073,1811210.985977069,0.03334824257208329,0.002175156551114516,0.019528865426593447,0.05705226454979126,108.17515616586023,267.97157926775577,6000.0,23.974271713334257,2.9742717133342564,284.18096365876863,0.01401589719483238,176.0058074929084,176.0058074929084,7.341445429394031,0.0,200.60864064922944,1.0
1.8358068210245688,0.8470006371014657,23712.076097423458,0.12393796011244608,1811638.3499000648,0.033347164494211254,0.0021730829126900488,0.019589499162878336,0.05710974656977964,108.33525252537467,268.0348084477099,6000.0,23.974150940806535,2.9741509408065343,284.1617366230208,0.014015321612747515,175.8264840976461,175.8264840976461,7.334002548485288,0.0,200.45254681652457,1.0
1.8444238225844722,0.8472002411382347,23723.253382525658,0.12387894232265378,1812065.2803083383,0.03334608781460713,0.0021710138127189202,0.019650114537110668,0.05716721616443672,108.49538833940392,268.0979734884634,6000.0,23.974030173236304,2.9740301732363044,284.14252909103215,0.014014746564169784,175.64714075162823,175.64714075162823,7.326558758890444,0.0,200.29628424616766,1.0
1.8482549160223942,0.8472889194091772,23728.21997032929,0.12385273566686929,1812254.9530776434,0.03334560957481442,0.0021700953516384206,0.019677057952262367,0.057192762878715206,108.56659666376304,268.1260358798294,6000.0,23.973976481922147,2.9739764819221466,284.13399574294266,0.014014491070655506,175.5673990791796,175.5673990791796,7.323248990903458,0.0,200.22675650623864,1.0
1.8530691107976638,0.847400296700522,23734.45859450349,0.12381983240635165,1812493.1764785121,0.033345009004834274,0.0021689424707161953,0.01971091003663426,0.05722486151218473,108.65608849097157,268.1612814152438,6000.0,23.97390901420497,2.9739090142049696,284.1232781095674,0.014014170164266801,175.46718961859585,175.46718961859585,7.319089661791425,0.0,200.139340396471,1.0
1.8617370423230652,0.8476006713729952,23745.6843319917,0.12376066968632775,1812921.7551892004,0.033343928780556205,0.0021668702682742695,0.019771845406893505,0.05728264445572398,108.8172474357869,268.22469032499146,6000.0,23.97378754284028,2.973787542840282,284.1039964207121,0.014013592794261407,175.28674898492523,175.28674898492523,7.311600166293883,0.0,199.98181747939745,1.0
1.8704049738484667,0.8478008408896628,23756.901225913596,0.1237016089520796,1813349.8950948762,0.03334284996820469,0.002164802625735147,0.01983276098820898,0.05734041358214882,108.97844333793152,268.2880343128315,6000.0,23.973666076477855,2.9736660764778557,284.0847344736254,0.014013015964757678,175.10629113569388,175.10629113569388,7.304109875272777,0.0,199.82412759116255,1.0
1.879072905373873,0.8480008052292333,23768.109266931715,0.12364265004184091,1813777.5961499994,0.03334177256679571,0.002162739532326859,0.019893656380522724,0.057398168479645295,109.13967521167723,268.35131337202625,6000.0,23.973544615113006,2.9735446151130063,284.0654922703561,0.014012439675972614,174.9258170586789,174.9258170586789,7.296618829924927,0.0,199.6662719874179,1.0
1.8877408368992745,0.8482005643715433,23779.308445779036,0.12358379279391915,1814204.8583114434,0.033340696575341104,0.002160680977299622,0.019954531185852206,0.05745590873849293,109.30094207401237,268.41452749619503,6000.0,23.973423158741046,2.973423158741046,284.04626981284446,0.014011863928119832,174.7453277388321,174.7453277388321,7.289127071330133,0.0,199.50825192199187,1.0
1.896408768424676,0.8484001182975598,23790.49875325923,0.12352503704669474,1814631.681538497,0.033339621992848546,0.0021586269499257542,0.020015385008288308,0.05751363395106261,109.46224294465303,268.4776766793147,6000.0,23.973301707357287,2.9733017073572863,284.0270671029221,0.014011288721409549,174.56482415826906,174.56482415826906,7.281634640450714,0.0,199.3500686468697,1.0
1.8982077515905669,0.8484415089381041,23792.820129650525,0.12351285530744989,1814720.2114267317,0.033339399145422555,0.0021582012138216563,0.02002801223031854,0.05752561258956275,109.4957242553141,268.49077481870665,6000.0,23.973276501392068,2.973276501392068,284.02308415716027,0.014011169408140439,174.52735990184618,174.52735990184618,7.280079545727169,0.0,199.31721821153053,1.0
1.905117563092197,0.8486004062908298,23801.732871689375,0.12346610636447931,1815060.0748521956,0.033338543762398566,0.002156567788193708,0.02007650418453073,0.05757161573512301,109.62433749751574,268.5410581592794,6000.0,23.97317968843529,2.9731796884352915,284.0077937550482,0.014010711348191852,174.3834562575325,174.3834562575325,7.274106252232173,0.0,199.19097654524816,1.0
1.9138370598498973,0.8488007328417008,23812.971805381523,0.12340720558474301,1815488.5506362317,0.03333746562980528,0.002154510653177842,0.020137676452314127,0.05762965273529726,109.78666365916494,268.6044518408632,6000.0,23.973057524601423,2.9730575246014244,283.9885166968469,0.014010133813129995,174.20185303768193,174.20185303768193,7.266568015319448,0.0,199.0315264151601,1.0
1.9225565566075975,0.8490008516762776,23824.201734256327,0.12334840702500599,1815916.5821386604,0.033336388919939175,0.002152458067297111,0.020198826293275532,0.05768767328051182,109.94902126518255,268.6677797902684,6000.0,23.972935365800986,2.972935365800986,283.96925962680524,0.01400955682628796,174.0202383616227,174.0202383616227,7.259029222173365,0.0,198.8719149305825,1.0
1.9312760533653026,0.8492007627797976,23835.42264924159,0.12328971052104798,1816344.1693279063,0.0333353136317732,0.002150410019721101,0.020259953312840265,0.057745676964334566,110.11140932891908,268.7310420028235,6000.0,23.972813212029195,2.9728132120291946,283.95002254634386,0.014008980387865856,173.83861321742478,173.83861321742478,7.251489914007889,0.0,198.7121433582625,1.0
1.9399955501230028,0.8494004661386549,23846.6345413378,0.12323111590872443,1816771.3121748676,0.033334239764276144,0.0021483664996418007,0.02032105711854273,0.05780366338246068,110.273826866564,268.79423847422265,6000.0,23.972691063281268,2.972691063281267,283.930805456772,0.014008404498060312,173.65697859020804,173.65697859020804,7.243950131914756,0.0,198.55221296296614,1.0
1.9481605871587397,0.8495872822999453,23857.12529760449,0.12317633947325267,1817170.8907670786,0.03333323546951771,0.0021464570191729523,0.020378254031843474,0.05785794652053414,110.4259423681986,268.8533567697859,6000.0,23.972576686339615,2.972576686339615,283.91282847869047,0.014007865725792441,173.48688611049187,173.48688611049187,7.236889399934658,0.0,198.40230942718608,1.0
1.948718088809788,0.8496000313012215,23857.84130832944,0.12317260263556543,1817198.159435629,0.033333166942520365,0.00214632678572308,0.020382158624616828,0.057861652352860275,110.43632957378138,268.85739121316794,6000.0,23.972568876941594,2.9725688769415957,283.91160166557694,0.014007828956443799,173.47527209179555,173.47527209179555,7.236407286273586,0.0,198.39206913099545,1.0
1.9574854232908492,0.8498004118402502,23869.096512401375,0.12311389127784804,1817626.7506942146,0.03333209004167724,0.002144281140438519,0.020443549730563424,0.05791992091267918,110.59969458043153,268.92080197939714,6000.0,23.97244606815371,2.972446068153713,283.8923194121937,0.014007251012676603,173.29262483176214,173.29262483176214,7.2288253079844615,0.0,198.23094524553684,1.0
1.9662527577719149,0.8500005823145578,23880.342567402917,0.12305528243448757,1818054.8926481735,0.0333310145739747,0.0021422400397565593,0.020504916187375412,0.05797817080110667,110.76308641294595,268.984146270284,6000.0,23.972323264430422,2.9723232644304223,283.87305737295503,0.014006673624138538,173.1099709600091,173.1099709600091,7.22124297467929,0.0,198.0696646208843,1.0
1.9750200922529761,0.850200542715024,23891.579464482656,0.12299677593893174,1818482.585277999,0.03332994053834728,0.0021402034727810615,0.0205662576046563,0.05803640161578465,110.92650408289188,269.0474240829424,6000.0,23.972200465766853,2.972200465766854,283.85381554873857,0.014006096791015284,172.92731146584669,172.92731146584669,7.213660327627953,0.0,197.90822853447563,1.0
1.9837874267340372,0.8504002930337106,23902.807194863864,0.12293837162470597,1818909.8285667123,0.03332886793372523,0.002138171428638518,0.020627573594150284,0.058094612956514025,111.08994660478359,269.1106354148604,6000.0,23.972077672158136,2.9720776721581355,283.8345939403081,0.014005520513488946,172.7446473355245,172.7446473355245,7.206077407973491,0.0,197.74663826163027,1.0
1.9898063680988867,0.8505373037923408,23910.509933426518,0.12289833502344177,1819202.8790483896,0.03332813239818566,0.0021367790045069865,0.020669653262843,0.05813456466553565,111.20216687285732,269.15399270508675,6000.0,23.971993374941167,2.9719933749411687,283.82140964518175,0.014005125209775234,172.6192427723244,172.6192427723244,7.200871453300577,0.0,197.63561487479734,1.0
1.99256301030977,0.8506000209102118,23914.036300940388,0.122880014517385,1819337.023854135,0.03332779575185065,0.002136141990915773,0.020688921424737463,0.05815285916750389,111.25356681081297,269.1738396449102,6000.0,23.971954768071278,2.9719547680712797,283.81537449144815,0.014004944250309346,172.56180768063518,172.56180768063518,7.198487121729166,0.0,197.58474282148114,1.0
1.9981134227269126,0.8507262368428248,23921.133776268536,0.12284315729580478,1819606.985426623,0.033327118353550816,0.002134860733726321,0.02072770939311045,0.05818968848038759,111.35706580309949,269.21378089387633,6000.0,23.971877035865617,2.9718770358656164,283.8032289627185,0.014004580060862642,172.446163159619,172.446163159619,7.193686289213523,0.0,197.4822681021156,1.0
2.0013680533123006,0.850800207716674,23925.293855081392,0.12282156406134662,1819765.2007407213,0.033326721409449866,0.0021341102727678502,0.020750448817902195,0.058211280500119915,111.41775933167506,269.23718910413544,6000.0,23.971831456478384,2.9718314564783848,283.7961108805961,0.01400436661243621,172.37835154892102,172.37835154892102,7.190871163176637,0.0,197.4221512120513,1.0
2.010192595834678,0.8510006252383168,23936.567037256962,0.12276308706106356,1820193.8711009263,0.03332564613269323,0.002132078599268771,0.02081208556798886,0.05826981029995086,111.5823376394416,269.3006115735765,6000.0,23.971707876901988,2.9717078769019882,283.7768250684435,0.014003788258120443,172.19448742900187,172.19448742900187,7.183238187001286,0.0,197.25904736460615,1.0
2.01901713835706,0.8512008299057449,23947.830897714808,0.12270471290461751,1820622.0861900942,0.033324572301295374,0.0021300514638720814,0.02087369500061721,0.05832831876578466,111.74693714808132,269.3639666849351,6000.0,23.97158430242682,2.971584302426818,283.7575597388632,0.014003210467384437,172.0106225907819,172.0106225907819,7.175605100634421,0.0,197.09579247465146,1.0
2.0278416808794373,0.8514008217166198,23959.085427872313,0.12264644142273319,1821049.846003224,0.03332349991414516,0.0021280288556077527,0.020935276730691676,0.058386805500444595,111.91155686765737,269.42725443747145,6000.0,23.9714607330479,2.971460733047898,283.73831489208044,0.014002633240396455,171.82675802442307,171.82675802442307,7.167971945386568,0.0,196.93238783175946,1.0
2.0366662234018142,0.8516006006697151,23970.330619218264,0.12258827244624446,1821477.150537691,0.03332242897012764,0.002126010763529666,0.02099683037526326,0.05844527010892057,112.07619581122725,269.49047483079727,6000.0,23.971337168760254,2.971337168760253,283.71909052821314,0.014002056577321375,171.6428947169859,171.6428947169859,7.1603387624397135,0.0,196.76883472329916,1.0
2.0454907659241917,0.851800166764915,23981.566463312956,0.12253020580609408,1821903.9997932492,0.033321359468124014,0.0021239971767155427,0.02105835555352566,0.05850371219836521,112.24085299485026,269.553627864876,6000.0,23.971213609558905,2.971213609558905,283.6998866472725,0.0140014804783207,171.45903365242222,171.45903365242222,7.1527055928470045,0.0,196.60513443441937,1.0
2.0480662582950853,0.8518583711249476,23984.843944281685,0.12251327799842973,1822028.492321528,0.03332104759963209,0.002123410347829598,0.021076306601872898,0.058520764549334595,112.28891241726738,269.5720467347195,6000.0,23.971177549069143,2.971177549069143,283.6942857479856,0.014001312446947793,171.4053733307182,171.4053733307182,7.150477817781391,0.0,196.5573300230497,1.0
2.054353183836814,0.8520003751788094,23992.841116278447,0.1224719927667882,1822332.222895684,0.03332028682594231,0.002121979470809555,0.02112011576952583,0.0585623820662777,112.40623426455961,269.61698416181036,6000.0,23.971089525149182,2.9710895251491833,283.68062095717664,0.014000902474544004,171.27438669261704,171.27438669261704,7.145039715984755,0.0,196.44058469917533,1.0
2.0632312117663534,0.8522007209808328,24004.12615862721,0.1224137803397777,1822760.7398557528,0.033319213750422294,0.0021199627449333997,0.021181955215604075,0.05862113171095977,112.57192329211044,269.6803839354545,6000.0,23.970965227314146,2.970965227314146,283.66134204647204,0.014000324023435535,171.0894187543616,171.0894187543616,7.137360433004621,0.0,196.2755988903864,1.0
2.0721092396958927,0.8524008513433212,24015.401714796335,0.12235567097893904,1823188.7960150775,0.03331814213101702,0.0021179505459647994,0.0212437647020195,0.05867985737900132,112.73762780189381,269.74371553288717,6000.0,23.970840934612074,2.9708409346120748,283.64208386712045,0.013999746143731307,170.90445606522664,170.90445606522664,7.12968128783724,0.0,196.11046801369653,1.0
2.080987267625432,0.8526007662706974,24026.66777648459,0.12229766451256743,1823616.3913831185,0.03331707196657166,0.0021159428628785117,0.021305543849721772,0.05873855867917195,112.9033468043208,269.80697895550804,6000.0,23.970716647037897,2.970716647037897,283.6228464186964,0.013999168835581973,170.7194996143756,170.7194996143756,7.122002321756688,0.0,195.94519336850874,1.0
2.0898652955549712,0.8528004657685218,24037.924335464326,0.12223976076906966,1824043.5259717682,0.03331600325592751,0.0021139396846734226,0.021367292281838004,0.058797235222438946,113.06907931291883,269.87017420507675,6000.0,23.970592364586537,2.9705923645865386,283.6036297006647,0.013998592099134696,170.5345503877459,170.5345503877459,7.114323575903311,0.0,195.77977625186088,1.0
2.0980190938632584,0.8529836848987861,24048.254256415046,0.12218667090094362,1824435.4109223608,0.03331502300564528,0.002112103875974566,0.02142397617387083,0.05885110305549068,113.22130316391394,269.9281542139849,6000.0,23.970478225047714,2.970478225047714,283.5859988583108,0.013998062914027132,170.36469569439686,170.36469569439686,7.107271456786204,0.0,195.62772871755797,1.0
2.0987477392023948,0.8530000490084833,24049.176975225444,0.12218193085352641,1824470.4118980279,0.03331493546745472,0.002111940007391219,0.02142904031259543,0.05885591578744137,113.23490678489142,269.93333266464475,6000.0,23.970468025441633,2.9704680254416345,283.58442416991494,0.013998015648105046,170.34951738502352,170.34951738502352,7.1066412722613075,0.0,195.61413557877623,1.0
2.107679897570073,0.8532005318657053,24060.48298703222,0.12212388060947528,1824899.2220036306,0.03331386316774214,0.002109933663116221,0.021491102184973822,0.05891489901583219,113.40167403625215,269.9967758096422,6000.0,23.97034299553576,2.970342995535759,283.5651320706388,0.01399743654807081,170.16345803438668,170.16345803438668,7.098916276086577,0.0,195.4474266223397,1.0
2.1166120559377464,0.8534007966822297,24071.77935530865,0.12206593382320141,1825327.5657448974,0.03331279233606276,0.002107931845489523,0.021553131832348683,0.05897385601390097,113.5684519758693,270.06014995528585,6000.0,23.97021797079991,2.970217970799911,283.5458609530209,0.013996858027158093,169.9774089771516,169.9774089771516,7.091191627219036,0.0,195.2805773845748,1.0
2.1255442143054193,0.8536008434683674,24083.066071976984,0.12200809032040766,1825755.4431438819,0.033311722971220724,0.0021059345434054208,0.021615128879766077,0.059032786394392224,113.73523961192414,270.1234551048386,6000.0,23.970092951228917,2.970092951228918,283.52661081606897,0.013996280085502598,169.7913712041448,169.7913712041448,7.083467367006594,0.0,195.1135891765481,1.0
2.1344763726730926,0.8538006722355957,24094.343129035296,0.12195034992691042,1826182.854225133,0.03331065507201617,0.0021039417457826034,0.021677092954484375,0.05909168977228315,113.90203595583166,270.18669126193254,6000.0,23.969967936817604,2.9699679368176053,283.5073816586786,0.013995702723236471,169.60534570284693,169.60534570284693,7.075743536658429,0.0,194.94646330681178,1.0
2.143408531040766,0.854000282996558,24105.61051855751,0.12189271246863985,1826609.7990156936,0.0333095886372453,0.0021019534415641,0.0217390236859703,0.0591505657647797,114.06884002224811,270.24985843056857,6000.0,23.969842927560798,2.9698429275607983,283.48817347963313,0.013995125940488296,169.41933345738502,169.41933345738502,7.068020177244664,0.0,194.77920108138585,1.0
2.147971929431431,0.8541021790748176,24111.363241972358,0.12186330542997495,1826827.743176528,0.03330904436546922,0.0021009393568223716,0.021770650822153834,0.05918063454444543,114.15406211132328,270.28210361979455,6000.0,23.969779062897512,2.9697790628975107,283.47836820608075,0.013994831488558615,169.32430609475745,169.32430609475745,7.064074543634496,0.0,194.69369537819458,1.0
2.1523674815742773,0.8542002735192714,24116.90198584258,0.12183500534971062,1827037.5560735918,0.033308520473499366,0.0020999636759403317,0.021801106316014097,0.0592095904654538,114.2361511901783,270.31314577546397,6000.0,23.969717548509045,2.969717548509046,283.4689287568078,0.013994548009923809,169.23277756662952,169.23277756662952,7.0602741656902035,0.0,194.61130149082084,1.0
2.161354417926892,0.8544006684534087,24128.218938162478,0.12177722165340167,1827466.1781216827,0.03330745045073341,0.002097972214001615,0.021863348434011668,0.05926877109874669,114.40399082131175,270.37656109705,6000.0,23.96959178299963,2.9695917829996286,283.44964511820956,0.01399396886001344,169.0456542968978,169.0456542968978,7.052504516025716,0.0,194.442742237609,1.0
2.170341354279507,0.8546008427447953,24139.526080327112,0.12171954162917575,1827894.328239941,0.03330638190672689,0.0020959852672160907,0.02192555568330386,0.05932792285724685,114.57183528833163,270.4399065958581,6000.0,23.96946602269236,2.9694660226923606,283.4303827116604,0.013993390297120718,168.8585474233288,168.8585474233288,7.04473546734279,0.0,194.27404891382,1.0
2.179328290632122,0.8548007964110745,24150.823404574516,0.12166196510020395,1828322.0064661042,0.03330531484023756,0.0020940028244209067,0.0219877276954836,0.05938704536014207,114.7396836009798,270.50318227747147,6000.0,23.969340267581966,2.9693402675819653,283.4111415354624,0.013992812321362028,168.6714579344826,168.6714579344826,7.03696706090018,0.0,194.10522283911877,1.0
2.188315226984737,0.8550005294710843,24162.11090322082,0.12160449188977326,1828749.212840464,0.03330424925001918,0.0020920248744778227,0.02204986410438683,0.05944613822888384,114.90753477235889,270.56638814785146,6000.0,23.969214517663165,2.9692145176631652,283.3919215878029,0.013992234932850107,168.48438681544405,168.48438681544405,7.029199337812516,0.0,193.9362653304851,1.0
2.1973021633373566,0.8552000419448583,24173.388568660383,0.12154712182128652,1829175.9474058705,0.033303185134821424,0.0020900514062731487,0.022111964546088755,0.05950520108718333,115.0753878189404,270.62952421333773,6000.0,23.969088772930682,2.969088772930682,283.3727228667541,0.013991658131694031,168.2973350478137,168.2973350478137,7.021432339049913,0.0,193.76717770219403,1.0
2.1979247649996037,0.8552138557042761,24174.169504241567,0.12154315112353707,1829205.4934713882,0.033303111469095245,0.002089914853029672,0.02211626543142339,0.05950929175354831,115.08701647421134,270.63389560126507,6000.0,23.969080061713505,2.9690800617135054,283.37139359390875,0.013991618193520608,168.2843771196974,168.2843771196974,7.020894280732236,0.0,193.75545877534196,1.0
2.206336497785252,0.8554003843565002,24184.715795017633,0.1214895529578786,1829604.4571142977,0.033302116892806335,0.0020880720358389285,0.022174355894943022,0.059564544823588285,115.24412704144571,270.69292291408976,6000.0,23.968962370228674,2.968962370228674,283.35344428229973,0.013991078880542051,168.109317240854,168.109317240854,7.013625147564124,0.0,193.59706846047294,1.0
2.215374360324024,0.8556005820004214,24196.03748667763,0.1214320655487525,1830032.6571809805,0.033301049722567255,0.0020860964017494687,0.0222367345088389,0.05962388063315563,115.41293207208209,270.7562758028476,6000.0,23.968835923397375,2.9688359233973762,283.33417962857874,0.01399049999730626,167.92124755649667,167.92124755649667,7.005815722263716,0.0,193.42676387157294,1.0
2.224412222862796,0.8558005566193395,24207.349210689685,0.12137468191676833,1830460.380222463,0.03329998404028119,0.002084125266641872,0.022299075652172044,0.05968318495909511,115.5817360248798,270.8195581149596,6000.0,23.96870948179526,2.968709481795259,283.3149364361466,0.013989921708411696,167.73320041126678,167.73320041126678,6.998007153395709,0.0,193.25633166962746,1.0
2.233450085401568,0.856000308238509,24218.650959638166,0.12131740188278112,1830887.6262927614,0.033298919844660074,0.0020821586193119886,0.022361378963894105,0.05974245742786617,115.75053791332266,270.8827698584176,6000.0,23.968583045416946,2.968583045416947,283.2957147025731,0.013989344013954354,167.54517678925043,167.54517678925043,6.990199482037671,0.0,193.0857731801625,1.0
2.2398063680988867,0.8561406589814804,24226.5934434989,0.12127717908093814,1831187.8206223364,0.033298172291053814,0.002080778168221767,0.022405173712415002,0.059784124171690586,115.86925365465626,270.9271840924335,6000.0,23.968494126481914,2.968494126481916,283.2822090068522,0.013988938080478111,167.41295535219595,167.41295535219595,6.98470894620065,0.0,192.9657453360088,1.0
2.2424962358577134,0.8562000197541468,24229.95307639723,0.12126017288298489,1831314.7865861522,0.03329785616056482,0.002080194651278701,0.022423701166045435,0.05980175197788895,115.91949154484756,270.945968911044,6000.0,23.968456498319323,2.968456498319324,283.27649682808914,0.013988766385086292,167.35700528324156,167.35700528324156,6.982385590618932,0.0,192.9149331485022,1.0
2.2478776005677767,0.8563187179785599,24236.67172087373,0.1212261776306822,1831568.6686329797,0.033297224102654066,0.002079028450907724,0.022460757036840844,0.05983700959040264,116.01999665610894,270.98353116831987,6000.0,23.968381220589468,2.968381220589467,283.2650747146925,0.013988423048405746,167.24507805858354,167.24507805858354,6.9777377336987465,0.0,192.81324515957192,1.0
2.2515753003655186,0.8564002333358278,24241.286252699694,0.12120283965239685,1831743.0207418965,0.033296790101225285,0.0020782280354971054,0.022486211295231574,0.05986122943195397,116.08905584788225,271.0093268433333,6000.0,23.96832949603637,2.9683294960363713,283.2572306407066,0.013988187253506642,167.16817479282435,167.16817479282435,6.9745442551792705,0.0,192.74334697732374,1.0
2.2606737448486247,0.856600648613129,24252.63349991249,0.12114548837519526,1832171.6863017092,0.03329572326741966,0.0020762617311876346,0.02254881547203555,0.05992080047064285,116.25897702687078,271.0727486025486,6000.0,23.96820222792917,2.9682022279291695,283.2379450445229,0.013987607487790666,166.97896801765214,166.97896801765214,6.9666872145745815,0.0,192.57127071007582,1.0
2.269772189331731,0.8568008380043738,24263.970608447755,0.12108824136279608,1832599.868716853,0.033294657935006834,0.0020742999297337036,0.022611379862774957,0.059980337727515494,116.42889213641648,271.1360988797328,6000.0,23.968074965094193,2.9680749650941913,283.21868118494194,0.013987028324865211,166.78978904852545,166.78978904852545,6.958831249127394,0.0,192.3990718186924,1.0
2.278870633814837,0.8570008015412418,24275.297571132432,0.12103109843312448,1833027.5680550863,0.033293594102653486,0.0020723426198336814,0.02267390411055064,0.06003984083303781,116.59880018763364,271.199377684911,6000.0,23.96794770752595,2.9679477075259513,283.1994390589152,0.013986449764809996,166.60063887128155,166.60063887128155,6.950976399993097,0.0,192.22675164104265,1.0
2.287969078297948,0.8572005392565483,24286.61438086961,0.12097405940425948,1833454.784386598,0.03329253176902276,0.0020703897902121845,0.02273638786073372,0.060099309419968674,116.76870019514749,271.2625850284676,6000.0,23.967820455218963,2.9678204552189635,283.180218663285,0.013985871807701233,166.41151846813753,166.41151846813753,6.943122708176897,0.0,192.05431151207802,1.0
2.297067522781054,0.857400051184244,24297.92103063861,0.12091712409443363,1833881.517784005,0.03329147093277422,0.00206844142962,0.022798830760960995,0.060158743123355216,116.93859117710068,271.32572092114646,6000.0,23.96769320816774,2.967693208167741,283.16101999478434,0.013985294453611616,166.22242881768366,166.22242881768366,6.935270214533544,0.0,191.88175276381517,1.0
2.2978304361359494,0.8574167701931097,24298.86864224024,0.12091235472109166,1833917.2778487634,0.03329138204863061,0.002068278260425724,0.022804064791107862,0.0601637251001642,116.95283625893934,271.3310116802586,6000.0,23.967682538618288,2.967682538618287,283.1594111550895,0.013985246069317721,166.2065748961502,166.2065748961502,6.934611831091611,0.0,191.86727819795522,1.0
2.3062179450219107,0.857600475196616,24309.282019026054,0.12085996794954446,1834310.2020271437,0.03329040554504116,0.002066486434455655,0.02286158883166307,0.060218480811159894,117.10944262366357,271.3891454445899,6000.0,23.967565239472613,2.9675652394726133,283.1417335580407,0.013984714409469433,166.03229093437713,166.03229093437713,6.927374110614105,0.0,191.70808992413697,1.0
2.3153731245511673,0.8578007749286081,24320.638615549913,0.12080288670997943,1834738.6204486378,0.03328934111640329,0.0020645349238937144,0.02292433747136317,0.06027821351166017,117.28037177664359,271.45253063929334,6000.0,23.96743720955578,2.9674372095557793,283.12245908057105,0.013984134674304632,165.84208730392746,165.84208730392746,6.919475196864456,0.0,191.53421942097242,1.0
2.3245283040804234,0.858000846158818,24331.984904058474,0.12074590993361829,1835166.550130722,0.033288278199770704,0.002062587904123211,0.022987043689302926,0.060337909793196844,117.45128881844062,271.5158435242148,6000.0,23.967309184943726,2.9673091849437268,283.1032065914107,0.013983555549903078,165.65191777297008,165.65191777297008,6.91157761994545,0.0,191.360232858578,1.0
2.3336834836096854,0.858200688926483,24343.320877711467,0.12068903743589705,1835593.9911573206,0.03328721679376325,0.0020606453637894576,0.023049707135706875,0.06039756929325958,117.62219276317049,271.579084111771,6000.0,23.967181165630866,2.9671811656308646,283.0839760867839,0.013982977036324453,165.4617833236134,165.4617833236134,6.903681420862581,0.0,191.18613158186636,1.0
2.3428386631389415,0.858400303272005,24354.64652974712,0.12063226903240769,1836020.943614848,0.03328615689699711,0.0020587072915642093,0.023112327463098187,0.06045719165165951,117.79308262858767,271.64225241474713,6000.0,23.9670531516116,2.967053151611601,283.0647675628028,0.013982399133624809,165.2716849342151,165.2716849342151,6.89578664046572,0.0,191.01191693265594,1.0
2.3477832717041225,0.8585080177302779,24360.759090844433,0.12060165228901695,1836251.3326309812,0.033285585085975365,0.002057662415020418,0.023146129936763907,0.06048937743775969,117.88537210531396,271.6763388403359,6000.0,23.966984014892176,2.966984014892175,283.05440239716586,0.013982087269013548,165.1690302918519,165.1690302918519,6.891523363524677,0.0,190.91777889850476,1.0
2.352020238086206,0.8586002637591056,24365.994461902144,0.1205754413188007,1836448.6364299746,0.03328509545880851,0.002056768107746024,0.02317508467929946,0.06051694824585399,117.96445006477576,271.70553025482116,6000.0,23.966924773824335,2.9669247738243336,283.04552573024966,0.013981820178342435,165.08107566547392,165.08107566547392,6.8878705642606475,0.0,190.8370874854322,1.0
2.361232810019645,0.8588006684920717,24377.37025735442,0.12051852660790038,1836877.27943665,0.03328403196004359,0.0020548268710694714,0.02323800947897781,0.060576868310090876,118.1363798260868,271.76894867726344,6000.0,23.96679596797364,2.9667959679736366,283.026241148728,0.013981239886131683,164.8898613226412,164.8898613226412,6.8799292797827585,0.0,190.66155591771732,1.0
2.3704453819530844,0.859000842060251,24388.73558125174,0.12046171673948267,1837305.42800805,0.03328296998526313,0.0020528901243403964,0.023300889572567686,0.06063674968217121,118.30829236040195,271.8322939472113,6000.0,23.966667167466074,2.9666671674660745,283.0069788117717,0.013980660212631706,164.69868645136978,164.69868645136978,6.871989555349714,0.0,190.48591362106222,1.0
2.379657953886529,0.8592007845095713,24400.090427026087,0.12040501152628409,1837733.0822424092,0.03328190953304233,0.002050957856123489,0.023363724615363693,0.060696592004529516,118.48018668182631,271.8955660791988,6000.0,23.966538372295947,2.9665383722959473,282.9877387149612,0.013980081157884868,164.5075520331349,164.5075520331349,6.864051431945506,0.0,190.31016194985634,1.0
2.388870525819968,0.8594004958871543,24411.434788190265,0.12034841078119975,1838160.2422405165,0.03328085060195271,0.002049030055010164,0.02342651426499189,0.06075639492195477,118.65206180822665,271.9587650881375,6000.0,23.966409582457555,2.9664095824575556,282.9685208537621,0.013979502721929818,164.31645904553542,164.31645904553542,6.8561149503932555,0.0,190.1343022552316,1.0
2.397736107272295,0.8595924670225944,24422.341959604528,0.12029404036252811,1838570.8467380847,0.03327983299031797,0.002047179071588476,0.02348689577172075,0.060813907833627195,118.81744424101728,272.01951468413694,6000.0,23.96628564850285,2.966285648502851,282.9500478219309,0.013978946657002897,164.13260358091364,164.13260358091364,6.848478983691277,0.0,189.9649655558435,1.0
2.398085284286565,0.8596000235590268,24422.77134709925,0.12029190092064437,1838587.0093129324,0.03327979293977387,0.002047106253655214,0.02348927306773597,0.060816172261165063,118.82395754721875,272.02190596308816,6000.0,23.966280767379814,2.966280767379816,282.949320670228,0.01397892476773449,164.12536312300927,164.12536312300927,6.848178268294266,0.0,189.95829410822319,1.0
2.4073559085156746,0.8598005277061663,24434.166037442603,0.12023515355351648,1839015.8649552555,0.03327873039819218,0.0020451752759534933,0.02355236584090989,0.06087627151505556,118.99687407514442,272.08535584531666,6000.0,23.966151176713996,2.966151176713995,282.930026522262,0.013978343934404726,163.93315244711755,163.93315244711755,6.8401952085822755,0.0,189.78111254898857,1.0
2.4166265327447842,0.8600007980109815,24445.550091367048,0.12017851140655873,1839444.2204353537,0.033277669392600955,0.0020432487872591174,0.023615411618826954,0.06093632979868703,119.1697681982293,272.14873172773935,6000.0,23.96602159142996,2.9660215914299592,282.91075487651585,0.013977763727784899,163.74098667828656,163.74098667828656,6.832213934783356,0.0,189.60382569418488,1.0
2.4258971569738987,0.8602008345263693,24456.923502593116,0.12012197428975072,1839872.0758663686,0.03327660992152941,0.0020413267760548376,0.023678410062073958,0.060996346759658204,119.34263893108833,272.21203362709565,6000.0,23.9658920115219,2.9658920115218996,282.8915057278994,0.013977184147899219,163.54886679681107,163.54886679681107,6.824234487837254,0.0,189.42643490716407,1.0
2.435167781203008,0.8604006373064511,24468.28626492459,0.12006554201323297,1840299.4313640592,0.033275551983503016,0.0020394092308504068,0.02374136083360205,0.061056322047955476,119.51548529222413,272.2752615605123,6000.0,23.965762436984004,2.9657624369840043,282.87227907120473,0.013976605194768114,163.3567937789806,163.3567937789806,6.816256908517466,0.0,189.24894154785193,1.0
2.4444384054321175,0.8606002064065733,24479.638372248683,0.12000921438730615,1840726.2870468055,0.03327449557704342,0.002037496140182483,0.02380426359872152,0.06111625531594743,119.68830630403315,272.3384155455039,6000.0,23.965632867810463,2.9656328678104633,282.85307490110586,0.013976026868408178,163.1647685970727,163.1647685970727,6.80828123743096,0.0,189.07134697273077,1.0
2.447688942840468,0.8606701255347649,24483.61621117928,0.11998948910724168,1840875.8361362333,0.0332741255340791,0.0020368264102908797,0.023826307620067277,0.06113725956443726,119.74889595031453,272.36054157388065,6000.0,23.96558743854166,2.965587438541659,282.8463467110697,0.01397582423959358,163.09745076075518,163.09745076075518,6.805485205777201,0.0,189.0090536848476,1.0
2.453744152050194,0.8608002966351337,24491.02276609569,0.11995277841554416,1841154.2573642079,0.03327343670710531,0.0020355802700076256,0.023867356061021514,0.061176373038134446,119.86175558592907,272.40173444248603,6000.0,23.96550281314434,2.965502813144342,282.83382058376895,0.013975446981369983,162.97206499783988,162.97206499783988,6.800277309786078,0.0,188.89297913921783,1.0
2.4630688629527753,0.8610005585714681,24502.419579460504,0.11989633281606532,1841582.5949450745,0.033272377224192205,0.0020336649744007633,0.02393052791046213,0.0612365701090551,120.03553075352941,272.4651076766886,6000.0,23.965372498848208,2.9653724988482075,282.81454974330643,0.013974866546056683,162.779018989777,162.779018989777,6.792259081205613,0.0,188.71414824926487,1.0
2.4723935738553617,0.8612005842692142,24513.805595025417,0.11983999251521678,1842010.4272383803,0.03327131928624464,0.002031754150718803,0.023993650186971832,0.061296723623935276,120.2092773223321,272.5284061527836,6000.0,23.965242189961508,2.965242189961507,282.7953016356519,0.013974286744876581,162.58602431331983,162.58602431331983,6.7842429058122935,0.0,188.5352190681174,1.0
2.481718284757943,0.8614003737896917,24525.18080691104,0.11978375732061179,1842437.7543752803,0.033270262891742855,0.002029847787405689,0.024056722559545315,0.06135683323869386,120.38299431347649,272.5916298901757,6000.0,23.965111886478326,2.965111886478325,282.7760762549047,0.013973707577831007,162.3930819414282,162.3930819414282,6.776228824245722,0.0,188.35619296191157,1.0
2.4898063680988867,0.8615734763345576,24535.038703201863,0.11973506491665399,1842808.0010964845,0.03326934784331826,0.002028197846183884,0.024111389709624436,0.06140893539912658,120.53364853919948,272.64640848823404,6000.0,23.964998867996663,2.9649988679966612,282.75941891309117,0.013973205732512484,162.2257703738917,162.2257703738917,6.769279283819672,0.0,188.20083155687607,1.0
2.4910469188825175,0.8616000111046604,24536.549988436574,0.11972760344617066,1842864.7559618505,0.03326920759567537,0.002027945073667398,0.024119771204493035,0.06141692387383581,120.55675382131008,272.65480546187274,6000.0,23.96498153357306,2.9649815335730594,282.7568655206157,0.013973128801642459,162.2001116993056,162.2001116993056,6.768213506531435,0.0,188.17699591070837,1.0
2.497641778408641,0.861741001763103,24544.580878272092,0.11968796882503789,1843166.31899808,0.03326846248648867,0.0020266026341899906,0.024164312807880974,0.06145937792855963,120.6795737836658,272.69942219824014,6000.0,23.96488938409958,2.9648893840995765,282.74329824699754,0.01397272001988677,162.06372446333174,162.06372446333174,6.762548404285943,0.0,188.05025594228485,1.0
2.5004113674612127,0.8618001772536966,24547.9519317119,0.11967133940040532,1843292.8886645448,0.03326814979870311,0.0020260395217088535,0.02418301101154446,0.06147720033195643,120.73114869160715,272.71814838402,6000.0,23.964850685644787,2.9648506856447887,282.73760389759,0.013972548441740363,162.0064552059829,162.0064552059829,6.760169605522582,0.0,187.99701606359454,1.0
2.5098000854915674,0.8620006232362197,24559.372469111244,0.1196150353699154,1843721.6198993463,0.03326709081832883,0.0020241335121954944,0.024246363195290214,0.061537587525814536,120.90596263176104,272.78157985995557,6000.0,23.964719504056273,2.964719504056274,282.71831534669883,0.013971967219768117,161.8123527149378,161.8123527149378,6.752107100087251,0.0,187.8164757736254,1.0
2.519188803521927,0.8622008300481632,24570.782030855175,0.11955883711337124,1844149.8395753894,0.033266033396452885,0.002022231977793245,0.02430966346514981,0.061597928839395945,121.08074264519405,272.84493564994983,6000.0,23.96458832792167,2.9645883279216703,282.6990498107558,0.013971386640637268,161.61830716556176,161.61830716556176,6.74404688092458,0.0,187.63584274406776,1.0
2.5285775215522817,0.8624007977581568,24582.180611360196,0.11950274443532893,1844577.547839466,0.0332649775315063,0.0020203349068479964,0.024372911495294403,0.0616582239336487,121.25548775301155,272.9082157757208,6000.0,23.964457157234943,2.964457157234942,282.67980728315683,0.013970806704330244,161.42431953014528,161.42431953014528,6.735988988651504,0.0,187.45511835109684,1.0
2.537966239582636,0.8626005264359817,24593.568205123443,0.11944675714054728,1845004.744840829,0.03326392322191688,0.002018442287734373,0.02443610696227543,0.06171847247192669,121.43019698034902,272.97142025935085,6000.0,23.96432599199005,2.964325991990053,282.660587757187,0.013970227410825856,161.23039077683796,161.23039077683796,6.727933463713036,0.0,187.27430396722238,1.0
2.5473549576129906,0.8628000161525694,24604.94480672268,0.11939087503398775,1845431.4307311936,0.03326287046610921,0.0020165541088556544,0.024499249545018396,0.061778674119983265,121.60486935637562,273.03454912328635,6000.0,23.96419483218097,2.9641948321809677,282.6413912260207,0.013969648760099292,161.03652186964507,161.03652186964507,6.719880346382129,0.0,187.09340096127406,1.0
2.5475946139768135,0.8628051051988791,24605.235061869884,0.11938944996271272,1845442.3156243742,0.03326284361379354,0.0020165059692271686,0.024500860627219578,0.061780210210240286,121.60932755157569,273.0361595607442,6000.0,23.96419148426751,2.964191484267511,282.6409015163867,0.013969633997877026,161.031573964811,161.031573964811,6.719674814421685,0.0,187.0887820842748,1.0
2.556802189326452,0.8630005080300025,24616.38121063089,0.1193347506276871,1845860.260130005,0.03326181271591014,0.002014658632334116,0.02456273195179645,0.06183920330004071,121.78059217564048,273.0979951227451,6000.0,23.96406286041998,2.9640628604199777,282.6220982587461,0.013969067151795191,160.84150608310563,160.84150608310563,6.711779510007796,0.0,186.91128243478144,1.0
2.5662509537847003,0.8632007905754484,24627.80832692863,0.11927872324929864,1846288.6417914252,0.03326075636448028,0.0020127673216570703,0.02462617045447425,0.0618996941406116,121.95630422323917,273.16137487873647,6000.0,23.963930872740377,2.963930872740376,282.60282543510647,0.01396848610004106,160.6465212118673,160.6465212118673,6.703679878938688,0.0,186.72904737885148,1.0
2.5756997182429435,0.8634008313167645,24639.22429395967,0.11922280181503285,1846716.5062612216,0.03325970158194373,0.0020108804729819865,0.024689554429084676,0.0619601364840104,122.13197600911087,273.224678115395,6000.0,23.963798890547917,2.9637988905479182,282.5835758798367,0.013967905699214996,160.45159987072583,160.45159987072583,6.695582808200458,0.0,186.54672671763984,1.0
2.585148482701187,0.863600630330963,24650.629106527926,0.11916698612690842,1847143.853704115,0.033258648366681486,0.002008998074604546,0.024752883558010523,0.06202052999929656,122.30760656023585,273.28790485709146,6000.0,23.963666913836455,2.9636669138364553,282.5643495855261,0.013967325949276852,160.25674302529023,160.25674302529023,6.687488338137395,0.0,186.3643218311861,1.0
2.59459724715943,0.8638001876962367,24662.022759520343,0.11911127598714923,1847570.6842873504,0.03325759671707127,0.002007120114849355,0.024816157526039148,0.062080874357959774,122.48319490775414,273.35105512857,6000.0,23.963534942599836,2.963534942599837,282.54514654465015,0.013966746850182751,160.06195163689603,160.06195163689603,6.679396508916338,0.0,186.18183409567675,1.0
2.5975474495449866,0.8638624463102789,24665.57793052254,0.11909390311522579,1847703.8484053805,0.03325726867936491,0.0020065346640181854,0.02483590230551896,0.06209970564890206,122.53801033164038,273.3707569740682,6000.0,23.963493738136496,2.9634937381364943,282.53915551190283,0.013966566170498716,160.00114518026245,160.00114518026245,6.676870531846949,0.0,186.12483891123367,1.0
2.604087770282807,0.8640003838289206,24673.455527847218,0.11905542568723201,1847998.881121668,0.033256541994119815,0.0020052383118298145,0.024879655289907036,0.062141435595856664,122.65951580887612,273.4144075390942,6000.0,23.96340239362342,2.9634023936234186,282.52588203635287,0.013966165846886371,159.86636622747676,159.86636622747676,6.671271616672291,0.0,185.99845784287496,1.0
2.613597250909729,0.8642007354989799,24684.899831040904,0.11899957022724393,1848427.4106328005,0.033255486745294556,0.0020033572176396406,0.024943223443161976,0.06220206740609617,122.83614425625107,273.4778091696884,6000.0,23.963269585405286,2.963269585405285,282.5066025609778,0.013965584341502522,159.6704583047267,159.6704583047267,6.663133247976029,0.0,185.8146342392351,1.0
2.6231067315366454,0.8644008426502295,24696.332815694648,0.11894382107454941,1848855.4171459167,0.03325443307733966,0.0020014805838685953,0.025006734777685755,0.06226264843889401,123.01272702668139,273.54113342188464,6000.0,23.963136782713832,2.9631367827138333,282.48734661520143,0.013965003495197425,159.47461958852006,159.47461958852006,6.654997675578077,0.0,185.63073089155165,1.0
2.632616212163562,0.8646007053672105,24707.754476936836,0.11888817802836871,1849282.9008418405,0.03325338098858793,0.0019996083987321505,0.02507018898192583,0.06232317836924592,123.1892631495735,273.60438032243616,6000.0,23.963003985542795,2.963003985542796,282.46811419088834,0.013964423307911087,159.27885104131485,159.27885104131485,6.6468649396966235,0.0,185.4467491867887,1.0
2.6421256927904784,0.864800323735675,24719.164809981386,0.11883264088812988,1849709.861903986,0.033252330477368794,0.0019977406504749773,0.025133585746764543,0.06238365687460831,123.3657516586217,273.66754989847936,6000.0,23.96287119388591,2.962871193885908,282.44890527978686,0.0139638437795797,159.08315362116514,159.08315362116514,6.638735080366954,0.0,185.26269050788076,1.0
2.6475002851131593,0.8649130365060625,24725.608718561874,0.11880129903382708,1849950.9417431422,0.03325173744390045,0.0019966869898153223,0.025169390968796158,0.06241781540251193,123.46547845679477,273.7032180485339,6000.0,23.96279614479784,2.96279614479784,282.43805913570185,0.013963516531725888,158.9725806789071,158.9725806789071,6.63414151329827,0.0,185.15863023347498,1.0
2.6516618661910196,0.865000257134911,24730.595790760985,0.11877705400798833,1850137.496781241,0.03325127859990038,0.0019958721033062777,0.025197102474324044,0.062444253177530704,123.54268678315633,273.73081916655207,6000.0,23.962738035018656,2.9627380350186554,282.4296660538494,0.01396326328619697,158.88697927069308,158.88697927069308,6.630585329543681,0.0,185.07803927026194,1.0
2.661232735275129,0.8652006710691257,24742.056897580027,0.1187213715622655,1850566.1594683437,0.033250224487035594,0.0019940012202296167,0.025260791599371214,0.06250501730663642,123.72021556680181,273.7942405007453,6000.0,23.962604397239122,2.962604397239122,282.4103805869085,0.013962681346930898,158.6901650201067,158.6901650201067,6.622408916385998,0.0,184.89264117178323,1.0
2.6708036043592434,0.865400837758653,24753.506515405486,0.11866579578412176,1850994.2933270868,0.03324917196702377,0.0019921347958460705,0.02532442161357305,0.06256572837644289,123.89769320058953,273.8575835939319,6000.0,23.96247076502606,2.9624707650260627,282.3911189118723,0.013962100074937076,158.49342571128278,158.49342571128278,6.614235537956655,0.0,184.70716929286965,1.0
2.6803744734433526,0.8656007572958705,24764.944639708665,0.11861032646991962,1851421.898555056,0.03324812103814801,0.001990272818289639,0.02538799221168009,0.06262638606811774,124.07511871695662,273.92084847534505,6000.0,23.96233713837309,2.962337138373092,282.37188101985157,0.013961519470134786,158.29676230289493,158.29676230289493,6.606065234321396,0.0,184.52162502677228,1.0
2.6899453425274618,0.8658004297744002,24776.37126604903,0.11855496341623167,1851848.9753524973,0.03324707169868799,0.001988415275723786,0.025451503090908177,0.06268699006531996,124.25249115275956,273.98403517461145,6000.0,23.962203517273824,2.962203517273824,282.3526669018373,0.013960939532439367,158.10017574907778,158.10017574907778,6.597898045357425,0.0,184.3360097625294,1.0
2.697453120681332,0.8659568881172209,24785.326725329272,0.11851160862900591,1852183.6220122513,0.033246249665529526,0.001986961240296158,0.025501281610180976,0.06273449251600666,124.39159151655592,274.03354668630465,6000.0,23.96209870334325,2.962098703343252,282.3376112011949,0.013960485072620217,157.94601968463894,157.94601968463894,6.591493576587343,0.0,184.1903568244227,1.0
2.69952856745091,0.8660001125846867,24787.801119381198,0.11849963515239925,1852276.0742483947,0.03324602259531451,0.0019865597668475184,0.025515035826058567,0.0627476181882206,124.43003842915829,274.04722514338005,6000.0,23.96206972922991,2.9620697292299094,282.33345178961696,0.013960359514364083,157.90341336045867,157.90341336045867,6.589723473170669,0.0,184.15008512434102,1.0
2.7091567564131767,0.8662004830473855,24799.272983406605,0.11844415416624526,1852704.6439548528,0.03324497017086307,0.001984700005956361,0.02557880575376072,0.06280847593058016,124.60836322193445,274.1106327209373,6000.0,23.9619353190532,2.9619353190531994,282.31417050586055,0.013959777448233191,157.7058072839261,157.7058072839261,6.581513771073708,0.0,183.96321924924172,1.0
2.718784945375438,0.8664006037757755,24810.73319835809,0.11838878009936807,1853132.6795079338,0.03324391934966567,0.001982844697492461,0.025642514338597155,0.06286927838575529,124.78663139218206,274.17396126964303,6000.0,23.961800914477482,2.961800914477483,282.2949132535807,0.013959196056942022,157.50828186139864,157.50828186139864,6.573307341278914,0.0,183.77628572461194,1.0
2.7284131343376985,0.8666004748702447,24822.18176007535,0.11833351274551605,1853560.1811223547,0.033242870129956824,0.001980993829524674,0.02570616128230512,0.06293002524178662,124.96484197742058,274.2372108212651,6000.0,23.961666515496262,2.9616665154962605,282.2756800231173,0.013958615340388298,157.3108380456967,157.3108380456967,6.56510422361325,0.0,183.58928594725054,1.0
2.7380413232999596,0.866800096432453,24833.61866448868,0.11827835189864987,1853987.1490155566,0.03324182250996752,0.0019791473901515397,0.025769746289111346,0.0629907161892304,125.1429940197105,274.30038140797404,6000.0,23.961532122103034,2.9615321221030344,282.25647080468764,0.013958035298465716,157.11347678497714,157.11347678497714,6.556904457709933,0.0,183.40222130956852,1.0
2.7398063680988867,0.8668366641079822,24835.714019273328,0.118268251318288,1854065.3631283368,0.03324163063307674,0.0019788093792919292,0.025781395985806012,0.06300183599817467,125.17564652318606,274.31195331179146,6000.0,23.96150748563921,2.961507485639208,282.25295196404267,0.013957929038031494,157.0773054408566,157.0773054408566,6.5554016388575445,0.0,183.3679215938503,1.0
2.747405956249505,0.866994014396445,24844.73131541061,0.11822480296844545,1854401.917558712,0.033240805099823675,0.0019773557311882103,0.025831531063827174,0.06304969189483906,125.31621237173587,274.36174708121723,6000.0,23.96140141286483,2.9614014128648316,282.23781043309975,0.013957471781327505,156.92159806136388,156.92159806136388,6.5489323999686,0.0,183.22021636054862,1.0
2.747696128505748,0.8670000193650811,24845.075475454418,0.11822314530701196,1854414.761505924,0.03324077359850957,0.0019773002815148045,0.025833444581898797,0.06305151846192317,125.3215788022791,274.36364736387065,6000.0,23.961397362796284,2.9613973627962853,282.23723258593276,0.01395745433039245,156.91565378365365,156.91565378365365,6.548685429643978,0.0,183.21457581495804,1.0
2.75739180091625,0.8672005362377888,24856.568976766655,0.11816781239579914,1854843.6443667943,0.03323972186239652,0.001975449811766724,0.025897349230437818,0.06311252090460107,125.50085833302751,274.42710127312705,6000.0,23.96126203871702,2.961262038717019,282.21793721340856,0.01395687158563338,156.71707888038105,156.71707888038105,6.540435083392306,0.0,183.02607322586343,1.0
2.767087473326757,0.8674008003841045,24868.05064480923,0.11811258686279758,1855271.9866745605,0.033238671743096165,0.0019736037967849115,0.025961190182594487,0.06317346572247556,125.68007559957138,274.490475206682,6000.0,23.96112672028454,2.9611267202845397,282.1986661602836,0.013956289524652202,156.51859056071223,156.51859056071223,6.532188255914101,0.0,182.83750908876823,1.0
2.7767831457372587,0.8676008119126732,24879.52047577614,0.11805746849857304,1855699.7886616017,0.03323762323878963,0.0019717622245399883,0.026024967146340908,0.06323435260967052,125.85922964197967,274.5537691989164,6000.0,23.96099140749222,2.960991407492218,282.17941941610314,0.013955708147324929,156.3201897741235,156.3201897741235,6.523944986902531,0.0,182.6488848078055,1.0
2.7864788181477604,0.8678005709332948,24890.978465946006,0.1180024570939483,1856127.0505627675,0.03323657634765524,0.0019699250830339837,0.026088679832123873,0.0632951812628131,126.0383195048664,274.61698328457663,6000.0,23.960856100333427,2.9608561003334253,282.1601969703014,0.013955127453523862,156.121877465435,156.121877465435,6.515705315857328,0.0,182.46020178266983,1.0
2.796174490558262,0.8680000775569223,24902.424611682098,0.1179475524400027,1856553.7726153736,0.03323553106786855,0.0019680923603002357,0.026152327952857095,0.06335595138102589,126.21734423739147,274.680117498774,6000.0,23.960720798801535,2.960720798801534,282.14099881220153,0.01395454744311758,155.92365457481006,155.92365457481006,6.507469282084745,0.0,182.27146140860543,1.0
2.7973587918176777,0.8680244294817167,24903.821916806068,0.1179408532847043,1856605.8586220648,0.03323540349999441,0.0019678688002235075,0.02616009796715949,0.06336337026737741,126.23920713499294,274.68782370726035,6000.0,23.96070427245535,2.9607042724553474,282.1386554709443,0.01395447664317856,155.89944833595135,155.89944833595135,6.50646352307639,0.0,182.2484033981561,1.0
2.8059258362128965,0.868200475300062,24913.924531769528,0.11789243998063463,1856982.4006716022,0.03323448140941696,0.0019662535587845215,0.026216276135801554,0.06341701110400304,126.39733029404174,274.74353370927366,6000.0,23.96058472602734,2.9605847260273386,282.12171490329814,0.013953964791405734,155.7243846092564,155.7243846092564,6.499189664603627,0.0,182.08158083545243,1.0
2.81568492843291,0.8684007768618969,24925.421585250097,0.11783739142457894,1857410.8230069228,0.03323343254523977,0.001964417747282525,0.02628020915759982,0.06347805945012211,126.577391456629,274.80691948303405,6000.0,23.96044855084062,2.9604485508406198,282.10244024974605,0.01395338236864078,155.52504879311704,155.52504879311704,6.490907232521765,0.0,181.89149416155897,1.0
2.825444020652924,0.8686008230597376,24936.906628260705,0.11778245038426505,1857838.699147607,0.033232385307973865,0.001962586376219078,0.02634407590583751,0.06353904759003046,126.75738376009623,274.87022444641923,6000.0,23.96031238133444,2.9603123813344405,282.08319016940493,0.013952800637816329,155.3258064093087,155.3258064093087,6.482628604220979,0.0,181.70135361667826,1.0
2.8352031128729376,0.8688006140114551,24948.379657440106,0.11772761664768777,1858266.029345767,0.033231339695747264,0.0019607594335182272,0.02640787609778483,0.06359997522705033,126.93730625345896,274.9334486367297,6000.0,23.96017621750205,2.960176217502049,282.06396465093206,0.013952219598783174,155.1266583974731,155.1266583974731,6.47435381899064,0.0,181.5111606052503,1.0
2.8449622050929513,0.8690001498361047,24959.840669514237,0.11767289000310108,1858692.81385605,0.03323029570668511,0.0019589369071355894,0.02647160945320623,0.06366084206702693,127.11715799040813,274.9965920916407,6000.0,23.960040059336695,2.9600400593366953,282.0447636828711,0.013951639251388304,154.92760569246298,154.92760569246298,6.466082915921133,0.0,181.32091652708016,1.0
2.8473116273858503,0.869048148377737,24962.59802010393,0.11765973097783568,1858795.477295664,0.03323004461699556,0.00195849880692525,0.02648694272854037,0.06367548615246119,127.16044516468664,275.0117813126975,6000.0,23.960007281208423,2.9600072812084233,282.04014487085345,0.013951499640738631,154.87969970616683,154.87969970616683,6.464092347235526,0.0,181.27510933733925,1.0
2.8547699672592115,0.8692004238561554,24971.346728877892,0.11761799811016861,1859121.1772826158,0.033229248144536865,0.001957109728848446,0.02653559303807586,0.06372195091146117,127.29783443605068,275.05996914975606,6000.0,23.95990322783438,2.959903227834381,282.0254916796147,0.013951056706383066,154.727657243564,154.727657243564,6.457774715209027,0.0,181.1296736338576,1.0
2.86459316145657,0.8694007549562548,24982.85872015143,0.11756312783664975,1859549.6627969353,0.03322820057355175,0.0019552841222384527,0.026599609072331918,0.06378309376812212,127.4787216274533,275.123364270951,6000.0,23.95976618675795,2.9597661867579506,282.0062141836494,0.013950473944653272,154.52749255619608,154.52749255619608,6.4494574509495886,0.0,180.93808095808487,1.0
2.8744163556539233,0.869600827937227,24994.35852647851,0.11750836542208476,1859977.5962237022,0.03322715464138618,0.0019534629535955654,0.026663556549278048,0.0638441741442598,127.65953427108471,275.18667770990425,6000.0,23.959629151402666,2.9596291514026642,281.9869615260164,0.013949891883187356,154.32742725493168,154.32742725493168,6.441144238073355,0.0,180.74644078515084,1.0
2.8842395498512765,0.8698006429253395,25005.846144877767,0.11745371065158089,1860404.9778329867,0.03322611034611638,0.0019516462107646469,0.02672743519325486,0.0639051917501359,127.84027142102482,275.24990950657326,6000.0,23.959492121761645,2.959492121761644,281.96773369456514,0.013949310521813632,154.12746227354032,154.12746227354032,6.432835115630487,0.0,180.55475452351195,1.0
2.89406274404863,0.8700002000480761,25017.32157245768,0.11739916331050737,1860831.8078974625,0.033225067685815596,0.0019498338816224035,0.026791244731124188,0.06396614629856219,128.02093213616033,275.3130597013005,6000.0,23.959355097828013,2.959355097828013,281.9485306770282,0.013948729860356533,153.92759854086788,153.92759854086788,6.424530122466521,0.0,180.36302357680034,1.0
2.8972644629540234,0.8700651869206913,25021.059176682706,0.11738140762238314,1860970.807451315,0.03322472819971133,0.0019492441325429076,0.02681202748941407,0.06398599982166832,128.07979904137378,275.3336249089167,6000.0,23.959310438218665,2.9593104382186652,281.94227710894006,0.013948540753905577,153.8624780675663,153.8624780675663,6.421824136563327,0.0,180.3005224054652,1.0
2.9039296087213238,0.8702003848740336,25028.835740704493,0.11734448140185287,1861259.9805479741,0.03322402203415534,0.001948017926475122,0.026855268103358008,0.06402730806398847,128.20231811624413,275.3764085337917,6000.0,23.95921747047262,2.9592174704726193,281.9292672567565,0.013948147321892233,153.72694914051235,153.72694914051235,6.4161924040284575,0.0,180.17039668828312,1.0
2.913817589622696,0.8704007373820586,25040.362206041387,0.11728979076773131,1861688.5118514202,0.033222975795597916,0.0019462025277909272,0.026919358000415335,0.06408853632380418,128.38401302424774,275.43981042956153,6000.0,23.959079554341606,2.9590795543416046,281.9099877007456,0.013947564244782218,153.52597467649787,153.52597467649787,6.407841099583375,0.0,179.97731516185422,1.0
2.9237055705240675,0.8706008290084829,25051.876310953412,0.11723520833154785,1862116.4851586951,0.03322193120775044,0.0019443915644133216,0.02698337705884442,0.06414969983100817,128.56562764409645,275.5031297689001,6000.0,23.958941643972544,2.9589416439725453,281.8907332488948,0.013946981876291877,153.32510560479832,153.32510560479832,6.399494096325035,0.0,179.7841926116611,1.0
2.9335935514254396,0.8708006598883082,25063.378052859767,0.11718073387546148,1862543.9007585517,0.033220888268635715,0.0019425850241067868,0.027047325010308144,0.06421079830305065,128.74716103562278,275.566366594529,6000.0,23.958803739358434,2.9588037393584345,281.87150388821306,0.013946400216226076,153.12434285259027,153.12434285259027,6.391151433034387,0.0,179.59103044940963,1.0
2.9434815323268118,0.8710002301577843,25074.86742927213,0.11712636718189606,1862970.7589424131,0.03321984697627355,0.0019407828946679242,0.02711120158901678,0.06427183145995825,128.92861226359798,275.62952094956455,6000.0,23.95866584049227,2.958665840492268,281.85229960558934,0.013945819264385654,152.92368734199135,152.92368734199135,6.3828131482821036,0.0,179.3978300817892,1.0
2.947217298522196,0.8710755617599315,25079.204997867724,0.11710585496961806,1863131.8847000946,0.03321945399505419,0.0019401031798306984,0.027135316091673824,0.06429487326655871,128.9971445571161,275.65335976463405,6000.0,23.958613742581765,2.958613742581764,281.84505058306746,0.01394559995995913,152.84790602595137,152.84790602595137,6.379664018469233,0.0,179.32482762825128,1.0
2.953407234467516,0.8712002997943548,25086.38819726438,0.11707190124825331,1863398.6852158834,0.03321880336571986,0.0019389783142451762,0.027175249800996035,0.06433303148096108,129.11067213105758,275.6928333301761,6000.0,23.958527421335386,2.958527421335386,281.833047269782,0.013945236808375255,152.72237513872443,152.72237513872443,6.374447496415123,0.0,179.20385566948275,1.0
2.9633558418118766,0.8714005678925353,25097.923043394996,0.11701741814767998,1863827.0359762404,0.033217759007927825,0.001937174004798329,0.027239373116356044,0.0643943061290822,129.29306717284192,275.75620851430546,6000.0,23.9583886885511,2.9583886885511004,281.81377583637635,0.013944653723946463,152.52070866353444,152.52070866353444,6.366067044250722,0.0,179.0093978341687,1.0
2.973304449156232,0.8716005725975724,25109.445364917,0.11696304347379473,1864254.823368521,0.033216716311091674,0.0019353741234855954,0.02730342338668767,0.06445551382126494,129.47537622101635,275.81950034722155,6000.0,23.95824996156413,2.9582499615641287,281.79452974881184,0.01394407135582292,152.3191535277955,152.3191535277955,6.357691140720165,0.0,178.81490557890749,1.0
2.9832530565005873,0.87180031405334,25120.955159674704,0.11690877700606847,1864682.0477004554,0.033215675273182185,0.001933578658007826,0.02736740035161067,0.06451665428280068,129.65759834323768,275.88270887445356,6000.0,23.958111240367344,2.9581112403673426,281.7753089932439,0.013943489703785308,152.11771065000625,152.11771065000625,6.349319824248126,0.0,178.62038031579004,1.0
2.9898063680988867,0.8719317432957492,25128.53000662611,0.11687308979719661,1864963.1599516356,0.033214990429663804,0.0019323983617934872,0.02740950286011701,0.0645568916515743,129.77758312008766,275.9242998842716,6000.0,23.958019865588867,2.9580198655888656,281.7626617972319,0.013943106951101503,151.98507867714423,151.98507867714423,6.343808024612328,0.0,178.49222596823387,1.0
2.993212917788981,0.8720000179074663,25132.465424305454,0.11685455732082302,1865109.191606741,0.03321463471734892,0.0019317855725244487,0.027431375999567003,0.06457779628944038,129.8399385937761,275.94590550258147,6000.0,23.957972368040906,2.957972368040906,281.75609185601326,0.01394290811085609,151.91615326223715,151.91615326223715,6.340943671213511,0.0,178.42560335016296,1.0
2.9971701340903687,0.8720792903574915,25137.035155103076,0.11683304494489352,1865278.7463913132,0.03321422174796855,0.001931074372667939,0.02745677405062187,0.06460207017125835,129.91236071898857,275.97099140574016,6000.0,23.957917193394493,2.9579171933944943,281.748463612896,0.013942677233558512,151.83610289390742,151.83610289390742,6.337616983490142,0.0,178.34820678658164,1.0
3.0032174566509364,0.8722003522556985,25144.014677375228,0.11680020315643544,1865537.6840684486,0.03321359116361309,0.0019299888745985087,0.027495564141823598,0.06463914418003519,130.02300719966226,276.00930165165363,6000.0,23.95783287859419,2.9578328785941896,281.73681404748606,0.013942324631130801,151.7138068478238,151.7138068478238,6.3325346502177515,0.0,178.22992219478624,1.0
3.0132370746945227,0.8724007221792656,25155.568635100604,0.1167458760713586,1865966.252621765,0.033212547712230846,0.001928193907082261,0.027559773952333173,0.06470051557164627,130.20626081511546,276.07270905860173,6000.0,23.95769318475125,2.9576931847512484,281.7175328156094,0.013941740997075387,151.51127200049393,151.51127200049393,6.324117720020257,0.0,178.03391692081397,1.0
3.0232566927381086,0.8726008256786127,25167.109878656596,0.1166916578481342,1866394.251323876,0.03321150593526064,0.0019264033689389848,0.027623908372494975,0.0647618176766946,130.38942251287185,276.1360321551472,6000.0,23.957553496752464,2.9575534967524626,281.6982772212489,0.013941158088436533,151.30885470837703,151.30885470837703,6.31570559693783,0.0,177.83788386436427,1.0
3.033276310781695,0.87280066290675,25178.63840629872,0.11663754826297575,1866821.6805020527,0.033210465830616334,0.0019246172477733257,0.027687967149222656,0.06482305022761231,130.57249136595124,276.19927098971027,6000.0,23.957413814590563,2.9574138145905637,281.67904724968065,0.013940575904970528,151.1065558837294,151.1065558837294,6.307298319140874,0.0,177.641824441714,1.0
3.043295928825281,0.8730002340178319,25190.154216370654,0.11658354709241256,1867248.5404860135,0.03320942739620948,0.0019228355312240846,0.027751950031973636,0.0648842129594072,130.75546645242423,276.26242561107347,6000.0,23.95727413825829,2.9572741382582874,281.6598428860708,0.01393999444642988,150.90437643364658,150.90437643364658,6.298895924585243,0.0,177.44574006389792,1.0
3.047122969658542,0.8730763909525615,25194.549378095908,0.1165629496543541,1867411.431536532,0.03320903120161646,0.001922156155993492,0.02777636851662865,0.0649075558742386,130.8253297188019,276.2865256040582,6000.0,23.957220789754967,2.957220789754967,281.6525144433016,0.013939772546842201,150.8271847244997,150.8271847244997,6.295687886676705,0.0,177.3708384104116,1.0
3.0533568665262374,0.8732003605263368,25201.704718282876,0.1165294320890482,1867676.5884021048,0.033208386357905274,0.0019210508865770788,0.027816120158194457,0.06494555740267681,130.9391008341241,276.32575598890645,6000.0,23.95713389177662,2.957133891776622,281.6405850775811,0.01393941131918922,150.70148424345697,150.70148424345697,6.290463831117371,0.0,177.24882336520426,1.0
3.0634433399630647,0.8734007259547935,25213.271661975188,0.11647528901063038,1868105.1473408898,0.033207344363547955,0.001919266145272299,0.027880375841569875,0.06500698635039012,131.12310454229592,276.38916197336914,6000.0,23.956993295219853,2.9569932952198523,281.6213042782606,0.013938827445097352,150.49819973596468,150.49819973596468,6.28201535482308,0.0,177.05138446089015,1.0
3.0735298133998863,0.8736008221803855,25224.82571330297,0.116421255118505,1868533.1304852627,0.033206304055405485,0.0019174858300515438,0.027944553865835192,0.06506834375129222,131.3070104463706,276.45248276812225,6000.0,23.95685270454861,2.95685270454861,281.60204938384027,0.013938244304859067,150.29503893746966,150.29503893746966,6.273571941648814,0.0,176.85392454031134,1.0
3.0836162868367083,0.8738006493650587,25236.366870938113,0.11636733018598082,1868960.538181608,0.033205265431337935,0.001915709928443082,0.028008653985724406,0.06512962934550542,131.49081762651136,276.5157184244139,6000.0,23.956712119755498,2.956712119755496,281.58282037873624,0.013937661898206492,150.0920027522249,150.0920027522249,6.265133629437157,0.0,176.65644502136522,1.0
3.0937027602735303,0.8740002076719345,25247.895133643346,0.11631351398668524,1869387.3707788235,0.03320422848920301,0.0019139384280095959,0.0280726759585384,0.065190842875751,131.67452516806253,276.57886899386403,6000.0,23.95657154083311,2.956571540833112,281.5636172472518,0.013937080224867905,149.88909207918925,149.88909207918925,6.256700455810578,0.0,176.45894731651313,1.0
3.0970758052267144,0.8740668825427304,25251.747453910353,0.11629554138699046,1869529.9807694391,0.03320388209747413,0.0019133469955882325,0.028094068242079186,0.06521129733514155,131.73593691590816,276.59996837140784,6000.0,23.956524530762803,2.956524530762802,281.55720124618097,0.013936885869479245,149.8212643302728,149.8212643302728,6.253881448366431,0.0,176.3928977598557,1.0
3.1038341941462813,0.8742003849969707,25259.461801124966,0.11625956713520494,1869815.527385715,0.0332031886159334,0.001912163449257796,0.028136904396704975,0.06525225646189618,131.8589503629181,276.64221545267577,6000.0,23.956430341183037,2.9564303411830384,281.54435454878,0.01393649669666806,149.6854041858619,149.6854041858619,6.248234902031318,0.0,176.26055237687453,1.0
3.1139882176052356,0.8744007367946182,25271.041202343124,0.11620560961432318,1870244.057169744,0.03320214812239109,0.0019103889431377288,0.028201196447968455,0.06531373351349727,132.04368405587587,276.7056171236454,6000.0,23.956288832634684,2.9562888326346837,281.52507506112744,0.013935912609181545,149.48139100525157,149.48139100525157,6.239755750549271,0.0,176.0616995259902,1.0
3.12414224106419,0.8746008166059884,25282.607532116624,0.11615176159907739,1870672.0052059572,0.03320110932683297,0.0019086188595955802,0.028265408576929097,0.06537513676335766,132.22831401171365,276.76893272408984,6000.0,23.9561473300134,2.9561473300133994,281.50582174621763,0.013935329264011165,149.27750773450398,149.27750773450398,6.2312819201726155,0.0,175.8628325217166,1.0
3.1342962645231442,0.8748006246023142,25294.160789555553,0.1160980228598116,1871099.3718606026,0.03320007222706373,0.0019068531860821358,0.02832954054639808,0.06543646595954394,132.41283931847866,276.8321623081959,6000.0,23.95600583331165,2.95600583331165,281.48659458757334,0.013934746660863874,149.07375526909468,149.07375526909468,6.222813448383891,0.0,175.66395278271722,1.0
3.144450287982098,0.8750001609560359,25305.700973863542,0.11604439316719163,1871526.1575025101,0.0331990368208856,0.0019050919100828626,0.028393592121776234,0.06549772085274469,132.5972590695315,276.8953059305327,6000.0,23.955864342521902,2.955864342521903,281.46739356860076,0.013934164799442624,148.87013449906925,148.87013449906925,6.2143503724398395,0.0,175.46506172202015,1.0
3.1470286407948875,0.8750507848504233,25308.629225193006,0.1160307926205257,1871634.4362740673,0.033198774175504285,0.001904645377986658,0.028409843543531224,0.06551326309702217,132.64407080440432,276.9113259489844,6000.0,23.955828415519232,2.9558284155192305,281.46252212368125,0.013934017168763932,148.81845131927693,148.81845131927693,6.212202255667699,0.0,175.41455682421773,1.0
3.154655229035296,0.8752004243755821,25317.285854364778,0.11599060418430994,1871954.4982557986,0.033197997926769106,0.001903326220174489,0.02845788365135193,0.06555920779829552,132.78249633721185,276.9586796341002,6000.0,23.955722148172143,2.9557221481721427,281.4481225854115,0.013933580767274018,148.66562624819966,148.66562624819966,6.205850332069537,0.0,175.26516333068085,1.0
3.164877499712301,0.8754007531553305,25328.877168291245,0.11593683381808606,1872382.9788071509,0.03319695897895181,0.0019015619595796097,0.028522202480307724,0.06562072341883914,132.96793945361514,277.02207402101607,6000.0,23.955579718324984,2.9555797183249837,281.4288453127294,0.013932996493802845,148.46090585911423,148.46090585911423,6.1973413962321295,0.0,175.06491686768916,1.0
3.1750997703893002,0.8756008071624133,25340.455230904183,0.11588317327123362,1872810.8716509186,0.0331959217408448,0.0018998021178229794,0.028586439130531202,0.06568216298919899,133.15327285573989,277.0853814556493,6000.0,23.95543729444659,2.955437294446591,281.40959448091905,0.013932412971130825,148.25632162517917,148.25632162517917,6.188838041355576,0.0,174.86466320876588,1.0
3.185322041066299,0.875800586577715,25352.020041774602,0.1158296223110708,1873238.177173993,0.03319488621019572,0.001898046682276792,0.028650593373172103,0.06574352626564461,133.33849564028458,277.14860199524117,6000.0,23.95529487652929,2.9552948765292917,281.39037007257446,0.013931830198938622,148.05187443228988,148.05187443228988,6.1803403045289524,0.0,174.66440377244444,1.0
3.1955443117432982,0.8760000915833597,25363.57160056983,0.11577618070524057,1873664.8957659174,0.0331938523847497,0.0018962956403481912,0.028714664981991513,0.0658048130070894,133.52360690939366,277.21173569742507,6000.0,23.955152464565415,2.955152464565415,281.37117207017013,0.013931248176902809,147.84756516077647,147.84756516077647,6.171848222609868,0.0,174.4641399714224,1.0
3.19698147636306,0.876028118304928,25365.19458928328,0.11576867602301286,1873724.8417463466,0.033193707174245975,0.0018960498102496377,0.028723666268858784,0.0658134232533544,133.54962299265566,277.2206048016712,6000.0,23.955132443127187,2.955132443127186,281.36847510992936,0.013931166409665331,147.8188521172737,147.8188521172737,6.170654763367149,0.0,174.4359843089082,1.0
3.2058215905487977,0.876200393722797,25375.17196119089,0.11572256152347743,1874093.3193366642,0.03319281471278969,0.001894539592168359,0.028778997845368946,0.06586635215032699,133.70960098167222,277.2751216539687,6000.0,23.955009292247464,2.9550092922474644,281.3518973610365,0.013930663778779022,147.64229637936427,147.64229637936427,6.163316180684831,0.0,174.26279553071237,1.0
3.2161078681911484,0.8764005938859635,25386.769066083056,0.11566900560143098,1874521.524791727,0.0331917778535229,0.0018927864277921117,0.02884330295230416,0.06592786723361918,133.89564323834193,277.33847533994606,6000.0,23.954866000577127,2.954866000577127,281.3326324648931,0.013930079627532071,147.43698922655116,147.43698922655116,6.154782465616759,0.0,174.06127322410674,1.0
3.2263941458334933,0.8766005167552362,25398.35275199922,0.11561555970086329,1874949.1371465845,0.033190742713988836,0.0018910376740380614,0.028907523713317455,0.06598930410134435,134.0815698739914,277.40174127579377,6000.0,23.95472271491163,2.9547227149116275,281.31339425223484,0.013929496234853872,147.23182437824343,147.23182437824343,6.146254587476095,0.0,173.85975077016153,1.0
3.2366804234758386,0.8768001625212529,25409.923018994854,0.11556222358634279,1875376.1568089884,0.033189709291879727,0.0018892933182169372,0.028971659908476343,0.06605066251857301,134.26737999604393,277.4649195218395,6000.0,23.95457943524316,2.9545794352431627,281.2941827047169,0.013928913600398165,147.02680270867296,147.02680270867296,6.137732582871393,0.0,173.65822958431096,1.0
3.2398063680988867,0.8768607789276498,25413.43650251806,0.11554603674250823,1875505.8084310198,0.03318939558035216,0.0018887640872423876,0.028991133766704324,0.06606929343429888,134.32382347670304,277.4841016879037,6000.0,23.95453589450711,2.9545358945071114,281.28834969861265,0.013928736691079342,146.9645262219096,146.9645262219096,6.135143960589496,0.0,173.5969888422799,1.0
3.246934311931233,0.8769989040419576,25421.443498329147,0.11550916444973368,1875801.2423931719,0.033188680830812646,0.001887558819587149,0.029035509770055302,0.0661117494204551,134.45248819742352,277.5278116179009,6000.0,23.954436612691303,2.9544366126913046,281.27505817107425,0.01392833355482589,146.82256997365073,146.82256997365073,6.129243294157152,0.0,173.45734560743256,1.0
3.2469910873047554,0.8770000037002015,25421.507249645856,0.1155088709660192,1875803.5944375023,0.03318867514100482,0.0018875492278448388,0.029035863069270817,0.06611208743812047,134.453512807792,277.5281596066436,6000.0,23.954435821905054,2.9544358219050557,281.2749523529693,0.013928330345232439,146.8214395451773,146.8214395451773,6.129196305717913,0.0,173.45623333082466,1.0
3.2573519535650735,0.8772005378354274,25433.13430275773,0.11545536921088996,1876232.5142209425,0.0331876376883903,0.0018858010710503424,0.0291002928065361,0.06617373156597675,134.64043217857005,277.59161897865357,6000.0,23.954291515370038,2.9542915153700378,281.25565531930454,0.013927745016893214,146.61522314073449,146.61522314073449,6.120624483786559,0.0,173.25325769908142,1.0
3.267712819825397,0.8774007914218076,25444.74774228311,0.11540197812346115,1876660.8339422042,0.03318660197114702,0.001884057337688995,0.029164636090873566,0.06623529539970958,134.8272306464972,277.6549895704988,6000.0,23.95414721489555,2.9541472148955483,281.23638528234284,0.013927160456735959,146.40915463584562,146.40915463584562,6.112058731308253,0.0,173.05028764110776,1.0
3.2780736860857145,0.8776007646589079,25456.347568658028,0.11534869746459778,1877088.5540281348,0.03318556798690843,0.0018823180149407138,0.029228892708097788,0.06629677870994694,135.01390732182537,277.71827144533216,6000.0,23.95400292047363,2.95400292047363,281.21714222288057,0.013926576664390969,146.2032349010552,146.2032349010552,6.103499084743553,0.0,172.8473245790506,1.0
3.288434552346032,0.8778004577474134,25467.933782409644,0.11529552699554614,1877515.6749079782,0.03318453573330627,0.001880583090022639,0.0292930624466261,0.06635818126995502,135.20046132034804,277.7814646666609,6000.0,23.953858632096328,2.953858632096328,281.1979261216059,0.013925993639484767,145.99746480125788,145.99746480125788,6.094945580318008,0.0,172.6443699290102,1.0
3.296887147499406,0.877963163869526,25477.375957443175,0.1152522309489601,1877863.6848594125,0.03318369488106401,0.001879170953275606,0.02934534886526829,0.0664082146996079,135.3525642051612,277.83295329885715,6000.0,23.95374092331815,2.953740923318149,281.18226920857046,0.01392551856465845,145.82970500340926,145.82970500340926,6.087972040369236,0.0,172.4788028099967,1.0
3.298808376328968,0.8780001201081601,25479.520848802542,0.115242400187023,1877942.7300646282,0.033183503920234635,0.0018788503886453785,0.02935722518723725,0.06641957949611726,135.3871248432014,277.8446481641374,6000.0,23.95371416931408,2.95371416931408,281.17871297720745,0.013925410653924773,145.79158813400605,145.79158813400605,6.086387568269996,0.0,172.44117129667694,1.0
3.3092395959214693,0.8782006043725459,25491.15826453944,0.11518909034377524,1878371.543179995,0.03318246814300844,0.0018771125204160963,0.02942165468239706,0.0664812353458216,135.57469534579454,277.9080917544343,6000.0,23.95356891335171,2.953568913351709,281.1594207425225,0.013924825217849369,145.58472539672798,145.58472539672798,6.077788488360877,0.0,172.2368597724441,1.0
3.3196708155139767,0.8784008052895734,25502.78188432238,0.11513589146621162,1878799.7502474813,0.03318143411277036,0.0018753790711955904,0.02948599548567095,0.0665428086696369,135.76213883775569,277.97144567897226,6000.0,23.953423663492096,2.9534236634920976,281.1401557738365,0.013924240558508662,145.37801693608083,145.37801693608083,6.069195743306392,0.0,172.03256105556358,1.0
3.330102035106478,0.8786007230686262,25514.391709062635,0.11508280331222874,1879227.3517149352,0.0331804018270966,0.0018736500280897106,0.029550247391686085,0.06660429924687239,135.94945443938622,278.0347100040111,6000.0,23.953278419727145,2.9532784197271456,281.1209180510008,0.013923656675506074,145.17146361161457,145.17146361161457,6.060609369114837,0.0,171.8282765663541,1.0
3.340533254698979,0.8788003579202379,25525.98773976525,0.11502982564010795,1879654.3480326636,0.03317937128356167,0.001871925378241798,0.029614410197690788,0.06666570685949426,136.13664127665876,278.0978847961746,6000.0,23.953133182048756,2.953133182048757,281.1017075537561,0.013923073568441182,144.96506627709735,144.96506627709735,6.052029401553981,0.0,171.62400771888673,1.0
3.3468399830675786,0.8789209202493088,25532.99202374106,0.11499784876350598,1879912.2171880465,0.03317874905969637,0.0018708847784398633,0.029653159805870785,0.06670279364400702,136.24975184589417,278.1360369525757,6000.0,23.95304537411637,2.9530453741163725,281.09010606097206,0.013922721397398384,144.8403542150779,144.8403542150779,6.046845065120287,0.0,171.50051469959632,1.0
3.3509925715036957,0.8790002466432817,25537.601156463377,0.11497681595507925,1880081.8873526077,0.03317833971093109,0.0018702004810716335,0.029678656169197605,0.06672719636120034,136.3242021569079,278.1611399263894,6000.0,23.952987559265672,2.952987559265673,281.0824726269271,0.013922489669406287,144.7582704700192,144.7582704700192,6.043432791498392,0.0,171.41920577890662,1.0
3.361494851543327,0.8792006706612655,25549.248325345452,0.1149236997990182,1880510.5716077497,0.03317730565837981,0.001868472916882268,0.02974307550435034,0.06678885407961242,136.51240145962237,278.2245644516087,6000.0,23.952841344455607,2.9528413444556083,281.0631861896435,0.013921904156030366,144.55078473002112,144.55078473002112,6.034807422271866,0.0,171.21358125465125,1.0
3.3719971315829635,0.8794008085332127,25560.88151525206,0.11487069490015445,1880938.6438289557,0.03317627336437395,0.0018667497670176328,0.029807403918809396,0.06685042705020097,136.70046760593505,278.28789842542255,6000.0,23.952695135790645,2.952695135790646,281.0439272876704,0.013921319427954654,144.34345968173534,144.34345968173534,6.026188654906485,0.0,171.0079768615225,1.0
3.382499411622595,0.8796006604786989,25572.50072759342,0.11481780101335662,1881366.1044858731,0.03317524282643085,0.0018650310185085173,0.029871641216277264,0.06691191506121663,136.8883997270105,278.35114191731606,6000.0,23.95254893326254,2.952548933262542,281.02469589987857,0.013920735484754605,144.13629617286807,144.13629617286807,6.017576524922915,0.0,170.8023940170321,1.0
3.393001691662226,0.8798002267184817,25584.105963876293,0.11476501789388162,1881792.9540506776,0.033174214042066066,0.001863316658423469,0.029935787203095192,0.06697331790358474,137.07619695981484,278.41429499714826,6000.0,23.952402736863057,2.9524027368630557,281.00549200502496,0.01392015232600168,143.92929504521013,143.92929504521013,6.008971067595698,0.0,170.5968341322386,1.0
3.3967928186357517,0.8798721962651771,25588.29180462308,0.114745991335553,1881946.8887528577,0.03317384310039815,0.0018626988819450076,0.029958920239504007,0.06699546222184716,137.14395495345815,278.4370698839873,6000.0,23.9523499641968,2.952349964196798,280.9985665069602,0.013919942009193415,143.85461155350202,143.85461155350202,6.005866304080028,0.0,170.5226367641361,1.0
3.403549834158086,0.8800003770888379,25595.747812996648,0.11471211552318047,1882221.053004564,0.033173182527673345,0.0018615992161056417,0.030000121207126473,0.06703490295090546,137.26467764800648,278.4776329261052,6000.0,23.952255908198342,2.952255908198342,280.98623190035283,0.013919567409807054,143.72155425234635,143.72155425234635,6.000334782794031,0.0,170.39040111318926,1.0
3.414123884332279,0.8802007302384909,25607.404109068873,0.11465919487018819,1882649.5856803795,0.03317215025014052,0.0018598819725342472,0.03006452038958808,0.06709655261226286,137.45348296540928,278.54103502491927,6000.0,23.952108725090717,2.952108725090718,280.96695228259915,0.013918981850327238,143.51346931718987,143.51346931718987,5.991684112841982,0.0,170.1834871575279,1.0
3.424697934506478,0.8804007944453035,25619.04624260268,0.11460638575889119,1883077.5003402128,0.03317111974264002,0.0018581691383271661,0.030128826434047486,0.06715811531501467,137.6421489457123,278.6043456872746,6000.0,23.951961548170637,2.951961548170635,280.94770046928755,0.013918397084720119,143.30555152357525,143.30555152357525,5.983040313227306,0.0,169.9766007441155,1.0
3.4352719846806714,0.8806005699394328,25630.67421553196,0.11455368794106942,1883504.7974763443,0.033170091002628625,0.001856460700439132,0.030193039153548807,0.06721959085661657,137.83067473178318,278.66756498600466,6000.0,23.9518143774297,2.9518143774296997,280.9284764382702,0.01391781311253196,143.09780170648702,143.09780170648702,5.974403418946462,0.0,169.76974328663425,1.0
3.4458460348548647,0.8808000569522496,25642.288029889984,0.11450110116889432,1883931.4775836493,0.0331690640275612,0.0018547566458628965,0.03025715836379148,0.06728097903721558,138.01905947242176,278.7306929943272,6000.0,23.951667212859526,2.951667212859525,280.9092801672829,0.013917229933304959,142.8902206948611,142.8902206948611,5.965773464744204,0.0,169.56291619210643,1.0
3.4467456542039243,0.880817015605832,25643.27545686083,0.11449663230767843,1883967.750221292,0.033168976735931326,0.001854611870167183,0.030262609177768726,0.06728619778386724,138.0350803373221,278.7360595894222,6000.0,23.951654692672495,2.9516546926724945,280.90764826701445,0.013917180354152509,142.87256792969234,142.87256792969234,5.965039566698546,0.0,169.5453211969987,1.0
3.456481807497057,0.8810004176265204,25653.9553553648,0.11444831920882237,1884360.0263537695,0.03316803283572471,0.0018530470530972207,0.030321557335200408,0.06734263722402234,138.20840070860777,278.7940974743196,6000.0,23.951519195482,2.9515191954819993,280.889999825449,0.013916644149415743,142.68159911684126,142.68159911684126,5.957100171907068,0.0,169.35491385854957,1.0
3.4671233196734383,0.8812005948026865,25665.61464553638,0.11439562069984859,1884788.1826422447,0.033167002869290425,0.0018513409496790363,0.030385896012174632,0.0674042398311441,138.39769959851668,278.85744388602114,6000.0,23.95137110445878,2.9513711044587794,280.87073714130275,0.013916058851364129,142.47303754278607,142.47303754278607,5.948429295401103,0.0,169.14683285854775,1.0
3.477764831849826,0.8814004805180952,25677.25960271014,0.11434303390428559,1885215.7155291978,0.03316597468261634,0.0018496392462306593,0.03045013943679435,0.06746575336564135,138.58685307695904,278.92069806446466,6000.0,23.951223019659746,2.9512230196597473,280.85150250389296,0.013915474355002259,142.26464942693391,142.26464942693391,5.939765552270948,0.0,168.938786861841,1.0
3.488406344026208,0.8816000750135439,25688.8902293657,0.11429055857111765,1885642.6255296688,0.03316494827310056,0.001847941929648282,0.030514287431962002,0.06752717763471085,138.77586030055724,278.98386008585095,6000.0,23.95107494107637,2.9510749410763726,280.83229589004816,0.013914890659846718,142.05643558949092,142.05643558949092,5.931108976902848,0.0,168.73077727523656,1.0
3.4898063680988867,0.8816263125023864,25690.419317258464,0.11428366306798275,1885698.7445441186,0.03316481336823255,0.0018477189522627237,0.03052271979073697,0.06753525211123225,138.80071563474573,278.99216298432356,6000.0,23.951055459948197,2.9510554599481957,280.8297711044056,0.013914813927058386,142.02905546965988,142.02905546965988,5.9299706314473655,0.0,168.7034137958442,1.0
3.496698489772097,0.8817554025644181,25697.943186663593,0.1142497455194272,1885974.8535536318,0.03316414969812481,0.0018466223686240647,0.030564206969515284,0.06757497903626417,138.923037769112,279.0330137564877,6000.0,23.950959558658777,2.9509595586587785,280.81734900345,0.01391443638434532,141.89431123433798,141.89431123433798,5.924368536752015,0.0,168.5687168823225,1.0
3.499088851905131,0.8818001457712968,25700.551251343597,0.11423799293540601,1886070.5542012213,0.03316391969423425,0.0018462424733656755,0.0305785863954186,0.06758874856301852,138.96544771664267,279.0471728212626,6000.0,23.950926298273355,2.950926298273356,280.81304344635146,0.013914305521398386,141.8475957297088,141.8475957297088,5.922426296302983,0.0,168.522004377198,1.0
3.5098085809740436,0.8820006191252103,25712.238392483257,0.11418535654708879,1886499.343980324,0.03316288932644612,0.0018445415130284128,0.03064301237498486,0.0676504432144594,139.15554586298654,279.1106129589217,6000.0,23.950777143831555,2.950777143831556,280.7937522615614,0.01391371915477236,141.63820639857485,141.63820639857485,5.913720692568563,0.0,168.31254377087694,1.0
3.5205283100429567,0.882200797703489,25723.910999733976,0.11413283250172226,1886927.5032677588,0.03316186075408666,0.0018428449644951005,0.03070734099149945,0.06771204671008121,139.3454930543967,279.1739598143242,6000.0,23.950627995671095,2.950627995671096,280.7744894424923,0.013913133599677817,141.4289963880956,141.4289963880956,5.905022465951953,0.0,168.10312437094748,1.0
3.5312480391118757,0.882400681756849,25735.569076018157,0.11408042054446083,1887355.032599779,0.03316083397449092,0.0018411528145311172,0.030771572074628016,0.06777355886365005,139.53528845304388,279.2372134668096,6000.0,23.95047885378328,2.9504788537832796,280.75525496501854,0.013912548855604941,141.21996651197466,141.21996651197466,5.896331650574376,0.0,167.89374758786568,1.0
3.541967768180789,0.8826002715370846,25747.21262435157,0.11402812042091058,1887781.9325149436,0.03315980898499291,0.0018394650499422129,0.030835705456668534,0.06783497949160366,139.72493122710785,279.30037399605857,6000.0,23.950329718159416,2.950329718159415,280.73604880491007,0.01391196492204014,141.01111757780222,141.01111757780222,5.887648280302629,0.0,167.68441482522323,1.0
3.54665132534027,0.8826873820061939,25752.295247877217,0.11400530501216809,1887968.2519338476,0.03315936171803167,0.001838729021878052,0.030863695264023883,0.06786178600393361,139.80773993772482,279.32794025383777,6000.0,23.950264561273414,2.9502645612734146,280.72766632352824,0.013911710049895137,140.91992638580342,140.91992638580342,5.883856774328293,0.0,167.59296941582622,1.0
3.552729117333326,0.8828003405038668,25758.886770022727,0.11397572946864495,1888209.857355812,0.03315878181375342,0.0018377751301915774,0.030899989403887072,0.06789654634783207,139.91515595595254,279.3636861647144,6000.0,23.95018000979799,2.9501800097979896,280.7167965335553,0.013911379536026669,140.80164057760274,140.80164057760274,5.878938718623449,0.0,167.47431499758937,1.0
3.5635227601387873,0.8830007124715586,25770.581248005445,0.11392329399344185,1888638.43028128,0.033157753366823306,0.0018360845519246164,0.030964367023066763,0.06795820494181469,140.10579535373125,279.4270942185293,6000.0,23.95002985850136,2.95002985850136,280.6975151049761,0.013910793212773337,140.59171975124485,140.59171975124485,5.870210625284047,0.0,167.2636320735274,1.0
3.5743164029442487,0.8832007868692278,25782.26100678014,0.11387097112570584,1889066.3667382004,0.033156726726618214,0.001834398379687355,0.031028645093287305,0.06801977019959288,140.29627751256874,279.4904081057987,6000.0,23.949879713528865,2.949879713528867,280.6782623110169,0.013910207709653163,140.38198479844817,140.38198479844817,5.8614901818963565,0.0,167.05299802137785,1.0
3.5851100457497163,0.8834005639583296,25793.926049808142,0.11381876060757826,1889493.6672857972,0.03315570189041258,0.001832716600174443,0.031092823454018544,0.06808124194460557,140.4866016078602,279.55362790926057,6000.0,23.94972957487166,2.9497295748716605,280.65903812651834,0.01390962302612657,140.17243651865815,140.17243651865815,5.852777421993471,0.0,166.8424142458112,1.0
3.5959036885551776,0.883600044001427,25805.576380646842,0.11376666218165597,1889920.3324856625,0.03315467885547981,0.0018310392001211608,0.031156901947374877,0.06814262000297586,140.67676682113495,279.61675371200346,6000.0,23.9495794425209,2.9495794425208985,280.63984252621435,0.013909039161650117,139.9630757050794,139.9630757050794,5.844072378848716,0.0,166.6318821444289,1.0
3.5966041609084427,0.8836129793502693,25806.33194098925,0.11376328503020275,1889947.9997305328,0.03315461252601278,0.001830930493320841,0.031161056978883574,0.0681465999982172,140.68910241630488,279.6208471253933,6000.0,23.949569699636765,2.9495696996367657,280.6385977812147,0.013909001299030973,139.9494953649098,139.9494953649098,5.84350771726109,0.0,166.61822111366465,1.0
3.6067671212530983,0.8838005141828023,25817.287189090195,0.11371433981770661,1890349.1154790658,0.0331536510217945,0.0018293553629241154,0.03122129376642507,0.06820430015114369,140.86800036263875,279.6801928457074,6000.0,23.949428345798218,2.9494283457982187,280.62055164671176,0.013908452348460677,139.752551284073,139.752551284073,5.835318875516783,0.0,166.42004236112535,1.0
3.617635397413283,0.8840007731802801,25828.988313302278,0.11366210722603245,1890777.4467740515,0.03315262455016246,0.0018276751873749137,0.03128561275080527,0.06826591248834266,141.0591564686655,279.74356514990376,6000.0,23.94927718808362,2.9492771880836193,280.60128108905013,0.01390786610275446,139.54212462038464,139.54212462038464,5.826569358419563,0.0,166.20816332972788,1.0
3.6285036735734675,0.8842007318186387,25840.67453262262,0.11360998749841873,1891205.1356349287,0.03315159989646279,0.00182599941177991,0.031349830015678,0.0683274293239207,141.25014902481678,279.8068424049402,6000.0,23.949126036735997,2.9491260367359975,280.582039434398,0.01390728068578045,139.3318904095812,139.3318904095812,5.817827765232748,0.0,165.99634091617068,1.0
3.639371949733658,0.8844003903704687,25852.34585107708,0.1135579803739355,1891632.182644738,0.03315057705790764,0.0018243280227621646,0.03141394541058034,0.06838885049125015,141.44097722059215,279.8700246970785,6000.0,23.94897489174635,2.9489748917463507,280.56282665652463,0.013906696096968122,139.1218494359325,139.1218494359325,5.809094128863057,0.0,165.78457651823587,1.0
3.6465569964766154,0.8845322205405358,25860.053611492393,0.11352366002459728,1891914.1524347311,0.033149901851875184,0.0018232254650489802,0.031456276264597384,0.06842940358152155,141.56704361764776,279.9117425811435,6000.0,23.948874972871852,2.9488749728718515,280.5501408799761,0.013906310078171485,138.98309726232833,138.98309726232833,5.803324683091033,0.0,165.64461103518263,1.0
3.6502657636855425,0.884600217200938,25864.02964499172,0.11350596378415759,1892059.5895834812,0.033149553634678225,0.0018226570950457713,0.0314781090832357,0.0684503198129597,141.6320880681243,279.9332602412817,6000.0,23.948823397974298,2.948823397974299,280.54359768550506,0.013906110965020969,138.91150961738077,138.91150961738077,5.800347988249417,0.0,165.57237414250724,1.0
3.661209395394153,0.8848006548321465,25875.75180390292,0.11345382270347605,1892488.3029557678,0.0331485273618608,0.0018209829366252087,0.031542462829056366,0.06851197312754237,141.82390497951624,279.9966890744294,6000.0,23.948671217829965,2.948671217829964,280.52430993824555,0.013905523993852704,138.7004049587293,138.7004049587293,5.791569966331402,0.0,165.3592628589475,1.0
3.672153027102764,0.8850007890397646,25887.45886748893,0.11340179499947649,1892916.3673393894,0.03314750292093299,0.0018193131852559823,0.03160671284448345,0.06857352895067242,142.0155528087275,280.06002188866,6000.0,23.948519044104643,2.9485190441046423,280.5050513888843,0.013904937860605128,138.48949858015678,138.48949858015678,5.782800110733714,0.0,165.14621461863425,1.0
3.6830966588113747,0.8852006201067578,25899.150840265036,0.11334988040763364,1893343.783339577,0.033146480309044046,0.0018176478274473855,0.031670858986707184,0.06863498712319863,142.2070307538696,280.12325877351844,6000.0,23.94836687678917,2.948366876789168,280.4858220101917,0.013904352564679544,138.27879125632214,138.27879125632214,5.774038453968331,0.0,164.93323081880328,1.0
3.6940402905199856,0.8854001483172625,25910.82772684824,0.11329807866388668,1893770.5515640664,0.03314545952334205,0.0018159868497500203,0.03173490111559705,0.06869634748868912,142.39833801945022,280.1863998189202,6000.0,23.94821471587438,2.9482147158743794,280.4666217748261,0.01390376810547322,138.06828375537586,138.06828375537586,5.765285028276264,0.0,164.7203128492042,1.0
3.6965098320447884,0.8854451320291208,25913.460648967324,0.11328640465370934,1893866.7666245438,0.03314522942494502,0.001815612637635912,0.03174933847342939,0.06871018053601033,142.44148476026754,280.2006349919095,6000.0,23.94818038010441,2.9481803801044126,280.4622930743725,0.013903636331972457,138.02080831410495,138.02080831410495,5.763310870531501,0.0,164.67227499489644,1.0
3.705038894221886,0.8856003739424988,25922.54807341461,0.11324613014366784,1894198.8114796102,0.03314443544712519,0.0018143219282759106,0.03179916000347705,0.06875791737887815,142.5904334945471,280.2497615624133,6000.0,23.94806179706544,2.948061797065439,280.4473544285142,0.013903181552836383,137.85692093396707,137.85692093396707,5.756495957884152,0.0,164.50639307327472,1.0
3.7160535180058387,0.8858005852125524,25934.270229561243,0.11319421965666916,1894627.0406910458,0.03314341172210235,0.001812658988468633,0.031863406921095884,0.06881947763166688,142.78263439655152,280.3131187631842,6000.0,23.947908661982396,2.9479086619823973,280.4280884635754,0.013902594991610513,137.6454540670239,137.6454540670239,5.747702482494339,0.0,164.29223114834164,1.0
3.7270681417897915,0.8860004905580545,25945.977117857583,0.11314242268387349,1895054.615564544,0.03314238983832906,0.0018110004450058903,0.031927548060289745,0.0688809383436247,142.97466000961964,280.37637915360455,6000.0,23.947755533355448,2.947755533355447,280.40885193719754,0.013902009276131147,137.4341919275779,137.4341919275779,5.738917442018887,0.0,164.0781401043906,1.0
3.7380827655737443,0.8862000902734992,25957.668743427625,0.11309073895793026,1895481.5367299947,0.03314136979289277,0.0018093462843421257,0.031991583289019285,0.06894229936625418,143.1665095487557,280.4395428268676,6000.0,23.94760241117527,2.9476024111752723,280.3896448210421,0.013901424405767103,137.2231352722864,137.2231352722864,5.730140868225311,0.0,163.86412132773742,1.0
3.7398063680988867,0.8862312966209096,25959.496904584383,0.11308266155781999,1895548.2835696696,0.0331412103391686,0.0018090878318448365,0.03200159412864909,0.06895189229966253,143.196514777466,280.44941812918034,6000.0,23.947578450723874,2.9475784507238747,280.38664189121243,0.013901332959865795,137.19012711374643,137.19012711374643,5.728768250870873,0.0,163.83063763401964,1.0
3.746462667612961,0.8863517407760483,25966.553487106376,0.11305149377954563,1895805.8999644069,0.033140594974057115,0.001808090729774365,0.0320402301336821,0.06898891583751358,143.31234984898214,280.48753288923734,6000.0,23.947485920462913,2.9474859204629125,280.37505177009007,0.013900980003326964,137.06270192110793,137.06270192110793,5.72346936026337,0.0,163.70134555912716,1.0
3.749140214579147,0.8864001589215608,25969.390479796526,0.1130389679235028,1895909.4608891562,0.03314034762762711,0.0018076900870447807,0.03205576082940419,0.06900379854407608,143.35892711842615,280.50285489466376,6000.0,23.94744870012605,2.9474487001260505,280.37039258035713,0.013900838110820253,137.01146546193098,137.01146546193098,5.721338718692393,0.0,163.64934451750537,1.0
3.7602367335321247,0.8866006254384223,25981.1381806305,0.11298712815698744,1896338.2360445801,0.03313932370726402,0.001806032450815971,0.03212005756945623,0.06906541372753623,143.55184460460268,280.566292868726,6000.0,23.94729445247295,2.94729445247295,280.35110205348406,0.013900250599212323,136.79925744888138,136.79925744888138,5.712514109699546,0.0,163.43388483515702,1.0
3.771333252485103,0.8868007826685741,25992.870407095106,0.1129354025139619,1896766.3496707913,0.033138301643779296,0.0018043792216758535,0.032184246430363744,0.0691269272958189,143.7445810272725,280.629632968477,6000.0,23.947140211334432,2.947140211334433,280.33184128870636,0.013899663943385824,136.58726026143387,136.58726026143387,5.703698189263772,0.0,163.2185026911391,1.0
3.782429771438081,0.887000630917475,26004.58716482407,0.11288379072312205,1897193.802421132,0.03313728143419287,0.0018027303859483711,0.032248327287869735,0.06918833910801098,143.93713560989423,280.6928752905797,6000.0,23.946985976701008,2.946985976701008,280.31261025663025,0.013899078142679972,136.37547464673602,136.37547464673602,5.694890988762479,0.0,163.00319947200651,1.0
3.7935262903910587,0.8872001704916023,26016.288459545918,0.11283229251369259,1897620.5949511218,0.03313626307552454,0.00180108593000122,0.032312300020357496,0.06924964902588326,144.12950758237534,280.75601993201934,6000.0,23.946831748563188,2.9468317485631883,280.2934089277639,0.013898493196430321,136.16390134538855,136.16390134538855,5.686092539300461,0.0,162.78797655663726,1.0
3.7964155031811337,0.8872520742189928,26019.332601980197,0.11281890247176873,1897731.6111403957,0.03313599822769708,0.0018006584781682467,0.0323289389146125,0.06926559562047782,144.17956562587804,280.77244495582624,6000.0,23.94679159307871,2.9467915930787107,280.28841432685147,0.013898341033453263,136.10884870097343,136.10884870097343,5.683803117086995,0.0,162.7319520766074,1.0
3.8046801577136544,0.8874004305529042,26028.034650996182,0.11278064234489726,1898048.9285215065,0.03313524131611836,0.0017994373753485995,0.03237649428813094,0.06931117297959791,144.32268896113317,280.8193925728647,6000.0,23.946676729889155,2.946676729889155,280.2741382677324,0.013897906087513335,135.95144930659922,135.95144930659922,5.677257468336339,0.0,162.571723650581,1.0
3.8158542133464883,0.8876007409865951,26039.786449091083,0.11272901321175663,1898477.3698327215,0.033134219576468074,0.0017977902464606553,0.03244069496502069,0.06937270478794942,144.5160334459233,280.88278115413914,6000.0,23.946521437195454,2.946521437195454,280.2548627604578,0.01389731878023405,135.73882931453448,135.73882931453448,5.668415334166039,0.0,162.35516346533487,1.0
3.8270282689793165,0.8878007393590637,26051.52258540705,0.11267749842903216,1898905.143680356,0.03313319970458906,0.001796147517401829,0.03250478564514761,0.06943413286713851,144.70919044691303,280.946070983103,6000.0,23.946366151059525,2.946366151059526,280.23561728226485,0.01389673233734182,135.52642683535183,135.52642683535183,5.659582167098675,0.0,162.13868887463187,1.0
3.8382023246121446,0.8880004259874289,26063.243066182145,0.11262609772238012,1899332.2507426916,0.03313218169743749,0.0017945091744294877,0.03256876621501573,0.0694954570868827,144.90215920406837,281.00926216010924,6000.0,23.946210871471717,2.9462108714717177,280.21640180263773,0.0138961467581432,135.31424259856936,135.31424259856936,5.6507579977830975,0.0,161.9223012550019,1.0
3.846368338749307,0.8881461602556044,26071.79851102916,0.11258860600842079,1899643.9598224214,0.03313143891407828,0.0017933146373221793,0.03261545359564713,0.06954020714704759,145.04306153224437,281.0553800199356,6000.0,23.94609739708621,2.9460973970862083,280.20237806011664,0.013895719361946083,135.15931652787228,135.15931652787228,5.644314991565959,0.0,161.7642206978724,1.0
3.8493974501091057,0.8882001768389288,26074.96995367235,0.11257471421842827,1899759.495171032,0.03313116363767615,0.0017928721269420403,0.03263275689389375,0.06955679265851195,145.0953022915613,281.0724736606369,6000.0,23.94605530564479,2.946055305644789,280.1971801429357,0.013895560940211448,135.10187785137438,135.10187785137438,5.641926243255894,0.0,161.7055942042184,1.0
3.8606497745538357,0.8884006335946892,26086.74093468853,0.11252318301353156,1900188.249448567,0.03313014225633662,0.0017912311240576065,0.032696962922220955,0.06961833630261519,145.2892402744275,281.1359085457819,6000.0,23.9458989515934,2.9458989515934006,280.17789055535553,0.013894973001368842,134.88865028092803,134.88865028092803,5.633058527207738,0.0,161.487870673279,1.0
3.8719020989985595,0.8886007751978116,26098.496059706675,0.11247176665457542,1900616.3296503338,0.03312912275665048,0.0017895945272566197,0.03276105696218071,0.06967977424608782,145.48298508822188,281.19924370033254,6000.0,23.945742604152777,2.945742604152776,280.1586312943383,0.013894385936222898,134.67564620611643,134.67564620611643,5.624200027221557,0.0,161.27023948790784,1.0
3.8831544234432833,0.8888006019764133,26110.235335496258,0.11242046486358112,1901043.7364781378,0.033128105135508644,0.001787962322684712,0.03282503890863178,0.06974110636682514,145.67653598365447,281.2624792281221,6000.0,23.94558626331309,2.9455862633130887,280.1394023283098,0.013893799744050092,134.46286634465534,134.46286634465534,5.615350773460293,0.0,161.05270202148495,1.0
3.8944067478880067,0.8890001142596872,26121.958768926972,0.1123692773631092,1901470.4706360863,0.03312708938980175,0.0017863344965319604,0.03288890865909702,0.06980233254543074,145.86989221813366,281.3256152333243,6000.0,23.94542992906452,2.94542992906452,280.1202036255925,0.013893214424123048,134.25031140745887,134.25031140745887,5.6065107958036,0.0,160.83525963929807,1.0
3.8963211743174795,0.8890340272170231,26123.95177152817,0.11236057987883959,1901543.0066075802,0.03312691676126282,0.0017860579794042489,0.03289976403304937,0.06981273877371644,145.90276966102903,281.33634704700336,6000.0,23.94540333162288,2.9454033316228805,280.1169402436319,0.013893114926853906,134.2141705826029,134.2141705826029,5.605007722102404,0.0,160.79827440629938,1.0
3.9057246345034526,0.8892004720946988,26133.73453542363,0.11231790662785214,1901899.0133333527,0.03312606961452196,0.0017847015886243863,0.032953037270159524,0.06986380847330587,146.06417794200445,281.3890188148282,6000.0,23.945272690566394,2.945272690566393,280.10092355697543,0.013892626572948064,134.03674561497098,134.03674561497098,5.597628698869519,0.0,160.61664760796168,1.0
3.9170559624685684,0.8894007498134677,26145.508245259607,0.1122665901535035,1902327.384671058,0.03312505052254812,0.0017830711509820845,0.03301712813186312,0.06992524980539333,146.2584956270999,281.45239704340935,6000.0,23.945115271988758,2.945115271988759,280.08165119779807,0.013892038906150766,133.82315557069816,133.82315557069816,5.588745514507749,0.0,160.39787506679733,1.0
3.9283872904336903,0.8896007096175917,26157.26591109836,0.11221538873581947,1902755.0760253754,0.03312403332293525,0.0017814451115342243,0.0330811049196692,0.06998658335413868,146.45261368027644,281.5156746673543,6000.0,23.944957860065173,2.944957860065173,280.06240943096645,0.013891452121644379,133.60979575069,133.60979575069,5.5798718265243314,0.0,160.17920307152392,1.0
3.939718618398806,0.88980035184766,26169.00754036647,0.11216430209366435,1903182.0881247865,0.03312301801250697,0.0017798234563581913,0.03314496753971077,0.07004780900857593,146.64653137052593,281.57885179444304,6000.0,23.944800454785643,2.944800454785641,280.0431982237064,0.01389086621867024,133.39666685318045,133.39666685318045,5.571007664276426,0.0,159.96063298323054,1.0
3.9462740098856526,0.8899157038523116,26175.79297968233,0.11213479978375207,1903428.8129868594,0.03312243149722634,0.0017788872940218226,0.03318186113037904,0.0700831799216272,146.75862471890744,281.6153551347199,6000.0,23.94470939582933,2.9447093958293302,280.03209811092734,0.013890527664724461,133.2734733920199,133.2734733920199,5.565883936567355,0.0,159.8342330393201,1.0
3.9510813878478817,0.8900002294793028,26180.765653787606,0.11211318867103943,1903609.6037214813,0.03312200177871866,0.0017782016900993037,0.03320889262684567,0.07010909609566363,146.8407852063556,281.64210341476496,6000.0,23.94464261940915,2.944642619409151,280.0239643641827,0.013890279574406096,133.18317915782708,133.18317915782708,5.562128500922828,0.0,159.74156011105921,1.0
3.9624873134899303,0.8902005457863009,26192.552222623173,0.11206199662144578,1904038.0575950346,0.03312098358932013,0.0017765781700190887,0.03327294486447463,0.07017050662381386,147.0355727385736,281.70549385465756,6000.0,23.94448419126728,2.9444841912672777,280.0046882917305,0.013889691591984516,132.96911555315688,132.96911555315688,5.553225306129236,0.0,159.52176098354875,1.0
3.9738932391319857,0.8904005413693604,26204.322566320374,0.11201092000965847,1904465.8254764392,0.033119967304375234,0.0017749590499475131,0.033336881156226586,0.07023180751054933,147.23015507377255,281.7687828009082,6000.0,23.944325769826804,2.9443257698268055,279.98544308195727,0.013889104500402658,132.75528800818472,132.75528800818472,5.544331850658119,0.0,159.30206920857222,1.0
3.9852991647740343,0.8906002165803703,26216.076692875355,0.1119599585511614,1904892.9081183458,0.03311895292064318,0.001773344315866797,0.0334007014171977,0.07029299865370767,147.42453149422275,281.83197036487263,6000.0,23.944167355077575,2.9441673550775755,279.96622870100146,0.013888518298870516,132.5416972067787,132.5416972067787,5.535448163273552,0.0,159.0824861403232,1.0
3.9898063680988867,0.8906790326619041,26220.717023808993,0.11193985213305258,1905061.4867824467,0.033118552596783014,0.0017727074381632452,0.03342588883966123,0.0703171488746075,147.50128500497055,281.85691184943727,6000.0,23.944104757223258,2.944104757223258,279.9586443733907,0.01388828689870832,132.45735936842016,132.45735936842016,5.531940354899321,0.0,158.99574523075697,1.0
3.9962268454538252,0.8907912193281655,26227.322770614563,0.1119112416315104,1905301.4413445145,0.033117982849844414,0.001771801387878909,0.03346173681412965,0.07035152105185297,147.61056400245064,281.89241351293623,6000.0,23.94401558884929,2.9440155888492914,279.9478488553451,0.013887957510605477,132.33728485289447,132.33728485289447,5.52694615328115,0.0,158.8722132944953,1.0
3.9967313630438883,0.8908000306014427,26227.84162900965,0.11190899497344557,1905320.2876592411,0.033117938104893906,0.0017717302495041934,0.033464552168313115,0.07035422052271122,147.61914830416723,281.89520185552016,6000.0,23.944008582136963,2.9440085821369633,279.9470009626067,0.013887931639401378,132.32785265843947,132.32785265843947,5.5265538435013974,0.0,158.8625077145842,1.0
4.00822291174474,0.8910005583153544,26239.65124040159,0.1118578828292037,1905749.1937082182,0.03311691993902666,0.001770112215992612,0.03352861676164766,0.07041564891666693,147.8145655551922,281.9586591954942,6000.0,23.94384899167818,2.943848991678182,279.92770454685325,0.013887342833800479,132.11313899166106,132.11313899166106,5.517623295969571,0.0,158.64150005123093,1.0
4.019714460445591,0.8912007619089101,26251.444415199585,0.11180688670830746,1906177.4065004943,0.03311590369313215,0.0017684985920359817,0.033592563331830416,0.07047696561699855,148.0097716357256,282.02201396702407,6000.0,23.94368940798051,2.94368940798051,279.9084393206098,0.0138867549292306,131.89866768488417,131.89866768488417,5.508702749916306,0.0,158.42060682058406,1.0
4.031206009146443,0.8914006417460715,26263.221161981743,0.11175600632216388,1906604.9268145438,0.03311488936389749,0.0017668893634865683,0.033656391802756695,0.07053817053014075,148.20476583957355,282.08526628528614,6000.0,23.943529831033597,2.9435298310335973,279.88920524885305,0.013886167924868758,131.6844394092795,131.6844394092795,5.499792233582918,0.0,158.19982937333197,1.0
4.042697557847301,0.891600198191737,26274.98148942141,0.11170524138279356,1907031.7554308416,0.03311387694801062,0.0017652845162440367,0.03372010210094784,0.0705992635652025,148.39954746739835,282.1484162657531,6000.0,23.943370260827106,2.943370260827104,279.8700022964694,0.013885581819888441,131.47045482907106,131.47045482907106,5.49089177492131,0.0,157.9791690516841,1.0
4.046179681021998,0.8916606032009322,26278.54181671894,0.11168988154131772,1907160.9548982217,0.03311357054701973,0.0017647990846594947,0.033739384000804215,0.07061775363248343,148.45852734671774,282.16753153480926,6000.0,23.94332190982978,2.9433219098297796,279.8641896327319,0.013885404398126812,131.40566228601415,131.40566228601415,5.488196783256979,0.0,157.91232876761202,1.0
4.054245717125287,0.8918004122922198,26286.783219494275,0.11165434237244795,1907459.9906962442,0.03311286146884871,0.0017636761626309441,0.03378400713495155,0.0706605447664312,148.59507379572383,282.2117743622182,6000.0,23.943209911313108,2.9432099113131094,279.8507360591635,0.01388499373279216,131.2556622634397,131.2556622634397,5.481957630143054,0.0,157.7575410340098,1.0
4.065818488031401,0.892000726206259,26298.593484964702,0.1116034512619934,1907888.4394515296,0.033111845757180326,0.0017620687914959802,0.03384792850139181,0.07072184305006812,148.79080007049743,282.2751640448548,6000.0,23.943049226867366,2.9430492268673665,279.83146021698144,0.01388440530183498,131.04066014648402,131.04066014648402,5.473014690185681,0.0,157.5355620412744,1.0
4.0773912589375145,0.8922007132615917,26310.38712524698,0.11155267636007105,1908316.1890930932,0.033110831975889675,0.0017604658210365455,0.03391172981018989,0.0707830276071161,148.98630865922152,282.3384502924916,6000.0,23.942888549226137,2.942888549226135,279.8122158278158,0.013883817780471602,130.82590716859428,130.82590716859428,5.464082034196443,0.0,157.31370588387156,1.0
4.088964029843635,0.8924003738347503,26322.164149590164,0.11150201737504181,1908743.2404262952,0.0331098201215971,0.0017588672370433503,0.033975410996914875,0.07084409835555533,149.18159887557104,282.4016332242829,6000.0,23.942727878378896,2.942727878378895,279.79300285543366,0.01388323116784346,130.61140397986262,130.61140397986262,5.455159689544364,0.0,157.09197389797743,1.0
4.0961325165901705,0.8925238853996972,26329.45082665549,0.11147069584361764,1909007.4176629023,0.03310919431675207,0.0017578792248238047,0.03401479656785667,0.07088187010943255,149.3024570838149,282.4407186714496,6000.0,23.942628357921222,2.9426283579212242,279.78111756306646,0.0138828682595503,130.47866047925157,130.47866047925157,5.449638131984109,0.0,156.9546899804651,1.0
4.100567995122369,0.8926002451683992,26333.95624508196,0.11145133793238984,1909170.7425522946,0.033108807471254824,0.0017572687340573704,0.034039143165802456,0.07090521937111466,149.37719555734972,282.46488285159376,6000.0,23.942566781254744,2.942566781254744,279.7737696019543,0.013882643885548879,130.3965740446046,130.3965740446046,5.4462236750111295,0.0,156.8697702421923,1.0
4.112222732885027,0.8928006613921456,26345.783139829957,0.11140055346376518,1909599.4101364464,0.033107792333401276,0.0017556676473709553,0.03410303250412117,0.0709664924848934,149.5734256961099,282.52830491031324,6000.0,23.94240498611363,2.9424049861136283,279.75448391469587,0.013882054951527882,130.18105821858597,130.18105821858597,5.437259051214353,0.0,156.64672269305512,1.0
4.123877470647686,0.8930007476478533,26357.593211265088,0.11134988567339123,1910027.3719563673,0.03310677913962731,0.0017540709664230843,0.03416679983207641,0.07102764993812681,149.76943230570276,282.5916225500793,6000.0,23.94224319783103,2.9422431978310297,279.7352299796593,0.013881466936517378,129.96579767395656,129.96579767395656,5.428304967085556,0.0,156.4238051062659,1.0
4.1355322084103445,0.8932005043240612,26369.38646923544,0.11129933426590538,1910454.628843098,0.03310576788648403,0.001752478676894297,0.03423044509452141,0.07108869165789974,149.96521471355774,282.6548358938458,6000.0,23.942081416396242,2.9420814163962428,279.7160077594562,0.013880879839625604,129.75079304589846,129.75079304589846,5.41936144937847,0.0,156.20101881106248,1.0
4.146085352158344,0.8933810962024699,26380.050543929887,0.11125366108218315,1910840.8943997864,0.03310485388724275,0.0017510406654614864,0.03428796932276252,0.07114386387546676,150.14229799402247,282.7119845043854,6000.0,23.941934932277483,2.941934932277485,279.69862973275116,0.013880349025839999,129.5563317387287,129.5563317387287,5.411272401549569,0.0,155.99940441801124,1.0
4.147194764224427,0.8934000654767722,26381.17081775176,0.11124886515322328,1910881.4675272326,0.03310475789411887,0.0017508897008002276,0.034294010809564526,0.07114965840448362,150.1609033594696,282.7179873638654,6000.0,23.941919533281723,2.9419195332817245,279.6968043541222,0.01388029326705272,129.53590099465262,129.53590099465262,5.410422535861606,0.0,155.97821581548178,1.0
4.158932216070455,0.8936005757778495,26393.013866134126,0.11119818899972123,1911310.3363321307,0.033103743370673594,0.0017492949313376812,0.03435786122578211,0.07121089952779339,150.3576206925548,282.78143919351805,6000.0,23.94175661746791,2.9417566174679095,279.67750961397405,0.01387970385396497,129.31988892141925,129.31988892141925,5.401436953338146,0.0,155.7541173976855,1.0
4.170669667916476,0.8938007529960936,26404.839892211097,0.1111476299896892,1911738.4927106055,0.033102730804985325,0.0017477045724574817,0.03442158768555996,0.07127202306300276,150.5541086218052,282.84478561853524,6000.0,23.941593708566856,2.9415937085668546,279.6582469257786,0.01387911536933087,129.1041383039734,129.1041383039734,5.3924621675363635,0.0,155.53015614229983,1.0
4.182407119762498,0.8940005975324361,26416.648906454055,0.1110971878239752,1912165.9375202043,0.03310172019353413,0.001746118609728754,0.03448519014327537,0.07133302894653826,150.75036648917003,282.90802676579244,6000.0,23.941430806567666,2.9414308065676678,279.63901625095525,0.01387852781222432,128.88864976178522,128.88864976178522,5.383498204561283,0.0,155.3063333706841,1.0
4.194144571608519,0.8942001097888271,26428.44091943777,0.11104686220405915,1912592.6716206532,0.03310071153280079,0.0017445370287691663,0.03454866855595334,0.0713939171175233,150.94639364381612,282.9711627624875,6000.0,23.941267911459466,2.9412679114594673,279.6198175508248,0.01387794118171537,128.67342390700867,128.67342390700867,5.374545090213006,0.0,155.0826503950883,1.0
4.196038187726517,0.8942322662217121,26430.341746015747,0.11103875401383782,1912661.45058546,0.03310054898695115,0.0017442822800731634,0.03455889797541361,0.07140372924243793,150.977997265409,282.9813387209829,6000.0,23.941241632055892,2.941241632055892,279.6167231960047,0.013877846626705203,128.63872593059574,128.63872593059574,5.373101692368209,0.0,155.04657655675837,1.0
4.205947673847248,0.8944004032994644,26440.281754612544,0.11099637232531047,1913021.0767353748,0.033099699193945155,0.0017429510057654033,0.03461237689021654,0.0714550270899271,151.14328392329156,283.0345459884325,6000.0,23.94110411217765,2.941104112177652,279.6005436720248,0.013877352203483571,128.45725974873324,128.45725974873324,5.36555286451444,0.0,154.85785859440054,1.0
4.217763404968166,0.894600575389645,26452.118061265683,0.110945945862071,1913449.222145503,0.03309868774054413,0.0017413676947390933,0.03467602767281224,0.07151608310809546,151.34014989237036,283.0978907906652,6000.0,23.940940144594073,2.9409401445940713,279.5812814772936,0.013876763531662156,128.24113158492324,128.24113158492324,5.356562056894846,0.0,154.63297050432496,1.0
4.229579136089085,0.8948004119862492,26463.937172047736,0.11089563659693245,1913876.649972902,0.03309767825322867,0.0017397887805143209,0.034739552635164955,0.07157701966890795,151.5367801184324,283.16112942537853,6000.0,23.940776183960544,2.9407761839605446,279.5620515664967,0.013876175795976744,128.02527144806427,128.02527144806427,5.347582319984954,0.0,154.40822803119573,1.0
4.239806368098886,0.894973112131702,26474.153454435283,0.11085218526653687,1914246.036007376,0.033096806065330754,0.0017384256731941062,0.03479443573328098,0.07162966747180585,151.70678468310075,283.21578068345053,6000.0,23.94063427168941,2.9406342716894116,279.5454329468439,0.013875667830161849,127.83864826374315,127.83864826374315,5.339818770587735,0.0,154.21381836000558,1.0
4.2414005142359565,0.8950000087700783,26475.744734490494,0.11084542026766912,1914303.5648679591,0.03309667024735949,0.001738213497153933,0.03480298201399854,0.07163786575851197,151.73326777168484,283.2242921709268,6000.0,23.9406121519102,2.9406121519102033,279.54284473244525,0.013875588715240224,127.80957696076041,127.80957696076041,5.338609395188861,0.0,154.18352517214592,1.0
4.245991023294689,0.8950774264040928,26480.325244312287,0.1108259516046503,1914469.1524113393,0.03309627934457898,0.0017376029582449894,0.034827579115373035,0.07166146141819701,151.80950446692745,283.2487911143686,6000.0,23.94054845641725,2.940548456417251,279.5353949748858,0.01387536099060167,127.72589050795833,127.72589050795833,5.335128004292712,0.0,154.09630787846254,1.0
4.253287297040038,0.8952003721023467,26487.600292424817,0.11079504378051301,1914732.1193232348,0.03309565864153679,0.0017366339065560611,0.03486663527897281,0.07169892782706566,151.9306033342984,283.2876974920471,6000.0,23.940447219304755,2.940447219304754,279.52356413483716,0.013874999329208918,127.59296080053875,127.59296080053875,5.329598049348559,0.0,153.95772867983038,1.0
4.26519242830644,0.8954007056533542,26499.456741403897,0.11074470750006407,1915160.6100797693,0.033094647457678955,0.001735056293856506,0.03493025907253629,0.07175996282407175,152.1280024496993,283.3510933888361,6000.0,23.940282039125496,2.940282039125496,279.5042864030254,0.013874409980075988,127.3762839533261,127.3762839533261,5.320584099433566,0.0,153.73173530632343,1.0
4.277097559572848,0.8956007003065666,26511.29577949674,0.11069448897189696,1915588.3759723364,0.033093638255169526,0.001733483086074265,0.034993755014887086,0.07182087635613088,152.325159697604,283.414382040835,6000.0,23.94011686595688,2.9401168659568806,279.4850412827297,0.013873821577352523,127.1598815851257,127.1598815851257,5.311581488808374,0.0,153.5058950110551,1.0
4.289002690839249,0.8958003564892387,26523.117418562644,0.1106443878899084,1916015.4179147857,0.03309263103034554,0.0017319142686070782,0.03505712308261275,0.07188166838156537,152.5220744581152,283.47756358324926,6000.0,23.939951699787645,2.9399516997876467,279.46582873283603,0.013873234120038217,126.94375427472082,126.94375427472082,5.30259024189455,0.0,153.28020908797393,1.0
4.295943858862862,0.8959166080048727,26530.00188259811,0.11061523103245034,1916264.0667288846,0.03309204468918262,0.0017310016055258547,0.03509401018139162,0.0719170564761001,152.63677149614801,283.51435157532364,6000.0,23.93985540452597,2.939855404525972,279.4546420617576,0.01387289204480756,126.81787056560961,126.81787056560961,5.297353238885225,0.0,153.1486969136234,1.0
4.300943251333141,0.8960002672887544,26534.956773633432,0.11059425537286811,1916443.0044538004,0.033091622790899354,0.001730345177699472,0.035120551264381725,0.07194251923298056,152.7193310426745,283.54082569960156,6000.0,23.93978604910939,2.939786049109389,279.4465916816285,0.013872645863097298,126.727260638954,126.727260638954,5.293583676102591,0.0,153.05400788567562,1.0
4.312933352931374,0.8962006657728219,26546.8276624421,0.11054403312083552,1916871.6340947896,0.03309061236273802,0.0017287739912085693,0.035184113129978815,0.0720034994839254,152.91715935140053,283.6042421445691,6000.0,23.93961971821254,2.93961971821254,279.42730770142697,0.013872056120424078,126.51014835002644,126.51014835002644,5.284551293593913,0.0,152.8270270371436,1.0
4.324923454529607,0.8964007222471945,26558.68093976232,0.1104939290671469,1917299.5322158106,0.033089603929421015,0.001727207213653945,0.035247545233286555,0.07206435637636152,153.11473985032896,283.6675503599805,6000.0,23.939453394381033,2.9394533943810344,279.4080566321939,0.013871467333629008,126.29331678186495,126.29331678186495,5.275530510295944,0.0,152.60020666639358,1.0
4.336913556127846,0.8966004371517562,26570.51661809687,0.11044394290196279,1917726.6997577252,0.03308859748721403,0.001725644830326416,0.0353108475608371,0.07212508987837754,153.31207193561286,283.73075048503773,6000.0,23.939287077603417,2.9392870776034163,279.3888384316,0.013870879501676616,126.07676649598713,126.07676649598713,5.266521349916857,0.0,152.3735480574288,1.0
4.345896694431035,0.8967498425718847,26579.37253604389,0.11040656968693281,1918046.2610153344,0.03308784475023635,0.0017244771432317074,0.03535818943434322,0.07217051132781127,153.45975253589373,283.778030087214,6000.0,23.93916247555019,2.9391624755501917,279.37446142082985,0.0138704397154713,125.91470888493612,125.91470888493612,5.259779201278938,0.0,152.2038392756586,1.0
4.348925157081594,0.8968001681166516,26582.35588518442,0.1103939850026109,1918153.901650873,0.033087591233087355,0.0017240840368490157,0.035374133259347455,0.07218580852928383,153.5095081748163,283.7939556924152,6000.0,23.939120469665905,2.939120469665904,279.36961868554954,0.013870291572057528,125.86011051073325,125.86011051073325,5.257507712959421,0.0,152.14664650457976,1.0
4.3610009861835,0.8970006224222267,26594.240680486688,0.11034387860599755,1918582.6506877393,0.033086581605091855,0.001722519313310333,0.03543762605011169,0.07224672696851389,153.70774763024536,283.8573898021948,6000.0,23.938952977959282,2.938952977959284,279.3503293337463,0.013869701462535645,125.64258170350092,125.64258170350092,5.248457683975598,0.0,151.91869788975706,1.0
4.3730768152854065,0.8972007316040017,26606.107662997707,0.11029389084835746,1919010.6615439192,0.0330855739853941,0.0017209590024797904,0.03550098717733872,0.07230752016521261,153.90573330880196,283.92071469695435,6000.0,23.938785493372897,2.938785493372897,279.3310731925761,0.013869112318377983,125.42533988377417,125.42533988377417,5.239419515183689,0.0,151.69091721924647,1.0
4.385152644387312,0.8974004961148758,26617.956845888457,0.1102440214160537,1919437.9351881125,0.03308456837018664,0.0017194030895402517,0.03556421663774033,0.07236818809746723,154.1034646234817,283.98393052001444,6000.0,23.938618015895095,2.938618015895093,279.3118502184573,0.01386852413851272,125.20838559497562,125.20838559497562,5.230393229543912,0.0,151.46330576610285,1.0
4.395849529999207,0.8975771619243966,26628.43810991498,0.11019994517101038,1919815.8033284948,0.033083679257721,0.0017180285082921052,0.03562011592890322,0.07242182369491633,154.2784040053803,284.0398367193016,6000.0,23.93846966866177,2.9384696686617695,279.2948499901925,0.013868003927674696,125.01644598481221,125.01644598481221,5.2224076022901835,0.0,151.26182770223707,1.0
4.397238349500836,0.8976000793603807,26629.797911260906,0.11019422935602638,1919864.821126229,0.03308356393569255,0.0017178502926240874,0.03562736598018606,0.07242878020850269,154.30110239292483,284.0470889813366,6000.0,23.93845040855433,2.938450408554331,279.2926446871741,0.013867936442013298,124.99154229424929,124.99154229424929,5.22137148232385,0.0,151.23567885508876,1.0
4.4094006658513365,0.8978005801587419,26641.696065449934,0.1101442406795679,1920293.6696058945,0.033082555153287986,0.001716292069744523,0.03569078248832121,0.07248962971135373,154.49973461335162,284.11053780383844,6000.0,23.938281745915802,2.9382817459158,279.27335086145496,0.013867345993000352,124.77361624810334,124.77361624810334,5.212304607843937,0.0,151.00678267624176,1.0
4.421562982201837,0.8980007327187336,26653.57620494128,0.11009437107681919,1920721.7732431628,0.03308154839258282,0.0017147382630838337,0.03575406544258346,0.07255035209825011,154.69810706768249,284.17387642570924,6000.0,23.93811309045257,2.9381130904525703,279.2540905460782,0.013866756518850066,124.55598347839572,124.55598347839572,5.203249855481441,0.0,150.77806197260762,1.0
4.433725298552337,0.8982005375066686,26665.438343599737,0.11004462023028341,1921149.133035424,0.03308054364969476,0.0017131888577158916,0.03581721485010138,0.07261094735751203,154.89621918656826,284.23710499451454,6000.0,23.93794444215279,2.937944442152791,279.23486369617143,0.013866168018453084,124.33864450960317,124.33864450960317,5.194207247413142,0.0,150.54951800525538,1.0
4.44580236556738,0.8983985981398115,26677.199538731653,0.10999533530022007,1921572.7622782958,0.033079547942172605,0.0017116546530390134,0.03587978948808561,0.07267099208329722,155.09268451869664,284.29978162253593,6000.0,23.937776983036322,2.937776983036323,279.21580468309554,0.013865584605473005,124.1231201643989,124.1231201643989,5.185240060192709,0.0,150.3227520889613,1.0
4.445888189927092,0.8984000044117487,26677.28305494932,0.10999498547940637,1921575.7701345598,0.03307954087338268,0.0017116437658233016,0.035880233696774226,0.0726714183359802,155.09407975628625,284.30022663970925,6000.0,23.93777579303158,2.93777579303158,279.2156693601148,0.013865580462941587,124.12158960382857,124.12158960382857,5.1851763788330345,0.0,150.32114123264304,1.0
4.458132543596009,0.8986004569072225,26689.18894210249,0.10994513761767916,1922004.5152998243,0.03307853341134669,0.001710092741507037,0.035943539737161974,0.07273216589001572,155.29300140855773,284.3636601766792,6000.0,23.937606021576784,2.9376060215767836,279.1963801824943,0.01386498995360896,123.90337877393657,123.90337877393657,5.176097336644819,0.0,150.09141593501164,1.0
4.470376897264919,0.8988005583498535,26701.07662764385,0.10989540915649408,1922432.5096028524,0.0330775279826207,0.0017085461328912273,0.036006710460591944,0.07279278457610387,155.49165751248967,284.4269826223733,6000.0,23.93743625734637,2.9374362573463686,279.17712478604784,0.013864400427807507,123.68546727355817,123.68546727355817,5.167030668775118,0.0,149.86187354876236,1.0
4.48262125093383,0.8990003092191666,26712.946126139854,0.10984579977484038,1922859.7540692934,0.03307652458325079,0.0017070039249588607,0.03606974588482429,0.07285327439303393,155.69004751791996,284.49019412853795,6000.0,23.9372665003283,2.9372665003282976,279.15790312463156,0.01386381188439054,123.4678556067116,123.4678556067116,5.15797639655381,0.0,149.63251532031938,1.0
4.489806368098886,0.8991173621304863,26719.902812681055,0.1098167437735114,1923110.116977921,0.03307593672105019,0.0017061009837707377,0.036106672758882165,0.0728887104637031,155.80634077854364,284.5272357236555,6000.0,23.937166888454854,2.9371668884548545,279.14663933670965,0.01386346697775966,123.34029855816601,123.34029855816601,5.152669032760695,0.0,149.49801170535122,1.0
4.494883745327368,0.899200005159869,26724.814997210135,0.10979623591717833,1923286.8810496626,0.03307552172719232,0.0017054638276198454,0.036132739120046775,0.07291372467485893,155.88846421544966,284.5533882524493,6000.0,23.93709649902162,2.93709649902162,279.13868674889534,0.01386322345242783,123.25022253344568,123.25022253344568,5.148921154179384,0.0,149.4030030914181,1.0
4.4957552011355535,0.8992141835534614,26725.657786202268,0.10979271809894028,1923317.2070263464,0.03307545053466505,0.0017053545448999729,0.03613721068227582,0.07291801576184084,155.90255485598894,284.55787502948834,6000.0,23.937084417853228,2.9370844178532276,279.13732238796916,0.01386318167189664,123.23476753198022,123.23476753198022,5.148278101908971,0.0,149.38669950901323,1.0
4.507217827192703,0.8994005131850601,26736.734786544388,0.10974650254208691,1923715.744986698,0.03307451506177023,0.001703919161505929,0.03619596325713858,0.07297439748041473,156.08776893133773,284.6168393618938,6000.0,23.936925512533616,2.9369255125336147,279.11939222775146,0.013862632576857317,123.03162329641373,123.03162329641373,5.13982563182532,0.0,149.1723398103707,1.0
4.519555406853365,0.8996007236585206,26748.639538764615,0.10969687497030245,1924143.9724943112,0.03307351015889902,0.0017023784791308175,0.03625906804530748,0.07303495668333732,156.2868584041502,284.68019631058144,6000.0,23.9367544848408,2.9367544848408005,279.10012633946735,0.013862042527462379,122.81326793531716,122.81326793531716,5.130740176705872,0.0,148.94180181032408,1.0
4.53189298651402,0.8998005801621106,26760.525886248342,0.10964736699737146,1924571.442900496,0.033072507300313005,0.0017008422040285845,0.03632203556398605,0.07309538506832763,156.4856755429018,284.7434412448947,6000.0,23.93658346442164,2.9365834644216413,279.08089451305756,0.01386145347076264,122.59521897015577,122.59521897015577,5.121667390518629,0.0,148.71145576603988,1.0
4.544230566174674,0.9000000831903203,26772.393844385493,0.10959797829883551,1924998.157262911,0.03307150648198086,0.001699310321111828,0.03638486584418022,0.0731556826472729,156.68421982301342,284.8065743213159,6000.0,23.936412451263898,2.9364124512638976,279.0616967009381,0.013860865405568574,122.37747687792469,122.37747687792469,5.112607293473625,0.0,148.48130290205094,1.0
4.545708036703727,0.9000239507353904,26773.813843786633,0.10959207180227182,1925049.2072362793,0.03307138676690829,0.001699127166271384,0.03639238080134741,0.07316289473452708,156.70797791158282,284.8141272470054,6000.0,23.93639197229573,2.9363919722957297,279.0593999706573,0.013860795049020618,122.35142205907448,122.35142205907448,5.11152316525755,0.0,148.45375426018873,1.0
4.5566462950374556,0.9002004935787743,26784.31842825282,0.109548396843013,1925426.8123660334,0.03307050137982904,0.0016977731536775057,0.03644795559521236,0.07321623012871892,156.88374575070765,284.869994533447,6000.0,23.936240362185796,2.936240362185796,279.04241157519925,0.01386027461516762,122.1586658244916,122.1586658244916,5.10350263767724,0.0,148.24988844269427,1.0
4.569072655758684,0.9004007181638135,26796.234608021274,0.10949889321717728,1925855.070056714,0.033069497477630515,0.0016962390931217232,0.0365109602809084,0.07327669685166063,157.08316481103617,284.933355947768,6000.0,23.93606813308236,2.936068133082363,279.0231443289837,0.01385968432182676,121.9399795179475,121.9399795179475,5.094403092436582,0.0,148.0184741658612,1.0
4.581499016479919,0.9006005856839615,26808.13218044865,0.1094495096015205,1926282.5640260675,0.03306849563284965,0.001694709442404791,0.03657382585590306,0.07333703093115751,157.28230551392974,284.99660436829,6000.0,23.935895911307902,2.9358959113079006,279.0039114424706,0.013859095030657492,121.72160592854087,121.72160592854087,5.085316479465329,0.0,147.78725954181354,1.0
4.593925377201147,0.9008000966473472,26820.01116163975,0.10940024566779605,1926709.2953609244,0.03306749584138004,0.001693184186335583,0.03663655236200567,0.07339723238972129,157.48116735406333,285.05973995581127,6000.0,23.935723696849962,2.9357236968499625,278.98471286676374,0.013858506740431922,121.50354551270041,121.50354551270041,5.0762428181225525,0.0,147.55624578082927,1.0
4.595660872271899,0.900827932475319,26821.668729738252,0.10939337485590048,1926768.8330415897,0.03306735637130503,0.0016929715143318036,0.03664530182975221,0.07340562971538904,157.50891864991962,285.06854865145044,6000.0,23.935699645551054,2.9356996455510553,278.9820342758652,0.013858424658010135,121.47311562594558,121.47311562594558,5.074976600841659,0.0,147.52399790366772,1.0
4.606428781803032,0.9010004852208839,26831.94504483069,0.1093507967620325,1927137.9038044119,0.03306649191946412,0.001691653893918748,0.03669952745458771,0.07345767326797058,157.6809801797852,285.12315326457434,6000.0,23.935550422028367,2.9355504220283675,278.9654298402345,0.013857915811812628,121.2844496604493,121.2844496604493,5.067125991338339,0.0,147.32400367498278,1.0
4.6189446932756875,0.9012007137409566,26843.872047535628,0.10930141908076174,1927566.1699116828,0.03306548906697443,0.0016901264960365596,0.03676242462236501,0.073518040185376,157.88070911374524,285.1865159241434,6000.0,23.935376981277294,2.935376981277292,278.94616221535784,0.0138573253045081,121.0654531016126,121.0654531016126,5.0580132160154525,0.0,147.09173536056846,1.0
4.631460604748343,0.9014005821044792,26855.78023989875,0.10925216181412396,1927993.665684919,0.03306448828496284,0.0016886035102709402,0.03682518085265989,0.07357827264789368,158.08015365305488,285.24976461155273,6000.0,23.935203547910625,2.935203547910624,278.92692924768835,0.013856735808853028,120.84677559463347,120.84677559463347,5.048913636883716,0.0,146.85967445204415,1.0
4.643976516221005,0.9016000908336186,26867.669638765787,0.1092030246300266,1928420.3922409764,0.033063489569246235,0.0016870849213262088,0.036887796198313984,0.07363837068888643,158.27931331247797,285.31289949204296,6000.0,23.93503012191571,2.935030121915709,278.9077308869789,0.013856147323579952,120.62841757450096,120.62841757450096,5.039827272414818,0.0,146.6278221443353,1.0
4.645613707840072,0.9016261617641296,26869.223487933934,0.10919660591680408,1928476.1550060352,0.0330633590810245,0.0016868866008844655,0.03689597642090007,0.07364622210280904,158.30534405779167,285.32114968284503,6000.0,23.935007436810395,2.935007436810394,278.9052221289404,0.013856070419176433,120.59987807114874,120.59987807114874,5.038639674106573,0.0,146.5975093078353,1.0
4.6565709356586975,0.9018004885154085,26879.614662147436,0.10915370010510407,1928849.020165985,0.03306248667048196,0.0016855612296620965,0.03695066215126216,0.07369871005140621,158.4794341823305,285.3763156831284,6000.0,23.934855615508248,2.9348556155082464,278.8884469839791,0.013855556165566362,120.40901280164863,120.40901280164863,5.030697269952668,0.0,146.3947272734588,1.0
4.6691771701430245,0.9020007105856692,26891.551869147796,0.10910445039966377,1929277.2724778394,0.03306148491762251,0.001684040536065275,0.03701344433655411,0.0737589697902419,158.67945295433563,285.4396763016434,6000.0,23.934680952842584,2.9346809528425837,278.8691799797561,0.013854965474925707,120.18972702542047,120.18972702542047,5.021572138865141,0.0,146.1616276550113,1.0
4.681783404627351,0.9022005694130107,26903.470062519384,0.10905532150596128,1929704.7478542652,0.03306048524821976,0.0016825242565605167,0.03707608377318648,0.07381909327796676,158.87918128368838,285.5029219713118,6000.0,23.93450629761687,2.93450629761687,278.8499479297359,0.01385437580540828,119.97076664604751,119.97076664604751,5.0124604683403415,0.0,145.92874324839343,1.0
4.694389639111678,0.902400065534045,26915.369259875562,0.10900631308799996,1930131.4474430147,0.03305948765801205,0.0016810123757467733,0.037138580525261304,0.07387908055902014,159.07861870608969,285.5660528619454,6000.0,23.93433164981824,2.934331649818241,278.8307507822814,0.013853787155705777,119.75213207619174,119.75213207619174,5.00336227592556,0.0,145.69607523205397,1.0
4.695566543408245,0.9024186717817764,26916.479187080145,0.10900174385239823,1930171.2440977767,0.03305939463004378,0.0016808714521544604,0.037144407873946614,0.07388467395614486,159.09722310278207,285.5719408410427,6000.0,23.934315345268924,2.9343153452689235,278.8289603370365,0.013853732252013855,119.73173723425444,119.73173723425444,5.0025135671124055,0.0,145.67436468558964,1.0
4.7070737289003395,0.902600428200648,26927.322791479593,0.10895712325229774,1930560.000474508,0.03305848600093982,0.001679495581658212,0.0372013193115655,0.07393930089416353,159.27899377227817,285.6294579724148,6000.0,23.934155930888924,2.9341559308889233,278.8114702487291,0.013853195898495407,119.53247647645094,119.53247647645094,4.994221514291415,0.0,145.46218985292936,1.0
4.7197658356279275,0.9028005510507624,26939.26466477989,0.1089080237297981,1930988.0405657163,0.0330574858090707,0.0016779822551578377,0.03726395330023345,0.073999421364462,159.47919977422475,285.6927871925438,6000.0,23.93398010839714,2.9339801083971397,278.7922127922796,0.013852605298342188,119.31301301805485,119.31301301805485,4.985088667981067,0.0,145.2283782899845,1.0
4.7324579423555155,0.9030003078799169,26951.18733679389,0.10885904530882767,1931415.2977795824,0.03305648771182295,0.0016764733407869077,0.0373264428647621,0.07405940391737195,159.6791095222703,285.75600058471053,6000.0,23.93380429339478,2.933804293394777,278.7729905573587,0.013852015727928947,119.0938810350884,119.0938810350884,4.975969535605995,0.0,144.99478960971675,1.0
4.739806368098886,0.9031157952088033,26958.081508685802,0.10883074319781756,1931662.3120848536,0.033055910793162974,0.001675601726186086,0.03736255683968669,0.07409406935903576,159.79471688728842,285.79254674857424,6000.0,23.93370250413847,2.9337025041384712,278.7618774225756,0.013851674850942209,118.96716053528718,118.96716053528718,4.970696051507956,0.0,144.85964969419132,1.0
4.745169346879787,0.90320000212667,26963.1089100402,0.10881011345570839,1931842.4211367858,0.03305549019206477,0.0016749665388442554,0.03738888276392611,0.07411933949483512,159.87902585115867,285.81919417256864,6000.0,23.933628218566756,2.933628218566756,278.753774344628,0.013851426291837129,118.87474849346935,118.87474849346935,4.966850299832561,0.0,144.7610703220696,1.0
4.745519378976417,0.9032054958971149,26963.43692062697,0.10880876773682578,1931854.171689014,0.03305546275312925,0.0016749251085012666,0.037390600114684425,0.07412098797631494,159.88452670351344,285.8209326856752,6000.0,23.933623370125808,2.933623370125808,278.7532456891295,0.01385141007520182,118.86871898561608,118.86871898561608,4.966599379765841,0.0,144.7546376184292,1.0
4.757957145024031,0.9034005271707397,26975.082733746945,0.1087610094095335,1932271.3214752737,0.033054488788554465,0.0016734551154440839,0.037451551900403536,0.07417949580440208,160.07984291771044,285.8826506676666,6000.0,23.933451093109234,2.9334510931092335,278.7344781857886,0.013850834352793018,118.65463526807815,118.65463526807815,4.957690172072194,0.0,144.52617433894744,1.0
4.7707463518974365,0.9036007043657158,26987.038437738713,0.10871202187449301,1932699.477803981,0.033053489388175504,0.0016719479580645704,0.03751408154386868,0.07423951889010875,160.28037999092754,285.9459970853206,6000.0,23.933273955703406,2.9332739557034055,278.7152154998323,0.013850243389913674,118.43483550890477,118.43483550890477,4.948543008704466,0.0,144.29148228432655,1.0
4.783535558770834,0.9038005121662964,26998.974720973303,0.10866315592203248,1933126.8440399496,0.033052492096936975,0.0016704452177844957,0.03757646486711955,0.07429940218184103,160.48061450327637,286.0092266074828,6000.0,23.93309682584887,2.9330968258488705,278.6959883600241,0.01384965346707717,118.21537385674773,118.21537385674773,4.939409835549136,0.0,144.05702120120554,1.0
4.79547221454459,0.9039866676470546,27010.09780544598,0.10861765685227781,1933525.0095113942,0.03305156318592161,0.001669046624290068,0.037634557670318605,0.07435516748053028,160.66722767915513,286.0681358295552,6000.0,23.932931510584297,2.9329315105842957,278.67807495802384,0.013849103806667823,118.01084727886871,118.01084727886871,4.930898132001866,0.0,143.83839910542437,1.0
4.796330942148732,0.9040000473677265,27010.89735316345,0.10861438769652192,1933553.6272172357,0.03305149643030509,0.0016689461564393655,0.037638731979067384,0.07435917456581184,160.68064251704848,286.0723698651749,6000.0,23.932919617993527,2.9329196179935275,278.67678745193444,0.013849064298743375,117.99614493488596,117.99614493488596,4.9302862675464265,0.0,143.8226791688022,1.0
4.809212803402419,0.9042005587704381,27022.88096661287,0.10856541211127121,1933982.498378405,0.033050496158122465,0.001667441398400574,0.037701272153594034,0.07441920971011708,160.88171565007156,286.13582204344164,6000.0,23.932741220083543,2.9327412200835443,278.65749260577803,0.013848472197307986,117.77577695570648,117.77577695570648,4.9211152150374255,0.0,143.5869891782843,1.0
4.822094664656106,0.9044006971354684,27034.844935687346,0.10851655883042786,1934410.5716542597,0.033049498012278876,0.0016659410742498322,0.037763664153007935,0.07447910323953665,161.08248056239378,286.19915617329247,6000.0,23.932562829794158,2.932562829794159,278.6382336563565,0.0138478811467862,117.5557530939627,117.5557530939627,4.911958402867537,0.0,143.3515369732786,1.0
4.8349765259098,0.9046004630427648,27046.789280260797,0.108467827505479,1934837.848285242,0.03304850198827173,0.001664445168219525,0.03782590807354518,0.07453885523003644,161.2829368478929,286.2623724382528,6000.0,23.932384447111843,2.932384447111844,278.61901054786256,0.013847291145748055,117.33607369996966,117.33607369996966,4.902815846004419,0.0,143.11632368903597,1.0
4.845425050112763,0.904762220722568,27056.46298091148,0.10842839068865437,1935183.8296260887,0.03304769566498625,0.0016632350677145962,0.03787628564678637,0.07458721637948722,161.44530070566643,286.3135609342489,6000.0,23.93223976585182,2.9322397658518167,278.6034449016987,0.013846813363630337,117.15814419603228,117.15814419603228,4.895410765656863,0.0,142.92571760500013,1.0
4.847876036997179,0.9048001300138766,27058.73034531182,0.10841915127043353,1935264.9133029408,0.03304750672127138,0.0016629516240601976,0.03788808899192865,0.07459854733726023,161.48335812407228,286.32555739468734,6000.0,23.932205827631105,2.932205827631105,278.59979695981707,0.013846701386536542,117.11643883574479,117.11643883574479,4.893675061933787,0.0,142.88102867102148,1.0
4.86085133483775,0.9050005944614681,27070.721754568927,0.10837031172114477,1935693.6840324304,0.03304650774424449,0.00166145374266612,0.03795048563971884,0.07465844712662945,161.68464390345454,286.3889947139255,6000.0,23.93202616639941,2.9320261663994103,278.5805066320661,0.013846109221139952,116.89586272861155,116.89586272861155,4.884495024192037,0.0,142.64459521483164,1.0
4.873826632678321,0.9052006828022887,27082.693314830998,0.1083215948451588,1936121.6503121716,0.03304551090623044,0.0016599602959545838,0.038012732361073436,0.07471820356325845,161.88561537110732,286.4523130135292,6000.0,23.93184651284436,2.9318465128443583,278.5612524963829,0.01384551811612492,116.67563712527559,116.67563712527559,4.875329492968923,0.0,142.40840755650754,1.0
4.886801930518892,0.9054003956313035,27094.645046783364,0.10827300029007889,1936548.8134147264,0.033044516202646465,0.00165847126805711,0.03807482926406109,0.07477781673476466,162.08627214414923,286.515512481776,6000.0,23.9316668669522,2.9316668669522006,278.5420344955151,0.013844928070018775,116.45576235136588,116.45576235136588,4.866178482209377,0.0,142.1724668116034,1.0
4.895377885680936,0.9055321889526917,27102.533607857073,0.10824094894371501,1936830.7043895721,0.033043859927873245,0.0016574895206379295,0.038115789705839724,0.0748171391543509,162.21872226996115,286.55721870501316,6000.0,23.931548135139952,2.9315481351399515,278.5293522648477,0.013844538662647713,116.31062999488657,116.31062999488657,4.860138146436985,0.0,142.01665907982036,1.0
4.899809174604367,0.9056002238681244,27106.606324152854,0.10822440851119863,1936976.2233614966,0.03304352118774127,0.0016569829933185563,0.03813692879354533,0.07483743297460516,162.28710671622378,286.5787484710216,6000.0,23.931486786434583,2.9314867864345837,278.5228053891649,0.01384433763251143,116.23569867294111,116.23569867294111,4.857019528716812,0.0,141.93619409675833,1.0
4.912878693803178,0.9058006299587299,27118.60484168255,0.10817570718442093,1937404.8692720078,0.03304252356007813,0.0016554920336668674,0.0381991742250296,0.0748971898187746,162.48858355582703,286.64216732309114,6000.0,23.931305851469126,2.9313058514691273,278.5035206770001,0.013843745436939428,116.01493712117306,116.01493712117306,4.847831448949159,0.0,141.6990423175935,1.0
4.925948213001982,0.9060006568844251,27130.583305626813,0.1081271288911018,1937832.7041917578,0.03304152808399045,0.0016540055091516835,0.038261267998955496,0.07495680159209764,162.68973999341964,286.70546618777274,6000.0,23.931124924236393,2.9311249242363915,278.4842724511823,0.013843154311196537,115.79453245776264,115.79453245776264,4.838658141828136,0.0,141.4621443893784,1.0
4.939017732200786,0.906200305255605,27142.541737509993,0.10807867327490764,1938259.7294263106,0.03304053475481358,0.001652523403803092,0.03832321023544066,0.07501626839405734,162.89057567023625,286.76864525822685,6000.0,23.930944004722402,2.9309440047224036,278.4650606529743,0.013842564253766116,115.57448498273803,115.57448498273803,4.829499620237764,0.0,141.22550140677038,1.0
4.945330721249109,0.9062966062936562,27148.310867834578,0.10805531152201012,1938465.7064303725,0.03304005571315185,0.0016518090783987731,0.038353076044113706,0.07504494083566432,162.9874706291895,286.79911988735546,6000.0,23.93085661766445,2.93085661766445,278.45579377992476,0.013842279619652042,115.46832315073527,115.46832315073527,4.825081065652404,0.0,141.1112870362716,1.0
4.952133667148843,0.9064002827095227,27154.52252203114,0.10803016854470726,1938687.4585315357,0.03303954005154833,0.0016510404615544777,0.038385220234339906,0.07507580074744272,163.09180178047646,286.8319284674793,6000.0,23.930762450427608,2.930762450427606,278.44581718773526,0.013841973173256805,115.3540154072588,115.3540154072588,4.820323449627389,0.0,140.98827539410874,1.0
4.965292970824667,0.9066005395015772,27166.52269102106,0.10798162687371503,1939115.7851093707,0.0330385442227022,0.0016495570563506926,0.03844728215094916,0.07513538343000206,163.2933679079775,286.89530007376567,6000.0,23.930580303595207,2.930580303595208,278.42654684229745,0.013841381216469953,115.13317893431994,115.13317893431994,4.811131927169478,0.0,140.7505251986929,1.0
4.9784522745004836,0.9068004143866213,27178.502618053873,0.10793320848940488,1939543.2948314021,0.03303755055615781,0.0016480780828731366,0.038509190821970025,0.07519481946100098,163.4946078067923,286.9585508249217,6000.0,23.93039816454545,2.9303981645454495,278.4073132470739,0.013840790338077537,114.9127054402816,114.9127054402816,4.801955431336398,0.0,140.51303673549629,1.0
4.989806368098886,0.90697256374468,27188.822873357327,0.10789153100263242,1939911.5027940755,0.033036694936127924,0.0016468055460540144,0.038562483729914145,0.07524598421209608,163.6679789339298,287.01302778537547,6000.0,23.9302410178066,2.9302410178066,278.3907476286863,0.013840281382579119,114.72276869475652,114.72276869475652,4.794049863910304,0.0,140.3083384025089,1.0
4.991618135165518,0.9070000072984469,27190.46827971467,0.10788488899790957,1939970.201444683,0.033036558553662665,0.0016466027914276188,0.03857097711290252,0.07525413845799281,163.69562117274475,287.02171234516777,6000.0,23.930215942514103,2.930215942514104,278.3881067856182,0.013840200242902641,114.69248561287347,114.69248561287347,4.792789412698626,0.0,140.27569293719574,1.0
4.995283556817282,0.9070555068287449,27193.795963012937,0.10787145853128374,1940088.908648769,0.03303628276039137,0.0016461928495436666,0.03858815137589141,0.07527062698582646,163.75152578084962,287.0392752669895,6000.0,23.930165212645228,2.930165212645229,278.38276616715774,0.013840036149951333,114.63124038630812,114.63124038630812,4.790240241456186,0.0,140.20966255167184,1.0
5.0048636894677605,0.9072004238556004,27202.48596894425,0.10783640083160506,1940398.8697419546,0.033035562721090955,0.0016451230140690834,0.03863298287502913,0.07531366861018918,163.89752109107104,287.0851345093945,6000.0,23.930032625315963,2.9300326253159645,278.36882106627667,0.013839607661985814,114.47129997520562,114.47129997520562,4.783583113635399,0.0,140.0371790177978,1.0
5.0181240152911375,0.9074006782502698,27214.49658632564,0.10778798261308029,1940827.1911920547,0.033034567957915574,0.0016436460351863479,0.03869490267566618,0.0753731166687681,164.0993141026331,287.1485053570242,6000.0,23.929849111536363,2.9298491115363645,278.3495509515348,0.013839015509859855,114.25023684890172,114.25023684890172,4.7743818323460605,0.0,139.79866796122036,1.0
5.0313843411145145,0.9076005474028728,27226.486741394237,0.10773968812068095,1941254.6886530446,0.03303357537107605,0.00164217349128849,0.038756667421439156,0.0754324162838037,164.300774545785,287.2117542941394,6000.0,23.929665605601674,2.929665605601673,278.33031790793353,0.013838424446378608,114.02954336214853,114.02954336214853,4.76519585528414,0.0,139.56042697060872,1.0
5.0446446669378995,0.9078000319550934,27238.45645738759,0.10769151699023842,1941681.3634974132,0.03303258495574292,0.0016407053662071372,0.03881827725694724,0.0754915675788973,164.50190211181817,287.27488152380204,6000.0,23.929482107497467,2.929482107497466,278.31112187372486,0.013837834469936037,113.80921976190669,113.80921976190669,4.756025193133977,0.0,139.3224570961318,1.0
5.045236392385454,0.9078089247497451,27238.990114972512,0.10768937028330586,1941700.3841771185,0.03303254081023373,0.0016406399556979769,0.03882102291051719,0.0754942036764489,164.51086941444106,287.2776956639651,6000.0,23.929473919306453,2.9294739193064525,278.31026613633344,0.01383780816828614,113.79939672189238,113.79939672189238,4.755616320928739,0.0,139.31184432383657,1.0
5.057997272814348,0.9080005167679178,27250.488842633848,0.10764313491653309,1942110.1777858278,0.03303158983734293,0.0016392314730228478,0.03888015945969201,0.07555098077005779,164.70409268196033,287.3383252876532,6000.0,23.929297340307773,2.9292973403077722,278.29182958626467,0.013837241484566396,113.58773690430434,113.58773690430434,4.746806196978093,0.0,139.0831061682368,1.0
5.071354188910876,0.9082006774440405,27262.504424929637,0.10759486163223764,1942538.2987825803,0.03303059659080539,0.0016377615540437717,0.0389419047894258,0.07561026293427497,164.90601022526118,287.40166647788766,6000.0,23.929112521389634,2.9291125213896354,278.2725684898875,0.013836649407258853,113.36655826462629,113.36655826462629,4.7375997819932,0.0,138.84395511720345,1.0
5.084711105007403,0.9084004498610729,27274.49934089053,0.10754671240615267,1942965.5893371499,0.03302960553279165,0.0016362960694340522,0.03900349339993078,0.07566939500215648,165.10758912895218,287.46488480286513,6000.0,23.92892771037249,2.9289277103724913,278.25334475497357,0.013836058427958266,113.14575562602138,113.14575562602138,4.72840893647633,0.0,138.60508228854977,1.0
5.095189227953627,0.9085568943440312,27283.894563832222,0.1075090272933671,1943300.2063522297,0.03302882960443789,0.0016351495313986035,0.039051698331950206,0.07571567746778671,165.26548486881757,287.514391928581,6000.0,23.92878273687662,2.9287827368766193,278.23829038804035,0.013835595588869647,112.97280551922279,112.97280551922279,4.721209881901787,0.0,138.41788871451516,1.0
5.0980890103236485,0.9086001476873363,27286.492414899967,0.10749861149951011,1943392.7203505205,0.03302861510617716,0.0016348327104609055,0.03906502186009386,0.07572846967673194,165.30914507409025,287.52807952346546,6000.0,23.928742616846005,2.928742616846006,278.2341281977932,0.01383546761892664,112.92498312370296,112.92498312370296,4.719219264124767,0.0,138.36611400059513,1.0
5.111543311411723,0.9088005944164307,27298.533116148352,0.10745036067972068,1943821.4531821532,0.03302762122793948,0.0016333654484325633,0.03912674344327971,0.07578773011965176,165.5115088375222,287.59151123565476,6000.0,23.928556474289916,2.928556474289915,278.2148395750608,0.013834874543590198,112.70333073753861,112.70333073753861,4.709992884804101,0.0,138.12606462451424,1.0
5.124997612499798,0.9090006492119687,27310.552922436786,0.1074022346134444,1944249.3477123373,0.03302662955528054,0.0016319026362179596,0.039188306499628046,0.07584683869112654,165.713528165883,287.654818919796,6000.0,23.928370339705776,2.928370339705777,278.1955886673789,0.013834282577283634,112.48206050149591,112.48206050149591,4.7007823309574785,0.0,137.8863006422122,1.0
5.138451913587873,0.9092003127468522,27322.551858658848,0.10735423292774489,1944676.4053803333,0.03302564008319979,0.0016304442573928722,0.039249711196382535,0.0759057955369752,165.91520279454082,287.71800278883023,6000.0,23.928184213078683,2.9281842130786835,278.17637540999533,0.013833691718312724,112.26117261545451,112.26117261545451,4.6915876113196555,0.0,137.64682306778667,1.0
5.1451420635218,0.9092994499809411,27328.510567330555,0.10733041027995639,1944888.448686219,0.03302514888592743,0.0016297207239349984,0.03928018577848214,0.07593505538834458,166.01535708889648,287.74937493707324,6000.0,23.92809166458852,2.928091664588523,278.16683561497996,0.013833398325429886,112.15147852608348,112.15147852608348,4.687021434812449,0.0,137.5278497941648,1.0
5.1519555758212485,0.9094003160687417,27334.57385667487,0.10730617982495629,1945104.1898142179,0.0330246491886187,0.001628984969415078,0.039311182113201545,0.07596481627123533,166.11727046998553,287.7812941840469,6000.0,23.927997411576044,2.9279974115760443,278.1571294555287,0.013833099803327135,112.03985898554319,112.03985898554319,4.682375087993774,0.0,137.40675589298985,1.0
5.16550805917873,0.9096006475730903,27346.618232193992,0.10725807821217598,1945532.676193181,0.033023656930214376,0.001627524862605905,0.039372715228466956,0.07602389702128724,166.3197190691818,287.8446894331672,6000.0,23.927809942740332,2.92780994274033,278.1378519206632,0.013832506866417658,111.81813285148141,111.81813285148141,4.673145311629613,0.0,137.16611288279762,1.0
5.17906054253622,0.9098005841436251,27358.641508533507,0.1072101016689992,1945960.3178534845,0.03302266688938364,0.001626069204349206,0.03943408818906305,0.07608282428279589,166.52181716078087,287.90795970480286,6000.0,23.927622481932804,2.9276224819328056,278.1186123895575,0.01383191504787371,111.59679522877661,111.59679522877661,4.663931626012604,0.0,136.9257635021126,1.0
5.192613025893702,0.9100001264696487,27370.643711499382,0.10716224981855074,1946387.1162694688,0.033021679061040976,0.0016246179781245502,0.039495301174995535,0.07614159821416105,166.7235645075152,287.97110521708487,6000.0,23.927435029138323,2.927435029138324,278.0994107958812,0.013831324345953945,111.37584628836603,111.37584628836603,4.654734038677145,0.0,136.685708739421,1.0
5.195094899089973,0.910036626102107,27372.83940014076,0.10715350016352171,1946465.1848458338,0.03302149839881864,0.001624352693165062,0.039506493824052365,0.07615234491603606,166.76047258646247,287.9826555885555,6000.0,23.92740070167926,2.9274007016792596,278.0958985028967,0.013831216291240338,111.33542591643425,111.33542591643425,4.653051424370577,0.0,136.64177938239354,1.0
5.206242110733357,0.9102003997543322,27382.692527226187,0.10711425287158081,1946815.4781231678,0.033020687875434634,0.0016231630023179648,0.03955669900017,0.0762005498779226,166.9260982170174,288.034482042492,6000.0,23.92724652488711,2.9272465248871105,278.0801388633878,0.013830731429610044,111.15404064637039,111.15404064637039,4.64550070693497,0.0,136.44459524404814,1.0
5.219888368534812,0.9104005273225804,27394.735224904103,0.10706632102927117,1947243.5283059296,0.03301969767239415,0.001621710650579213,0.03961801246656919,0.07625942078954255,167.12853127472525,288.0978127556826,6000.0,23.927057791204675,2.9270577912046756,278.06088095292085,0.01383013889404874,110.9323496781956,110.9323496781956,4.636272066805185,0.0,136.20347843420964,1.0
5.233534626336274,0.9106002572794177,27406.75663594893,0.107018514466609,1947670.7280429555,0.033018709697070846,0.0016202627423602951,0.039679164300137855,0.076318136739569,167.33060804243522,288.16101764405835,6000.0,23.926869065600442,2.9268690656004406,278.04166130387404,0.013829547485283943,110.71105326143882,110.71105326143882,4.62705976941244,0.0,135.9626632798938,1.0
5.239806368098886,0.9106919188520965,27412.27447504963,0.10699658476026042,1947866.7817564989,0.03301825637506175,0.0016195987778899394,0.039707215171423914,0.0763450703243756,167.42336180390004,288.19002410639,6000.0,23.926782331101215,2.926782331101215,278.03284087810584,0.01382927605465798,110.60947907420581,110.60947907420581,4.622831333673735,0.0,135.85208746016318,1.0
5.245047734658145,0.9107684572213425,27416.882353758956,0.10697827806301398,1948030.488652209,0.03301787788840116,0.0016190446112668306,0.03973063146285275,0.07636755396252073,167.50081941078156,288.2142448049835,6000.0,23.926709847390228,2.926709847390228,278.02547573058956,0.013829049399122276,110.524656319808,110.524656319808,4.619300230778003,0.0,135.75972707715357,1.0
5.247216497728449,0.9108001100246464,27418.788076904242,0.10697070852813122,1948098.190410432,0.03301772137461508,0.0016188154996882695,0.03974031365338967,0.07637685052769302,167.53285428801655,288.2242613890317,6000.0,23.926679855560245,2.926679855560245,278.02242983912447,0.013828955662494152,110.48957555110792,110.48957555110792,4.617839843141947,0.0,135.72152345626998,1.0
5.260967747064128,0.9110005748779262,27430.859020137206,0.10692278629865032,1948526.9620076425,0.03301673028652794,0.0016173653855053888,0.03980160975993948,0.07643570543197281,167.73576478473456,288.28769883665063,6000.0,23.926489694226145,2.9264896942261442,278.00313947233485,0.013828361976381315,110.2673746876003,110.2673746876003,4.608589730327622,0.0,135.47946834427358,1.0
5.274718996399807,0.9112006381331167,27442.908429752206,0.10687499012487973,1948954.8746320645,0.03301574144480681,0.001615919732961815,0.039862742332195195,0.07649440350996382,167.93831287299625,288.3510091978635,6000.0,23.926299541048135,2.9262995410481354,277.983887750596,0.013827769429004119,110.04557487759976,110.04557487759976,4.5993562309459834,0.0,135.23772244892558,1.0
5.288470245735486,0.9114003005124663,27454.936333329573,0.10682731962100125,1949381.9298285046,0.033014754844188296,0.0016144785252816642,0.03992371157385951,0.07655294494332947,168.14049836383958,288.414192701227,6000.0,23.926109396010574,2.926109396010573,277.96467460440743,0.013827178018527647,109.82417624056785,109.82417624056785,4.590139350398518,0.0,134.99628671680168,1.0
5.2950005702263185,0.9114949779082819,27460.64073541356,0.10680472529630067,1949584.4340458745,0.03301428710119926,0.0016137956626106067,0.03995260808929593,0.0765806908531058,168.23638710295276,288.4441535259775,6000.0,23.926019100967192,2.9260191009671934,277.95556397148556,0.01382689756149523,109.7191768685328,109.7191768685328,4.585768171692945,0.0,134.88174030380824,1.0
5.3022743152600045,0.9116003273577977,27466.988835265984,0.1067795920165426,1949809.7645763648,0.033013766702658126,0.0016130362354324027,0.03998475094006453,0.07661155387815506,168.34309560189305,288.47749154047733,6000.0,23.925918528774922,2.925918528774921,277.9454263863229,0.013826585477982928,109.60233078442982,109.60233078442982,4.580903786519823,0.0,134.75423649498177,1.0
5.316126153315599,0.9118006417961024,27479.06131655406,0.10673182576748266,1950238.2144529945,0.03301277740111904,0.0016115934230780656,0.04004583650806407,0.07667020733226118,168.5460262748894,288.5408813890187,6000.0,23.925727009263476,2.925727009263477,277.92615049369164,0.013825992034844135,109.38012421880222,109.38012421880222,4.571653106986167,0.0,134.5116647269592,1.0
5.329977991371185,0.912000551679983,27491.11206077337,0.10668418586179217,1950665.7990335699,0.03301179035755538,0.0016101550700177698,0.040106756982468315,0.07672870241004147,168.74858849857452,288.6041432156167,6000.0,23.925535497964358,2.9255354979643586,277.90691353059395,0.013825399739682416,109.15832503201943,109.15832503201943,4.562419304734345,0.0,134.26941049525018,1.0
5.343829829426771,0.9122000577482205,27503.141096434378,0.10663667190982612,1951092.5198982598,0.033010805566619277,0.0016087211593860703,0.04016751258000028,0.07678703930600562,168.950782112842,288.66727725405997,6000.0,23.925343994861677,2.925343994861678,277.8877154259382,0.013824808590615136,108.9369333130962,108.9369333130962,4.553202383902694,0.0,134.02747471847022,1.0
5.344953405794492,0.9122162227765472,27504.115867243443,0.10663282337952533,1951127.0950614428,0.033010725785010506,0.0016086050436015893,0.040172433479752696,0.07679176430836479,168.9671666549852,288.6723927050777,6000.0,23.925328461660367,2.9253284616603676,277.8861598947791,0.013824760690414134,108.9189932397939,108.9189932397939,4.552455503979115,0.0,134.00786435908813,1.0
5.357774838809954,0.9124004985989644,27515.229143613808,0.10658896519985046,1951521.2401567674,0.0330098164217047,0.0016072820742183973,0.04022851051403351,0.07684560900995661,169.1539632471608,288.73070710603514,6000.0,23.92515121191896,2.9251512119189598,277.86842736886877,0.013824214621090333,108.71446412170798,108.71446412170798,4.5439405234583825,0.0,133.78423420698263,1.0
5.371728072812061,0.912600649543648,27527.30235743771,0.1065413573300604,1951949.3403390746,0.033008828967593024,0.001605846612546967,0.04028937762134593,0.07690405320148591,169.35688999918227,288.7940452167389,6000.0,23.92495832355706,2.9249583235570595,277.84916720893017,0.013823621460002454,108.4922772097479,108.4922772097479,4.534690332267953,0.0,133.54117510677958,1.0
5.38568130681416,0.9128003929994744,27539.353631409802,0.10649387608018612,1952376.5689489078,0.03300784378290102,0.0016044156074252647,0.04035007810462953,0.07696233749495582,169.55944228587987,288.8572543768929,6000.0,23.924765443463603,2.9247654434636017,277.8299462609002,0.01382302945608065,108.27050397502035,108.27050397502035,4.525457281112051,0.0,133.29844187586443,1.0
5.394906241362664,0.9129322264723306,27547.309085498444,0.1064625540263906,1952658.5458031923,0.03300719368894232,0.0016034719625227655,0.04039011777478526,0.07700078342625034,169.6931504694755,288.8989733061312,6000.0,23.92463792872436,2.9246379287243576,277.8172601665304,0.013822638697605253,108.12410969705488,108.12410969705488,4.519362425428353,0.0,133.13814245481976,1.0
5.399669175029557,0.9130002240031486,27551.412826614473,0.10644640367050878,1952803.9848136634,0.03300685842523676,0.0016029855064383822,0.040410762242503014,0.07702060617417816,169.76212134886993,288.920491241714,6000.0,23.924572092893193,2.9245720928931913,277.81071688830076,0.013822437142245778,108.04859553943083,108.04859553943083,4.516218518764092,0.0,133.05543411830212,1.0
5.413724614758551,0.9132006093818112,27563.508127383644,0.10639882931049853,1953232.5864236774,0.03300587059381987,0.0016015529739115395,0.04047157132958359,0.077078994897315,169.96540018421635,288.98390353945365,6000.0,23.924377816636927,2.9243778166369254,277.79143416920846,0.013821843134544475,107.82603398499211,107.82603398499211,4.506952482166967,0.0,132.81158411521162,1.0
5.4277800544875445,0.9134005835885715,27575.581255958386,0.10635138223395334,1953660.308583601,0.03300488504861991,0.0016001249118939977,0.04053221205114619,0.0771372220116601,170.1682986753148,289.04718572113757,6000.0,23.924183548721487,2.9241835487214876,277.77219101643743,0.013821250295118747,107.60389234112264,107.60389234112264,4.497703845232078,0.0,132.56806745131834,1.0
5.441835494216538,0.9136001473963172,27587.632242709784,0.10630406204226248,1954087.152946554,0.033003901784107274,0.001598701303270128,0.04059268464843818,0.07719528773581558,170.3708167140676,289.1103380313475,6000.0,23.92398928913047,2.9239892891304713,277.75298735561427,0.013820658621988655,107.38217064154668,107.38217064154668,4.488472609805684,0.0,132.3248849979724,1.0
5.444859076930837,0.9136430236658916,27590.221739913064,0.10629389914678596,1954178.8604268779,0.03300369056343416,0.0015983956393606504,0.04060567146262849,0.0772077576654233,170.41433232244012,289.1239063006013,6000.0,23.923947501418166,2.923947501418167,277.7488614504837,0.013820531494493572,107.33452912804356,107.33452912804356,4.486489076339971,0.0,132.27261575832617,1.0
5.45596772878527,0.9138003885749517,27599.726779694043,0.10625661083202498,1954515.4461290536,0.03300291544115892,0.0015972743892047052,0.04065331839151501,0.07725350822187864,170.57405757573582,289.17370469674023,6000.0,23.923793976537702,2.923793976537704,277.7337185126274,0.0138200648899982,107.15966093689156,107.15966093689156,4.479208483486527,0.0,132.08071168838154,1.0
5.470121011084184,0.9140005137293057,27611.816957093626,0.10620921670606548,1954943.4911487694,0.033001929928825544,0.0015958498276593342,0.040713872589156465,0.07731165234564134,170.77721545746456,289.23703464604984,6000.0,23.923598381458874,2.923598381458874,277.7144608344451,0.013819471451418288,106.93724537698054,106.93724537698054,4.46994819390792,0.0,131.83651508184684,1.0
5.484274293383099,0.9142002251127475,27623.884776608855,0.10616195002739041,1955370.6511594073,0.0330009467122021,0.001594429729878835,0.04077425706298321,0.07736963350506415,170.97998729218784,289.3002336568426,6000.0,23.923402794770816,2.923402794770817,277.69524297268214,0.01381887918936892,106.7152556804943,106.7152556804943,4.460705552465143,0.0,131.59265994019782,1.0
5.489806368098886,0.9142781737352361,27628.595638637456,0.10614350951928288,1955537.374426943,0.03300056302643384,0.0015938758677699217,0.04079781338248291,0.07739225227668667,171.0591394972796,289.3249006325004,6000.0,23.92332634833818,2.923326348338181,277.68774211907146,0.013818648012054855,106.62860262179186,106.62860262179186,4.457097690731405,0.0,131.49743760409626,1.0
5.49481191249901,0.9143486490514668,27632.855193587056,0.10612684084349441,1955688.113139539,0.0330002161602383,0.0015933753055760354,0.04081910536556245,0.07741269683137679,171.13070733491924,289.3472026675388,6000.0,23.923257179005198,2.923257179005197,277.68096040807586,0.013818438992205242,106.55025307315663,106.55025307315663,4.453835540699869,0.0,131.41132342265422,1.0
5.498473823134902,0.9144001740687954,27635.969593024078,0.10611465656765093,1955798.3193109194,0.032999962584136344,0.001593009460147364,0.0408346685492924,0.07742764059357611,171.18303368829328,289.36350784789516,6000.0,23.92320657739631,2.92320657739631,277.67600224974115,0.013818286172299136,106.49296856144787,106.49296856144787,4.45145044486081,0.0,131.34835195872162,1.0
5.512736113279477,0.9146005891359023,27648.08523304761,0.10606728239394358,1956226.9844211503,0.032998976421025145,0.001591587400964535,0.040895175597404604,0.0774857394193943,171.38658622505042,289.4269295405941,6000.0,23.92300950123014,2.9230095012301405,277.65671667378405,0.013817691722133195,106.27013044873362,106.27013044873362,4.4421723129470445,0.0,131.103311837019,1.0
5.526998403424043,0.9148005864469801,27660.178265451348,0.10602003641293471,1956654.75599859,0.03299799257199741,0.0015901698222547014,0.04095551108098181,0.07754367347523393,171.58974653463375,289.49021903367907,6000.0,23.922812433533714,2.9228124335337125,277.63747129772673,0.013817098460486668,106.04772476309299,106.04772476309299,4.432912102526916,0.0,130.85862098857038,1.0
5.541260693568609,0.9150001668099039,27672.248722531094,0.10597291821700915,1957081.6357711921,0.032997011031338716,0.0015887567066548542,0.041015675266361316,0.0776014430043549,171.79251456350636,289.55337658280354,6000.0,23.92261537429009,2.922615374290089,277.618266043829,0.013816506385279476,105.82575148032265,105.82575148032265,4.4236698130445555,0.0,130.61428023376692,1.0
5.544764748067182,0.9150491373329677,27675.21082200685,0.10596136141225038,1957186.3781689084,0.03299677023247078,0.00158841020397839,0.04103043062230903,0.0776156110587582,171.84227193040155,289.56887338905614,6000.0,23.922566960753294,2.9225669607532954,277.613553699813,0.013816361101612162,105.77128176941144,105.77128176941144,4.421401848009744,0.0,130.55430263428107,1.0
5.555601922381009,0.9152004322065045,27684.363256561603,0.1059256676696122,1957509.9807531761,0.03299602637987256,0.001587340252535375,0.04107599999540431,0.07765936662781225,171.99600927990815,289.6167509120133,6000.0,23.92241723287253,2.922417232872531,277.5989948703915,0.013815912227270175,105.60298559048334,105.60298559048334,4.414394438592561,0.0,130.36894092776214,1.0
5.569968862230351,0.9154006355720506,27696.476688162023,0.10587846113725326,1957938.1930577662,0.03299504229179782,0.001585925748695688,0.041136259756778044,0.07771722779727155,172.1994710364567,289.6801056113892,6000.0,23.922218744761185,2.9222187447611843,277.5797296660889,0.013815318202653916,105.38025862963218,105.38025862963218,4.405120601646107,0.0,130.12351833865293,1.0
5.5843358020796945,0.9156004183174185,27708.567311094324,0.10583138303381061,1958365.5057034749,0.032994060528681056,0.0015845157210734354,0.04119634652279095,0.07777492277254544,172.40253462065908,289.74332720478617,6000.0,23.92202026517555,2.92202026517555,277.56050493729816,0.013814725375585675,105.15797031663908,105.15797031663908,4.395864945809893,0.0,129.8784534312783,1.0
5.594717583635355,0.9157445232132176,27717.29001227812,0.10579744334099186,1958673.729740391,0.032993352534644804,0.0015834995885783392,0.041239658671862967,0.07781651079508611,172.54902379607785,289.78892944692154,6000.0,23.92187684593483,2.92187684593483,277.5466379863057,0.013814297733366144,104.99761419022786,104.99761419022786,4.3891879749423035,0.0,129.70158865665968,1.0
5.59873199745646,0.9158001868047349,27720.659709308315,0.10578433747333602,1958792.7878528277,0.03299307909263261,0.0015831072945877139,0.0412563824008677,0.07783256878808803,172.60561229407358,289.8065442861983,6000.0,23.921821389958687,2.9218213899586867,277.5412815805337,0.013814132540408003,104.9356692864601,104.9356692864601,4.386608677318668,0.0,129.63324906156276,1.0
5.613204406743066,0.9160005888516114,27732.79310881966,0.10573717199752407,1959221.4251142615,0.0329920948020829,0.0015816959067643712,0.04131656159793496,0.07789035230678223,172.8093620557653,289.8699618586229,6000.0,23.921621470483927,2.921621470483928,277.52199725748955,0.013813537774415477,104.71263520172425,104.71263520172425,4.3773218019909566,0.0,129.38711015342008,1.0
5.627676816029672,0.9162005665998632,27744.90346545156,0.10569013559086864,1959649.1548490338,0.03299111285306671,0.0015802890080753784,0.04137656611088764,0.07794796797202974,173.01270773696604,289.9332451610179,6000.0,23.92142155960812,2.9214215596081194,277.50275376392733,0.013812944217107836,104.4900460269613,104.4900460269613,4.368053368675848,0.0,129.14133656413807,1.0
5.642149225316278,0.9164001208927255,27756.990813458808,0.10564322783683634,1960075.97886073,0.032990133239684326,0.0015788865809169882,0.04143639623154109,0.07800541605214241,173.21564934074794,289.9963944602266,6000.0,23.921221657313783,2.921221657313784,277.483551018704,0.013812351866303531,104.26790167795608,104.26790167795608,4.358803374328365,0.0,128.8959290600047,1.0
5.644670419203528,0.916434841384559,27759.094162438956,0.10563506930882084,1960150.2420569751,0.032989962822697484,0.0015786427244337898,0.04144680123808396,0.07801540678521524,173.25096184574153,290.0073818195864,6000.0,23.921186833826624,2.921186833826626,277.4802099291732,0.013812248797929057,104.22924808343168,104.22924808343168,4.35719384692245,0.0,128.85321487219298,1.0
5.656709409567536,0.9166004590166084,27769.128287408577,0.1055961649934791,1960504.4793981265,0.03298915003592997,0.0015774801426260583,0.041496413535965226,0.07806304371452125,173.41941403312995,290.0597918041099,6000.0,23.921020551256824,2.921020551256825,277.4642728468528,0.013811757138194289,104.04485881372284,104.04485881372284,4.349515882517657,0.0,128.64940334688615,1.0
5.6712881105718616,0.9168006242082635,27781.257933969522,0.10554917192137525,1960932.610053091,0.03298816793838577,0.0015760764146962218,0.041556330915193944,0.07812057526827594,173.62302811824435,290.12313442329236,6000.0,23.920819198112458,2.9208191981124583,277.4450113159542,0.013811162872816737,103.82198319770987,103.82198319770987,4.340235271119069,0.0,128.40293688380768,1.0
5.6858668115761795,0.9170003622793045,27793.364337883046,0.1055023081329931,1961359.8271454785,0.03298718819293048,0.0015746771708533534,0.041616072234661614,0.07817793759844545,173.8262322286304,290.1863418794218,6000.0,23.920617853622833,2.920617853622832,277.42579088609233,0.013810569825051851,103.59955865746193,103.59955865746193,4.3309733591087625,0.0,128.15684416768246,1.0
5.694623254771701,0.9171201265214635,27800.624680892895,0.10547422218453101,1961615.989283425,0.03298660085400673,0.0015738388874855648,0.041651870315229336,0.07821231005672163,173.94808618500343,290.2242414798469,6000.0,23.920496923709965,2.9204969237099667,277.41426619175445,0.013810214205597023,103.46618000675102,103.46618000675102,4.325419339603914,0.0,128.00921282178996,1.0
5.700486243775948,0.917200230348875,27805.48126102975,0.10545544281612164,1961787.3222899847,0.032986208066115276,0.0015732785028053809,0.04167580397345098,0.07823529054237163,174.0295924101706,290.24959047380946,6000.0,23.92041595527333,2.920415955273331,277.4065579467093,0.013809976340854525,103.3769655365387,103.3769655365387,4.321704343680066,0.0,127.91043994656918,1.0
5.715166934066813,0.917400505435138,27817.62550817451,0.10540851109919296,1962215.687997058,0.03298522620038986,0.0015718784758499368,0.04173560846178983,0.07829271313802963,174.23338992741142,290.31296786932955,6000.0,23.92021321965488,2.920213219654879,277.3872858408532,0.013809381597449159,103.1538959134418,103.1538959134418,4.312415402245738,0.0,127.663382919893,1.0
5.72984762435768,0.9176003500325457,27829.746294330696,0.1053617092022313,1962643.1329372686,0.03298424670152858,0.0015704829421939793,0.04179523535703625,0.0783499650007588,174.43677185126458,290.37620903591096,6000.0,23.920010492758653,2.920010492758653,277.3680551601536,0.013808788081928326,102.931283308889,102.931283308889,4.30314540790229,0.0,127.4167070790694,1.0
5.739806368098886,0.9177356713280356,27837.955173087383,0.10533003451010492,1962932.5698487998,0.0329835835962453,0.0015695388214739742,0.04183558272170693,0.07838870513942621,174.57450077981693,290.4190316926207,6000.0,23.91987297657853,2.9198729765785334,277.3550334389803,0.013808386164560446,102.78053265916336,102.78053265916336,4.296867828679622,0.0,127.24959023890008,1.0
5.744545642802536,0.9178000001435559,27841.85792090754,0.10531498168709735,1963070.1618931212,0.032983268411487694,0.0015690902447316267,0.041854755042779135,0.07840711369899846,174.63997756767665,290.43938865693735,6000.0,23.919807535296105,2.9198075352961044,277.3488431945248,0.013808195093628602,102.70886562684817,102.70886562684817,4.293883446816652,0.0,127.1701226471396,1.0
5.744576090339874,0.9178004132804626,27841.882986284847,0.10531488502349068,1963071.0455461328,0.03298326638737232,0.001569087364346515,0.04185487815599596,0.07840723190771479,174.64039808424758,290.43951939482207,6000.0,23.919807114870586,2.9198071148705873,277.3488034391147,0.013808193866502939,102.70840535486712,102.70840535486712,4.2938642799930795,0.0,127.16961223534884,1.0
5.759339281398031,0.9180005151640669,27854.024668670674,0.10526808071782057,1963499.040792353,0.03298228614036918,0.0015676929987655608,0.04191448283487321,0.07846446197400794,174.84408475503912,290.5028419800629,6000.0,23.919603266255365,2.919603266255364,277.3295480002342,0.013807599485744303,102.48546324519506,102.48546324519506,4.284580396438961,0.0,126.92232126746468,1.0
5.774133042317965,0.9182005973829372,27866.167804340657,0.10522130989305428,1963926.9939779362,0.032981306246031274,0.0015663002497877207,0.04197403175783845,0.07852163825365743,175.04777182785222,290.5661583423649,6000.0,23.919399004327722,2.919399004327721,277.3102944536551,0.013807005112820259,102.26252262580289,102.26252262580289,4.2752964908232265,0.0,126.67490703890712,1.0
5.788926803237899,0.9184002460389841,27878.287264532468,0.10517466917036934,1964354.019821787,0.032980328730414545,0.0015649119913687078,0.04203340164734451,0.07857864236912776,175.25103718588048,290.6293375029656,6000.0,23.91919475118393,2.9191947511839307,277.29108262803487,0.013806411977446167,102.0400454421544,102.0400454421544,4.266031800134229,0.0,126.42788269588442,1.0
5.794528925908047,0.9184757362877563,27882.87050662977,0.10515704106740371,1964515.4849066152,0.03297995918305763,0.0015643874521791457,0.042055837256188326,0.0786001838914251,175.32789993935145,290.6532265220324,6000.0,23.91911740659872,2.9191174065987195,277.28381833923794,0.013806187690655542,101.95591839988649,101.95591839988649,4.262528448134097,0.0,126.33444107744508,1.0
5.803788146978358,0.9186003711239062,27890.438290178194,0.10512794593936638,1964782.064692996,0.03297934913799616,0.001563521894228708,0.04209286283085137,0.07863573386307623,175.4548066168803,290.6926674303034,6000.0,23.918989573769533,2.918989573769534,277.27182495653386,0.013805817376115165,101.81701833965357,101.81701833965357,4.2567441248149525,0.0,126.18012310123548,1.0
5.818690681118261,0.918800613356006,27902.59907848734,0.10508122417682284,1965210.3601287385,0.032978369228440656,0.0015621324584285188,0.04215230807130485,0.07869280975817403,175.65871368336047,290.75603442906703,6000.0,23.918783836539806,2.918783836539807,277.2525560121739,0.013805222376081533,101.59384232881342,101.59384232881342,4.247450163984191,0.0,125.93207324775882,1.0
5.833593215258155,0.9190004183701492,27914.73595630132,0.10503463312874138,1965637.720404833,0.03297739171386429,0.0015607475249335482,0.04221157265554649,0.07874971189434432,175.86219313323386,290.81926306945627,6000.0,23.918578108167782,2.9185781081677824,277.2333291404995,0.013804628624707911,101.37113600726565,101.37113600726565,4.238175678705966,0.0,125.68442104491969,1.0
5.844481761476219,0.9191461301294914,27923.588678601172,0.10500067374347863,1965949.3813407202,0.032976679002818234,0.0015597384585577256,0.042254760340523154,0.07879117780189912,176.010595235421,290.86537380632365,6000.0,23.91842779818915,2.9184277981891498,277.21930756396233,0.013804195587970625,101.20871232854134,101.20871232854134,4.231411578657515,0.0,125.50372558974003,1.0
5.848525271557231,0.919200181603428,27926.87293440036,0.10498808045011258,1966064.991316395,0.03297641465861328,0.0015593643454138207,0.042270773796102834,0.07880655280012994,176.0656469157873,290.88247848821914,6000.0,23.918371981109935,2.9183719811099365,277.2141062893215,0.013804034947073563,101.14845937353417,101.14845937353417,4.228902345586832,0.0,125.43667772062236,1.0
5.863537411155255,0.9194005755722101,27939.050884417014,0.10494140951195924,1966493.6112997008,0.0329754347743713,0.0015579782676680652,0.04233011030860587,0.07886352335064523,176.26975934544691,290.94589350431687,6000.0,23.918164757482508,2.918164757482507,277.1948227436176,0.013803439344299572,100.92506339817066,100.92506339817066,4.219598970970274,0.0,125.18800944653296,1.0
5.878549550753278,0.9196005286666983,27951.204688344194,0.10489486989570695,1966921.2883028677,0.032974457301325664,0.0015565967037436824,0.042389264554300726,0.07892031855937007,176.47343824978256,291.009169004986,6000.0,23.917957542786894,2.9179575427868927,277.175581622442,0.013802845001308864,100.70214337265944,100.70214337265944,4.210315332841992,0.0,124.93974662696225,1.0
5.8935616903513095,0.9198000418228386,27963.334385608083,0.10484846116165417,1967348.0243277783,0.03297348223309353,0.0015552196354087174,0.042448236890136035,0.07897693875863829,176.6766837807595,291.07230528640827,6000.0,23.9177503370042,2.9177503370041995,277.15638283573037,0.013802251915653178,100.47969905497087,100.47969905497087,4.201051421609428,0.0,124.69188988233483,1.0
5.894434597044392,0.9198116293442036,27964.038946949488,0.1048457666631305,1967372.8087224592,0.03297342560991995,0.0015551397013187195,0.042451660349401794,0.07898022566064047,176.68848851304077,291.0759721774747,6000.0,23.91773828894116,2.917738288941158,277.1552677897078,0.013802217468295849,100.46677927666704,100.46677927666704,4.20051336221535,0.0,124.67749033067419,1.0
5.908677848450136,0.9200004938235243,27975.523811245563,0.1048018626652268,1967776.7684347476,0.0329725028320673,0.0015538375494637035,0.04250743440109903,0.07903377478263005,176.88089986592686,291.1357386668017,6000.0,23.917541704487792,2.917541704487794,277.1370937057224,0.013801655988484636,100.25619383979554,100.25619383979554,4.191743243453146,0.0,124.44272666856745,1.0
5.923800428286702,0.9202005865455573,27987.694038271613,0.10475537626850799,1968204.744085405,0.03297152544181507,0.0015524594005057232,0.04256647323539009,0.0790904580777109,177.08476336205763,291.19905835284754,6000.0,23.917332992343123,2.9173329923431224,277.1178391484431,0.013801061078796138,100.0330757863855,100.0330757863855,4.182451104327143,0.0,124.19387081081625,1.0
5.938923008123268,0.9204002356925868,27999.83992360776,0.10470902135086164,1968631.7709794121,0.03297055047244122,0.001551085758255914,0.042625328574999996,0.07914696480569713,177.28818759991495,291.2622376688206,6000.0,23.917124289185427,2.917124289185427,277.0986272755765,0.013800467437519452,99.81043967566157,99.81043967566157,4.173178951985992,0.0,123.94542884143556,1.0
5.944387432612565,0.9204722684164786,28004.22276399373,0.10469230362043801,1968785.8408104533,0.03297019876915097,0.0015505905084062385,0.04264655042635622,0.07916733970391343,177.3615853360926,291.2850325481921,6000.0,23.917048878158504,2.9170488781585044,277.0916956980855,0.013800253241431895,99.73011036199293,99.73011036199293,4.169833446845875,0.0,123.8557582135633,1.0
5.9541134230332755,0.9206003348008092,28012.015826682145,0.10466259041775951,1969059.7602894052,0.03296957356032935,0.0015497104729048983,0.04268426356408786,0.07920354759732211,177.49208230604478,291.32555937578707,6000.0,23.916914658880096,2.9169146588800956,277.0793721037659,0.013799872407791472,99.5872897977211,99.5872897977211,4.1638853179059785,0.0,123.69628970296546,1.0
5.969342217905428,0.920800492155619,28024.197921987823,0.10461617443796603,1969487.8741822457,0.03296859661873409,0.001548336240152158,0.042743162366626966,0.07926009522551322,177.6960476732308,291.3888995149863,6000.0,23.91670450798806,2.916704507988063,277.06011132699257,0.013799277154251574,99.36406365376178,99.36406365376178,4.154588422521784,0.0,123.44694145057954,1.0
5.984571012777572,0.9210002025975316,28036.355456502104,0.10456989044087019,1969915.0321790595,0.03296762211240884,0.001546966521981658,0.042801876226478436,0.07931646486086893,177.89956819139843,291.4520982278305,6000.0,23.916494366151284,2.9164943661512823,277.0408935558313,0.013798683179354935,99.14132536443287,99.14132536443287,4.145311760437029,0.0,123.19801465208549,1.0
5.989806368098886,0.9210687560028915,28040.529308289068,0.10455400933240633,1970061.6601421635,0.03296728765792805,0.0015464966797072467,0.042822018228792016,0.07933580256642732,177.96943176484322,291.47379207086817,6000.0,23.916422125675687,2.9164221256756875,277.0342967868095,0.013798479277538737,99.06486502196626,99.06486502196626,4.142127300705831,0.0,123.11253604207329,1.0
5.994340268180737,0.9211280817769008,28044.141589495262,0.10454026858920959,1970188.551247819,0.032966998246803554,0.0015460902176786396,0.04283944390764503,0.07935253237212722,178.0298922663154,291.49256581409344,6000.0,23.91635956514943,2.916359565149431,277.0285879759033,0.01379830281713502,98.9986957095879,98.9986957095879,4.139371439031522,0.0,123.03855053671485,1.0
5.9998585442032715,0.9212002347893555,28048.53522071279,0.10452356022497636,1970342.8783624612,0.032966646290229225,0.0015455960430516636,0.04286063091463972,0.07937287324792061,178.10342646907787,291.5153987589876,6000.0,23.916283422898086,2.9162834228980863,277.0216448232635,0.013798088197007067,98.91821835418563,98.91821835418563,4.136019656778222,0.0,122.94855220903311,1.0
6.015204518518895,0.9214005807110358,28060.7367388909,0.10447718574990791,1970771.3955784629,0.032965669192409994,0.0015442248631082078,0.042919423555870403,0.0794293176113886,178.3076136674341,291.5787985704973,6000.0,23.916071682365498,2.916071682365499,277.0023659010445,0.013797492230822205,98.69475223361042,98.69475223361042,4.126712511335335,0.0,122.69856435184255,1.0
6.03055049283452,0.9216004757903642,28072.913444145346,0.10443094393052726,1971198.9484937792,0.03296469454742798,0.0015428582113539994,0.042978029575221455,0.07948558233400344,178.51134983359736,291.64205571216934,6000.0,23.915859950968684,2.9158599509686853,276.98313036256184,0.013796897555214495,98.47178052896447,98.47178052896447,4.117425872657194,0.0,122.44900610751041,1.0
6.0442931037489105,0.9217791037914145,28083.79688988755,0.10438964572250142,1971581.013539416,0.032963823810707504,0.0015416381767901486,0.043030354309016,0.07953581629651366,178.69341682741586,291.698582850341,6000.0,23.91567034922669,2.9156703492266893,276.96594131618895,0.013796366105151012,98.27252448877309,98.27252448877309,4.109126905236454,0.0,122.22588702662794,1.0
6.0459082692524655,0.9218000742357328,28085.074715335257,0.10438479890220335,1971625.8669426811,0.032963721601851965,0.0015414950233252236,0.043036494227063446,0.07954171085224063,178.7147913816617,291.7052189835146,6000.0,23.91564806586247,2.915648065862471,276.9639233686235,0.01379630371170664,98.2491319869618,98.2491319869618,4.108152608551051,0.0,122.19968656932603,1.0
6.061367202837856,0.922000533383919,28097.2910786562,0.10433848318743728,1972054.6263373434,0.032962744715179314,0.0015401273988162195,0.04309515601460033,0.07959802812859587,178.91911724929776,291.7686546257469,6000.0,23.915434794331617,2.915434794331618,276.94463355082456,0.013795707256786848,98.0255163015268,98.0255163015268,4.098838977611254,0.0,121.94916041922647,1.0
6.076826136423245,0.9222005380608757,28109.482392947037,0.10429230070763584,1972482.4136695631,0.03296177029722832,0.001538764312845275,0.04315362963925936,0.07965416424933296,179.12298619932287,291.83194644977686,6000.0,23.91522153201126,2.9152215320112584,276.9253874659623,0.013795112103527553,97.80240126663941,97.80240126663941,4.0895461133708455,0.0,121.69907178915672,1.0
6.092285070008634,0.9224000892806473,28121.648702013073,0.10424625100363638,1972909.2311082664,0.032960798341210545,0.0015374057466461556,0.04321191551121821,0.07971011959907491,179.32639850885053,291.89509477650074,6000.0,23.91500827888129,2.9150082788812917,276.90618501645685,0.013794518249255372,97.57978650760631,97.57978650760631,4.080274000731851,0.0,121.44942117417423,1.0
6.094245939317084,0.9224253687526066,28123.19013762135,0.10424041935172335,1972963.3010331998,0.03296067523025426,0.0015372337430622576,0.04321929531334722,0.07971720428666373,179.35216747147584,291.9030945088828,6000.0,23.914981229707596,2.914981229707597,276.9037524190296,0.013794443015243494,97.55158494755378,97.55158494755378,4.079099373340655,0.0,121.41778587870292,1.0
6.107843372280668,0.9226004663849039,28133.86801259285,0.10420003889192435,1973337.815020264,0.032959822616411415,0.0015360429922449792,0.04327038688925589,0.07976625249791229,179.53065757083354,291.9585044557904,6000.0,23.914793664237568,2.9147936642375667,276.8869030935955,0.013793921886573482,97.35624552276195,97.35624552276195,4.070963224255181,0.0,121.19860856134004,1.0
6.12341610988239,0.9228005715201207,28146.07338683941,0.1041539176494125,1973765.8172213144,0.03295884846969744,0.0015346835199549584,0.04332872291840874,0.07982225490806114,179.73464356362325,292.0218280700096,6000.0,23.914578859750822,2.914578859750822,276.86764734181827,0.01379332628270549,97.13300377819502,97.13300377819502,4.061664825788494,0.0,120.94800848754804,1.0
6.138988847484103,0.9230002195936603,28158.253520602073,0.10410792975043123,1974192.8418192482,0.03295787680062603,0.0015333285773643046,0.04338686968302644,0.07987807506101677,179.93816706446336,292.0850070462749,6000.0,23.91436406452906,2.914364064529059,276.8484355722516,0.013792731988847604,96.91026850778826,96.91026850778826,4.052387437369921,0.0,120.69785433337881,1.0
6.144198774885257,0.9230669108737899,28162.32281067964,0.10409257398514038,1974335.4869075685,0.03295755227640754,0.001532876283339327,0.043406280759407674,0.07989670931915455,180.00615354856535,292.10611161658056,6000.0,23.914292205913966,2.914292205913966,276.8420179921406,0.013792533457213913,96.83586444357525,96.83586444357525,4.049288333928942,0.0,120.61426379429929,1.0
6.154637879292294,0.923200386402947,28170.467946573033,0.10406185040489045,1974620.9759341432,0.032956902860076,0.001531971540658032,0.04344511109208469,0.07993398549281872,180.14222209338268,292.1483501773596,6000.0,23.914148226291708,2.9141482262917076,276.8291738856912,0.013792136100313235,96.68695179230852,96.68695179230852,4.043085744781363,0.0,120.44692427724824,1.0
6.170325268193705,0.9234005826884353,28182.686820402447,0.10401579232464025,1975049.1730952922,0.03295592902953011,0.0015306157305714709,0.04350330429364012,0.07998984905374171,180.3463091754294,292.211702636239,6000.0,23.913931868365708,2.913931868365709,276.8099093626898,0.013791540073400579,96.46360018726037,96.46360018726037,4.033782512982159,0.0,120.19583203059187,1.0
6.186012657095116,0.9236003183138823,28194.88021833297,0.10396986814895164,1975476.3849568316,0.03295495769225816,0.0015292644598321407,0.043561306735808054,0.08004552888789836,180.5499279205925,292.274909318456,6000.0,23.91371551977945,2.9137155197794513,276.79068916816294,0.013790945367512901,96.24076124757045,96.24076124757045,4.024500549400951,0.0,119.94519363169273,1.0
6.194151610453429,0.923703764283648,28201.19639212657,0.10394609430628297,1975697.6441599077,0.032954454721711275,0.001528565173843613,0.043591324631065576,0.08007434452662046,180.6553852772823,292.3076449735149,6000.0,23.91360327717209,2.9136032771720894,276.780734751381,0.013790637340919846,96.12534947409867,96.12534947409867,4.019693241539215,0.0,119.81533601691528,1.0
6.2017532259845956,0.9238002690951602,28207.089392492653,0.10392392240630999,1975904.0570123037,0.032953985561104286,0.0015279131516616412,0.04361931451561852,0.08010121322838445,180.75376655841245,292.3381840871058,6000.0,23.91349844714153,2.913498447141533,276.77144826958335,0.013790349970524944,96.0176817111709,96.0176817111709,4.01520847831649,0.0,119.69416215345647,1.0
6.217551135158707,0.9240004840759726,28219.31734703877,0.10387794389429468,1976332.2941606317,0.03295301239841311,0.0015265614776457262,0.043677341392800696,0.08015691526885954,180.95787436253158,292.40154246215263,6000.0,23.913280593156607,2.9132805931566073,276.752181947565,0.013789753736216756,95.79430758503344,95.79430758503344,4.005904050339601,0.0,119.44267647715421,1.0
6.233349044332809,0.9242002350981984,28231.519606391063,0.10383209975627664,1976759.5389541355,0.03295204174296337,0.0015252143494766258,0.04373517615456452,0.08021243224700453,181.16150829260982,292.46475401670676,6000.0,23.913062748580415,2.913062748580416,276.73296027143425,0.013789158833097444,95.57145197882443,95.57145197882443,3.996621134802064,0.0,119.19165230612464,1.0
6.239806368098886,0.9242817490934391,28236.49983762797,0.10381339975077683,1976933.88814983,0.03295164571216631,0.001524665021312227,0.043758760643750415,0.08023507137722895,181.2446063932155,292.49054926070437,6000.0,23.912973708301347,2.9129737083013474,276.7251163285138,0.013788916051747252,95.48050993529833,95.48050993529833,3.992832974267539,0.0,119.08918027560526,1.0
6.244104446021602,0.9243359630261948,28239.812369980773,0.10380096517120077,1977049.8456065038,0.03295138234027194,0.0015242997999984375,0.04377444104831153,0.0802501231885819,181.2998737210717,292.5077053529726,6000.0,23.91291444281274,2.912914442812739,276.7198994207574,0.013788754576277512,95.42002569968568,95.42002569968568,3.990313515647822,0.0,119.02101636145855,1.0
6.249201546768587,0.9244002111195629,28243.73825240847,0.10378623178884508,1977187.2649952916,0.032951070246312,0.0015238671162000937,0.04379301811905818,0.08026795548157029,181.36536997419577,292.52803677262534,6000.0,23.912844160629255,2.9128441606292546,276.71371694404723,0.013788563209387717,95.34834696985146,95.34834696985146,3.987327744427638,0.0,118.94022495413188,1.0
6.26512078980618,0.924600561114056,28255.982399364522,0.10374030591386409,1977615.790922578,0.032950097185746895,0.001522518778465179,0.04385090985255534,0.08032352581676741,181.56961053867855,292.5914378729837,6000.0,23.912624661892373,2.9126246618923726,276.6944376299089,0.013787966421145133,95.12482709123037,95.12482709123037,3.978016986266805,0.0,118.68820748114369,1.0
6.281040032843782,0.9248004432748059,28268.200599391042,0.103694515044306,1978043.3162065195,0.032949126649461,0.0015211749985030642,0.04390860789096964,0.0803789095389337,181.77337110455073,292.65469092654934,6000.0,23.91240517264521,2.912405172645212,276.6752033345575,0.013787370975919418,94.90183223000679,94.90183223000679,3.9687280114578565,0.0,118.43665977318838,1.0
6.294057281589775,0.9249635410517354,28278.172236539798,0.10365717160778345,1978392.163863211,0.03294833490778475,0.0015200795563143192,0.04395564425593184,0.08042405872003092,181.93963075572998,292.70630349858607,6000.0,23.912225702171188,2.9122257021711877,276.65950873329416,0.013786885073291039,94.71987797756418,94.71987797756418,3.9611485420599633,0.0,118.23131725463695,1.0
6.296980642260514,0.9250001260340722,28280.409247720723,0.10364879751301195,1978470.414993291,0.03294815733268909,0.0015198339625769966,0.04396618975115331,0.08043418104641939,181.97692459984015,292.7178808791725,6000.0,23.912185398292923,2.912185398292924,276.65598822724667,0.01378677607430872,94.67906362740652,94.67906362740652,3.9594483753946474,0.0,118.18524551156649,1.0
6.313017093172468,0.9252005382578111,28292.665145936266,0.10360294073214081,1978899.0740218798,0.03294718472733388,0.0015184894361120504,0.04402392279048811,0.08048959695393404,182.1812171479222,292.78130167208275,6000.0,23.911964312124866,2.9119643121248657,276.63670292490167,0.013786178948803381,94.45548577697946,94.45548577697946,3.9501349426606747,0.0,117.93279563281757,1.0
6.329053544084423,0.925400479074413,28304.89486171782,0.10355721949606178,1979326.7247640395,0.03294621466162189,0.0015171494761849465,0.04408146069531983,0.08054482483312667,182.3850238845703,292.84457328739364,6000.0,23.911743235521723,2.911743235521722,276.61746298520467,0.013785583177286275,94.23243910063437,94.23243910063437,3.940843550069943,0.0,117.68082350370513,1.0
6.344010117157947,0.9255865322090984,28316.277487781143,0.1035146988148224,1979724.6713288368,0.03294531220155385,0.0015159038462693101,0.044134948612836296,0.08059616466065946,182.57466903857068,292.9034501218753,6000.0,23.911537054587257,2.911537054587255,276.5995594317801,0.013785028742077965,94.02489039320943,94.02489039320943,3.9321976742256908,0.0,117.44624977356375,1.0
6.345097945379175,0.9256000483750947,28317.10448836521,0.10351161075407792,1979753.58087576,0.032945246649193925,0.0015158134024311186,0.044138832325186964,0.080599892376812,182.58844593481408,292.9077273358526,6000.0,23.91152205886587,2.9115220588658683,276.5982587958063,0.013784988462427037,94.00981286099224,94.00981286099224,3.9315695851379506,0.0,117.42920488092449,1.0
6.361252461426749,0.9258005128612762,28329.371532908917,0.1034658250944718,1980182.3516877894,0.032944274546773344,0.001514472738001908,0.04419640133096892,0.08065514861574417,182.7927736941921,292.9711646673027,6000.0,23.911299373876,2.911299373875997,276.57896846434187,0.013784391029267498,93.78619477014976,93.78619477014976,3.9222542156205336,0.0,117.1763431621997,1.0
6.377406977474332,0.9260005023771011,28341.612159590222,0.10342017551137152,1980610.106592067,0.032943304999261534,0.0015131366485695269,0.04425377378270158,0.08071021543053264,182.9966098439304,293.03445169356644,6000.0,23.911076698526344,2.911076698526342,276.5597238384076,0.013783794961047686,93.56311399447719,93.56311399447719,3.912961142408261,0.0,116.92396719204174,1.0
6.393561493521907,0.9262000180600676,28353.82641921608,0.10337466151561092,1981036.8480215722,0.03294233799923614,0.0015118051145535621,0.04431095017285461,0.0807650932866443,183.1999548625045,293.0975887746072,6000.0,23.91085403279488,2.910854032794879,276.54052480854403,0.013783200254736864,93.34056994603952,93.34056994603952,3.903690341550263,0.0,116.6720772568721,1.0
6.39396295272612,0.9262049702411763,28354.129622965145,0.1033735321603618,1981047.440175603,0.03294231400049644,0.001511772082170377,0.04431236858261172,0.08076645466527854,183.20500198133166,293.09915590083676,6000.0,23.910848499405237,2.9108484994052364,276.54004826919845,0.013783185492884941,93.33504628786679,93.33504628786679,3.90346023438643,0.0,116.66582367996668,1.0
6.409831979070379,0.9264004882234951,28366.101762011658,0.10332895734256657,1981465.6309765875,0.03294136662482439,0.0015104686066090057,0.044368339341097095,0.08082017457253049,183.40426370783575,293.16102790263153,6000.0,23.91062977829783,2.9106297782978325,276.5212339307686,0.01378260265270839,93.11697022293282,93.11697022293282,3.894375475942052,0.0,116.41887062003558,1.0
6.426105420046741,0.9266005163227689,28378.352683848192,0.10328338145541799,1981893.4684064884,0.03294039764380278,0.0015091364386186639,0.044425540998891705,0.08087507508131314,183.60811231921653,293.22432713869404,6000.0,23.910405492781145,2.910405492781143,276.5019855920195,0.013782006317870833,92.89387327280295,92.89387327280295,3.885081468018131,0.0,116.16611170365273,1.0
6.442378861023113,0.9268000670593548,28390.57700459653,0.10323794167397306,1982320.284811712,0.032939431225315355,0.001507808834039079,0.04448254521024701,0.08092978526960146,183.81146405296658,293.287475312513,6000.0,23.9101812169577,2.9101812169577,276.48278318901015,0.013781411355806624,92.67131913604356,92.67131913604356,3.875809986346684,0.0,115.91384679647429,1.0
6.4439157882942935,0.9268188887804788,28391.730144238798,0.10323365718008348,1982360.5423396355,0.03293934008514706,0.0015076836850177306,0.04448791872433484,0.08093494249449965,183.83064372346556,293.2934314785359,6000.0,23.91016003597388,2.9101600359738797,276.48097200915413,0.013781355236103309,92.65032828568857,92.65032828568857,3.874935514705552,0.0,115.89004745412943,1.0
6.458756355349372,0.9270004129558144,28402.85268428676,0.1031923482633068,1982748.801973769,0.0329384612070506,0.0015064773280842798,0.04453971507900687,0.08098465361414176,184.01561490323678,293.35087511604155,6000.0,23.909955516865132,2.9099555168651317,276.4635042692181,0.013780813972359482,92.44788936598133,92.44788936598133,3.8665019389422226,0.0,115.66046788929681,1.0
6.475144701796717,0.9272004099930653,28415.109634940254,0.10314686162984064,1983176.5729655242,0.0329374931287461,0.0015051495265453758,0.04459672368461144,0.08103936633990291,184.21939834355427,293.4141645224735,6000.0,23.909729677000275,2.9097296770002754,276.44425891951073,0.013780217578551007,92.22486057595646,92.22486057595646,3.857210508936504,0.0,115.40742239877116,1.0
6.489806368098886,0.9273789279516305,28426.052459458937,0.10310628320831115,1983558.4026427597,0.03293662923076386,0.001503965494824188,0.044647557441309244,0.0810881521668973,184.40128538694492,293.4706568375115,6000.0,23.90952763995275,2.90952763995275,276.42708046232525,0.013779685192956278,92.02579507538033,92.02579507538033,3.8489173212107084,0.0,115.18146302447646,1.0
6.491539394258686,0.927400003602596,28427.344497372374,0.10310149399652237,1983603.4810711169,0.032936527253006005,0.0015038257818644925,0.04465355555876532,0.08109390859363583,184.42275809837696,293.47732626350955,6000.0,23.909503759452303,2.909503759452304,276.4250523909162,0.013779622337390303,92.00229429253926,92.00229429253926,3.8479382599552023,0.0,115.15478090466308,1.0
6.493868623862466,0.927428321349102,28429.080556510442,0.10309505957474689,1983664.0495208981,0.0329363902376407,0.0015036380843435043,0.04466161368489306,0.08110164200687728,184.45160911030285,293.48628746309777,6000.0,23.90947166364639,2.90947166364639,276.42232742587714,0.013779537882271584,91.97071831557429,91.97071831557429,3.846622778177609,0.0,115.11892832295774,1.0
6.50804402699996,0.9276004510360925,28439.634348621494,0.10305595964855736,1984032.215409386,0.03293555749645044,0.0015024977583264064,0.044710568216515534,0.08114862347129238,184.62697435340155,293.5407581986081,6000.0,23.90927633678178,2.909276336781781,276.4057637004005,0.013779024499248184,91.77878934699893,91.77878934699893,3.838626818069245,0.0,114.9009525798878,1.0
6.524557906930109,0.9278005253282566,28451.903970414256,0.10301053737236203,1984460.1516406434,0.0329345897958718,0.0015011735878782183,0.04476741218871468,0.0812031755724647,184.83079627843637,293.60407205249027,6000.0,23.909048796555105,2.909048796555103,276.3865109165939,0.013778427723388904,91.55571463815755,91.55571463815755,3.8293332125931,0.0,114.64749169830459,1.0
6.541071786860266,0.9280001152392938,28464.146523924617,0.102965252213356,1984887.051835578,0.03293362468757573,0.0014998539958522336,0.04482405601057524,0.08125753469400321,185.03410989623964,293.66723262313167,6000.0,23.90882126617199,2.9088212661719908,276.36730474389867,0.013777832341940395,91.33319484765903,91.33319484765903,3.8200626384239253,0.0,114.39454079354041,1.0
6.543821459430639,0.9280333013511302,28466.18236686145,0.10295772520935523,1984958.0331669406,0.0329334642417327,0.001499634718102828,0.04483346818938078,0.08126656714921632,185.06791366387068,293.6777344253022,6000.0,23.908783381780438,2.908783381780437,276.36411130495327,0.013777733342100433,91.29619764108259,91.29619764108259,3.8185212598753298,0.0,114.35247229737347,1.0
6.557686952116984,0.9282004416723296,28476.436902566595,0.10291982717724436,1985315.527367578,0.03293265626829285,0.001498530910794938,0.044880845794309246,0.08131203297339704,185.2381581109084,293.7306262674263,6000.0,23.908592350177543,2.908592350177544,276.3480276970364,0.01377723471282406,91.10986958612801,91.10986958612801,3.8107584190522803,0.0,114.14055329619123,1.0
6.574322351120329,0.9284005232660111,28488.714907847658,0.10287448485912366,1985743.479215953,0.0329316892829298,0.0014972108172850254,0.04493750284250518,0.08136640294272,185.44194052097654,293.7939424318862,6000.0,23.908363165348124,2.908363165348123,276.32877421061806,0.013776637763525688,90.88683368964152,90.88683368964152,3.8014661673438797,0.0,113.88677400798345,1.0
6.590957750123674,0.9286001169919553,28500.965611802505,0.10282928015087692,1986170.3875705411,0.03293072490454009,0.0014958953092032096,0.04499395842274428,0.08142057863648758,185.64520894492756,293.8571042097615,6000.0,23.908133990437502,2.9081339904375008,276.30956767082125,0.013776042219405288,90.66435872589369,90.66435872589369,3.792197197914173,0.0,113.63351268490571,1.0
6.593774294998812,0.9286338620657619,28503.0370840018,0.1028216401121878,1986242.5644581963,0.03293056188281522,0.0014956730325626632,0.04500349703196096,0.08142973194733885,185.67957355482605,293.8677828964089,6000.0,23.9080951897382,2.9080951897382,276.3063204439861,0.013775941526495557,90.62674688916007,90.62674688916007,3.790630168147346,0.0,113.59068420854241,1.0
6.607694816288639,0.9288004394215355,28513.263690170275,0.10278393753410382,1986598.8545396028,0.032929757255340156,0.001494576368658505,0.045050556267802216,0.08147488989180088,185.84920156900057,293.9204965871557,6000.0,23.907903424911808,2.907903424911809,276.29029100920417,0.0137754444503881,90.4410894402036,90.4410894402036,3.782895046579653,0.0,113.37922640532527,1.0
6.624452604151672,0.9290005175851925,28525.549420575324,0.1027386773031766,1987026.7990515446,0.032928791036008,0.0014932604047108453,0.045107020986536794,0.08152907242725564,186.05292677898765,293.98381166617844,6000.0,23.907672583940933,2.9076725839409314,276.27103785285084,0.013774847359665138,90.21811107386318,90.21811107386318,3.7736049277529324,0.0,113.12515082959838,1.0
6.641210392014703,0.9292001044111116,28537.8076170706,0.10269355516577164,1987453.6926477612,0.032927827438210246,0.0014919490328554439,0.0451632829435857,0.0815830594146514,186.256132350989,294.0469712605289,6000.0,23.907441752964107,2.907441752964107,276.2518319770309,0.013774251684848464,89.99569962604193,89.99569962604193,3.764338341005642,0.0,112.8716012065887,1.0
6.643727130566984,0.9292300366441305,28539.646217952202,0.10268679047304427,1987517.7143011813,0.03292768294791604,0.001491752482169402,0.04517171506801919,0.08159115049810463,186.28660557852805,294.056443367151,6000.0,23.90740708688629,2.907407086886291,276.24895165290263,0.013774162346569486,89.96234607437458,89.96234607437458,3.7629486856280954,0.0,112.83356773912533,1.0
6.658072929291541,0.9294004441177184,28550.11470208075,0.10264828985079961,1987882.1965704248,0.03292686045527752,0.0014906340786881341,0.04521969248544787,0.08163718701941353,186.46008426875792,294.1103691052679,6000.0,23.90720948917529,2.90720948917529,276.2325536528771,0.013773653712419608,89.77246938411915,89.77246938411915,3.7550375515288112,0.0,112.61699767854265,1.0
6.674953978328454,0.9296005079715811,28562.40748885761,0.10260311385569625,1988310.1104753388,0.03292589505338822,0.0014893222972757196,0.04527595945854489,0.08169117680920883,186.663734421515,294.17367965593166,6000.0,23.906976980494246,2.9069769804942474,276.2133018735292,0.013773056512753474,89.5495674520142,89.5495674520142,3.7457503525049565,0.0,112.36264823042386,1.0
6.691835027365366,0.9298000770360128,28574.672509703847,0.10255807642836351,1988736.9660817464,0.03292493228745639,0.0014880151142683492,0.04533202240101758,0.08174496980274232,186.86685931431936,294.23683362962885,6000.0,23.906744481882516,2.906744481882516,276.19409770686474,0.013772460739678053,89.32723839254538,89.32723839254538,3.736486934063361,0.0,112.10883271833738,1.0
6.693679966135157,0.9298218581056871,28576.0112796999,0.10255316264162191,1988783.5533207587,0.03292482722569965,0.0014878725294221364,0.04533813720642211,0.0817508369615439,186.88902713103886,294.24372628659063,6000.0,23.90671907259573,2.9067190725957297,276.1920017543014,0.013772395713654736,89.30297462326251,89.30297462326251,3.7354759702526685,0.0,112.08112545478456,1.0
6.708822401393297,0.930000404891271,28586.98681179517,0.1025128946882868,1989165.4446557192,0.032923966110304875,0.0014867043193470132,0.0453882330770642,0.08179890350671609,187.07073406126386,294.30022772398826,6000.0,23.90651052902267,2.9065105290226696,276.17482052314455,0.013771862650782996,89.10408646188068,89.10408646188068,3.7271891417907983,0.0,111.85395758994238,1.0
6.725822821554467,0.9302003875542775,28599.282540672157,0.10246781767595717,1989593.1849025951,0.03292300184707593,0.0014853971383344327,0.04544428125115917,0.08185268023656954,187.27423430375555,294.3635125816659,6000.0,23.906276406648796,2.9062764066487965,276.15557655664446,0.013771265541908622,88.88134225288891,88.88134225288891,3.7179082489052666,0.0,111.5994281027777,1.0
6.739806368098886,0.9303645082464063,28609.37530816449,0.10243084415245586,1989944.2204589436,0.03292221068656821,0.001484325378268214,0.045490229380487635,0.08189676544532407,187.44122393199947,294.4154488569768,6000.0,23.906083838943704,2.9060838389437054,276.1397835221193,0.013770775472075098,88.6985595901198,88.6985595901198,3.7102923334363647,0.0,111.39047307074966,1.0
6.7428343175481835,0.9304000020776283,28611.558271292633,0.10242285038613665,1990020.1377404784,0.032922039606967046,0.0014840937119703502,0.04550016058126103,0.08190629390019843,187.47733605689186,294.42668094091624,6000.0,23.906042141892176,2.906042141892176,276.1363680155512,0.013770669481841693,88.65903195865937,88.65903195865937,3.7086453471650227,0.0,111.34527492597061,1.0
6.74363280170333,0.9304093593381784,28612.133781075907,0.10242074312513835,1990040.1518600902,0.03292199450645111,0.0014840326447258091,0.04550277840300638,0.08190880555418331,187.4868561891541,294.4296420621117,6000.0,23.906031146241943,2.9060311462419453,276.13546758345456,0.013770641539306187,88.64861139430045,88.64861139430045,3.7082111560887894,0.0,111.33335883078848,1.0
6.759961363197349,0.9306004700961675,28623.889140382933,0.10237771768374826,1990448.9161078203,0.03292107350188563,0.001482786066226879,0.04555621254432307,0.08196007211243558,187.68128144673176,294.490119390187,6000.0,23.905806296136042,2.9058062961360434,276.11707734417445,0.013770070822528652,88.43579589744269,88.43579589744269,3.6993437829259412,0.0,111.0899432833033,1.0
6.777091561275769,0.9308004721116139,28636.19399275446,0.10233271667984352,1990876.6977473712,0.03292010989142606,0.001481482810051935,0.04561206774642082,0.08201366044789882,187.88472725135392,294.55341037197746,6000.0,23.905570417213454,2.905570417213452,276.09783151542445,0.01376947350425133,88.21310426407052,88.21310426407052,3.690064814372794,0.0,110.83511449548465,1.0
6.793585637271503,0.9309925730913354,28648.01523424666,0.10228951858737921,1991287.579967139,0.03291918458209053,0.001480232306287479,0.04566565365251414,0.08206507054089215,188.08011128440043,294.6142010574231,6000.0,23.90534330720478,2.9053433072047814,276.0793459889152,0.013768899735322217,87.99923470451475,87.99923470451475,3.681153354446612,0.0,110.59026828633037,1.0
6.794226434330567,0.9310000268712149,28648.47396369419,0.10228784293885831,1991303.5227573682,0.032919148683444505,0.0014801838100428385,0.0456677316163515,0.08206706410983886,188.0876919542032,294.6165598188864,6000.0,23.90533448414146,2.905334484141458,276.0786287252877,0.013768877471366058,87.99093677108448,87.99093677108448,3.680807596708455,0.0,110.58076626549007,1.0
6.811482525336942,0.9312004874353644,28660.812325368057,0.1022427922565582,1991732.285180616,0.032918183361306426,0.0014788802610778754,0.045723581084995885,0.08212064470738019,188.29155087971625,294.6799959092027,6000.0,23.905096892307235,2.905096892307233,276.05933877123323,0.013768278682359756,87.76778789151697,87.76778789151697,3.6715093976364948,0.0,110.32517468005096,1.0
6.828738616343317,0.9314004416391471,28673.122166848378,0.1021978820426607,1992159.9645564381,0.032917220725948666,0.001477581348155598,0.04577922225203841,0.08217402432614268,188.49486707560476,294.74327176091003,6000.0,23.90485931079315,2.9048593107931486,276.0400975433123,0.01376768135531134,87.54523046770754,87.54523046770754,3.6622357542251036,0.0,110.07014099209118,1.0
6.8435384728396755,0.9315715319708373,28683.65715122222,0.10215947584771393,1992525.907381756,0.03291639724618633,0.0014764710000131993,0.04582677798083706,0.08221964622703659,188.66881147768797,294.7974135906479,6000.0,23.904655554868533,2.9046555548685324,276.0236338330984,0.013767170213765043,87.35482235541045,87.35482235541045,3.6543016549602347,0.0,109.85185321820414,1.0
6.8460127525579795,0.9316000991265562,28685.416378584032,0.10215306501579348,1992587.0092895715,0.03291625976647454,0.0014762856993282504,0.04583471359793424,0.08222725906373704,188.6978531130396,294.8064537162105,6000.0,23.904621491144088,2.904621491144089,276.0208848678662,0.013767084864251673,87.32303175482659,87.32303175482659,3.6529769687914544,0.0,109.815399313364,1.0
6.863395618819393,0.9318005038229059,28697.759250789153,0.10210810690195558,1993015.6522179283,0.032915295459150506,0.0014749865427068475,0.04589034477285402,0.08228062677471137,188.90156945477625,294.8698721270655,6000.0,23.904382184955423,2.9043821849554248,276.00160028986807,0.013766486090208283,87.10003083509181,87.10003083509181,3.6436846667348513,0.0,109.55961839684855,1.0
6.880778485080815,0.9320003987692228,28710.073372402057,0.1020632896959709,1993443.2048487484,0.03291433385253628,0.0014736920271118065,0.04594576646933068,0.08233379234897877,189.10473754938366,294.9331292266458,6000.0,23.90414288916237,2.9041428891623684,275.98236476418487,0.013765888788663886,86.87762721480121,86.87762721480121,3.634417164322996,0.0,109.30440335780455,1.0
6.893491308407849,0.9321462684362389,28719.0610436088,0.10203060187927064,1993755.2035312497,0.032913632293949446,0.0014727482193821217,0.045986166438584344,0.08237254695191591,189.2529763383684,294.97928993366816,6000.0,23.903967888621864,2.903967888621864,275.9683279924805,0.013765452886969195,86.71535165411211,86.71535165411211,3.627655126469111,0.0,109.11811202909144,1.0
6.898195648227982,0.9322001782202711,28722.383018284523,0.10201852484549984,1993870.5104482807,0.03291337304876657,0.0014723995910884027,0.04600108805292527,0.08238686069278024,189.30775747936673,294.9963497775497,6000.0,23.903903131632696,2.903903131632696,275.96314035240044,0.01376529178179178,86.65538287303372,86.65538287303372,3.6251562096718946,0.0,109.0492522142247,1.0
6.9157061745958694,0.9324005154441886,28734.729681415993,0.10197366154379305,1994299.0090607535,0.032912409810582466,0.0014711048814705697,0.046056495471310584,0.08244001016336362,189.51131255819527,295.05974683663743,6000.0,23.903662099372152,2.903662099372151,275.94386226715125,0.013764693057477144,86.43254970895597,86.43254970895597,3.6158706289287026,0.0,108.79330580429973,1.0
6.933216700963757,0.932600339552964,28747.047364495207,0.10192893957867506,1994726.4101781019,0.03291144928686958,0.0014698148174778585,0.046111692262999694,0.08249295636734713,189.71431391434913,295.1229815195559,6000.0,23.903421077582596,2.9034210775825953,275.92463355803534,0.0137640958161402,86.2103196436862,86.2103196436862,3.6066100899898816,0.0,108.53793323268677,1.0
6.943444143976022,0.9327168147981093,28754.2284223134,0.101902883807321,1994975.5375242645,0.032910889522231694,0.0014690634653283176,0.04614383409463207,0.08252378708219207,189.83262592285655,295.159840311219,6000.0,23.903280307857788,2.9032803078577887,275.91342535787453,0.01376374766755235,86.08079943501798,86.08079943501798,3.601212817921079,0.0,108.38904215652651,1.0
6.950778767946911,0.9328002378347475,28759.37226080109,0.10188422738951787,1995153.9699431069,0.03291048865369277,0.0014685256011996409,0.04616684061701089,0.0825458548719033,189.91735750777028,295.1862396746504,6000.0,23.903179356858878,2.9031793568588764,275.90539771138623,0.0137634983026398,85.98804020361595,85.98804020361595,3.5973474038691924,0.0,108.28238521324946,1.0
6.968413212064795,0.933000443412432,28771.718751285352,0.10183947287347841,1995582.1869792102,0.032909526791345164,0.0014672357309379414,0.046222004387663135,0.08259876690994625,190.12067925887587,295.24959507406123,6000.0,23.902936650496347,2.9029366504963474,275.88613229421367,0.013762899820006601,85.7654530353378,85.7654530353378,3.588071804288402,0.0,108.0263644886691,1.0
6.98604765618268,0.9332001328067506,28784.03604861171,0.10179486003749416,1996009.2999576065,0.03290856765562509,0.001465950508073596,0.04627695652373827,0.08265147468743696,190.3234421499283,295.31278712635816,6000.0,23.902693954674557,2.902693954674558,275.86691654842394,0.013762302829979646,85.54347439849565,85.54347439849565,3.5788214734584862,0.0,107.77092523488504,1.0
6.989806368098886,0.9332426292078285,28786.657663738464,0.10178536925312179,1996100.194942277,0.03290836357132917,0.0014656771667362943,0.046288642055260704,0.08266268279332617,190.36658809101476,295.32623518557284,6000.0,23.902642226381715,2.902642226381716,275.8628271973451,0.013762175776532885,85.49623910633034,85.49623910633034,3.576853064886978,0.0,107.71655452830974,1.0
6.993396979544194,0.933283203218017,28789.160797424767,0.10177630890707891,1996186.9781507507,0.03290816872951055,0.0014654162461073057,0.04629979603065501,0.08267338100627286,190.40778075650817,295.3390749008841,6000.0,23.902592811973665,2.902592811973664,275.85892283443127,0.013762054468417629,85.4511420779231,85.4511420779231,3.5749737591278197,0.0,107.6646400978669,1.0
7.003773504027645,0.9334003384579,28796.38783604789,0.1017501581881596,1996437.5171508428,0.032907606287463295,0.0014646632857078423,0.04633198087777228,0.08270425045094343,190.52669373400042,295.3761425490171,6000.0,23.90245001149602,2.902450011496019,275.84765112418205,0.013761704245982857,85.32095739018163,85.32095739018163,3.569548617365418,0.0,107.51474777202966,1.0
7.021542014952825,0.9336005053962793,28808.739883939103,0.1017054912982624,1996865.651541852,0.032906645352538275,0.0014633776347521166,0.046386924409494885,0.08275694739678527,190.72986969142545,295.43948572095337,6000.0,23.902205491823395,2.902205491823393,275.8283894251993,0.013761105727108673,85.09851973377386,85.09851973377386,3.5602789777238275,0.0,107.25854294808617,1.0
7.0393105258780055,0.9338001525685864,28821.062496020433,0.10166096656918365,1997292.6742121517,0.032905687159076685,0.0014620966374380236,0.04644165510692747,0.08280943890344218,190.93248111171943,295.5026644120221,6000.0,23.901960982772188,2.9019609827721893,275.8091777423566,0.013760508711965555,84.87669663063718,84.87669663063718,3.5510348582617866,0.0,107.00292781289484,1.0
7.043349815112367,0.9338454657033599,28823.859677777382,0.101650864602662,1997389.593870903,0.03290546971589888,0.0014618060771977004,0.04645406733442494,0.08282134312752153,190.9784618106186,295.5170038314596,6000.0,23.901905400371195,2.9019054003711946,275.8048173421375,0.013760373202771289,84.82635553151889,84.82635553151889,3.548936961745382,0.0,106.94490144154412,1.0
7.05717973871087,0.9340004084821426,28833.425327725065,0.10161633230710503,1997720.9989109787,0.03290472629093022,0.0014608130517987726,0.04649648202617258,0.08286202136890157,191.13567245156656,295.5660357403062,6000.0,23.901715098666386,2.9017150986663864,275.78990748145503,0.013759909825886657,84.65423502988847,84.65423502988847,3.5417640399626307,0.0,106.7464584561829,1.0
7.075078579161422,0.9342004723523402,28845.778950746997,0.10157176704270408,1998148.912850831,0.032903766591079034,0.0014595320127605634,0.04655118544175257,0.08291448404559217,191.3386302875512,295.6293462961391,6000.0,23.901468817593052,2.901468817593051,275.77065570053526,0.013759311463543483,84.43202541298405,84.43202541298405,3.532503632196718,0.0,106.49016122478652,1.0
7.092977419611975,0.9344000131728517,28858.102911798534,0.10152734433420924,1998575.7080466955,0.03290280964591194,0.001458255630772883,0.04660567496509122,0.08296674024177605,191.5410182522904,295.6924913319992,6000.0,23.901222547216154,2.9012225472161544,275.7514542517316,0.013758714615199438,84.21043599944122,84.21043599944122,3.523268980617456,0.0,106.23446156552224,1.0
7.09330265068054,0.9344036341021025,28858.326570509893,0.10152653846610141,1998583.452803908,0.032902792283155305,0.0014582324812056464,0.04660666309328926,0.08296768785765021,191.54469047969584,295.6936371812886,6000.0,23.90121807245646,2.9012180724564596,275.75110581632157,0.013758703784140694,84.20641533662572,84.20641533662572,3.5231014202436994,0.0,106.2298208981072,1.0
7.111005100061607,0.9346004630982854,28870.48567070156,0.10148274538923535,1999004.4477149358,0.03290184858779033,0.0014569747467232843,0.04666034121228388,0.0830191645467975,191.7442880353546,295.75592405567556,6000.0,23.900974514912836,2.900974514912835,275.7321653214214,0.013758114996977664,83.9878772860668,83.9878772860668,3.5139938429566207,0.0,105.9775250620334,1.0
7.129035164925836,0.9348004117852783,28882.840111830512,0.10143828404571253,1999432.1152909698,0.032900890179249576,0.0014556983747832392,0.046714799076841285,0.0830713876308741,191.94700854483452,295.81919816158523,6000.0,23.90072646060184,2.9007264606018426,275.71292462437106,0.013757516827570654,83.76591607953654,83.76591607953654,3.5047435155419637,0.0,105.72116028711528,1.0
7.143255486248712,0.9349577401016577,28892.562980879844,0.10140331821547902,1999768.6227255492,0.032900136234674804,0.0014546949877455842,0.046757598388978104,0.0831124296113985,192.10648856330192,295.8689849779074,6000.0,23.900530827639837,2.900530827639837,275.6977852077616,0.013757046126379888,83.5912966444597,83.5912966444597,3.497466112668523,0.0,105.51939232560187,1.0
7.147093147064303,0.9350001425416695,28895.183725961484,0.10139389713059503,1999859.316738151,0.03289993306087406,0.0014544246974125968,0.046769125844831436,0.0831234836031181,192.14946645232354,295.8824033029812,6000.0,23.900478033006436,2.900478033006438,275.69370489838457,0.01375691925970317,83.54423844606103,83.54423844606103,3.4955049154534428,0.0,105.46500539345736,1.0
7.165255333752486,0.9352004948438568,28907.568401805496,0.10134939812743003,2000287.8476013334,0.03289897321048577,0.0014531483632538615,0.04682354937327525,0.08317567094701489,192.35251178135192,295.9458051336133,6000.0,23.900228182716845,2.9002281827168432,275.67442536218107,0.013756319781620464,83.32191358082915,83.32191358082915,3.4862392502629898,0.0,105.20798456225978,1.0
7.18341752044067,0.935400316113536,28919.922895114574,0.10130504301064683,2000715.242646177,0.03289801614992298,0.0014518767136453184,0.046877756265580814,0.08322764912914912,192.5549756445314,296.0090389180949,6000.0,23.899978343301104,2.899978343301105,275.65519692626617,0.013755721841940566,83.10022128173478,83.10022128173478,3.476999856990533,0.0,104.9515773466088,1.0
7.193208321816885,0.9355078152267049,28926.57041201372,0.10128119171333125,2000945.1710635433,0.03289750137548459,0.0014511931333301732,0.04690688829229673,0.0832555828011115,192.66387824716725,296.04305719735515,6000.0,23.899843665335972,2.8998436653359727,275.6448524828953,0.013755400143678305,82.98097423572807,82.98097423572807,3.4720300014381524,0.0,104.8136087559654,1.0
7.201638956998431,0.9356002571347647,28932.28743422469,0.10126068720780848,2001142.8938260104,0.03289705876132732,0.0014506056010343156,0.046931923025645535,0.08327958738800717,192.75751677707655,296.0723105981603,6000.0,23.899727699741987,2.8997276997419883,275.63595696687827,0.013755123493431031,82.87844018980172,82.87844018980172,3.4677566720015998,0.0,104.69494990355528,1.0
7.2199296895786516,0.9358004240286635,28944.66858861827,0.1012163072083456,2001571.0281218812,0.032896100537074466,0.0014493343521425344,0.04698607795209998,0.08333151284131698,192.96024177440862,296.13565375602064,6000.0,23.899476113937688,2.899476113937689,275.61669527217583,0.013754524418380163,82.65645349776722,82.65645349776722,3.4585048267883853,0.0,104.43796687954924,1.0
7.238220422158883,0.9360000569370934,28957.019351803356,0.1011720713891177,2001998.0202833645,0.03289514511401897,0.001448067787806592,0.047040015373012244,0.08338322827483781,193.16238038162524,296.19882793326093,6000.0,23.899224539076748,2.899224539076748,275.59748496192,0.013753926891067234,82.43510458029473,82.43510458029473,3.449279471202428,0.0,104.18160499094158,1.0
7.239806368098886,0.9360173415245459,28958.08882770981,0.10116824258010362,2002034.9900566083,0.03289506240322157,0.001447958187004499,0.047044681935419656,0.08338770252564573,193.17987975010325,296.20429767068964,6000.0,23.899202726133264,2.899202726133264,275.59582169763047,0.013753875153675977,82.41594194752722,82.41594194752722,3.4484808088349808,0.0,104.15940571059609,1.0
7.2431611573850585,0.9360538908391798,28960.350364792102,0.10116014696461766,2002113.164897515,0.03289488751222983,0.001447726461249195,0.04705454785857982,0.08339716183205885,193.21688208685535,296.2158637641702,6000.0,23.89915658496378,2.8991565849637815,275.592304623821,0.013753765750563005,82.37542253696566,82.37542253696566,3.4467920340248486,0.0,104.11246241827043,1.0
7.256624482733601,0.936200389344429,28969.41603949829,0.1011277064240819,2002426.5085937143,0.032894186589017674,0.0014467980818454484,0.047094068201150564,0.08343505287201369,193.36518071415213,296.262223468133,6000.0,23.89897141649369,2.898971416493692,275.5782073401618,0.013753327219450004,82.21302662600965,82.21302662600965,3.440023639229551,0.0,103.92428119093529,1.0
7.2750536151342775,0.9364004560465854,28981.7989329074,0.10108342611264057,2002854.4285908053,0.03289322958093921,0.0014455313539412083,0.04714797550750469,0.0834867364423851,193.56766473102704,296.32553492014415,6000.0,23.898717960126657,2.898717960126656,275.55895528672767,0.013752728292589531,81.99129055570063,81.99129055570063,3.4307819646433493,0.0,103.66723609666131,1.0
7.293113992953231,0.9365959981341095,28993.9043374791,0.10104017211562209,2003272.6709500917,0.03289229445317947,0.0014442945214766104,0.047200592122187565,0.08353718109684365,193.7655229875642,296.3874145500726,6000.0,23.89846958594644,2.8984695859464416,275.54013862869795,0.013752142861913274,81.77461564113375,81.77461564113375,3.421751143814729,0.0,103.41594476696949,1.0
7.293485445372424,0.9366000144917851,28994.1530042258,0.10103928395317406,2003281.2614838802,0.03289227524847808,0.001444269130337757,0.04720167210372277,0.0835382164825386,193.76958643158892,296.38868553336715,6000.0,23.89846447768194,2.89846447768194,275.5397521419325,0.013752130836890841,81.7701657103436,81.7701657103436,3.4215656736735665,0.0,103.4107827327577,1.0
7.312049406752563,0.9368004616972773,29006.56474619372,0.10099497096442164,2003709.9953344741,0.03289131691137426,0.0014430025764796846,0.04725553342087231,0.08358985290872625,193.97235844174222,296.4521173963134,6000.0,23.89820918922936,2.898209189229359,275.52046347335727,0.013751530669696067,81.54810503161505,81.54810503161505,3.4123102859258516,0.0,103.15312665139862,1.0
7.330613368132692,0.9370003667479369,29018.945563055157,0.10095080351081868,2004137.5695773377,0.03289036141134774,0.0014417407351699546,0.04730917450836486,0.08364127665488255,194.17453232579783,296.5153776934303,6000.0,23.897953911903656,2.8979539119036564,275.50122697535164,0.013750932075235506,81.32669464955381,81.32669464955381,3.4030819102485883,0.0,102.8961080429138,1.0
7.343066828521404,0.9371341681350625,29027.23382532807,0.10092125545296576,2004423.755577169,0.03288972200823389,0.0014408968705820948,0.04734503609107826,0.08367565496989425,194.3098241838876,296.55771937252393,6000.0,23.89778266771142,2.8977826677114202,275.488351512185,0.013750531392976422,81.17852732829738,81.17852732829738,3.396906250971085,0.0,102.72404651030223,1.0
7.349222008432784,0.9372002103974563,29031.325217589427,0.10090667522167909,2004565.0124901226,0.03288940644928279,0.0014404805639880516,0.04736272444352619,0.08369261145679703,194.37659372093003,296.5786185600508,6000.0,23.89769803132559,2.89769803132559,275.48199638586556,0.013750333614172055,81.10540266493553,81.10540266493553,3.3938583774312034,0.0,102.63911011069038,1.0
7.367921706268218,0.937400486375398,29043.734302069755,0.10086247711003865,2004993.3801043958,0.03288844966643598,0.0014392189511688105,0.047416315054821676,0.08374398367242647,194.57904089430576,296.6419962377442,6000.0,23.89744090985244,2.897440909852438,275.46272419420484,0.013749733807819688,80.88368329989908,80.88368329989908,3.384616938902121,0.0,102.3814988049954,1.0
7.386621404103653,0.9376002170650978,29056.112241201798,0.10081842486477158,2005420.5814089312,0.03288749573287503,0.0014379620520183004,0.047469684549434635,0.08379514233432797,194.78088487469714,296.7052013580355,6000.0,23.89718379958068,2.897183799580682,275.443504474636,0.013749135584084495,80.66261959993884,80.66261959993884,3.3754027368427493,0.0,102.12453270988482,1.0
7.393019664089577,0.9376684316938405,29060.340320450832,0.10080338540173267,2005566.4847672537,0.03288716998891268,0.0014375330716184843,0.04748789474269209,0.08381259780322325,194.849809224219,296.72678799462994,6000.0,23.897095829690397,2.8970958296903953,275.4369403054694,0.01374893125937082,80.58713108125042,80.58713108125042,3.3722562630864457,0.0,102.03675763287309,1.0
7.405410993650232,0.9378003602798537,29068.51839105509,0.10077430717089143,2005848.6650577995,0.032886540073630295,0.0014367038357890611,0.04752308867449444,0.0838463325839138,194.9830928590416,296.76853702259035,6000.0,23.896925464601207,2.8969254646012064,275.42424505853415,0.013748536074220582,80.44115219949256,80.44115219949256,3.3661716156185437,0.0,101.86698064416336,1.0
7.424247337937641,0.9380004521816439,29080.924007160815,0.100730226305649,2006276.6389540504,0.032885584904018786,0.0014354472199164623,0.047576403196945685,0.08389743532088093,195.18519527697822,296.83185644906894,6000.0,23.89666649809009,2.8966664980900902,275.40499058018537,0.013747936667473506,80.21979530320715,80.21979530320715,3.356945007774143,0.0,101.6094403955513,1.0
7.442972499657749,0.9381988194889028,29093.225311609323,0.1006865505239034,2006700.924138093,0.03288463820834844,0.0014342026940193956,0.047629183019646804,0.08394802392201464,195.3855019542033,296.8946301246418,6000.0,23.896409071319223,2.8964090713192236,275.3859020564193,0.013747342377092745,80.00040010221599,80.00040010221599,3.347800075879748,0.0,101.35406741951284,1.0
7.4430844687767195,0.938200004020835,29093.298775517895,0.1006862897931743,2006703.4577176217,0.03288463255596472,0.0014341952662104585,0.04762949796410257,0.08394832578627776,195.38669790437535,296.89500497180916,6000.0,23.896407532041607,2.896407532041608,275.38578807107433,0.013747338828193678,79.99909016669898,79.99909016669898,3.347745474269797,0.0,101.3525423286936,1.0
7.4620540691871104,0.9384004066073138,29105.7289503039,0.10064219143375389,2007132.096133204,0.03288367639237364,0.0014329392499571783,0.04768274258858509,0.08399935823091592,195.58900421348142,296.95842271499185,6000.0,23.896146756214918,2.896146756214919,275.36650369610527,0.013746738389522587,79.77749948262385,79.77749948262385,3.338508936043226,0.0,101.094496883982,1.0
7.481023669597502,0.938600256343784,29118.127477871007,0.10059824010799386,2007559.5520652863,0.03288272311053923,0.0014316879690181334,0.04773576371818537,0.08405017479774274,195.79069634384112,297.0216655078384,6000.0,23.89588599176307,2.89588599176307,275.34727252088305,0.013746139556752643,79.55657617704193,79.55657617704193,3.3293001232289585,0.0,100.83711232448563,1.0
7.489806368098886,0.9386925976120886,29123.8571526045,0.1005779407952194,2007757.0595707253,0.03288228272560845,0.001431110238241391,0.04776023640275378,0.08407362936660362,195.8838697579183,297.0508870610199,6000.0,23.895765264779165,2.895765264779166,275.3383866892459,0.013745862846937917,79.45451693132762,79.45451693132762,3.3250459255405604,0.0,100.71816998673896,1.0
7.492925335225922,0.9387253620253602,29125.89028410578,0.1005707395164837,2007827.1389366607,0.03288212648127343,0.0014309053134894556,0.04776891582600307,0.08408194762076596,195.91692650210868,297.06125541595435,6000.0,23.895722392037943,2.895722392037942,275.3352338295834,0.013745764662518496,79.41830732747471,79.41830732747471,3.3235365738069045,0.0,100.67596447674983,1.0
7.500057880798762,0.9388002327649214,29130.536507585508,0.10055428625398603,2007987.2789615118,0.032881769468191276,0.0014304371627124823,0.04778874161947287,0.08410094825037663,195.9924594664125,297.0849483902658,6000.0,23.895624350545347,2.895624350545346,275.3280291550267,0.013745540293877458,79.33556968861419,79.33556968861419,3.3200877501576387,0.0,100.57951470754396,1.0
7.519170257862178,0.9390004737208482,29142.964601146476,0.10051029961095605,2008415.5716676652,0.032880814808554926,0.0014291859705604442,0.047841712323319976,0.08415171310243535,196.1944316856086,297.1483149851823,6000.0,23.89536164633361,2.895361646333609,275.3087603334705,0.013744940187657734,79.1143286478619,79.1143286478619,3.3108655068211044,0.0,100.32152738136395,1.0
7.538282634925594,0.9392001585359634,29155.360816972538,0.1004664603638995,2008842.6748516643,0.03287986304359859,0.0014279395157552012,0.04789445863926247,0.08420226119861626,196.3957845480499,297.2115055883824,6000.0,23.895098953575875,2.8950989535758738,275.2895450283291,0.013744341697703482,78.89376048027918,78.89376048027918,3.301671218585718,0.0,100.06420886171023,1.0
7.542878170794095,0.93924808963169,29158.33671947047,0.10045594121036898,2008945.1940321317,0.03287963462402197,0.001427640511916783,0.047907108022804644,0.0842143831587434,196.44410726121146,297.22667346606636,6000.0,23.895035791290756,2.8950357912907565,275.28493270650773,0.013744198032416286,78.84082544529628,78.84082544529628,3.299464630809723,0.0,100.00243675817092,1.0
7.557500887009103,0.9394003904591505,29167.793643373567,0.10042252626492669,2009270.9482378114,0.03287890891473645,0.0014266909096295414,0.04794727173066436,0.08425287155503036,196.59762971030275,297.2748693248729,6000.0,23.894834817122213,2.8948348171222125,275.270277075977,0.013743741517390263,78.67264736567424,78.67264736567424,3.292454121059675,0.0,99.8061385484497,1.0
7.576752655506127,0.9396004112189548,29180.216004322137,0.1003786637180323,2009698.7699694189,0.03287795603572135,0.001425444881815236,0.04799995113792494,0.08430335205546152,196.79920182934254,297.3381662383477,6000.0,23.894570231566505,2.894570231566504,275.2510294434916,0.013743141919453113,78.45182761414904,78.45182761414904,3.2832491588615533,0.0,99.54829469793374,1.0
7.5928310063622675,0.9397670324558351,29190.56609511185,0.10034214456936745,2010055.153907539,0.032877162454535994,0.001424407877291135,0.0480437744236134,0.08434534475544053,196.9670688718946,297.3908938153462,6000.0,23.894349268526067,2.894349268526066,275.23499578611086,0.01374264240396002,78.26792691421625,78.26792691421625,3.2755831110793934,0.0,99.33347159023246,1.0
7.59602755263588,0.9398001121326272,29192.621139507333,0.10033489641941383,2010125.9075864071,0.032877004923223915,0.0014242021023588038,0.048052468285845154,0.08435367531142787,197.00039080732216,297.4013619359639,6000.0,23.89430533969222,2.894305339692219,275.23181258921545,0.013742543229889222,78.23142178189329,78.23142178189329,3.274061357705115,0.0,99.2908186631941,1.0
7.6154196326624115,0.9400004632719938,29205.069314956487,0.10029101178966927,2010554.4359624484,0.032876050957586736,0.001422956535444928,0.04810507782625951,0.08440408531929117,197.20217297723198,297.4647633986195,6000.0,23.8940388490211,2.894038849021102,275.212533164908,0.013741942540364926,78.01036018767601,78.01036018767601,3.264846126709632,0.0,99.03246068887745,1.0
7.634811712688953,0.9402002505762013,29217.48510060516,0.1002472757345727,2010981.7583589982,0.03287509991956613,0.0014217157276326358,0.04815746065000783,0.0844542762972066,197.40332475168202,297.5279864346691,6000.0,23.8937723699827,2.8937723699826976,275.19330799742846,0.013741343490824988,77.78998324574644,77.78998324574644,3.2556593425771707,0.0,98.77478738551945,1.0
7.642783841930441,0.9402822204655775,29222.57988423289,0.10022933868833606,2011157.08266057,0.03287470979235033,0.0014212070035980056,0.04817892979132052,0.08447484658726886,197.4858362083826,297.55392594715005,6000.0,23.893662823196383,2.8936628231963817,275.18542018464774,0.013741097694730208,77.69958397626513,77.69958397626513,3.2518908696088666,0.0,98.6690556921895,1.0
7.654286965175429,0.9404003290534504,29229.9216255443,0.10020350099351616,2011409.703541677,0.032874147738496014,0.0014204743642275942,0.048209840832749755,0.08450446293547337,197.604706289008,297.5913016129286,6000.0,23.893504759693702,2.893504759693703,275.1740548108987,0.013740743517685006,77.56934852189073,77.56934852189073,3.2464617184475837,0.0,98.51669718296884,1.0
7.673820279348202,0.9406004363311063,29242.36258749934,0.10015974499367876,2011837.7103251622,0.03287319566348704,0.001419234074119211,0.04826214923363559,0.08455457897124183,197.80605253683206,297.65462590512635,6000.0,23.89323636329737,2.893236363297369,275.15479885295844,0.013740143407597664,77.34874631612638,77.34874631612638,3.2372653557699924,0.0,98.25852951082612,1.0
7.692736677498614,0.9407936834474999,29254.379555660857,0.10011751279165111,2012251.0440013497,0.03287227645858493,0.0014180374907234658,0.04831258883471721,0.0846029027840256,198.00043436436493,297.7157792874932,6000.0,23.892976454758298,2.892976454758297,275.13620303581007,0.013739563822719094,77.13576867144513,77.13576867144513,3.2283867527975363,0.0,98.00917519749746,1.0
7.693357953491231,0.9408000213139444,29254.773714291656,0.10011612810966782,2012264.5999792374,0.0328722463155409,0.0014179982664692483,0.048314241827022084,0.08460448640903223,198.00680840880815,297.71778491623064,6000.0,23.89296791870305,2.89296791870305,275.1355931544948,0.013739544813452456,77.12878474568666,77.12878474568666,3.2280956057079635,0.0,98.0009965920261,1.0
7.7130293167103465,0.9410004009164561,29267.236903218847,0.10007236255970095,2012693.1892347194,0.03287129343099098,0.0014167587876645275,0.04836646190831525,0.08465451412697075,198.20829759047518,297.7811953860974,6000.0,23.892697649040812,2.8926976490408136,275.11631099123093,0.013738943785463701,76.90801340075575,76.90801340075575,3.2188920033415847,0.0,97.74240016456251,1.0
7.732700679929462,0.9412002093013504,29279.66720650893,0.10002874666539943,2013120.5567204684,0.03287034350522883,0.0014155240864169708,0.04841845313666769,0.08470432072831349,198.4091457502732,297.84442509316665,6000.0,23.89242739118525,2.8924273911852514,275.0970837951953,0.013738344420303266,76.6879380449221,76.6879380449221,3.209717321280422,0.0,97.48450390993318,1.0
7.739806368098886,0.9412722439831981,29284.149211937434,0.10001302840427655,2013274.6307393555,0.032870001098466356,0.0014150792577084866,0.04843717731274334,0.0847222576689182,198.48153881190487,297.8672205921367,6000.0,23.892329771561716,2.8923297715617156,275.09015202929385,0.013738128325517407,76.60861321738898,76.60861321738898,3.2064103396301595,0.0,97.3915186066113,1.0
7.742689513066787,0.9413014510069826,29285.966573742662,0.1000066562314887,2013337.1012524306,0.03286986227593237,0.0014148989443547892,0.04844476620546702,0.08472952742575418,198.5108886399719,297.8764632050492,6000.0,23.892290162672484,2.8922901626724835,275.087341490726,0.013738040706332647,76.57645285075407,76.57645285075407,3.205069598995217,0.0,97.35381567351956,1.0
7.752455008845671,0.9414002873687642,29292.116931518234,0.09998509677431316,2013548.5010265573,0.03286939253979853,0.0014142889616542472,0.04847043423740098,0.08475411573885376,198.61019749199474,297.9077401417331,6000.0,23.892156005342073,2.8921560053420725,275.0778306481034,0.013737744195637568,76.46763315610863,76.46763315610863,3.2005329757185224,0.0,97.22622363859233,1.0
7.772273569096526,0.9416004407769154,29304.57399230101,0.09994145531194758,2013976.606477942,0.03286844145891506,0.0014130546143292036,0.0485223542491802,0.08480385032242446,198.8112565284406,297.9710790320054,6000.0,23.891883748984316,2.8918837489843163,275.05857025110976,0.013737143694351911,76.24731372266916,76.24731372266916,3.1913479290183875,0.0,96.96781122770413,1.0
7.792092129347379,0.9418000198619592,29316.99794546902,0.09989796380094748,2014403.4835173034,0.03286749334860543,0.001411825044312696,0.04857404468828548,0.08485336308120361,199.01166968942263,298.0342361767425,6000.0,23.891611504511047,2.8916115045110455,275.0393651201801,0.013736544865760165,76.02769543075746,76.02769543075746,3.182192018165139,0.0,96.71010666247638,1.0
7.792642348634959,0.941805552565682,29317.342398084635,0.09989675848667084,2014415.3173434003,0.032867467068657466,0.0014117909758982574,0.048575476494549914,0.08485473453910564,199.01722452652305,298.03598701035185,6000.0,23.891603946403684,2.891603946403683,275.03883271820337,0.01373652826440014,76.02160819168031,76.02160819168031,3.1819382391496394,0.0,96.70296214415156,1.0
7.812050708339671,0.9420004304016092,29329.47630687807,0.09985431590995429,2014832.1389438177,0.03286654153100689,0.0014105915912783287,0.048625869228437354,0.08490300235072257,199.21284766626644,298.09765643671994,6000.0,23.891337348599347,2.891337348599348,275.0200799798919,0.013735943491788355,75.80723231362543,75.80723231362543,3.1730007913545997,0.0,96.45129578139976,1.0
7.832013285652966,0.9422003021536148,29341.923765570275,0.09981081008416287,2015259.641964635,0.032865592514282685,0.001409362689303233,0.0486774730958284,0.08495242829941432,199.41341398891922,298.16090619642057,6000.0,23.891063149755073,2.8910631497550745,275.0008466861549,0.013735343684025646,75.58743269723567,75.58743269723567,3.1638371312082265,0.0,96.19314914868262,1.0
7.842595184203132,0.9423060173582208,29348.5084832439,0.0997878091617047,2015485.7548038026,0.03286509066260089,0.0014087132024034684,0.04870473422863837,0.08497853809364272,199.51946769079507,298.19435995474777,6000.0,23.89091780542072,2.890917805420722,274.9906739050477,0.013735026416186012,75.47120621425262,75.47120621425262,3.15899149747728,0.0,96.05659911312506,1.0
7.852043976800024,0.9424002757868296,29354.3802119578,0.09976730675141704,2015687.3628978096,0.03286464325554867,0.0014081343932434035,0.04872902170576621,0.08500179935455829,199.61401095634025,298.22418819660504,6000.0,23.890788027341614,2.890788027341612,274.9816035885751,0.013734743520014062,75.36759263223487,75.36759263223487,3.1546716896060967,0.0,95.9348405071651,1.0
7.872151503930602,0.9426004339473982,29366.85079978561,0.09972378794776315,2016115.4785140774,0.03286369336289676,0.0014069061961347396,0.04878053592455101,0.08505113548358251,199.81472048789755,298.28752859078804,6000.0,23.890511861656485,2.890511861656484,274.96234273426506,0.01373414275160615,75.14762224636752,75.14762224636752,3.1455007193452844,0.0,95.6762641426023,1.0
7.8922590310611795,0.942800010320102,29379.287776929395,0.09968042017605054,2016542.349752051,0.032862746472204614,0.0014056827945561285,0.04883181850976393,0.08510024777652467,200.01477354516115,298.35068487720054,6000.0,23.890235708034268,2.8902357080342673,274.94313786433895,0.013733543679023363,74.9283643191778,74.9283643191778,3.13635935764248,0.0,95.41841121827034,1.0
7.892548019771305,0.9428028744331239,29379.466278684995,0.09967979798494703,2016548.4757651396,0.03286273288516262,0.0014056652464639753,0.048832553867700655,0.08510095199932725,200.01764396385806,298.3515912306926,6000.0,23.890231739196437,2.8902317391964365,274.9428622559726,0.013733535081388996,74.92521829211455,74.92521829211455,3.1362281919260573,0.0,95.4147105814623,1.0
7.912510346601365,0.9430004277186393,29391.77981384399,0.09963689427005296,2016971.019848947,0.03286179583328532,0.0014044554670826139,0.04888323464090148,0.08514948594126942,200.21559536382364,298.4141073076846,6000.0,23.889957591802712,2.8899575918027134,274.92385206403253,0.013732942031277711,74.70825670020889,74.70825670020889,3.127182474607795,0.0,95.1594445145204,1.0
7.932763758826276,0.9432002794580054,29404.2392371689,0.0995935157412296,2017398.480064997,0.03286084811884741,0.0014032328286121003,0.048934423007191405,0.08519850395465092,200.4157754345149,298.47735073435103,6000.0,23.889679458945608,2.889679458945606,274.9046206960753,0.013732342031096152,74.48884526156041,74.48884526156041,3.1180345215417993,0.0,94.90118271663066,1.0
7.942500855339477,0.9432961526522551,29410.21722864441,0.09957271480711709,2017603.541959666,0.03286039356529283,0.0014026467361288866,0.04895894980232885,0.08522199010375056,200.51177932869504,298.50768997157274,6000.0,23.889545747207634,2.8895457472076354,274.8953949936536,0.013732054180145763,74.38361566495857,74.38361566495857,3.1136471346950167,0.0,94.77728006652791,1.0
7.9530913831170515,0.943400275745528,29416.71031524039,0.09955013032105522,2017826.2494531681,0.032859899960150166,0.0014020105284446858,0.04898556551400601,0.08524747600260087,200.61602453391333,298.5406399035302,6000.0,23.889400319162288,2.8894003191622883,274.8853754185129,0.01373174154643512,74.26935088459959,74.26935088459959,3.1088830147413233,0.0,94.6427092438387,1.0
7.973487720640444,0.9436003582061906,29429.189412568958,0.09950675067716569,2018254.2031559178,0.03285895163424754,0.001400788923487001,0.0490366468278629,0.08529638738559744,200.81628324628838,298.6039563423477,6000.0,23.889120248056848,2.889120248056849,274.8661218486666,0.013731140752476945,74.0498386023782,74.0498386023782,3.0997306654020234,0.0,94.38410061384288,1.0
7.989806368098886,0.9437600154678724,29439.149097841753,0.09947215310493937,2018595.6919404985,0.032858195083743345,0.001399815010251942,0.049077347642976374,0.08533535773697166,200.97602557890983,298.65448015741663,6000.0,23.88889617832514,2.8888961783251417,274.8507583219033,0.01373066130826764,73.87473274299347,73.87473274299347,3.0924297293410086,0.0,94.17772564939911,1.0
7.9924536909076505,0.9437858806908156,29440.762772031292,0.09946654959971965,2018651.0147203878,0.03285807253348022,0.0013996573048129881,0.04908393635132402,0.08534166618961722,201.00189990867233,298.66266525170505,6000.0,23.888859828935104,2.888859828935103,274.84826935872843,0.013730583633032771,73.8463694500561,73.8463694500561,3.0912471327162523,0.0,94.14429062001062,1.0
7.9939043086088875,0.9438000495123309,29441.646752291526,0.09946348020441932,2018681.3202234835,0.03285800540285405,0.0013995709233051348,0.0490875450148342,0.0853451213409934,201.01607316423878,298.66714899964387,6000.0,23.888839911138298,2.8888399111382994,274.84690591890575,0.013730541082624096,73.83083275466697,73.83083275466697,3.090599335476435,0.0,94.12597494831985,1.0
8.014452306847232,0.9440004322759363,29454.149876932282,0.09942008433172712,2019109.9162401871,0.03285705613647503,0.0013983499253664238,0.04913853556477299,0.08539394162661444,201.21647642018468,298.7305604698442,6000.0,23.88855778219015,2.8885577821901505,274.82762345145557,0.013729939285695957,73.61114703127089,73.61114703127089,3.0814395620882085,0.0,93.86693391082193,1.0
8.03500030508559,0.9442002212583579,29466.618594409487,0.09937684137619486,2019537.242226246,0.03285610992369163,0.001397133759970044,0.04918929110499337,0.08544253478865504,201.41620674854897,298.79378403696757,6000.0,23.88827566558991,2.8882756655899082,274.8083981224845,0.013729339221531764,73.39219137393553,73.39219137393553,3.072310132440995,0.0,93.6086400765972,1.0
8.042406526475823,0.9442720870354798,29471.104342213042,0.09936129245388862,2019690.9549770714,0.032855769621749416,0.001396696591219746,0.049207527758916514,0.08545999397188567,201.4880319544272,298.8165260857466,6000.0,23.88817398386358,2.8881739838635827,274.80148260997635,0.013729123361073785,73.31345065554913,73.31345065554913,3.0690269882106618,0.0,93.51572484798699,1.0
8.055643410497304,0.9444003390457097,29479.110477543712,0.09933355156350326,2019965.2714887797,0.03285516239448866,0.001395916806711157,0.04924004591890495,0.08549112512010476,201.61618578120647,298.8571116549767,6000.0,23.88799225560042,2.8879922556004205,274.78914115321544,0.013728738119254047,73.17295537200897,73.17295537200897,3.06316891721421,0.0,93.34990186352539,1.0
8.076340114808913,0.9446003787957297,29491.60013513437,0.09929030290958162,2020393.1338383062,0.032854215475546775,0.0013947015399779499,0.04929069640034002,0.08553961341586475,201.8160059659727,298.9204145779379,6000.0,23.887708122188513,2.8877081221885135,274.7698916933362,0.013728137200817109,72.95388572736351,72.95388572736351,3.0540345417063692,0.0,93.09124638303707,1.0
8.092359362043997,0.9447547999816193,29501.243366744846,0.09925693357944713,2020723.4232503097,0.03285348466366279,0.0013937642392713415,0.0493297381918721,0.08557698709480624,201.97020183013296,298.9692814278163,6000.0,23.88748821148179,2.887488211481791,274.7550320245855,0.01372767328575006,72.78483019445252,72.78483019445252,3.046985499273535,0.0,92.89156493183553,1.0
8.097070640380652,0.9448001475651441,29504.075513677937,0.09924713702674234,2020820.4165910345,0.032853270079451,0.0013934891267826934,0.04934119365486741,0.0855879528611011,202.01547394200276,298.9836317486204,6000.0,23.887423536912994,2.887423536912994,274.7506683094259,0.013727537045953869,72.73519436742316,72.73519436742316,3.0449158426410534,0.0,92.83292429134647,1.0
8.11791699622492,0.9450004311653202,29516.585691218523,0.09920388412296861,2021248.800508403,0.03285232248771457,0.0013922747982036624,0.04939173590086083,0.08563633318677907,202.21537334314442,299.0470118383829,6000.0,23.887137374066096,2.887137374066095,274.7313953842915,0.013726935293799914,72.51602204114707,72.51602204114707,3.035776991841501,0.0,92.57392055573676,1.0
8.138763352069175,0.9452001137555561,29529.060968053233,0.0991607851189251,2021675.8989336377,0.03285137797939154,0.0013910653168815086,0.04944204134522181,0.08568448464149486,202.4145896795938,299.11020173751615,6000.0,23.886851223745232,2.8868512237452326,274.7121802932462,0.013726335296931713,72.2975906136524,72.2975906136524,3.0266689375024636,0.0,92.31567930833012,1.0
8.142312197612169,0.9452340476346994,29531.181267360633,0.09915346330311357,2021748.4796545058,0.03285121749430264,0.001390859898015651,0.04945058173776709,0.08569265913008539,202.4484360042158,299.12094017193715,6000.0,23.886802511282344,2.8868025112823426,274.70891489801824,0.013726233328997969,72.26047889380243,72.26047889380243,3.025121460257059,0.0,92.27179264339964,1.0
8.15973466964373,0.9454003889496784,29541.575915678743,0.09911758234738004,2022104.2648714099,0.03285043090850354,0.0013898534510179124,0.04949241043410015,0.08573269479362161,202.6143129361191,299.1735791671685,6000.0,23.886563370722246,2.8865633707222456,274.692908177011,0.013725733468837688,72.07859524089193,72.07859524089193,3.017537270733497,0.0,92.0566580387461,1.0
8.180731625004986,0.945600303745951,29554.070986806648,0.09907448138998383,2022531.8599590347,0.03284948578195705,0.0013886449673477443,0.04954260307685443,0.08578073382615922,202.81359174389408,299.23684254830147,6000.0,23.886275178419837,2.886275178419836,274.6736707412028,0.013725132673205466,71.8600789973087,71.8600789973087,3.0084254853695658,0.0,91.79809040639057,1.0
8.192265033180341,0.9457098579101295,29560.919459868728,0.09905087206706227,2022766.1838975577,0.03284896795026099,0.0013879832215441918,0.04957007240296634,0.08580702357477152,202.92276103879024,299.27151115198836,6000.0,23.886116882761712,2.886116882761714,274.66312854402577,0.013724803413211275,71.74036750523553,71.74036750523553,3.00343366221278,0.0,91.65638936182788,1.0
8.201795233929106,0.9458002467348935,29566.57046252528,0.09903139836881605,2022959.5153475848,0.032848540761923437,0.0013874375118728766,0.04959271678852,0.08582869506231632,203.0128128213257,299.30011485105325,6000.0,23.885986083924777,2.8859860839247773,274.6544305924654,0.013724531742346042,71.64161777113972,71.64161777113972,2.999315896753134,0.0,91.53947498613725,1.0
8.222940074840736,0.9460003519861816,29579.082728003865,0.09898830439005749,2023387.5177968987,0.03284759521496047,0.001386230274680306,0.049642784786848713,0.08587661027648949,203.21210878150634,299.3634385020034,6000.0,23.885695887246623,2.885695887246622,274.6351748295188,0.013723930273239354,71.42306604801246,71.42306604801246,2.9902024368545876,0.0,91.28063949604189,1.0
8.239806368098886,0.9461595310490027,29589.037833804075,0.09895404125873716,2023727.9837683232,0.0328468432257756,0.0013852708003229547,0.04968255082402749,0.08591466485012605,203.37058149831816,299.4138109902204,6000.0,23.88546441945075,2.8854644194507495,274.6198573189587,0.01372345178246026,71.24927582064052,71.24927582064052,2.9829554313635116,0.0,91.07473538043327,1.0
8.242217868748515,0.946182258533262,29590.459354057995,0.09894915042747958,2023776.59528085,0.03284673586962873,0.0013851338689108968,0.04968822411073578,0.0859200938492754,203.3932035795066,299.4210031417054,6000.0,23.885431325420242,2.8854313254202437,274.61767029464795,0.01372338346124294,71.22446671514135,71.22446671514135,2.9819208933162615,0.0,91.04533608989465,1.0
8.244107424409068,0.9462000613749538,29591.57287994511,0.09894531956827979,2023814.6735411647,0.032846651777815296,0.0013850266188721687,0.049692667313759355,0.08592434571044683,203.4109230601829,299.42663688157955,6000.0,23.885405394373908,2.8854053943739073,274.6159571596993,0.013723329943565354,71.20503409951638,71.20503409951638,2.981110553655848,0.0,91.02230703179518,1.0
8.265408432814423,0.9464004189394152,29604.10621921178,0.09890221919376303,2024243.2156597553,0.03284570551874127,0.001383820252270804,0.04974262471760903,0.0859721504886211,203.61029399673592,299.4900403774674,6000.0,23.885113080025715,2.8851130800257145,274.59667711711677,0.013722727614832553,70.98638312038085,70.98638312038085,2.9719927589434056,0.0,90.76312822192097,1.0
8.286709441219779,0.9466001638275047,29616.603874084314,0.09885927446441879,2024670.4473330367,0.03284476239250827,0.0013826187648928571,0.04979234233082214,0.08601972348822326,203.80896607271796,299.55324999086355,6000.0,23.88482077848864,2.8848207784886384,274.5774560312627,0.013722127077487952,70.76848995854476,70.76848995854476,2.9629064674532084,0.0,90.50473523013031,1.0
8.292170704316687,0.9466512770380912,29619.8023535238,0.09884828905341715,2024779.7726964767,0.03284452109199119,0.0013823115040601291,0.04980505069912526,0.08603188329517658,203.8597903443645,299.5694248542681,6000.0,23.884745838762118,2.8847458387621168,274.57253750033885,0.013721973396410793,70.71274715597434,70.71274715597434,2.9605819393403765,0.0,90.43861347168813,1.0
8.308124563792559,0.9468003633223184,29629.13261928445,0.09881625584858232,2025098.6513585693,0.03284381735937936,0.0013814157335168818,0.04984208564667487,0.0860673187395711,204.00800008967823,299.6166034653395,6000.0,23.88452692390399,2.88452692390399,274.5581911994338,0.01372152512278168,70.55019110975556,70.55019110975556,2.953803160285661,0.0,90.24574856755116,1.0
8.329579030905258,0.9470003139621059,29641.648435339033,0.09877331450220912,2025526.3231114096,0.03284287374027367,0.001380215385212942,0.04989167947972486,0.08611476860521147,204.20669568689996,299.6798781892144,6000.0,23.88423254234755,2.8842325423475494,274.53895031446956,0.013720923865786517,70.3322546275696,70.3322546275696,2.944714865879326,0.0,89.98707941128573,1.0
8.34212353988486,0.9471169407649579,29648.9498554326,0.09874827872587626,2025775.7746223267,0.032842323458428406,0.001379515795762021,0.0499205659187045,0.08614240517289493,204.32254811180152,299.7167849415744,6000.0,23.884060422295374,2.8840604222953736,274.5277275301874,0.013720573142506189,70.20517941838588,70.20517941838588,2.939415584163006,0.0,89.83620181127051,1.0
8.351097626775784,0.947200244423826,29654.165630838488,0.09873040122679622,2025953.951705651,0.032841930455411145,0.0013790163428045964,0.04994118046340517,0.08616212726162091,204.40527943371927,299.7431465277051,6000.0,23.883937293804145,2.8839372938041445,274.5197113712039,0.013720322618966626,70.11443193748465,70.11443193748465,2.9356312183784454,0.0,89.72843309812382,1.0
8.372706510812264,0.9474003932705408,29666.699145609266,0.09868746481217974,2026382.047400641,0.032840986379480165,0.0013778171753357207,0.04999064727045635,0.08620945082527223,204.60398729132382,299.80648397450307,6000.0,23.88364081945078,2.8836408194507803,274.50045141314905,0.01371972066482103,69.89646412182523,69.89646412182523,2.926541420138161,0.0,89.46950216204014,1.0
8.392076375453033,0.9475792768623134,29677.90325054152,0.0986491103360674,2026764.6591258596,0.03284014281149652,0.0013767464175255993,0.050034783431402004,0.08625167266042413,204.78150371307558,299.86309199479837,6000.0,23.883375075531838,2.8833750755318373,274.48323777174767,0.013719182623790448,69.70173405867209,69.70173405867209,2.918420610078702,0.0,89.23808108574747,1.0
8.394331494412937,0.9476000709392008,29679.20579353363,0.09864465310011544,2026809.1352991827,0.032840044764495646,0.0013766220100174832,0.050039909380641144,0.08625657615515428,204.80213398035437,299.86967231619514,6000.0,23.883344137213516,2.883344137213517,274.481236795698,0.013719120077328723,69.67910281534364,69.67910281534364,2.9174768162710545,0.0,89.21117985094781,1.0
8.416095756118889,0.9478004103248072,29691.75653634574,0.09860172318676834,2027237.6385352628,0.03283910026832339,0.0013754240656376408,0.050089245899081404,0.08630377023304243,205.0008427142575,299.93307005935304,6000.0,23.883045557254984,2.8830455572549853,274.4619585024335,0.013718517448912908,69.46111578817602,69.46111578817602,2.908386018929471,0.0,88.95200171059598,1.0
8.437860017824839,0.9480001255898353,29704.27082040548,0.09855895057539986,2027664.8068481737,0.03283815895297625,0.0013742310293084977,0.050138339882453906,0.08635072986473866,205.1988372353498,299.99627029848045,6000.0,23.882746990392324,2.8827469903923237,274.4427402671526,0.013717916647407031,69.2439030318028,69.2439030318028,2.899327412364189,0.0,88.6936323906126,1.0
8.442029211021206,0.9480383122869288,29706.663923122018,0.09855077488402128,2027746.4838645537,0.032837978995216614,0.0013740030475226448,0.05014771680903777,0.08635969885177702,205.2366840233413,300.0083545444566,6000.0,23.882689797987076,2.882689797987077,274.43906563101876,0.013717801764995914,69.20238160767747,69.20238160767747,2.8975957981713645,0.0,88.64423096004471,1.0
8.459747914452134,0.9482003481501413,29716.819538623808,0.09851609289175285,2028093.0602081793,0.03283721548544648,0.001373036139285229,0.05018746927048426,0.08639772089521597,205.39723843132163,300.0596310720711,6000.0,23.882446740646557,2.8824467406465564,274.4234732157734,0.01371731426922798,69.02623478445179,69.02623478445179,2.8902497107623857,0.0,88.43460936380127,1.0
8.481665106667126,0.948400210683624,29729.348335507144,0.09847333577174186,2028520.543511621,0.03283627395279019,0.0013718445708928743,0.050236420884293295,0.08644453940797636,205.5951859009763,300.1228779145543,6000.0,23.882146102226304,2.8821461022263035,274.404240809118,0.013716712923695784,68.80905490814169,68.80905490814169,2.881192277009279,0.0,88.17605583978349,1.0
8.489806368098886,0.9484742910985303,29733.992890514743,0.09845749350871946,2028678.9931216238,0.032835925027752316,0.0013714032052348658,0.050254542384646154,0.08646187061763333,205.6685316996252,300.14632078926934,6000.0,23.882034431787947,2.882034431787946,274.39711218605976,0.013716490018042728,68.72858048643457,68.72858048643457,2.8778360856457885,0.0,88.08022239410766,1.0
8.491982046589378,0.9484940738038947,29735.23325087145,0.09845326347726828,2028721.306085904,0.03283583185506468,0.0013712853685143127,0.05025937953188661,0.08646649675546561,205.68811595275915,300.15258106040807,6000.0,23.882004589180408,2.8820045891804074,274.395208532445,0.013716430491327676,68.70709257968585,68.70709257968585,2.876939928686437,0.0,88.0546308016479,1.0
8.503675191396812,0.9486002901290775,29741.893374819854,0.09843055572332704,2028948.49076518,0.03283533163673895,0.0013706528812076227,0.05028533586496867,0.08649132038291524,205.79325029408383,300.1861933992037,6000.0,23.8818442028416,2.881844202841597,274.3849875294198,0.013716110874973736,68.59173723533596,68.59173723533596,2.872128996937955,0.0,87.9172266311409,1.0
8.525753100804248,0.9488003539708935,29754.440081758064,0.09838780245645254,2029376.4046443272,0.03283438963262299,0.0013694624548898058,0.05033415696954838,0.08653800905706117,205.99120042263706,300.2495039460552,6000.0,23.881541386437704,2.8815413864377044,274.36573575123106,0.013715508822636233,68.37453532859399,68.37453532859399,2.8630704451691633,0.0,87.6584237149947,1.0
8.541934882157552,0.9489465879857977,29763.612604774207,0.098356567329712,2029689.1826256602,0.03283370123796572,0.001368593067783982,0.050369784987122315,0.08657207929287203,206.13582643702705,300.29577995159343,6000.0,23.881319448634873,2.881319448634872,274.35166391899486,0.01371506872846769,68.21583748196781,68.21583748196781,2.8564517814306627,0.0,87.46925969610818,1.0
8.5478732792088,0.9490001681804995,29766.97377430755,0.09834512589504668,2029803.7845884748,0.032833449041785645,0.0013682746801493228,0.05038282700556909,0.08658455072750407,206.18880406126522,300.3127354963645,6000.0,23.881238003590045,2.8812380035900462,274.34650799469415,0.013714907471046242,68.15770393342893,68.15770393342893,2.8540272461244616,0.0,87.39995099904586,1.0
8.570109463857237,0.9492003943352982,29779.53595427675,0.09830238472590903,2030232.0456366928,0.032832506750145124,0.0013670856237355542,0.05043150674504687,0.08663109911892755,206.3867144776493,300.3760974074386,6000.0,23.880933043078763,2.880933043078763,274.3272405974235,0.013714304829089526,67.9405261197742,67.9405261197742,2.844969499190691,0.0,87.14095388436365,1.0
8.591887717725724,0.9493958812108535,29791.80334889829,0.09826067776074093,2030650.1699038357,0.03283158699229273,0.0013659258370775072,0.05047894646709262,0.08667645929646287,206.57984242712072,300.4379595654445,6000.0,23.88063437587725,2.88063437587725,274.30842925234066,0.01371371640258205,67.72858682521994,67.72858682521994,2.8361301362092455,0.0,86.88809646360092,1.0
8.592348928014802,0.9494000145722088,29792.06275713707,0.09825979615156534,2030659.0106952325,0.03283156754744798,0.0013659013266145957,0.05047994859123992,0.0866774174653025,206.5839248602289,300.43926757475475,6000.0,23.880628050973012,2.8806280509730127,274.3080315065248,0.013713703960410342,67.7241066462959,67.7241066462959,2.8359432801239284,0.0,86.88275017095344,1.0
8.614744358937392,0.949600394898076,29804.639907208206,0.0982170687227036,2031087.6014978897,0.03283062500686872,0.001364713683955803,0.05052848366504691,0.08672382235587145,206.78178373547533,300.5026782735286,6000.0,23.880320933421324,2.8803209334213253,274.2887492736537,0.013713100753189121,67.50696553817838,67.50696553817838,2.8268868633042565,0.0,86.6235741664262,1.0
8.637139789859983,0.9498001354693438,29817.17954374623,0.0981745009098235,2031514.823937979,0.03282968571303731,0.0013635309916070258,0.05057677255953382,0.08676998926417816,206.97890791191466,300.5658865208591,6000.0,23.880013829357715,2.8800138293577144,274.2695286031996,0.013712499421345586,67.29062069128494,67.29062069128494,2.8178635561994065,0.0,86.36523765647755,1.0
8.641840553293896,0.9498419796649608,29819.80684043877,0.09816558619354888,2031604.3239291005,0.032829488967847584,0.0013632833725222195,0.05058687716862838,0.08677964950899819,207.02019088314427,300.5791281885339,6000.0,23.879949370437984,2.8799493704379837,274.2655020126614,0.01371237344031645,67.24531112951712,67.24531112951712,2.8159737730752052,0.0,86.31111967009342,1.0
8.659661810748421,0.9500003622468376,29829.752351093517,0.09813185268474489,2031943.0863180712,0.03282874437066097,0.0013623465792580295,0.050625087327211986,0.08681617827713098,207.17640784601613,300.6292486289861,6000.0,23.879705002951518,2.8797050029515185,274.25026114600814,0.013711896575160434,67.07385329999201,67.07385329999201,2.8088225248888845,0.0,86.10628555006214,1.0
8.682217461513384,0.9502002442945094,29842.30615522346,0.09808930101935695,2032370.6113601516,0.0328278048864288,0.0013611653614214985,0.05067322710363654,0.08686219735148684,207.37346293428087,300.692501646768,6000.0,23.87939572899225,2.879395728992252,274.231026861538,0.01371129471637645,66.85756392725713,66.85756392725713,2.7998013302356974,0.0,85.84779370147,1.0
8.69179338886207,0.9502849093422174,29847.62442966612,0.09807128415379912,2032551.7002998823,0.032827407015849144,0.0013606653745563055,0.05069359019204495,0.0868816625824504,207.45689876687646,300.71929404673864,6000.0,23.879264431851144,2.8792644318511442,274.2228796985923,0.013711039768796224,66.76598093171583,66.76598093171583,2.7959814726395265,0.0,85.73830764021548,1.0
8.704864068953983,0.9504002866754452,29854.872673501402,0.09804673831993473,2032798.4793369083,0.03282686488600817,0.0013599843497912316,0.050721313393243594,0.086908162629043,207.57057036624252,300.755805402287,6000.0,23.879085221507957,2.8790852215079554,274.21177714849057,0.013710692324283352,66.64120678224805,66.64120678224805,2.790777207923532,0.0,85.58911013112406,1.0
8.727577780637866,0.9506002743293053,29867.43839808574,0.09800421032076706,2033226.2302586546,0.0328259253800471,0.001358804812955412,0.0507692941644269,0.08695402435742941,207.76751727689359,300.81909183932885,6000.0,23.878773807639092,2.8787738076390936,274.19253270172976,0.01371009004645714,66.42501542483618,66.42501542483618,2.7817598993959254,0.0,85.33051415634748,1.0
8.739806368098886,0.9507076758183005,29874.187793507976,0.09798138055853745,2033455.9498689796,0.03282542092509194,0.0013581718283611395,0.05079502357935141,0.08697861633280449,207.87324146765448,300.8530792252514,6000.0,23.8786061545822,2.8786061545822026,274.182197652555,0.013709766577960008,66.3089561849005,66.3089561849005,2.7769190444215313,0.0,85.19164498309416,1.0
8.741746224430242,0.9507246960449215,29875.257459843375,0.09797776326841767,2033492.354204372,0.03282534098892404,0.0013580715478625368,0.05079909854008889,0.08698251107687546,207.88999303402662,300.8584653052403,6000.0,23.878579559654426,2.878579559654428,274.1805598272256,0.013709715315627938,66.29056679319896,66.29056679319896,2.776152016395666,0.0,85.16963847051218,1.0
8.75036062841141,0.9508002217306131,29880.004236563465,0.09796171388520139,2033653.8950847536,0.0328249863002681,0.0013576266627212455,0.050817172693416825,0.08699978565640618,207.96431711948242,300.88236553838124,6000.0,23.87846145960821,2.8784614596082125,274.1732921283986,0.013709487839342697,66.20897500891618,66.20897500891618,2.772748785381858,0.0,85.07198825178496,1.0
8.773239649764788,0.9510003615274714,29892.584812889792,0.0979191995505371,2034081.9714231265,0.03282404655416899,0.00135644852756265,0.05086500432074085,0.0870454994024725,208.16119787750057,300.94570012133653,6000.0,23.878147806842996,2.8781478068429944,274.15403304119485,0.013708885002186354,65.99283516369428,65.99283516369428,2.763733422605838,0.0,84.81323283841594,1.0
8.791699059998415,0.9511613653831476,29902.707267117516,0.09788501526449572,2034426.340419616,0.032823290741099576,0.0013555016013057548,0.05090341511685334,0.08708220745925868,208.3195006262888,300.9966500683911,6000.0,23.877894753389143,2.8778947533891412,274.13853993415023,0.013708400008902215,65.81903930786143,65.81903930786143,2.756484187054192,0.0,84.60509004296107,1.0
8.796150188463276,0.9512001251085221,29905.14438111057,0.09787678802893751,2034509.2430785333,0.03282310881119882,0.0013552737510616857,0.05091265301942776,0.08709103558168826,208.35759946966607,301.0089156501524,6000.0,23.877833735799538,2.8778337357995385,274.1348101565513,0.01370828324776088,65.77721068688521,65.77721068688521,2.7547394547884307,0.0,84.55498423871123,1.0
8.819192365803117,0.9514003809513981,29917.73754659417,0.09783429491241245,2034937.5676261834,0.0328221689945909,0.0013540972248330164,0.050960325599596325,0.08713659181902025,208.55437477969218,301.0722869560696,6000.0,23.877517874060146,2.877517874060145,274.1155399024512,0.013707679959878465,65.56116512275901,65.56116512275901,2.7457278209802025,0.0,84.29612094052662,1.0
8.841651895566589,0.9515949427732651,29929.97518034538,0.09779303196842964,2035353.713308348,0.03282125612780169,0.0013529552478776345,0.05100655272651252,0.08718076410219186,208.74544846257186,301.1338563792448,6000.0,23.8772100126002,2.877210012600202,274.09681757359573,0.013707093777199777,65.35136911102387,65.35136911102387,2.7369767689163607,0.0,84.04464003958424,1.0
8.842238693606495,0.9516000177516775,29930.294422022966,0.09779195594883201,2035364.5681118914,0.03282123231945101,0.0013529254748289217,0.05100775733299989,0.08718191512727982,208.75043104282426,301.1354623648923,6000.0,23.877201969308928,2.8772019693089272,274.0963292176898,0.013707078486486902,65.34589817486554,65.34589817486554,2.7367485628701087,0.0,84.03808067549517,1.0
8.865445010849564,0.951800380939032,29942.89963517067,0.09774948577490239,2035793.1222572126,0.032820292473243806,0.001351750603077739,0.051055267542023046,0.0872273106183446,208.94708858327593,301.19886764015433,6000.0,23.87688388550582,2.876883885505819,274.0770486340265,0.013706474773983485,65.12996005075055,65.12996005075055,2.727741206225278,0.0,83.77912564743745,1.0
8.888651328092635,0.9520000848467618,29955.4660125509,0.09770717807324923,2036220.26627815,0.03281935595574394,0.001350580733293414,0.05110252734758308,0.08727246403662044,209.14298642244435,301.2620642852452,6000.0,23.87656581569018,2.87656581569018,274.05783149163767,0.01370587299748257,64.91484506919332,64.91484506919332,2.7187680829097856,0.0,83.52104795931749,1.0
8.89160473113476,0.9520254534402093,29957.06252115643,0.0977018053043092,2036274.5268238443,0.03281923700583553,0.0013504322046213166,0.05110852407301811,0.08727819328347496,209.16786343413074,301.2700922202755,6000.0,23.876525336836075,2.8765253368360737,274.05539031821235,0.013705796549586091,64.88752688408161,64.88752688408161,2.7176285480691296,0.0,83.48826595190408,1.0
8.912001756528216,0.9522003660165345,29968.071361976246,0.09766477082253526,2036648.6449971609,0.032818416967896856,0.001349408619070842,0.05114982917157241,0.08731765475854011,209.33933671714678,301.32544360590236,6000.0,23.876245784734174,2.876245784734174,274.0385588003765,0.013705269430890283,64.69922208322973,64.69922208322973,2.7097736665366656,0.0,83.26225083394975,1.0
8.935373200133753,0.9524001641315923,29980.64895081677,0.09762248850542479,2037075.9905168945,0.03281748048089453,0.0013482404645373473,0.05119692226266325,0.08736264320809513,209.53509899498857,301.38867006306424,6000.0,23.875925479843055,2.8759254798430565,274.01933259258857,0.013704667269537596,64.4842335976,64.4842335976,2.7008056149295654,0.0,83.0041056204186,1.0
8.941557566702935,0.9524529224182602,29983.970603923044,0.0976113272926353,2037188.8345115928,0.03281723323337306,0.0013479321925658984,0.05120934175949415,0.0873745071854331,209.58677239842314,301.40536551362425,6000.0,23.875840725648725,2.8758407256487244,274.0142557589972,0.013704508255610572,64.42748336057406,64.42748336057406,2.698438312639712,0.0,82.93594509206913,1.0
8.958864716084967,0.9526003225606406,29993.251867953135,0.097580152579364,2037504.10670741,0.03281654254140063,0.0013470713357275604,0.051244005230268806,0.087407619107397,209.7310988053017,301.4520105422081,6000.0,23.875603543523315,2.8756035435233165,274.0000717124432,0.013704063971685089,64.26897290714146,64.26897290714146,2.6918261056724395,0.0,82.74552386237492,1.0
8.982399437253621,0.9528001819812616,30005.838600556915,0.09753790246573878,2037931.583352793,0.03281560623899004,0.001345905082258205,0.05129092267716603,0.08745243399841426,209.926689582582,301.5152563996208,6000.0,23.87528102929192,2.8752810292919198,273.9808396053328,0.013703461524574342,64.0541500227508,64.0541500227508,2.682864756404942,0.0,82.4873585692303,1.0
8.989806368098886,0.9528629447087321,30009.791812012514,0.09752463912390333,2038065.8257123018,0.03281531225647696,0.0013455390709945388,0.05130563670185826,0.08746648802932976,209.98808770304566,301.53511777268045,6000.0,23.87517952940088,2.87517952940088,273.9748000626708,0.013703272325063099,63.98671235962513,63.98671235962513,2.6800515690711038,0.0,82.40629221158217,1.0
8.991510402271107,0.9528773745510432,30010.700735682844,0.09752159004921927,2038096.6895092912,0.032815244669944614,0.001345454936666626,0.05130901828750675,0.087469717894118,210.00220217239823,301.539684121099,6000.0,23.87515617859363,2.875156178593631,273.97341150529354,0.013703228825308025,63.97120933289531,63.97120933289531,2.679404853077009,0.0,82.38765460472037,1.0
9.006044378815668,0.9530003075549013,30018.444740674382,0.09749561864041498,2038359.629269313,0.0328146689258243,0.0013447384039027657,0.051337807037138874,0.08749721436686594,210.12242355477647,301.5785864816141,6000.0,23.87495701888135,2.8749570188813487,273.96158188680346,0.01370285822462095,63.83915833202698,63.83915833202698,2.6738962621603974,0.0,82.22888092680007,1.0
9.029749044801708,0.9532002672727057,30031.043077559672,0.0974533923539317,2038787.320439003,0.0328137326253395,0.001343573817982242,0.051384556767231235,0.08754186321055299,210.31787721327626,301.64186407824303,6000.0,23.87463220435315,2.8746322043531527,273.94234012827826,0.013702255374123814,63.624462915002,63.624462915002,2.664940023804895,0.0,81.97065016465623,1.0
9.04146323783928,0.9532988344914413,30037.254216056517,0.09743258578411881,2038998.1445466627,0.032813271176430875,0.0013430001657467468,0.051407566056373206,0.08756383739855084,210.41417952589666,301.67305584414703,6000.0,23.874471695229754,2.8744716952297558,273.9328551847995,0.013701958189200406,63.51867565890285,63.51867565890285,2.6605269624288366,0.0,81.84337147870612,1.0
9.053538741051534,0.9534002710698603,30043.646835632404,0.09741117920868149,2039215.1058894256,0.03281279635420124,0.0013424100987593267,0.05143122077446898,0.08758642722742956,210.51325497725693,301.70515562385816,6000.0,23.874306239036777,2.8743062390367773,273.9230941280777,0.013701652340203955,63.40983915082077,63.40983915082077,2.6559866710237476,0.0,81.7123963755322,1.0
9.077411508330194,0.9536002979724238,30056.25469449762,0.09736898359838585,2039642.9407596993,0.03281186021060412,0.0013412473668092352,0.05147779385447237,0.08763090143188573,210.7085354036139,301.7684544812197,6000.0,23.87397914988255,2.8739791498825507,273.9038459044858,0.013701049186074713,63.195310500871926,63.195310500871926,2.6470371823702803,0.0,81.45414789741675,1.0
9.091416073407453,0.9537173267004515,30063.632337099956,0.09734430680080929,2039893.2519430066,0.032811312615059984,0.0013405676124464768,0.05150499736228417,0.08765687758979063,210.82273117421136,301.8054884234929,6000.0,23.87378727511955,2.8737872751195517,273.8925844436779,0.01370069627830169,63.069853269466535,63.069853269466535,2.6418034366585728,0.0,81.30307255990606,1.0
9.10135417512603,0.9538002337780621,30068.85945454072,0.09732682955803645,2040070.5807839758,0.03281092472879634,0.0013400862833760669,0.05152424920388148,0.0876752602160539,210.90360616614484,301.83172451080253,6000.0,23.87365111744898,2.8736511174489796,273.88460644698466,0.013700446256123572,62.98100028083982,62.98100028083982,2.6380967021339994,0.0,81.19605339553937,1.0
9.125396040571957,0.954000318649908,30081.476257764505,0.09728466641712502,2040498.5396439733,0.03280998878506971,0.001338925452219168,0.05157064232039736,0.08771955655768623,211.09870063453354,301.89504171264315,6000.0,23.87332174042134,2.8733217404213396,273.8653526451146,0.013699842826088375,62.76665201058108,62.76665201058108,2.6291545304442128,0.0,80.93780410613618,1.0
9.141368908975625,0.9541328754496159,30089.836383382677,0.09725674549464254,2040782.0636123994,0.032809368849388024,0.0013381570131529494,0.05160132439831593,0.08774885026085691,211.22788377433045,301.93698953990776,6000.0,23.873102917828895,2.873102917828894,273.8525969463226,0.013699443024112,62.62471317199214,62.62471317199214,2.623233074793256,0.0,80.76673455916051,1.0
9.149494994640316,0.9542001981940222,30094.08275594364,0.09724256880149387,2040926.0593312276,0.03280905403697687,0.0013377669269202719,0.05161689081037693,0.08776371177427408,211.29347240830316,301.95829393816996,6000.0,23.872991595806518,2.872991595806516,273.84611860155724,0.013699239964796614,62.55264619325408,62.55264619325408,2.6202265410356844,0.0,80.67985867372116,1.0
9.173706957679721,0.9544003317183533,30106.707918814504,0.09720043993704744,2041354.1222533754,0.03280811833651528,0.001336608043645879,0.05166310065127423,0.08780782703143539,211.4883681136968,302.0216265361732,6000.0,23.872659917626997,2.872659917626998,273.8268601179473,0.01369863628690058,62.338492004250526,62.338492004250526,2.6112922573081723,0.0,80.42162562276918,1.0
9.191321744543798,0.9545455048220205,30115.867631977268,0.09716989435161967,2041664.6310658334,0.032807439744286376,0.0013357681079394744,0.05169655925415288,0.08783976710637874,211.62966391995303,302.0675668145257,6000.0,23.872418622927043,2.8724186229270434,273.8128903752622,0.013698198358615982,62.18322645530918,62.18322645530918,2.6048146791288453,0.0,80.23433406180601,1.0
9.197964855049102,0.9546001607809026,30119.316516789684,0.09715839732432684,2041781.5339662847,0.03280718429441666,0.0013354520336252263,0.051709142676368135,0.08785177900441002,211.6828430717507,302.08486278672194,6000.0,23.87232762482937,2.8723276248293717,273.80763093213875,0.013698033476890262,62.12478786038804,62.12478786038804,2.602376644486592,0.0,80.1638267470647,1.0
9.222345399352685,0.9548003129219018,30131.948146092975,0.09711630889095255,2042209.6367073755,0.032806248977353424,0.0013342952646540614,0.05175516119909355,0.08789570544110104,211.87750708924148,302.1482012760018,6000.0,23.871993666682346,2.8719936666823456,273.7883706570809,0.013697429641702969,61.91086356783944,61.91086356783944,2.593451742333828,0.0,79.90565371888252,1.0
9.239806368098886,0.9549432369066808,30140.96971922314,0.09708626806335238,2042515.3349094833,0.032805581233189135,0.0013334699216191982,0.05178796182143502,0.08792701297624336,212.0164348494953,302.1934298168137,6000.0,23.871754500057694,2.8717545000576954,273.7746173429996,0.013696998426078692,61.75818249350428,61.75818249350428,2.58708183738045,0.0,79.721325187988,1.0
9.241274580111972,0.954955238712297,30141.72735238687,0.09708374594738695,2042541.005411216,0.03280552516593382,0.0013334006405115498,0.05179071391562775,0.08792963972207313,212.0280981357068,302.197227808844,6000.0,23.871734389986646,2.871734389986647,273.77346243116,0.013696962214284182,61.745364295453186,61.745364295453186,2.5865470554729866,0.0,79.70584753825871,1.0
9.246770184555565,0.9550001401635767,30144.561912721336,0.09707431084925124,2042637.044525641,0.03280531541323411,0.0013331414796305416,0.05180100697715123,0.08793946387001589,212.0717290560972,302.21143695033174,6000.0,23.87165911727255,2.871659117272552,273.76914164649173,0.01369682673621121,61.69741259039452,61.69741259039452,2.584546481972542,0.0,79.6479436078423,1.0
9.271325351422322,0.9552003426461197,30157.202012873815,0.09703225601200231,2043065.2549415876,0.03280438033108485,0.0013319866343758629,0.05184684034183389,0.08798320730729461,212.26618852053113,302.2747913702798,6000.0,23.871322796827407,2.871322796827405,273.7498765271591,0.013696222647979383,61.48368800662794,61.48368800662794,2.575629701375383,0.0,79.3897947444173,1.0
9.291227415680144,0.9553621008268103,30167.41680648546,0.09699829294621098,2043411.2373537754,0.03280362498180801,0.0013310543581528788,0.0518838002643557,0.0880184796043166,212.42321287172464,302.32598002478255,6000.0,23.87105021858372,2.8710502185837177,273.7343108327957,0.013695734524073872,61.311097961071056,61.311097961071056,2.568429013372026,0.0,79.18125135411002,1.0
9.295913322211282,0.9554001206979428,30169.81795704564,0.09699031230537014,2043492.5575483355,0.032803447465722835,0.0013308353392515427,0.05189247799457575,0.08802676079955013,212.46010789366633,302.3380114783964,6000.0,23.870986041920705,2.8709860419207063,273.73065225001955,0.013695619789944226,61.27054435635321,61.27054435635321,2.566737052619183,0.0,79.13223949838161,1.0
9.32064160062346,0.9556003432925629,30182.464621140294,0.09694829724409998,2043920.8109817356,0.03280251275939582,0.001329682584587643,0.05193811816757046,0.08807031351155392,212.6543297388168,302.4013722628459,6000.0,23.870647380296763,2.8706473802967643,273.7113851953383,0.013695015539849765,61.05705545652151,61.05705545652151,2.557829893918966,0.0,78.87415885506516,1.0
9.341180251248316,0.9557661146828138,30192.937248393766,0.09691352810018104,2044275.37719425,0.03280173906068177,0.0013287290116781854,0.051975830077182095,0.08810629814954204,212.81503449739157,302.45383090441675,6000.0,23.87036610829763,2.8703661082976324,273.695433317147,0.013694515221432923,60.88039881975541,60.88039881975541,2.5504593663769843,0.0,78.66052178131883,1.0
9.345399379840101,0.9558001088988032,30195.085061477715,0.09690639995871851,2044348.086968793,0.03280158042062445,0.0013285335586753013,0.05198355510659787,0.08811366908589763,212.84797865020627,302.46458843253646,6000.0,23.870308329593378,2.87030832959338,273.6921621158145,0.013694412618424117,60.84418346560821,60.84418346560821,2.5489483682192833,0.0,78.61671611908562,1.0
9.370301779712014,0.9560003419013177,30207.737677413257,0.09686442653103104,2044776.3626634986,0.03280064613506449,0.0013273829425996103,0.052028998793575754,0.08815702787123986,213.04194978838584,302.52795251058194,6000.0,23.869967313383917,2.869967313383918,273.67289405960065,0.013693808235737065,60.630944271214815,60.630944271214815,2.540051415873493,0.0,78.35872128767853,1.0
9.39113308681649,0.9561673036109902,30218.289924569945,0.09682944424774158,2045133.4748343264,0.03279986727260372,0.0013264243553682052,0.052066815026449366,0.08819310665442129,213.2035892985457,302.58078783078116,6000.0,23.86968205871107,2.869682058711072,273.65682763914486,0.013693304240293486,60.45323834059917,60.45323834059917,2.532636932151226,0.0,78.14363500478254,1.0
9.395232810820497,0.9562001052245336,30220.36325559928,0.09682257334647881,2045203.6337674258,0.03279971427499129,0.0013262361190832747,0.052074236295154265,0.08820018668922883,213.23533447681342,302.59116795780557,6000.0,23.86962592014598,2.8696259201459817,273.65367119976816,0.013693205220255541,60.418336722954734,60.418336722954734,2.5311807116324188,0.0,78.1013830253066,1.0
9.420310344628744,0.9564003388387067,30233.021204690926,0.09678064342131135,2045631.9107704004,0.03279878045550529,0.0013250876897798582,0.05211948020950641,0.08824334835479156,213.4290417586673,302.6545322294115,6000.0,23.869282535912976,2.869282535912976,273.63440308469546,0.013692600734538436,60.20536132602817,60.20536132602817,2.522294553070251,0.0,77.843491722889,1.0
9.441085922384662,0.9565656907566332,30243.476073815687,0.09674603431251975,2045985.5797791632,0.03279800948888548,0.0013241401469133638,0.05215676667998894,0.08827891631578778,213.5889034735124,302.7068581282438,6000.0,23.868998069409983,2.8689980694099817,273.61849157156,0.013692101515069744,60.02958809804761,60.02958809804761,2.514960532632507,0.0,77.63056713043913,1.0
9.445417722827296,0.9566001067539444,30245.652355331284,0.09673883271015082,2046059.1916961416,0.03279784904163627,0.0013239430209853044,0.052164518779011224,0.0882863108416328,213.62216523605926,302.7177491297883,6000.0,23.86893875818366,2.8689387581836616,273.61517978298104,0.013691997604246059,59.993014546921785,59.993014546921785,2.5134345164949026,0.0,77.58625416614792,1.0
9.470669229520832,0.9568003138809568,30258.313923708007,0.09669695176664361,2046487.4120460816,0.03279691581410203,0.0013227969252794722,0.05220955577701483,0.08832926851639633,213.81557883364945,302.78110501948663,6000.0,23.86859302225126,2.86859302225126,273.5959142167195,0.013691393097322788,59.78033538307005,59.78033538307005,2.504560504565159,0.0,77.32850638703349,1.0
9.489806368098886,0.9569515722511952,30267.881615009133,0.09666532469190967,2046810.936553932,0.03279621090729211,0.0013219317613900258,0.05224351471082263,0.08836165737950477,213.96161478950788,302.82897099091224,6000.0,23.868331012536526,2.8683310125365247,273.5813588999438,0.013690936353067604,59.6197441104359,59.6197441104359,2.497859782450705,0.0,77.13381303494374,1.0
9.491038757952834,0.9569612990796487,30268.49692720863,0.09666329130241011,2046831.7411373968,0.032796165582094396,0.001321876147365043,0.05224569650088602,0.08836373823034546,213.9710031281504,302.8320490625064,6000.0,23.86831413998357,2.8683141399835717,273.58042290500254,0.01369090698065918,59.60941977685215,59.60941977685215,2.4974289942411985,0.0,77.12129419467165,1.0
9.495959744369626,0.9570001220106877,30270.952900311262,0.09665517589311827,2046914.7789860652,0.03279598468001814,0.0013216541992913597,0.05225440235434164,0.08837204123365114,214.00847183105745,302.844334645809,6000.0,23.868246767504775,2.8682467675047767,273.57668704523786,0.013690789744648187,59.56821521418041,59.56821521418041,2.49570970982582,0.0,77.07132879640709,1.0
9.521390593931386,0.9572003271014589,30283.619633895847,0.09661333862243361,2047342.994980716,0.03279505192999528,0.0013205102887482833,0.05229923690118763,0.08841479911993119,214.20161172442445,302.9076898911353,6000.0,23.867898606782614,2.867898606782614,273.5574216749202,0.013690185142699297,59.35580995049574,59.35580995049574,2.48684691217971,0.0,76.81369818248423,1.0
9.540991593521008,0.9573541513549677,30293.353708061775,0.09658120830859199,2047672.0076220226,0.03279433542604454,0.0013196321210855227,0.05233361584738013,0.0884475833945102,214.3499142714551,302.95636784073514,6000.0,23.867630270024296,2.867630270024296,273.54261944788243,0.013689720572442615,59.192705176427324,59.192705176427324,2.480041148063547,0.0,76.61579217295397,1.0
9.546862291694314,0.9574001413127508,30296.26427886699,0.09657160454425227,2047770.374928469,0.03279412123446417,0.001319369693103465,0.052343882719421184,0.08845737364698883,214.39423755389265,302.9709214419781,6000.0,23.867549902214517,2.867549902214516,273.53819391822094,0.013689581670683609,59.14395636432829,59.14395636432829,2.478007026554523,0.0,76.55662965180974,1.0
9.572471328424477,0.9576003170946032,30308.93445119442,0.09652981644549291,2048198.5282346657,0.032793189088500804,0.0013182281148389537,0.05238850769353026,0.08849992489687003,214.58707381078904,303.0342674124467,6000.0,23.867199332960993,2.867199332960993,273.5189313682469,0.013688977056088479,58.931857557457874,58.931857557457874,2.469156801153121,0.0,76.29915642588412,1.0
9.59094442908918,0.9577442701719658,30318.04763182079,0.09649977850476352,2048506.4275491557,0.03279251889579239,0.0013174078357043478,0.05242053597258404,0.08853046270408077,214.7256628103564,303.07982161137664,6000.0,23.866946459127853,2.8669464591278517,273.5050790264654,0.013688542226287235,58.77941621610901,58.77941621610901,2.462795830072723,0.0,76.1140369895615,1.0
9.598130301926048,0.9578001664219895,30321.586602871415,0.09648811791343463,2048625.9832917638,0.03279225869594231,0.0013170894758800745,0.05243295815395131,0.0885423063257737,214.77945674199336,303.09751007583793,6000.0,23.866848095610855,2.8668480956108557,273.4997002323901,0.013688373377023985,58.72024349039677,58.72024349039677,2.4603266948012084,0.0,76.04216477261474,1.0
9.623918548867936,0.9580003027509718,30334.259570069433,0.09644638089547689,2049054.052212743,0.032791327200686,0.0013159502786597298,0.05247737031300084,0.08858464779234657,214.97197600449752,303.1608435613779,6000.0,23.866495104258288,2.866495104258289,273.4804414788937,0.013687768780456154,58.50846547439616,58.50846547439616,2.4514896392959273,0.0,75.78486710863866,1.0
9.640897264657353,0.958131677937067,30342.579906163945,0.09641899514574884,2049335.0488435954,0.03279071586761788,0.0013152030620580647,0.05250646802495174,0.0886123869546277,215.09827454773685,303.2024174649824,6000.0,23.86626270689312,2.8662627068931195,273.46779948462205,0.013687371878539936,58.3695249368852,58.3695249368852,2.44569188120211,0.0,75.61600452294722,1.0
9.649768366228333,0.9582001957193816,30346.919770233897,0.09640471595300995,2049481.6006130439,0.032790397071167744,0.001314813540317695,0.05252162618264037,0.08862683679412581,215.16412045447598,303.2241000350461,6000.0,23.866141285745336,2.866141285745335,273.4612061435409,0.013687164868552067,58.297085689064915,58.297085689064915,2.4426690930504273,0.0,75.52794658967518,1.0
9.675736848999968,0.9584002823701718,30359.594882448964,0.09636303193330317,2049909.563278001,0.03278946627357248,0.0013136767730099071,0.05256582229882511,0.0886689653454075,215.35630932259824,303.2874177998367,6000.0,23.865785858694476,2.8657858586944767,273.4419521704863,0.013686560320946728,58.08564284788804,58.08564284788804,2.433845807207183,0.0,75.27084276392304,1.0
9.690850100225527,0.9585163968750772,30366.95173102263,0.0963388515663798,2050157.919041683,0.03278892621901133,0.001313017574137991,0.05259142304849044,0.08869336684163977,215.46777517935664,303.3241624346304,6000.0,23.865579012922122,2.865579012922123,273.43077868370005,0.01368620946602456,57.96300350434342,57.96300350434342,2.4287281474695877,0.0,75.1216706125562,1.0
9.70178034606773,0.958600221369564,30372.26328477584,0.09632139990434647,2050337.2101333558,0.03278853639574906,0.0013125419142536708,0.05260988296837758,0.08871096127838032,215.54821377540176,303.3506888400885,6000.0,23.865429420672655,2.865429420672655,273.42271240565606,0.013685956168938468,57.874498630254294,57.874498630254294,2.4250348740895644,0.0,75.01399555570012,1.0
9.727928282170097,0.9588002342330648,30384.939011269787,0.09627977367999548,2050765.0149756651,0.03278760640723561,0.0013114077040267903,0.05265385680132701,0.0887528709125894,215.74004558033036,303.41398325476445,6000.0,23.865071569072178,2.8650715690721764,273.40346553301754,0.013685351743205903,57.66341995268718,57.66341995268718,2.4162265671734167,0.0,74.75712166663153,1.0
9.739806368098886,0.9588908529520822,30390.682802875,0.09626092127855106,2050958.8381434407,0.03278718513912415,0.001310894184664551,0.052673745763455015,0.08877182508724372,215.82691024469804,303.44265970426125,6000.0,23.86490901491511,2.8649090149151113,273.39474545915294,0.013685077882754743,57.5678352144549,57.5678352144549,2.4122377830343336,0.0,74.64076404511724,1.0
9.740802935793699,0.9588984490291856,30391.164298518546,0.09625934118066201,2050975.0852913016,0.032787149828666956,0.00131085114904623,0.05267541198271029,0.08877341296042349,215.8341902896373,303.44506349592587,6000.0,23.86489537682003,2.8648953768200314,273.3940145025235,0.013685054926043045,57.559824212886184,57.559824212886184,2.4119034801549573,0.0,74.6310110671499,1.0
9.754173157850788,0.9590002583232629,30397.618094000052,0.0962381662598554,2051192.8438306078,0.03278667659931552,0.0013102744961011965,0.05269772969828128,0.088794680793698,215.93174364363784,303.47728122214806,6000.0,23.86471240665439,2.86471240665439,273.38421758005444,0.013684747233002933,57.452473936416595,57.452473936416595,2.407423687217645,0.0,74.50030289105963,1.0
9.780505199681327,0.9592002146275563,30410.295523411703,0.09619659402044306,2051620.5276991844,0.032785747339071795,0.0013091427355498883,0.0527414841103053,0.08883637418492699,216.12323137536097,303.5405577385656,6000.0,23.86435206727951,2.864352067279507,273.3649761500052,0.013684142877141852,57.24174477464422,57.24174477464422,2.3986297475525666,0.0,74.24364195524679,1.0
9.790755771361871,0.9592778562615578,30415.218792939177,0.0961804574808366,2051786.5943531445,0.03278538657647348,0.0013087035669492985,0.05275844566274024,0.08885253580616302,216.1975453481529,303.5651275671886,6000.0,23.86421179819514,2.8642117981951403,273.357504837336,0.01368390819637485,57.15995948918314,57.15995948918314,2.3952167359454197,0.0,74.14400167216496,1.0
9.80694920372875,0.9594002863136173,30422.98291346206,0.09615501883713615,2052048.4583562817,0.03278481777524256,0.001308011383901114,0.05278515981859778,0.08887798897774146,216.31468320421584,303.6038707677419,6000.0,23.86399021175073,2.8639902117507283,273.34572361697906,0.01368353812199138,57.03104041276322,57.03104041276322,2.3898367333674524,0.0,73.98690508515084,1.0
9.83346457418229,0.9596001617982258,30435.660503741565,0.0961135053940718,2052475.969360714,0.03278388935524393,0.0013068822003147618,0.05282868860527198,0.08891946016083066,216.50580013048122,303.66712170863116,6000.0,23.86362739568357,2.8636273956835674,273.3264899640605,0.013682933909402362,56.82068983357928,56.82068983357928,2.381058373542027,0.0,73.73049338089379,1.0
9.840708606930045,0.9596546402529842,30439.116390654293,0.09610219403664591,2052592.4925999662,0.032783636343509316,0.0013065746110377616,0.05284053481927053,0.0889307457738176,216.55786570535372,303.6843615093421,6000.0,23.863528276658865,2.8635282766588643,273.32124760183484,0.013682769215279188,56.76338189648112,56.76338189648112,2.3786667771170245,0.0,73.66061819808684,1.0
9.860113940806244,0.9598003078605803,30448.357902334952,0.09607195670364219,2052904.0591002728,0.032782959910913345,0.0013057525462188586,0.052872171804522396,0.0889608842616546,216.69702746456448,303.7304582743135,6000.0,23.863262762228693,2.863262762228694,273.3072302739395,0.013682328828298765,56.61020280937504,56.61020280937504,2.3722742096683835,0.0,73.47380939004788,1.0
9.886813676151942,0.9600000919979083,30461.034981036977,0.09603050400290186,2053331.3747232265,0.032782032379220866,0.001304625988705844,0.052915471810031714,0.08900213017795842,216.88776005900786,303.79368030819865,6000.0,23.86289745573875,2.862897455738751,273.28800541120296,0.013681724790896096,56.4002453521951,56.4002453521951,2.363512036072195,0.0,73.21766555256853,1.0
9.890661442498217,0.9600288225055151,30462.858260222612,0.09602454449401535,2053392.8260222138,0.03278189901202412,0.0013044640674704253,0.05292169007917794,0.0890080531586725,216.91517659128,303.8027721267472,6000.0,23.862844811825685,2.8628448118256835,273.2852407269168,0.013681637921488193,56.370064135636824,56.370064135636824,2.362252471578811,0.0,73.18083640477663,1.0
9.913672096244776,0.9602003192705408,30473.74282566032,0.09598898021322234,2053759.638162364,0.03278110302257245,0.0013034979866513804,0.05295876277915783,0.08904336378838165,217.07876547350858,303.85704257301313,6000.0,23.862529994362074,2.8625299943620726,273.2687379063652,0.013681119363103698,56.18997243285659,56.18997243285659,2.3547365868636905,0.0,72.96103106798674,1.0
9.940557235340686,0.9604000014635932,30486.418715049993,0.09594759020642726,2054186.735738068,0.03278017642749272,0.001302374104336492,0.05300183086922326,0.08908438140105249,217.26910018909587,303.92023234645694,6000.0,23.862162183686962,2.8621621836869613,273.24952285354016,0.013680515533028436,55.98042266444429,55.98042266444429,2.345991207063144,0.0,72.70517380893331,1.0
9.94061427806639,0.9604004243439136,30486.4455624247,0.09594750257398854,2054187.6402311376,0.032780174465425735,0.0013023717253258984,0.05300192196591379,0.08908446815666543,217.269503113259,303.9203661676617,6000.0,23.862161403313102,2.862161403313103,273.2494821605391,0.013680514254203696,55.979979047280125,55.979979047280125,2.345972692964338,0.0,72.7046320471371,1.0
9.967627005415393,0.960600305959351,30499.1367565383,0.09590609196825875,2054615.164348717,0.032779247176948315,0.0013012477697845223,0.05304492754111297,0.0891254224878458,217.45987591528507,303.98361904866226,6000.0,23.86179186348091,2.8617918634809083,273.2302479176621,0.013679909770528898,55.77037200237703,55.77037200237703,2.337224812011304,0.0,72.4485993571225,1.0
9.989806368098886,0.9607638657512049,30509.52371376632,0.09587222172616637,2054965.0002029594,0.03277848856448873,0.0013003288334884546,0.05308003972426968,0.08915885712224686,217.6155412530795,304.0353778261165,6000.0,23.861488457289173,2.8614884572891746,273.2145088575462,0.01367941509407167,55.59896760446671,55.59896760446671,2.330071223510888,0.0,72.23915249365422,1.0
9.990567113634564,0.9607694669156572,30509.8794502046,0.09587106207196781,2054976.9804587958,0.032778462588274146,0.0013002973765628872,0.05308124089960462,0.08916000086444165,217.6208702523402,304.0371503242414,6000.0,23.861478050741656,2.861478050741655,273.2139698677184,0.013679398153098297,55.59309961537818,55.59309961537818,2.3298263207819288,0.0,72.23198088245725,1.0
9.994728631634132,0.9608000966351019,30511.82481582309,0.09586472084057274,2055042.4939566161,0.03277832054171048,0.0013001253702519726,0.053087808003577,0.08916625391553945,217.65000951633112,304.04684315164263,6000.0,23.861421123872802,2.8614211238728005,273.21102242574506,0.013679305511435607,55.56101290941393,55.56101290941393,2.3284871685126256,0.0,72.19276439001808,1.0
10.021987705449632,0.9610002948440985,30524.54140295903,0.0958232859675725,2055470.6952319317,0.03277739224822364,0.0012990017267029046,0.05313066982541259,0.08920706380033913,217.84037699278875,304.1101962192196,6000.0,23.861048246932437,2.8610482469324374,273.1917577176479,0.013678699969191951,55.351380724859126,55.351380724859126,2.3197380162028325,0.0,71.93649036976201,1.0
10.040519949202736,0.961135971191674,30533.161068658905,0.09579521685682109,2055760.8915596264,0.03277676326627205,0.0012982408159772708,0.053159657197340206,0.08923466127958954,217.9693028605542,304.15313123277247,6000.0,23.86079475373488,2.8607947537348797,273.1787018304607,0.01367828955831427,55.20939896990649,55.20939896990649,2.3138122405275157,0.0,71.76285867662868,1.0
10.049307138072932,0.9612001818873368,30537.240868107205,0.09578193606007071,2055898.2309589619,0.03277646562906455,0.0012978808715498626,0.053173358796524885,0.0892477052971393,218.0302938867672,304.17345081785703,6000.0,23.860674560874692,2.8606745608746906,273.17252295246345,0.013678095317620058,55.142229065696256,55.142229065696256,2.311008807609957,0.0,71.68069869743304,1.0
10.076754748296924,0.961400249563527,30549.954454228216,0.09574056930828938,2056326.1530394012,0.03277553840406225,0.0012967600438800629,0.05321597978968477,0.08928827823762708,218.22022667647713,304.23676257810286,6000.0,23.860299138157238,2.860299138157239,273.15327080529994,0.01367749006909489,54.933044128822814,54.933044128822814,2.302278098474224,0.0,71.4247612828304,1.0
10.090472784770908,0.9614999579661911,30556.291554970252,0.09571996087017935,2056539.4180101238,0.03277507638625967,0.0012962018411647493,0.05323718107329887,0.08930845930072329,218.31482565744764,304.2683154736239,6000.0,23.860111511919317,2.860111511919318,273.14367604777544,0.013677188410465106,54.8288503903278,54.8288503903278,2.2979293438313584,0.0,71.29724121131858,1.0
10.10429719137007,0.9616002490126542,30562.6663493861,0.09569923713148495,2056753.929189886,0.03277461172666178,0.0012956406365815412,0.053258479437309346,0.08932873180055267,218.409938034727,304.3000527477772,6000.0,23.859922435003647,2.859922435003648,273.1340252235021,0.01367688497642987,54.72408718877509,54.72408718877509,2.2935567933151466,0.0,71.16899789284025,1.0
10.13193438760215,0.9618001752605271,30575.376234618314,0.09565794048239153,2057181.5487711858,0.03277368561955939,0.001294522674227652,0.053300856533422224,0.08936906482720927,218.59942246623342,304.36331975278875,6000.0,23.85954445261407,2.8595444526140708,273.1147866857273,0.013676280054727883,54.515364219493904,54.515364219493904,2.2848451414386144,0.0,70.91341613795606,1.0
10.140425620339082,0.9618614478593677,30579.272038518586,0.09564528812519257,2057312.603914471,0.03277340183619674,0.0012941802524692144,0.05331382263949122,0.08938140472815717,218.65746322937997,304.38270957208044,6000.0,23.85942832492446,2.859428324924457,273.1088905354224,0.0136760946506286,54.45142730604243,54.45142730604243,2.2821765284778603,0.0,70.83510428738614,1.0
10.159703650496265,0.9620002923273737,30588.100896781,0.09561662478925642,2057609.5764926404,0.03277275885984717,0.0012934046791900028,0.05334316668367768,0.08940933022271486,218.78892911728104,304.4266471427928,6000.0,23.859164680810895,2.859164680810894,273.09552978579114,0.01367567450509193,54.3066006685101,54.3066006685101,2.2761316833605254,0.0,70.65767992341173,1.0
10.18753148494069,0.9622000661942409,30600.806376675027,0.09557540022704614,2058036.8701482427,0.03277183392024419,0.0012922896315199564,0.05338529684272194,0.08944942039448608,218.977951519798,304.489865926573,6000.0,23.858784124821923,2.8587841248219226,273.0763059113622,0.013675069943508802,54.098354391564214,54.098354391564214,2.267439703068607,0.0,70.40247293254562,1.0
10.190378455907254,0.9622204613188442,30602.10364092461,0.09557119270551659,2058080.4930078532,0.03277173950514963,0.0012921758529378104,0.053389591906288364,0.08945350726437581,218.99724002789048,304.4963199988332,6000.0,23.858745192382695,2.8587451923826954,273.0743433257624,0.013675008220343236,54.07710329787193,54.07710329787193,2.266552698468692,0.0,70.37642372952453,1.0
10.215530495623442,0.9624002992787162,30613.54370980577,0.09553410117511757,2058465.1460182532,0.03277090708570612,0.001291173051195864,0.05342741587540672,0.08948949601230871,219.16724781930415,304.5532300305551,6000.0,23.858401244881534,2.858401244881536,273.0570378472614,0.013674463941634685,53.889790027957275,53.889790027957275,2.2587343332369567,0.0,70.146771524244,1.0
10.239806368098886,0.9625732844801984,30624.549870056628,0.09549843843100335,2058835.141755261,0.03277010656186465,0.0012902092449953969,0.053463716082369585,0.08952403188922964,219.33065433282022,304.60797149509784,6000.0,23.858069291697323,2.8580692916973223,273.04039179718745,0.013673940364213374,53.70973746436724,53.70973746436724,2.251218940128503,0.0,69.92594155434196,1.0
10.240331291475426,0.9625770186197438,30624.787475995592,0.09549766876462178,2058843.1286564602,0.03277008928328579,0.0012901884482850897,0.053464498782643394,0.08952477651421428,219.33418036670514,304.60915316997966,6000.0,23.858062113929343,2.8580621139293423,273.0400324677574,0.013673929061609202,53.705852101052244,53.705852101052244,2.251056764149193,0.0,69.92117539272233,1.0
10.243573076945143,0.9626000737008047,30626.25450751537,0.09549291689611603,2058892.4408614107,0.032769982604791435,0.0012900600545053917,0.053469330443206606,0.08952937310250343,219.35594932284567,304.616448990036,6000.0,23.858017786097918,2.8580177860979172,273.03781391940464,0.013673859277416876,53.68186459655897,53.68186459655897,2.2500555191906773,0.0,69.89174919940001,1.0
10.27178535517708,0.9628002827588285,30638.995606104098,0.09545166317432156,2059320.6653415652,0.032769056343504105,0.0012889456622629893,0.05351122772531738,0.08956922973108447,219.54489889382606,304.67980549080625,6000.0,23.857632023929614,2.857632023929616,273.01854816732543,0.013673253247087269,53.473649273499376,53.473649273499376,2.24136449165887,0.0,69.63626695687358,1.0
10.2902841270436,0.9629311398655184,30647.324649725757,0.09542471052494553,2059600.5538592974,0.03276845106186427,0.0012882178468533107,0.053538553076515207,0.08959522198523279,219.66830841965407,304.72121544729185,6000.0,23.857379089202595,2.857379089202596,273.0059560268889,0.013672857116886874,53.33764760723483,53.33764760723483,2.2356876422932164,0.0,69.46933516747096,1.0
10.300064362688138,0.9630001895939099,30651.72011525612,0.09541049180652354,2059748.2434011048,0.03276813171102364,0.0012878339747496215,0.05355295315110577,0.08960891883687903,219.73340000149744,304.74306635260655,6000.0,23.85724536646049,2.8572453664604898,272.9993114976081,0.013672648081058347,53.265911496110675,53.265911496110675,2.2326932836510167,0.0,69.38126653696021,1.0
10.328470451982534,0.9632002164833664,30664.454910236705,0.09536931574038808,2060176.078243344,0.03276720675376306,0.0012867226400662918,0.053594594746141345,0.0896485241399707,219.92185010075187,304.8063652058203,6000.0,23.85685698860474,2.8568569886047417,272.98006327527753,0.013672042501064251,53.05821317452566,53.05821317452566,2.224023608804336,0.0,69.12621051343537,1.0
10.340236962611772,0.9632828449879693,30669.716260244826,0.09535231227722106,2060352.811248228,0.032766824733230254,0.0012862638595778602,0.05361176449514078,0.0896648530879489,219.9996482179144,304.83251313822257,6000.0,23.85669611784354,2.8566961178435415,272.97211208515614,0.013671792329097746,52.97246386724174,52.97246386724174,2.2204442562195843,0.0,69.02087898586645,1.0
10.356990693667235,0.9634002661034335,30677.19379771953,0.09532815497568507,2060603.9617037822,0.03276628192190496,0.001285612197817958,0.05363613187045725,0.08968802599018016,220.11015637085305,304.86967125217495,6000.0,23.856467067291135,2.8564670672911334,272.96081286562173,0.013671436801697877,52.850656494768685,52.850656494768685,2.2153597322560215,0.0,68.8712244526112,1.0
10.385591657066175,0.9636000996177374,30689.921565095086,0.09528705856843937,2061031.3829384898,0.03276535831915366,0.001284503970055544,0.05367751482970475,0.08972737711891396,220.29809328169415,304.93290891148905,6000.0,23.85607605968624,2.8560760596862402,272.94158325142894,0.013670831706168292,52.64348996973479,52.64348996973479,2.2067120274945653,0.0,68.6166139990606,1.0
10.390189798179946,0.9636321537498554,30691.963397932082,0.09528046837930582,2061099.9430935525,0.03276521019079768,0.001284326299939526,0.05368414264586638,0.08973367913660359,220.32822364979353,304.9430524967308,6000.0,23.856013199496093,2.8560131994960947,272.93849874082485,0.01367073464161751,52.610275091031326,52.610275091031326,2.2053255357916473,0.0,68.57578282423592,1.0
10.414357059242402,0.9638002955800441,30702.675064428993,0.09524590750233422,2061459.5794083902,0.03276443327166152,0.0012833947471518848,0.053718863052142414,0.08976669107095582,220.48620380484292,304.9962612680971,6000.0,23.855682821439146,2.855682821439146,272.92231875952666,0.013670225462560246,52.436114954683745,52.436114954683745,2.1980555051461077,0.0,68.36164348980758,1.0
10.440142633748119,0.9639790857465156,30714.067145468718,0.09520917325521867,2061841.9913074805,0.032763607329036486,0.0012824049839227907,0.05375569703678413,0.08980170934974341,220.6540584596708,305.0528397237952,6000.0,23.855330333806968,2.855330333806968,272.9051141082714,0.013669683998272161,52.251055648600584,52.251055648600584,2.1903304174561002,0.0,68.13402270687638,1.0
10.443174504106464,0.9640000665901522,30715.404133091084,0.09520486356436038,2061886.8669537085,0.03276351041756377,0.001282288889144086,0.05376001369853949,0.08980581300524734,220.67374719655834,305.059479147851,6000.0,23.85528888919358,2.85528888919358,272.9030951599985,0.013669620455342804,52.22934796344015,52.22934796344015,2.189424249106452,0.0,68.10731708239706,1.0
10.472167844563089,0.9642002656325755,30728.1631218635,0.09516375144770356,2062315.0700116286,0.032762585816347736,0.001281181672013419,0.05380114220914515,0.0898449096975063,220.86152326832558,305.1228324791672,6000.0,23.854892570029595,2.854892570029594,272.88383037170223,0.013669014101248152,52.02230710337665,52.02230710337665,2.180781445594752,0.0,67.85255022845554,1.0
10.489806368098886,0.9643216729308041,30735.901883753308,0.09513882931722513,2062574.7464602573,0.03276202521990034,0.0012805107107426146,0.053826029995254286,0.08986856592589725,220.97531397855948,305.1612520275116,6000.0,23.854651472047106,2.8546514720471063,272.87214756907895,0.013668646363475048,51.89683359051946,51.89683359051946,2.175543568571195,0.0,67.69810273901753,1.0
10.49009546931629,0.9643236604058687,30736.028577787565,0.0951384213945108,2062578.997444128,0.032762016043467505,0.0012804997299834696,0.053826437077049365,0.08986895285050034,220.97717624550575,305.1618809674142,6000.0,23.854647520425672,2.8546475204256727,272.87195631798255,0.013668640343338923,51.894780072476806,51.894780072476806,2.175457844348428,0.0,67.69557471171935,1.0
10.501237992872005,0.9644002019225952,30740.908009265106,0.0951227129760979,2062742.7110719425,0.03276166265852046,0.001280076915211762,0.05384210627151746,0.08988384584524968,221.04888293182287,305.18610266203336,6000.0,23.854495218570694,2.8544952185706935,272.8645908675899,0.013668408492432175,51.81570793576705,51.81570793576705,2.172156965007945,0.0,67.59822350353745,1.0
10.53042998343078,0.9646001808575537,30753.65825840508,0.09508168537385318,2063170.4433449463,0.03276073953349858,0.0012789729273430218,0.053882968377203945,0.08992268083804555,221.2361116938307,305.2493863399638,6000.0,23.854096219366845,2.854096219366845,272.84534725983315,0.01366780270392702,51.60923556600244,51.60923556600244,2.1635376621018882,0.0,67.34394963417695,1.0
10.540048304884465,0.9646658969893425,30757.848762082733,0.09506820735146371,2063311.0027015046,0.032760436230653146,0.0012786103590120151,0.05389637207740881,0.08993541866707397,221.29760045731626,305.27018232289976,6000.0,23.853964759004494,2.853964759004494,272.83902351646634,0.0136676036215444,51.54142305915008,51.54142305915008,2.1607067663539667,0.0,67.26041497465481,1.0
10.559755509181475,0.9648002759164923,30766.41855730594,0.09504065353099202,2063598.42399398,0.03275981610226342,0.001277869301706172,0.053923743145904424,0.08996142854987402,221.4232771822877,305.3127067655274,6000.0,23.85369541276091,2.8536954127609095,272.8260924776777,0.013667196513085268,51.40281529539001,51.40281529539001,2.154920418238059,0.0,67.0896367012756,1.0
10.58914665290059,0.9650000193894105,30779.15907487888,0.0949997132637764,2064025.6526403704,0.03275889452276919,0.001276768613933195,0.053964335203161996,0.08999999833986438,221.6099412513217,305.37591593109016,6000.0,23.853293727123166,2.853293727123164,272.806871528003,0.013666591336930265,51.196930276681314,51.196930276681314,2.1463254032069448,0.0,66.83588033533236,1.0
10.590001140452637,0.9650058145920432,30779.528757771554,0.09499852574444852,2064038.047921879,0.03275886778819163,0.001276736694301486,0.053965511250590306,0.09000111573308342,221.61535439503737,305.377749832931,6000.0,23.85328204919849,2.85328204919849,272.80631386623554,0.013666573778064977,51.19095947119817,51.19095947119817,2.1460761401980015,0.0,66.82851969467733,1.0
10.618732205112451,0.9652002798012691,30791.935212747132,0.09495868652067377,2064453.9869605561,0.03275797078798206,0.0012756660769821097,0.054004920650667636,0.0900385575156318,221.79691437364326,305.43928868286974,6000.0,23.852889402453652,2.852889402453651,272.7876008342381,0.013665984543971206,50.990686460594844,50.990686460594844,2.137715293114537,0.0,66.58157867726459,1.0
10.63995397602081,0.9653434321453174,30801.069616609893,0.09492937125482481,2064760.1735972548,0.03275731061470025,0.0012748785615034565,0.0540338637121945,0.0900660528883982,221.93046120870574,305.48458948836515,6000.0,23.85259939066544,2.852599390665438,272.7738255455613,0.013665550758520007,50.84336433685556,50.84336433685556,2.1315649294287304,0.0,66.39986513583453,1.0
10.648380516690553,0.9654001594458319,30804.689702088366,0.09491775717246444,2064881.5068626588,0.03275704903885258,0.0012745666319358686,0.05404531718011941,0.09007693285090786,221.98335726304532,305.5025409401837,6000.0,23.852484238070613,2.852484238070613,272.7683667810147,0.0136653788542239,50.7850095179694,50.7850095179694,2.1291287318790957,0.0,66.3278731858295,1.0
10.678173199184931,0.965600204007953,30817.457359233184,0.09487681338801938,2065309.3795047244,0.03275612675846775,0.0012734672733418567,0.054085634995286826,0.09011522902709643,222.16977823680614,305.56584538594257,6000.0,23.852077118813963,2.852077118813964,272.74911685807587,0.013664772614196501,50.57933862126973,50.57933862126973,2.120542306203342,0.0,66.074072437752,1.0
10.689906811588983,0.965678768418428,30822.472382751817,0.0948607386260269,2065477.419872959,0.03275576460980292,0.0012730357885893091,0.054101438481413286,0.09013023887980552,222.24294389789037,305.59070722876777,6000.0,23.8519167830658,2.8519167830658008,272.7415567483116,0.013664534508967608,50.49861285042124,50.49861285042124,2.117172104435391,0.0,65.97442763017236,1.0
10.708088497071664,0.9658002604908644,30830.228422812754,0.09483588644709307,2065737.2776440086,0.03275520465239953,0.0012723688410333973,0.054125842849446756,0.09015341634287968,222.35603351583367,305.62915360405606,6000.0,23.85166834214588,2.851668342145883,272.7298657880211,0.013664166287482495,50.3738322721874,50.3738322721874,2.111962632952466,0.0,65.82037208961837,1.0
10.738083462487317,0.9660000374318326,30842.98428133,0.09479503587706947,2066164.5778747643,0.032754284063502254,0.001271272931039084,0.05416588212711677,0.09019143912165811,222.54185113118663,305.6923733606408,6000.0,23.851258495038103,2.851258495038102,272.7106416177771,0.013663560757542033,50.168790486590495,50.168790486590495,2.103402237539263,0.0,65.567142920922,1.0
10.739806368098886,0.9660114879653148,30843.715483615033,0.09479269504119683,2066189.0692678923,0.03275423130540648,0.0012712101470649835,0.054168173633393574,0.09019361508586504,222.5524961717688,305.6959969016561,6000.0,23.8512349540425,2.8512349540425,272.70953975384833,0.013663526049101503,50.157043582079524,50.157043582079524,2.1029118064001335,0.0,65.55263224992748,1.0
10.739859647157155,0.9660118420185547,30843.73809270309,0.09479262266299099,2066189.8265476383,0.032754229674125473,0.0012712082058209976,0.05416824448142189,0.09019368236136836,222.55282530964,305.6961089424128,6000.0,23.85123422606273,2.851234226062728,272.7095056839516,0.013663524975905558,50.15668037431158,50.15668037431158,2.1028966425353515,0.0,65.55218358268328,1.0
10.768270137484354,0.9662002740488885,30855.77213780207,0.0947541104868702,2066592.8613005646,0.032753361585602256,0.001270175487285442,0.05420590056747679,0.09022943764036448,222.72791743624862,305.75573858251414,6000.0,23.850846046737576,2.8508460467375767,272.6913732137425,0.013662953783714656,49.96345577749389,49.96345577749389,2.094829494919662,0.0,65.31344948821425,1.0
10.789812482725328,0.9663426713917801,30864.86777533832,0.09472501823139821,2066897.433075373,0.03275270570928641,0.0012693956457171523,0.05423429053998524,0.0902563918949888,222.8601281374357,305.8008004665949,6000.0,23.850551719322034,2.850551719322034,272.6776705774484,0.013662522106269202,49.81754244001269,49.81754244001269,2.088737528015087,0.0,65.13310947485945,1.0
10.798527323363958,0.9664001597821349,30868.54022901079,0.0947132758971705,2067020.394225671,0.032752440952982194,0.0012690809507327266,0.054245735821143455,0.09026725772485839,222.91347811538208,305.81899276660243,6000.0,23.850432653378725,2.850432653378726,272.67213857461627,0.013662347822995477,49.75866045923419,49.75866045923419,2.0862791540255445,0.0,65.06032024330955,1.0
10.828930435908378,0.9666001881269728,30881.320073806404,0.09467243120034245,2067448.2321808059,0.03275151989224191,0.0012679866152379047,0.05428548615113836,0.09030499265861819,223.09899060428205,305.88229208037416,6000.0,23.850017284705306,2.850017284705306,272.65289021223697,0.013661741379414564,49.55389960795492,49.55389960795492,2.0777301339623415,0.0,64.80713145680369,1.0
10.839765318293502,0.9666712748233872,30885.86245187466,0.09465792025706372,2067600.278566311,0.03275119261789107,0.001267597943023397,0.05429958538993919,0.09031837595085365,223.1648749195816,305.90478758772326,6000.0,23.849869262512193,2.8498692625121946,272.6460496692427,0.013661525847431388,49.48117474966111,49.48117474966111,2.0746937521974944,0.0,64.71718186899207,1.0
10.859465912438987,0.9668002626620362,30894.105515555668,0.09463159604982681,2067876.168931597,0.03275059884758786,0.001266893007377411,0.05432513197321413,0.0903426238281794,223.28436424799423,305.9456060111222,6000.0,23.84960012619021,2.8496001261902126,272.63363740505656,0.013661134745229526,49.34927315706233,49.34927315706233,2.069186606733498,0.0,64.55400675533211,1.0
10.889718153861674,0.9669976704403588,30906.723135987075,0.09459132372490366,2068298.4017920133,0.032749690303515606,0.0012658149346716425,0.05436413767012103,0.09037964290830827,223.4670880397169,306.0080760421128,6000.0,23.849186855304293,2.849186855304294,272.61464121500796,0.013660536147195753,49.14755317529105,49.14755317529105,2.060764313411388,0.0,64.3043774095399,1.0
10.890077086735452,0.9670000077895352,30906.872546670023,0.09459084700227252,2068303.401116948,0.03274967954749799,0.0012658021757613789,0.054364598840092995,0.09038008056335237,223.46925045834402,306.0088157002799,6000.0,23.84918195209007,2.8491819520900696,272.6144162961646,0.013660529059375552,49.1451658378206,49.1451658378206,2.0606646356485894,0.0,64.30142247457324,1.0
10.92089259945575,0.9672002557392844,30919.674363896138,0.09455001423995625,2068731.7087820945,0.03274875816193963,0.001264709574412955,0.05440405077797564,0.09041751851432822,223.6544183403663,306.0721845084035,6000.0,23.848761005245954,2.848761005245955,272.59514680160567,0.013659921798221853,48.94072846123936,48.94072846123936,2.0521287646965805,0.0,64.04832780849871,1.0
10.939670989429846,0.9673218762130915,30927.45083387412,0.09452522367806837,2068991.8411891211,0.0327481986706947,0.0012640464597441414,0.0544279559261477,0.09044020105658654,223.76678972666164,306.1106715165264,6000.0,23.848504497371998,2.8485044973719966,272.58344348548576,0.01365955295379235,48.81665375882412,48.81665375882412,2.046948216992118,0.0,63.894672825380084,1.0
10.95178929931097,0.9674001988728229,30932.4593389715,0.0945092624137967,2069159.3644799194,0.03274783840727307,0.001263619609102633,0.054443328237716776,0.09045478625409248,223.8391198256059,306.135456856913,6000.0,23.84833896811616,2.8483389681161584,272.5759066389541,0.013659315410894313,48.7367868133482,48.7367868133482,2.0436134725569963,0.0,63.795745138266234,1.0
10.98281265432399,0.9676001272418413,30945.24601234873,0.09446853229746242,2069586.9885981092,0.03274691894858582,0.0012625306939621067,0.05448248820998154,0.09049193785252947,224.02362231845575,306.1987245331647,6000.0,23.847915219737516,2.847915219737514,272.5566678970653,0.013658709017845612,48.533045578609574,48.533045578609574,2.035106428860567,0.0,63.54330916330748,1.0
10.98962382499802,0.9676439099553944,30948.046544214874,0.09445961521742105,2069680.6348593526,0.03274671762491729,0.00126229235944707,0.05449104861086415,0.09050005859522851,224.06400205274443,306.2125796481746,6000.0,23.847822188391543,2.8478221883915427,272.55245476648577,0.013658576215878503,48.48845271374134,48.48845271374134,2.0332444753527295,0.0,63.48804493411701,1.0
10.989806368098886,0.9676450828047609,30948.12156647959,0.09445937635936576,2069683.1434511975,0.03274671223201823,0.001262285975590513,0.054491277850727535,0.09050027605833627,224.06508362026827,306.2129507983739,6000.0,23.84781969511301,2.8478196951130115,272.5523419053328,0.01365857265835206,48.48725828506454,48.48725828506454,2.0331946024818675,0.0,63.48656460394727,1.0
11.01399876333775,0.9678002660420896,30958.048790589113,0.09442777797639046,2070015.0628048459,0.032745998750447064,0.0012614416015137749,0.05452157437296931,0.09052901472493015,224.20813238546782,306.262058800741,6000.0,23.84748926722183,2.847489267221832,272.53740890576364,0.013658101935971273,48.32927652029582,48.32927652029582,2.0265981034206395,0.0,63.2907371544087,1.0
11.039576660566192,0.9679637893255141,30968.511258192048,0.09439449350082485,2070364.8205716962,0.03274524707261761,0.0012605524770792419,0.054553424085006255,0.09055922363470312,224.35874693315478,306.3138060250399,6000.0,23.84713992804173,2.847139928041732,272.5216733587872,0.013657605882536467,48.162926425632435,48.162926425632435,2.0196521080080507,0.0,63.08447064496449,1.0
11.045269401897835,0.968000107558484,30970.835193692365,0.0943871027599343,2070442.5011551182,0.03274508014697695,0.0012603550915820376,0.05456048738504247,0.09056592262360146,224.39218109922044,306.32529899233043,6000.0,23.847062179137875,2.8470621791378763,272.51817852154426,0.01365749570535853,48.12599742232382,48.12599742232382,2.018110116072322,0.0,63.03867117775191,1.0
11.076711739896039,0.9682002028449884,30983.64047872501,0.09434639441674275,2070870.4822908896,0.03274416060498976,0.0012592681654663897,0.05459933432216593,0.09060276309262208,224.57627504327183,306.3886194899077,6000.0,23.84663276509182,2.84663276509182,272.4989237174906,0.013656888654370319,47.92264867421875,47.92264867421875,2.0096190999498638,0.0,62.786417556881254,1.0
11.089529496134364,0.9682815318265394,30988.845959476082,0.09432985374256071,2071044.4357632746,0.032743786921169166,0.0012588266580045788,0.05461509061775173,0.09061770419692547,224.6510461247914,306.41435618600497,6000.0,23.846457716003915,2.846457716003916,272.4910975780997,0.013656641903273026,47.84005145330829,47.84005145330829,2.0061701416224063,0.0,62.683926962297626,1.0
11.108279148475898,0.968400247545272,30996.44517214825,0.09430571482907614,2071298.3552284688,0.03274324152340494,0.0012581824755189624,0.0546380556574723,0.0906394796563962,224.76013292812254,306.4519239793883,6000.0,23.84620166209425,2.846201662094248,272.4796737812566,0.013656281706288778,47.71954085313408,47.71954085313408,2.0011380231254488,0.0,62.53436161534301,1.0
11.139482331702538,0.9685971548088297,31009.051624339383,0.09426569121235964,2071719.5175445394,0.03274233707886943,0.0012571147496145418,0.05467605638767218,0.09067550821615615,224.94092122703967,306.5142356216207,6000.0,23.84577555196195,2.84577555196195,272.46072575482987,0.013655684228012926,47.5198045277902,47.5198045277902,1.992797609968296,0.0,62.28639098652699,1.0
11.139935652275957,0.968600009426779,31009.23440234025,0.09426511110989687,2071725.623248744,0.03274232396851451,0.0012570992773232132,0.054676606466627566,0.09067602971246529,224.94354080219244,306.5151389703807,6000.0,23.84576936156131,2.845769361561309,272.4604510601571,0.01365567556584828,47.51691025796464,47.51691025796464,1.992676752739231,0.0,62.28279706004725,1.0
11.17180138967494,0.9688002390060244,31022.056222817777,0.09422443066763214,2072153.8916214653,0.032741404493225816,0.001256014500160476,0.054715131163644425,0.09071255015703072,225.12718648692677,306.5785019651268,6000.0,23.84533422307744,2.8453342230774417,272.4411833333582,0.013655067955675363,47.31399684643142,47.31399684643142,1.98420355126082,0.0,62.03078037244389,1.0
11.18943516727071,0.9689106754717456,31029.12922172679,0.09420200123458158,2072390.1027029734,0.032740897454927934,0.0012554166012947558,0.05473632948355107,0.09073264353977376,225.22839368196117,306.61344977465444,6000.0,23.845093435602163,2.845093435602164,272.43055623391473,0.013654732807094354,47.20216255195356,47.20216255195356,1.9795335539125163,0.0,61.89183991575091,1.0
11.20376241968984,0.969000212529478,31034.86429178896,0.09418382050858695,2072581.6123198736,0.03274048642134908,0.0012549320641847897,0.05475349004947117,0.09074890853500504,225.31040488094803,306.64178393057716,6000.0,23.844897802745738,2.8448978027457392,272.42194024634057,0.01365446107196875,47.11153536539254,47.11153536539254,1.975749099665575,0.0,61.7792241510285,1.0
11.235841519796212,0.969200068409017,31047.667466960018,0.09414325240579277,2073009.0813912838,0.032739569116699084,0.0012538512150889675,0.054791709738690866,0.09078513007047892,225.49332234983535,306.7050286674084,6000.0,23.844459789658146,2.844459789658146,272.40270847998204,0.013653854494814918,46.909386130146686,46.909386130146686,1.9673075651096232,0.0,61.52795533179592,1.0
11.239388002838883,0.9692221108636522,31049.079713215935,0.09413877918774044,2073056.2277030973,0.03273946795946228,0.0012537320644011164,0.054795917904874564,0.09078911792873796,225.51348477295576,306.7120040400906,6000.0,23.844411366613357,2.8444113666133584,272.4005873748212,0.013653787591269718,46.88710260186545,46.88710260186545,1.9663770214733074,0.0,61.50025104948809,1.0
11.239806368098886,0.9692247104414914,31049.246268656407,0.09413825165308,2073061.787905417,0.032739456029661176,0.0012537180131191377,0.0547964141014116,0.09078958814419191,225.51586247351221,306.7128266809691,6000.0,23.844405654344612,2.8444056543446132,272.4003372221925,0.013653779700956766,46.884474748680276,46.884474748680276,1.9662672841726967,0.0,61.49698385676252,1.0
11.268110791115902,0.9694002479806219,31060.494025300082,0.09410263673391647,2073437.2428033308,0.032738650553866454,0.0012527695650954172,0.0548298741876432,0.09082129430660507,225.6763415344262,306.76837583715064,6000.0,23.844019199533353,2.844019199533353,272.38344556532707,0.013653246884648923,46.707104030900865,46.707104030900865,1.9588603599100844,0.0,61.27642070446003,1.0
11.289340838407057,0.9695314778829637,31068.904053045026,0.09407602050383379,2073717.9286887033,0.03273804850348949,0.0012520609922309193,0.0548548295625323,0.09084493905825272,225.79621562444612,306.8099037654615,6000.0,23.84372934468679,2.84372934468679,272.3708175514457,0.013652848531703224,46.574601926999605,46.574601926999605,1.9533270678304375,0.0,61.111601790981396,1.0
11.300478822684049,0.9696001771378349,31073.307182241024,0.09406208991844395,2073864.8686073797,0.032737733367271926,0.0012516902144048905,0.05486787361565386,0.09085729719733068,225.85893644486583,306.83164376282787,6000.0,23.843577280636186,2.8435772806361874,272.3642067475918,0.013652639984042985,46.50527030272599,46.50527030272599,1.950431755913312,0.0,61.02534318183072,1.0
11.332987988362875,0.9698001125717951,31086.1233838873,0.09402155979888663,2074292.5078366792,0.032736816378811,0.0012506117730394389,0.054905756763125514,0.09089318491497594,226.04134088171412,306.8949136747926,6000.0,23.843133454574016,2.843133454574014,272.3449673258566,0.013652033013883595,46.30362644414248,46.30362644414248,1.9420109580966043,0.0,60.774401588774815,1.0
11.339293673975229,0.9698387932786381,31088.60318810587,0.09401372066778901,2074375.241483914,0.03273663899891985,0.001250403239997325,0.054913072279419634,0.09090011451833681,226.07660720111636,306.90715425100365,6000.0,23.84304736951616,2.8430473695161607,272.3412451520666,0.013651915579970097,46.26463795095026,46.26463795095026,1.940382755356204,0.0,60.72586965009397,1.0
11.365671828398263,0.9700002525286378,31098.955342334106,0.09398100614643665,2074720.58451724,0.03273589867949896,0.0012495331706927609,0.05494356074464714,0.09092899259483886,226.2237344024258,306.9582483083752,6000.0,23.842687263647917,2.8426872636479183,272.32570822325783,0.013651425372249127,46.10197382083203,46.10197382083203,1.9335896709563456,0.0,60.52334878311425,1.0
11.389246509543401,0.9701440736525236,31108.1780580563,0.09395187521655786,2075028.2015982012,0.032735239358542466,0.0012487586647946993,0.05497065379139657,0.09095465181473374,226.35468030890007,307.0037607504005,6000.0,23.842365440797575,2.8423654407975754,272.31186857911837,0.0136509886880502,45.957188270218296,45.957188270218296,1.9275431535655942,0.0,60.34303224376563,1.0
11.398458614597232,0.9702001513167029,31111.774481367112,0.09394051919511383,2075148.1453651239,0.03273498231279507,0.0012484568065696403,0.05498120114464117,0.09096464026400589,226.40570989379503,307.0215066236833,6000.0,23.84223968724015,2.84223968724015,272.3064723278902,0.013650818412310594,45.900762434095185,45.900762434095185,1.9251866869982135,0.0,60.27274524675082,1.0
11.431402318127084,0.9704001322851371,31124.601533615136,0.09390003336288254,2075575.881987502,0.03273406579604388,0.0012473809359756591,0.05501873872738009,0.09100018545939964,226.58756095271133,307.0847909451106,6000.0,23.841789988735286,2.841789988735286,272.2872285244557,0.013650211152331511,45.699667571744385,45.699667571744385,1.9167884455544848,0.0,60.022186892476284,1.0
11.439199345111575,0.9704473354610992,31127.62959539444,0.09389047973833868,2075676.8442301073,0.03273384949601357,0.0012471271255676,0.0550275817481309,0.09100855836971207,226.63045559545853,307.09972847133304,6000.0,23.841683558229512,2.8416835582295112,272.28268624902415,0.013650067808323466,45.652230653565624,45.652230653565624,1.9148073390902671,0.0,59.96306729714395,1.0
11.464513153414263,0.9706002492179753,31137.439953185658,0.09385953771919481,2076003.909422327,0.03273314888302022,0.0012463052685917836,0.055056183132220216,0.09103563728383222,226.76933516202521,307.1481182927074,6000.0,23.841338028910524,2.841338028910524,272.26797163741486,0.013649603428909206,45.498636475389645,45.498636475389645,1.908392742899623,0.0,59.77160803588154,1.0
11.489152180679747,0.9707485950154743,31146.958725422,0.09382952987214402,2076321.2042672464,0.03273246932585291,0.0012455084830891676,0.05508386371361749,0.09106184152255956,226.90395354912656,307.19506257548,6000.0,23.841001721512814,2.8410017215128143,272.2536965921955,0.013649152893570573,45.34974304306897,45.34974304306897,1.9021743957238106,0.0,59.585952646811286,1.0
11.489806368098886,0.9707525271308205,31147.211053744835,0.09382873460335195,2076329.6146162415,0.03273245131492365,0.0012454873701233334,0.05508459653597165,0.09106253522101863,226.9075202894512,307.1963069001445,6000.0,23.840992792412617,2.840992792412616,272.25331821191565,0.013649140951115465,45.34579792246444,45.34579792246444,1.9020096317841142,0.0,59.58103272499617,1.0
11.497730582779385,0.9708001300602697,31150.265869060866,0.09381910746819837,2076431.4318862418,0.032732233278164644,0.0012452318010769438,0.05509346456981929,0.09107092964906088,226.95069372086274,307.21137092904553,6000.0,23.84088463426245,2.840884634262451,272.248737468936,0.013648996371953562,45.29804374807324,45.29804374807324,1.9000152235531589,0.0,59.52147589786756,1.0
11.53111476543974,0.9710001306987696,31163.102115407735,0.09377867053654212,2076859.2105806605,0.03273131735094744,0.0012441586187965595,0.055130649260933605,0.0911061252306776,227.1319587122185,307.2746614750989,6000.0,23.840428983821724,2.840428983821724,272.22949177268697,0.013648388900647053,45.097533060468464,45.097533060468464,1.8916410057500206,0.0,59.2713464510565,1.0
11.53910501624792,0.9710478684824455,31166.166366275804,0.09376902130717156,2076961.3162885644,0.03273109876343535,0.0012439025999344984,0.05513950716690309,0.09111450853027295,227.17519449887538,307.28976817885194,6000.0,23.840319930350688,2.8403199303506863,272.2248980529313,0.01364824389697046,45.049703554055895,45.049703554055895,1.8896434144201193,0.0,59.211666242585665,1.0
11.564666111796123,0.9712002451200289,31175.94831090929,0.09373822809802587,2077287.2326435035,0.032730401129201954,0.0012430857531120338,0.05516773561622373,0.09114122249853772,227.3131233285996,307.33798802790227,6000.0,23.839971072203287,2.839971072203288,272.2102351273308,0.013647781033166074,44.8971117987312,44.8971117987312,1.8832703975501015,0.0,59.02122895132954,1.0
11.589057851816094,0.9713451718850641,31185.25342892861,0.09370894978227674,2077597.2145655511,0.03272973772498477,0.001242309340456923,0.05519451950272431,0.091166566568166,227.44419861388377,307.383850351971,6000.0,23.839638184448674,2.839638184448672,272.19628908936244,0.013647340772099274,44.75209047547867,44.75209047547867,1.8772134933101388,0.0,58.84018614984163,1.0
11.598331009237986,0.9714001472412922,31188.783520973306,0.09369784596669073,2077714.8006207203,0.03272948610562486,0.001242014949012269,0.055204663030093505,0.09117616408473064,227.49389151291243,307.4012473980067,6000.0,23.839511631283823,2.839511631283822,272.1909989112156,0.013647173760056808,44.69710739830319,44.69710739830319,1.8749170742092138,0.0,58.77153231528947,1.0
11.632157295013904,0.9716001150823954,31201.625593644083,0.09365746788693467,2078142.5091652249,0.03272857100726867,0.0012409447136762935,0.055241482729722916,0.09121099845066788,227.67451389441516,307.46452756526753,6000.0,23.83905000836681,2.839050008366812,272.1717563710002,0.013646566236791616,44.49724247658503,44.49724247658503,1.866569450584977,0.0,58.52191057005919,1.0
11.639010687384266,0.9716405211048932,31204.220817298865,0.09364931108512752,2078228.9330670703,0.0327283861275603,0.0012407285707560646,0.055248908032461595,0.09121802273077796,227.71098590468662,307.4773141205851,6000.0,23.83895648351462,2.838956483514621,272.16786817323515,0.013646443472924152,44.456882268548526,44.456882268548526,1.8648837376456406,0.0,58.471490549620874,1.0
11.666161779293724,0.9718002394691292,31214.480366224343,0.09361707547336319,2078570.5525430883,0.032727655418768396,0.0012398745599689338,0.055278210976189124,0.09124574095492646,227.85507116313156,307.5278572716624,6000.0,23.838585974265527,2.8385859742655266,272.1524987666846,0.013645958187347993,44.29742760355302,44.29742760355302,1.8582237910995822,0.0,58.27225207467176,1.0
11.688963522952438,0.9719339318837462,31223.069428327934,0.09359010105146763,2078856.5054630763,0.03272704388904503,0.0012391601586489978,0.055302679984994656,0.09126888403268868,227.97557622389195,307.5701644662183,6000.0,23.838274827258655,2.838274827258655,272.1396337897434,0.01364555195379866,44.164057565851465,44.164057565851465,1.8526532597631868,0.0,58.10555773931351,1.0
11.700285740084938,0.9720001679653479,31227.32519958083,0.09357673978037305,2078998.1769333454,0.03272674095238461,0.0012388063696740668,0.05531478286103438,0.09128033018309306,228.03524439620486,307.5911249881669,6000.0,23.83812033049624,2.838120330496238,272.1332600125556,0.013645350682567876,44.09801561635072,44.09801561635072,1.849894832518984,0.0,58.022997929395956,1.0
11.73456011560675,0.9722000761375964,31240.171369073738,0.09353642528389688,2079425.7578529331,0.03272582680461316,0.0012377392006910554,0.05535123043288168,0.09131479643818591,228.21519114088096,307.65438627311596,6000.0,23.837652655041225,2.837652655041224,272.1140232141651,0.013644743189054901,43.898832073284154,43.898832073284154,1.8415752888319883,0.0,57.77393047180654,1.0
11.738916358520612,0.9722254198236877,31241.800151946227,0.09353131556472297,2079479.9651246162,0.0327257109281426,0.0012376039736506992,0.05535584250724038,0.09131915740903368,228.237989265372,307.6624063261706,6000.0,23.83759321539317,2.837593215393169,272.1115844375292,0.013644666169463398,43.873595172157195,43.873595172157195,1.8405211791191125,0.0,57.74236613543535,1.0
11.739806368098886,0.9722305959234726,31242.13281369775,0.09353027200838852,2079491.0362153123,0.03272568726241082,0.001237576357183347,0.05535678422117216,0.09132004784076633,228.24264505555632,307.6640443118504,6000.0,23.837581071516585,2.837581071516586,272.11108635089823,0.01364465043916992,43.86844129534191,43.86844129534191,1.8403059087132003,0.0,57.735919875359905,1.0
11.769030391497894,0.9724002206207103,31253.035370431095,0.09349608018108402,2079853.8442146752,0.032724911802167925,0.0012366716819026387,0.05538760002367482,0.09134918350774539,228.39514105820538,307.7177223390449,6000.0,23.83718232747028,2.83718232747028,272.09476367601155,0.01364413492684915,43.69962261780617,43.69962261780617,1.8332545356019765,0.0,57.52473170380952,1.0
11.788869194088784,0.972515000388086,31260.413871107427,0.09347295055541166,2080099.3451260822,0.03272438716436922,0.001236059886949483,0.055408402664888855,0.09136884971620757,228.4982445644532,307.7540445938516,6000.0,23.836911647632814,2.836911647632814,272.08371862858064,0.013643786075043428,43.58547406412745,43.58547406412745,1.8284866222783447,0.0,57.38189427499816,1.0
11.80362811364373,0.9726001962414245,31265.891163056513,0.09345578607847796,2080281.569398886,0.03272399779739546,0.0012356059722434384,0.05542381768303047,0.09138342145266937,228.57472873975073,307.781004968177,6000.0,23.836710282003203,2.836710282003205,272.07552038717836,0.013643527127293411,43.50079164742763,43.50079164742763,1.8249494637802801,0.0,57.275907672694586,1.0
11.838355141738583,0.9728000087126858,31278.739107633515,0.09341554170538104,2080708.9456249115,0.03272308476352055,0.0012345420363830564,0.05545988448547268,0.09141751128537629,228.7539588291542,307.8442359683841,6000.0,23.836236493407,2.8362364934069983,272.0562927979191,0.01364291977314977,43.30233396876494,43.30233396876494,1.8166598565483347,0.0,57.02745234647473,1.0
11.838822029656956,0.9728026889022412,31278.911461795928,0.09341500200064315,2080714.6782465542,0.032723072518047555,0.0012345277713849787,0.05546036744306438,0.09141796773249691,228.75636149776705,307.84508411897883,6000.0,23.836230123694488,2.836230123694487,272.0560348881722,0.013642911626047034,43.29967339040513,43.29967339040513,1.8165487229191892,0.0,57.024120817331244,1.0
11.873307148468532,0.973000199694743,31291.61403719414,0.09337523791470691,2081137.1314426225,0.03272217022571388,0.0012334769889781553,0.05549589774358746,0.0914515449582795,228.93331583516718,307.90758674898365,6000.0,23.835759656626355,2.835759656626354,272.0370287852572,0.013642311217894837,43.10371295009,43.10371295009,1.8083632982977802,0.0,56.778693962189124,1.0
11.88877486522513,0.973088500555551,31297.293793133686,0.09335746592332894,2081325.9969744314,0.03272176691029368,0.0012330075014186734,0.055511743747265835,0.09146651815897819,229.012359284523,307.93552970826335,6000.0,23.835548643297294,2.835548643297294,272.0285317546558,0.01364204277835973,43.01617247013277,43.01617247013277,1.8047066217722323,0.0,56.6690245439006,1.0
11.90838999606575,0.97320022117363,31304.480711332777,0.09333498498384568,2081564.9547122668,0.03272125668773363,0.0012324137443090212,0.05553175841924601,0.09148542885128866,229.11230742745383,307.9708838900134,6000.0,23.835281056175813,2.835281056175814,272.0177810835758,0.013641703127342517,42.905473656121984,42.905473656121984,1.8000825564003582,0.0,56.530315242168655,1.0
11.938727700793303,0.9733724504032356,31315.561727459375,0.09330033839148578,2081933.3335111244,0.03272047026300612,0.001231498953107098,0.05556253840422342,0.09151450762033664,229.26625698741626,308.0253861259555,6000.0,23.834867206162517,2.8348672061625177,272.00120777929516,0.01364117948823963,42.7349507918789,42.7349507918789,1.792959466576334,0.0,56.316584358609965,1.0
11.94360599225825,0.9734000811351324,31317.339637181383,0.09329478118486303,2081992.4325145339,0.03272034411244589,0.0012313522550255662,0.05556746798496185,0.09151916435243332,229.2909402668942,308.034129918589,6000.0,23.834800660717985,2.834800660717985,271.9985489244174,0.013641095477340477,42.70760865752317,42.70760865752317,1.7918173206251884,0.0,56.282307345713086,1.0
11.979020604723615,0.9736001433465947,31330.214220221987,0.09325455326739633,2082420.3429065393,0.03271943083882919,0.0012302905866925754,0.05560309113636653,0.0915528125618883,229.4695384022233,308.09743994951225,6000.0,23.834317577387832,2.8343175773878313,271.9792973031146,0.013640487161882745,42.50975890089131,42.50975890089131,1.7835525923016695,0.0,56.03422042220947,1.0
11.988680536361475,0.9736545533663389,31333.716120297177,0.09324361551787692,2082536.7197710536,0.0327191824988628,0.0012300020040841232,0.05561275816244658,0.0915619426653935,229.5180735120293,308.11465809384526,6000.0,23.834185812013622,2.834185812013621,271.97406152626536,0.013640321712318038,42.455988014236056,42.455988014236056,1.7813064121047555,0.0,55.96677929017871,1.0
11.989806368098886,0.9736608902067695,31334.123980363347,0.09324234173664611,2082550.2735544138,0.032719153577134105,0.0012299683987213018,0.05561388343751271,0.09156300541336812,229.52372509097256,308.11666339789883,6000.0,23.834170455317377,2.8341704553173757,271.97345174368155,0.013640302443059806,42.44972665270899,42.44972665270899,1.7810448545834958,0.0,55.95892562253803,1.0
12.014601807008459,0.9738002178498584,31343.092240351274,0.0932143393735273,2082848.2795893147,0.03271851773429311,0.001229229746102696,0.0556385935896953,0.09158634107009112,229.64793088929105,308.1607538701972,6000.0,23.833832243286942,2.83383224328694,271.9600444989943,0.013639878758480764,42.31211360970326,42.31211360970326,1.7752962753868895,0.0,55.78629180873969,1.0
12.038633371929649,0.9739348242327706,31351.75782039297,0.09318729345945978,2083136.187383882,0.03271790354131333,0.001228516533538307,0.0556624096929618,0.09160882976781344,229.76782760720747,308.2033502915921,6000.0,23.833504460576226,2.8335044605762256,271.947091572553,0.013639469407596895,42.17926396534554,42.17926396534554,1.7697466201462582,0.0,55.61958849314479,1.0
12.050325504576156,0.9740001623757014,31355.96453791678,0.09317416800263464,2083275.9382651208,0.03271760544782884,0.0012281704841033006,0.05567394994585667,0.09161972587778881,229.8259900478082,308.22402665930383,6000.0,23.83334498725263,2.8333449872526306,271.94080420236384,0.013639270699803372,42.11481415455563,42.11481415455563,1.7670542753054985,0.0,55.53869915416568,1.0
12.086204277143114,0.974200041049761,31368.835237402116,0.09313402616496205,2083703.456091427,0.032716693686418684,0.0012271124569443262,0.055709171462881193,0.0916529776062442,230.00377228380643,308.28727860950033,6000.0,23.832855637875056,2.8328556378750576,271.9215702425302,0.013638662790909936,41.91779795872378,41.91779795872378,1.758823977941956,0.0,55.291364300027176,1.0
12.088586207497821,0.9742132776579815,31369.687669727475,0.09313136841691014,2083731.7676959576,0.03271663331457297,0.001227042422192434,0.05571149958998588,0.09165517532675127,230.01553786514395,308.2914673569386,6000.0,23.832823151578108,2.832823151578108,271.92029650789067,0.013638622531447266,41.904758642746714,41.904758642746714,1.7582792594998113,0.0,55.2749912492511,1.0
12.122301346789282,0.9744001968921377,31381.726430940187,0.09309384491440224,2084131.5667493448,0.032715780885605714,0.0012260538475666188,0.05574431812782375,0.09168615286099609,230.18158132713145,308.3506182700875,6000.0,23.832363333110848,2.8323633331108486,271.9023096112955,0.013638053988462653,41.72072828416404,41.72072828416404,1.7505913157257247,0.0,55.04386457580043,1.0
12.138539043065995,0.974489928167034,31387.506503619617,0.09307583663388624,2084323.4917747425,0.03271537174361028,0.00122557955227636,0.055760034371845284,0.09170098566773192,230.26122272274122,308.3790138863658,6000.0,23.83214188474916,2.83214188474916,271.89367493455825,0.013637781041603644,41.632452211817025,41.632452211817025,1.7469035059101747,0.0,54.932966967028996,1.0
12.158543264775084,0.9746002139023996,31394.61132844152,0.09305370769622513,2084559.380461106,0.032714868942670915,0.001224996854328388,0.055779316501682115,0.09171918229868142,230.35904637036614,308.41391399701314,6000.0,23.83186907491056,2.83186907491056,271.88306233962174,0.013637445557733536,41.5240159692556,41.5240159692556,1.742373451227574,0.0,54.79671607914833,1.0
12.188491878634167,0.9747647901563081,31405.21515080714,0.0930206943963695,2084911.390412461,0.032714118754136545,0.0012241278075020598,0.055808020481826356,0.09174626704346496,230.50490046267387,308.46599443563287,6000.0,23.83146065982136,2.8314606598213587,271.86722546721836,0.013636944896159306,41.36232500454449,41.36232500454449,1.735618542017413,0.0,54.59349518177202,1.0
12.194932415109347,0.9748000993320096,31407.490391675,0.09301361293831302,2084986.9127367688,0.03271395782399561,0.0012239414343553129,0.05581416784229479,0.0917520671006457,230.53617327038802,308.4771680850152,6000.0,23.831372830926313,2.831372830926312,271.8638277297138,0.013636837476766894,41.3276544593258,41.3276544593258,1.7341701106574234,0.0,54.54991100052306,1.0
12.231516141703205,0.9750001054542468,31420.37987495373,0.09297350995120651,2085414.7031602797,0.03271304637954695,0.00122288625275885,0.055848915883014626,0.09178484851532043,230.71318456931607,308.5404603664067,6000.0,23.83087395573167,2.8308739557316693,271.84458150577484,0.01363622897811432,41.13139693645877,41.13139693645877,1.7259709825524916,0.0,54.30313935297019,1.0
12.23844471420234,0.9750378778935019,31422.814433417712,0.0929659380323378,2085495.4941261027,0.032712874272603006,0.0012226870730475986,0.05585546428872584,0.09179102563437644,230.7465892129679,308.5524135197774,6000.0,23.830779476528768,2.8307794765287695,271.8409467329164,0.01363611405356687,41.09435751994849,41.09435751994849,1.724423557375571,0.0,54.256555557564795,1.0
12.239806368098886,0.9750452972279234,31423.292645107806,0.09296445080820318,2085511.3632414017,0.032712840467969566,0.0012226479534470742,0.0558567500165207,0.09179223843793734,230.7531496787855,308.5547613809163,6000.0,23.830760908876304,2.830760908876304,271.8402327839124,0.013636091479656694,41.087083105126936,41.087083105126936,1.7241196478045788,0.0,54.2474062519302,1.0
12.268290469459425,0.9752002011217379,31433.277775140643,0.09293340491960483,2085842.6851109385,0.0327121347515186,0.0012218314724443925,0.05588355475377316,0.09181752097773616,230.89005132143868,308.6037809845478,6000.0,23.830372503781092,2.8303725037810925,271.82532666505955,0.013635620156458906,40.93527534362087,40.93527534362087,1.7177774009670137,0.0,54.056441376844305,1.0
12.288397549770513,0.9753092055186549,31440.305167006467,0.09291156391124877,2086075.8331596085,0.03271163822619342,0.0012212572355362393,0.05590237208758244,0.0918352675493121,230.98630694752467,308.63827561343925,6000.0,23.830098334607527,2.8300983346075275,271.8148373709823,0.013635288472635726,40.82853042345761,40.82853042345761,1.7133177484275806,0.0,53.922127887972835,1.0
12.305221557932178,0.9754001943150468,31446.171714662236,0.0928933362417251,2086270.447880937,0.03271122381462064,0.0012207781027184742,0.055918050963394396,0.0918500528807335,231.06660279106822,308.66706917455775,6000.0,23.82986893673289,2.829868936732891,271.80608168524765,0.013635011596054038,40.73947889417943,40.73947889417943,1.709597270649734,0.0,53.81005531963276,1.0
12.338350385338686,0.9755787870448615,31457.68816057395,0.09285756844358815,2086652.4374853997,0.03271041054281813,0.00121983818301742,0.0559487501003541,0.09187899882618966,231.22407148640116,308.72358515108624,6000.0,23.82941723379583,2.82941723379583,271.7888960329614,0.013634468112530398,40.56482454656026,40.56482454656026,1.7023003184916166,0.0,53.59019209705331,1.0
12.342306517384177,0.9756000629795206,31459.06026711184,0.09285330822208776,2086697.9442978743,0.032710313668825694,0.0012197262554334957,0.05595240065825696,0.09188244058251616,231.24281886197588,308.7303179572036,6000.0,23.829363294167695,2.8293632941676945,271.7868486886182,0.013634403364095975,40.544029826642316,40.544029826642316,1.7014315206888295,0.0,53.56400956133551,1.0
12.379605724587025,0.9758001239406612,31471.963864359972,0.09281325732943634,2087125.8520155833,0.03270940287141222,0.001218674260827106,0.055986657962417016,0.09191473509465634,231.41897772009952,308.79362759246044,6000.0,23.82885475309562,2.8288547530956207,271.7675971876316,0.01363379449640892,40.3486194675321,40.3486194675321,1.6932672545788376,0.0,53.31791570260237,1.0
12.388303220906858,0.975846636360245,31474.96421666584,0.0928039480801839,2087225.336808597,0.03270919115110249,0.0012184298049417238,0.05599460447681086,0.09192222543285508,231.45990049723235,308.8083465276389,6000.0,23.828736173833903,2.8287361738339016,271.7631213824251,0.013633652932765056,40.30322088519273,40.30322088519273,1.691370477694461,0.0,53.26072823874506,1.0
12.417089617225033,0.9760002089294372,31484.871657625776,0.0927732171865331,2087553.8111256806,0.03270849218870408,0.0012176230022557873,0.05602079359634068,0.09194690878730055,231.5949297986865,308.8569448313038,6000.0,23.828343716829185,2.8283437168291843,271.7483433745096,0.013633185505022674,40.153413575823095,40.153413575823095,1.6851113972921268,0.0,53.071982569792496,1.0
12.438256056475032,0.9761127672296369,31492.134131454182,0.0927506993115831,2087794.5605706153,0.03270797998037652,0.00121703199213766,0.05603994129537136,0.09196495326788554,231.69381149641336,308.89256409900173,6000.0,23.828055154463964,2.8280551544639643,271.7375120948087,0.013632842893198945,40.04370059839536,40.04370059839536,1.6805274429161101,0.0,52.9337164965708,1.0
12.454735234634239,0.9762001877707204,31497.775247480746,0.09273321374415483,2087981.5431983236,0.03270758221295178,0.0012165731602540022,0.056054785166378934,0.09197894053958472,231.7705597293788,308.9202284795905,6000.0,23.827830498610485,2.8278304986104854,271.72909977576694,0.013632576786177655,39.95854004638815,39.95854004638815,1.6769692922197985,0.0,52.826371585179174,1.0
12.488208892043204,0.976377193294578,31509.19869471087,0.09269781866775392,2088360.1379491629,0.03270677696067249,0.001215644636797126,0.05608476656365087,0.0920071881611205,231.92582184883162,308.97624218206386,6000.0,23.82737417543024,2.8273741754302404,271.7120668574117,0.013632037954036873,39.78624500858007,39.78624500858007,1.6697704378019935,0.0,52.6091371853548,1.0
12.489806368098886,0.9763856215775336,31509.742684452445,0.09269613359735254,2088378.1650910068,0.03270673862220419,0.0012156004409744612,0.0560861916870675,0.09200853075024615,231.93321029718294,308.9789093267018,6000.0,23.827352398596513,2.8273523985965134,271.71125581913265,0.013632012296055174,39.77804552194971,39.77804552194971,1.6694278431158271,0.0,52.598797159637236,1.0
12.49254036741224,0.9764000421446846,31510.673447269415,0.09269325054981828,2088409.00904948,0.032706673027029357,0.0012155248266156483,0.05608862951436043,0.09201082736800544,231.9458507845039,308.98347273998,6000.0,23.82731512874427,2.8273151287442717,271.70986815428716,0.013631968395725273,39.76401736978326,39.76401736978326,1.668841711914643,0.0,52.58110645334744,1.0
12.530569564561455,0.976600104359853,31523.587705169393,0.09265326107283013,2088836.9194494125,0.03270576311922396,0.0012144762558387425,0.056122382573809276,0.09204262194887199,232.12109324952124,309.0467827720761,6000.0,23.826796727521167,2.826796727521167,271.69061653262776,0.013631359322030688,39.56952328310652,39.56952328310652,1.6607151912032598,0.0,52.33578102023429,1.0
12.538161727611376,0.9766399280743169,31526.15868984585,0.09264530271760275,2088922.0978603817,0.03270558202271777,0.0012142676324561502,0.056129086219180134,0.09204893587435406,232.15594876850648,309.0593850550148,6000.0,23.826693236478935,2.826693236478935,271.68678436930156,0.013631238075826668,39.530835600795086,39.530835600795086,1.6590986927331122,0.0,52.28697075165062,1.0
12.568791244856666,0.976800198142072,31536.5066472188,0.09261328048290318,2089264.897367688,0.032704853291553024,0.0012134283704093695,0.05615601411530315,0.09207429577726556,232.296131265418,309.1101027936196,6000.0,23.826275725715227,2.8262757257152273,271.67136187332875,0.013630750101655974,39.37523060791074,39.37523060791074,1.6525969505764524,0.0,52.09061333575783,1.0
12.58811456317955,0.9769009849665524,31543.01489392913,0.0925931480685458,2089480.4689604293,0.03270439509792902,0.001212900873977196,0.056172906130079546,0.09209020210198576,232.38420931903045,309.1419969575793,6000.0,23.826012337358225,2.8260123373582267,271.66166334124205,0.013630443219457423,39.2774540222116,39.2774540222116,1.64851144480548,0.0,51.967197774427596,1.0
12.607182523228277,0.977000195714127,31549.422022271654,0.09257333421060161,2089692.6695033282,0.032703944124811236,0.0012123818361259526,0.056189502461134425,0.09210582842207161,232.47085212791043,309.17339236929126,6000.0,23.8257524354928,2.8257524354928,271.6521164721581,0.013630141123665632,39.181264344247694,39.181264344247694,1.644492212799125,0.0,51.84576141250967,1.0
12.638067398747722,0.9771603772493107,31559.768077786604,0.09254135136587031,2090035.2796494996,0.032703216118401254,0.001211544257526093,0.05621623209592164,0.09213099247184899,232.61062041502862,309.2240820916116,6000.0,23.82533147781824,2.8253314778182372,271.636702495513,0.013629653346154267,39.0260820804844,39.0260820804844,1.6380079377623058,0.0,51.64979896430714,1.0
12.64574669707519,0.9772001070973183,31562.334473862815,0.09253342013977571,2090120.2572907594,0.032703035573036714,0.001211336596420678,0.05622284920082356,0.09213722137028095,232.64526387049185,309.23665467034874,6000.0,23.82522681210872,2.8252268121087214,271.6328793647845,0.013629532357614656,38.98761549429267,38.98761549429267,1.6364006018393056,0.0,51.60121425903159,1.0
12.684508762776645,0.9774000536898261,31575.25184219647,0.09249351393168724,2090547.9203869272,0.03270212708431652,0.0012102920132501232,0.05625607437099188,0.09216849346855852,232.81947145484608,309.299928113455,6000.0,23.82469851509115,2.8246985150911486,271.6136388692826,0.013628923433843112,38.794167414436544,38.794167414436544,1.6283172435472106,0.0,51.35682484590064,1.0
12.688020234315895,0.9774181180825929,31576.41900608155,0.0924899092921455,2090586.5580753426,0.032702045016897975,0.001210197680550411,0.05625906984854873,0.09217131254599711,232.8351988234325,309.30564462161675,6000.0,23.824650657611002,2.8246506576110013,271.61190056575157,0.013628868417473818,38.77670174231906,38.77670174231906,1.6275874219348307,0.0,51.33475516303612,1.0
12.723496343084655,0.9776001678475121,31588.182682024202,0.09245358909699442,2090975.9418860166,0.03270121805750993,0.0012092473934127719,0.05628919950874697,0.09219966495966968,232.99358879739773,309.3632545828501,6000.0,23.824167168235114,2.824167168235113,271.59438224928965,0.013628313949193362,38.60079345189192,38.60079345189192,1.6202368451879634,0.0,51.11243325930852,1.0
12.737973069884069,0.977674220508377,31592.96843729011,0.09243881856695085,2091134.3321332708,0.03270088172684881,0.0012088610417662798,0.056301425052613575,0.09221116782122867,233.05796116333912,309.38668867475104,6000.0,23.82396987649047,2.8239698764904686,271.58725629695203,0.013628088395304655,38.52929513361292,38.52929513361292,1.6172491542492122,0.0,51.02204734493486,1.0
12.739806368098886,0.9776835886154641,31593.573889951724,0.0924369501494856,2091154.369452396,0.03270083918117514,0.0012088121741089036,0.05630297040593734,0.09221262176122139,233.06610233594543,309.38965322835185,6000.0,23.823944892166498,2.8239448921664994,271.5863548211129,0.0136280598608872,38.52025248516745,38.52025248516745,1.616871288928863,0.0,51.010614980302066,1.0
12.762660142181964,0.9778001873124189,31601.11004838595,0.09241369787018888,2091403.7608479853,0.03270030968395603,0.001208204103352744,0.056322180869825,0.09223069465713378,233.16738653593336,309.42655108655237,6000.0,23.82363344362554,2.8236334436255386,271.57513474140984,0.013627704702392865,38.40774820547648,38.40774820547648,1.6121700451932195,0.0,50.86836145362476,1.0
12.78792590545224,0.9779286974515875,31609.41712373982,0.0923880759464253,2091678.6294682329,0.03269972618234283,0.0012075342411406312,0.056343303306281026,0.09225056372976448,233.2789239067415,309.46721834112907,6000.0,23.823289134212487,2.8232891342124886,271.56276844537246,0.013627313241864817,38.283844538630944,38.283844538630944,1.6069923981928984,0.0,50.71165661710129,1.0
12.80201158266842,0.9780001627054457,31614.03721018547,0.09237383004263972,2091831.4855451984,0.032699401733431256,0.0012071618751146914,0.05635502667202872,0.09226159028057468,233.34090785607793,309.4898336436324,6000.0,23.823097185810532,2.823097185810532,271.55589147448666,0.013627095539306114,38.21498361840872,38.21498361840872,1.604114835293971,0.0,50.624549007093535,1.0
12.837878741020413,0.9781815617208574,31625.765811635018,0.09233767822286063,2092219.477476443,0.03269857831812284,0.0012062171798747283,0.05638471014189335,0.09228950563989091,233.49810337910074,309.54723767406483,6000.0,23.8226084305348,2.8226084305347996,271.5384357784615,0.013626542919699933,38.04033239936078,38.04033239936078,1.596816423788518,0.0,50.40356421982172,1.0
12.841544380607223,0.9782000542432823,31626.961593143413,0.09233399343317113,2092259.0308856657,0.03269849438625025,0.0012061209121749135,0.05638773024195241,0.09229234554037757,233.5141174197314,309.55308966459324,6000.0,23.822558480642908,2.822558480642908,271.53665627679527,0.01362648658116913,38.022538857063864,38.022538857063864,1.5960728520389276,0.0,50.38104578815694,1.0
12.881305570449914,0.978400090413067,31639.897971752966,0.09229414241337697,2092686.8855774747,0.03269758660526608,0.0012050800219418412,0.05642032864064916,0.09232299526785709,233.6872120577304,309.61639145458287,6000.0,23.822016687449313,2.8220166874493113,271.51740716143564,0.013625877131885867,37.83019510370525,37.83019510370525,1.5880349510306648,0.0,50.137575119115056,1.0
12.887831576588587,0.9784328260103105,31642.015241148594,0.09228762222410727,2092756.9033091923,0.03269743806957503,0.0012049097603829052,0.05642565102679945,0.09232799885675738,233.71551576082138,309.6267506906356,6000.0,23.821927765217,2.8219277652170014,271.51425707468684,0.01362577739167827,37.79874131386546,37.79874131386546,1.5867205075256907,0.0,50.09775152568674,1.0
12.921278063323403,0.9786001748352197,31652.840116952884,0.0922542961041214,2093114.843475629,0.03269667882807937,0.0012040397040076459,0.056452805712894516,0.09235352424498153,233.8601069730826,309.6797085141173,6000.0,23.821472039367446,2.8214720393674453,271.4981534028387,0.013625267485022458,37.63804642975609,37.63804642975609,1.5800050629766005,0.0,49.89425617855467,1.0
12.93778441215676,0.9786825029011734,31658.16614650326,0.09223790481301754,2093290.933876299,0.03269630537271957,0.0012036118862724216,0.05646613136414976,0.09236604862314177,233.93117708859364,309.7057613721922,6000.0,23.821247138020524,2.8212471380205257,271.49023112338,0.013625016620986226,37.55905403478636,37.55905403478636,1.57670393229913,0.0,49.79420003887479,1.0
12.961441271792788,0.9788001955576462,31665.78078699216,0.09221447669709491,2093542.6651272902,0.03269577156248758,0.0012030005372243116,0.05648514303938905,0.09238391513910094,234.03270440310854,309.74300541576383,6000.0,23.820924817159007,2.8209248171590082,271.4789057739501,0.013624657981696979,37.44620137084155,37.44620137084155,1.57198772332583,0.0,49.65122665738319,1.0
12.987737247724931,0.978930604861777,31674.219255948996,0.0921885228871976,2093821.595846109,0.03269518016420837,0.001202323462331495,0.05650615649342566,0.09240366011996554,234.14510325535832,309.7842736643594,6000.0,23.820566548708637,2.8205665487086375,271.46635672473616,0.013624260571128782,37.32125346937784,37.32125346937784,1.5667659874110382,0.0,49.49289139636384,1.0
12.989806368098886,0.9789408478248295,31674.88210079889,0.09218648460555327,2093843.504382974,0.0326951337169971,0.0012022702963478138,0.05650780465296907,0.09240520866631399,234.15392720041726,309.7875150676352,6000.0,23.820538358505807,2.8205383585058055,271.4653710631049,0.013624229355714577,37.31144386268764,37.31144386268764,1.566356028614463,0.0,49.48045885350086,1.0
13.00179311705196,0.9790001342580474,31678.718793589407,0.092174687721744,2093970.3113431365,0.03269486489125488,0.0012019626127308717,0.0565173375370543,0.09241416504104005,234.20498775035747,309.8062763613994,6000.0,23.82037504937198,2.8203750493719784,271.4596660378912,0.013624048677796395,37.25467828753375,37.25467828753375,1.563983699262366,0.0,49.40851015977936,1.0
13.037690083293105,0.9791771442484946,31690.175291801454,0.09213947337858684,2094348.9156475049,0.03269406238131879,0.001201044394512932,0.056545731691120704,0.09244083846695243,234.35731001110605,309.8622914773327,6000.0,23.81988599704642,2.819885997046421,271.4426326897243,0.013623509205927052,37.08532267861824,37.08532267861824,1.5569059685347229,0.0,49.19380736794984,1.0
13.042350330595413,0.9792000653828205,31691.6589523845,0.09213491424977885,2094397.9413555732,0.032693958476536444,0.001200925540336178,0.05654940101830635,0.09244428503517897,234.37702027455313,309.86954490971436,6000.0,23.819822508287192,2.8198225082871926,271.44042703082124,0.013623439346482719,37.06340675626811,37.06340675626811,1.5559900475065807,0.0,49.16601774356268,1.0
13.0831299768143,0.9794000633863681,31704.606083471754,0.09209514137112744,2094825.7144141276,0.03269305198078225,0.0011998889309961804,0.05658134510355414,0.09247428601533257,234.5488648773136,309.9328346219326,6000.0,23.819266961690186,2.8192669616901873,271.4211815881289,0.013622829760818342,36.872316710815284,36.872316710815284,1.548003839501821,0.0,48.923660779413424,1.0
13.087642918861278,0.9794221333065165,31706.03497047008,0.09209075325307264,2094872.9194715603,0.03269295196194803,0.0011997745899187916,0.05658486217139224,0.09247758872325906,234.56781296355211,309.9398186861237,6000.0,23.819205482800772,2.819205482800771,271.4190578400119,0.01362276248951636,36.85124487645976,36.85124487645976,1.5471231776840366,0.0,48.89692985642292,1.0
13.124138766562512,0.9796001506894396,31717.561641384873,0.09205536453750601,2095253.6784742407,0.03269214530253009,0.0011988526662246998,0.056613172958867766,0.09250417092762256,234.72053947856568,309.9961525931388,6000.0,23.818708318445154,2.818708318445155,271.40192755230635,0.013622219852406546,36.68138807374066,36.68138807374066,1.5400242357111649,0.0,48.681413935508075,1.0
13.13759575442945,0.9796655841715401,31721.79900254591,0.09204235950993714,2095393.6332751561,0.03269184884460344,0.0011985139567807822,0.05662355308685587,0.0925139158882401,234.77662757961528,310.01685913109475,6000.0,23.818525005740362,2.8185250057403612,271.395631007803,0.013622020386341489,36.61900342818771,36.61900342818771,1.5374169231454249,0.0,48.60224089658919,1.0
13.165350058898312,0.9798001876452772,31730.5165848352,0.0920156114074321,2095681.5348473277,0.03269123907454223,0.0011978174662472178,0.05664486206998008,0.09253391861076954,234.8919231311051,310.0594546318762,6000.0,23.818146941736686,2.8181469417366856,271.38267836130626,0.013621610046905422,36.49075523020116,36.49075523020116,1.5320568522590725,0.0,48.439447933440775,1.0
13.187548589997624,0.9799075088713411,31737.468092882136,0.09199428918133154,2095911.0827843412,0.03269075296839341,0.001197262404441493,0.05666180952935416,0.09254982490218906,234.98376918680432,310.0934166184561,6000.0,23.81784456563562,2.8178445656356224,271.3723510356868,0.0136212828611523,36.38858184888247,36.38858184888247,1.5277865194142672,0.0,48.3097226544018,1.0
13.2067665318807,0.9800001785715449,31743.471191534867,0.09197588100498182,2096109.2927683825,0.03269033327699811,0.0011967833048665958,0.056676412952902294,0.092563529534767,235.06301865389304,310.12274210447697,6000.0,23.817582795329123,2.817582795329122,271.36343359964764,0.013621000331189253,36.300414945754596,36.300414945754596,1.5241015537846052,0.0,48.19775898042408,1.0
13.237501425565796,0.9801479193257758,31753.0429405733,0.09194653933204962,2096425.293494337,0.03268966427302543,0.0011960198433435209,0.05669963653047249,0.09258532064684144,235.18925297327232,310.16949492026674,6000.0,23.81716416225874,2.81716416225874,271.34921677663726,0.013620549879004134,36.159963803364946,36.159963803364946,1.5182312871934982,0.0,48.01935742796508,1.0
13.239806368098886,0.9801589760828412,31753.75933787458,0.091944343727635,2096448.9426443463,0.03268961421036411,0.0011959627241715776,0.056701371675379836,0.09258694860991552,235.19869471899355,310.17299385005765,6000.0,23.817132767712852,2.8171327677128537,271.34815280509406,0.01362051616654435,36.14945808610051,36.14945808610051,1.5177921892892872,0.0,48.0060109613468,1.0
13.248385224213646,0.9802001005710296,31756.4239760151,0.09193617775821383,2096536.9032628615,0.03268942801331279,0.0011957502965017548,0.05670782184600229,0.09259300015581684,235.23380561274814,310.1860077650788,6000.0,23.817015919802405,2.8170159198024045,271.3441954706875,0.013620390775108729,36.11038985793937,36.11038985793937,1.5161592862654036,0.0,47.956376147065185,1.0
13.287454261133968,0.980386827347685,31768.52423899338,0.09189910705913527,2096936.2906714706,0.032688582698800005,0.0011947861850143751,0.05673703906219674,0.09262040794601112,235.39309398866476,310.24509777472053,6000.0,23.81648379538364,2.81648379538364,271.3262270939262,0.013619821405255424,35.93313310526145,35.93313310526145,1.5087505533552514,0.0,47.731127647398836,1.0
13.290225800302325,0.9804000389531371,31769.380464361453,0.09189648460977091,2096964.548797914,0.032688522897011206,0.0011947179967225412,0.05673910194141275,0.0926223428351465,235.4043559224234,310.24927860998974,6000.0,23.81644604757098,2.81644604757098,271.32495576525747,0.013619781118577982,35.920599842834065,35.920599842834065,1.5082267006204972,0.0,47.71519793689326,1.0
13.33230599952259,0.980600068005112,31782.345472688772,0.09185678671095952,2097392.388265535,0.03268761759187529,0.0011936860192688524,0.056770264493388546,0.09265156810453268,235.57473168676879,310.3125781475362,6000.0,23.81587293731338,2.815872937313378,271.3057073348316,0.013619171135038133,35.73097564806281,35.73097564806281,1.5003009019283737,0.0,47.47413651700301,1.0
13.337407096702142,0.980624244643676,31783.91267582609,0.09185198949151765,2097444.0993548483,0.03268750818660529,0.0011935613420521927,0.056774022037548166,0.09265509156620566,235.5953071448761,310.32022888639347,6000.0,23.815803464785983,2.8158034647859838,271.30338086104825,0.013619097405565732,35.70807371617215,35.70807371617215,1.499343650906847,0.0,47.445015874816946,1.0
13.374618025050852,0.980800139889609,31795.315903037255,0.09181709345620039,2097820.319347065,0.03268671231453296,0.0011926546083576817,0.05680130165487913,0.09268066857776977,235.74489084279108,310.37589123950795,6000.0,23.815296695516498,2.815296695516499,271.28645478271045,0.013618560970317365,35.54156393991937,35.54156393991937,1.4923838402823877,0.0,47.23325136505184,1.0
13.387359932270314,0.9808601828157206,31799.208933148602,0.09180518378949662,2097948.7443597736,0.03268644067790796,0.001192345228107666,0.05681059031134164,0.09268937621735727,235.79590721751674,310.3948919267495,6000.0,23.815123170243137,2.815123170243136,271.2806769615669,0.013618377845891228,35.48476974405014,35.48476974405014,1.490009918923626,0.0,47.16100480327978,1.0
13.417147318815543,0.9810001759143797,31808.286654017185,0.09177742034444307,2098248.1737287054,0.032685807420959945,0.0011916241663045657,0.05683220094887966,0.09270963253614417,235.91476538386175,310.4391929836076,6000.0,23.814717520721338,2.8147175207213366,271.2672056813052,0.013617950864402942,35.35244029744345,35.35244029744345,1.4844786744450387,0.0,46.99263884161191,1.0
13.437312767838486,0.9810946533626854,31814.413687511144,0.09175868714424602,2098450.250281017,0.03268538011474445,0.0011911377578665409,0.056846748680926304,0.0927232665535373,235.9949088473281,310.4690905346247,6000.0,23.814442911534144,2.8144429115341425,271.2581142889671,0.01361766269248041,35.26320544163897,35.26320544163897,1.480748702484231,0.0,46.87907725580139,1.0
13.459896630085927,0.9812001796789529,31821.257957678336,0.09173776654006713,2098675.9591094404,0.03268490289466078,0.0011905946707414133,0.05686296273651047,0.09273846030191266,236.08435742920597,310.5024845189123,6000.0,23.81413537575216,2.8141353757521594,271.24795968423985,0.01361734080634219,35.16360225503388,35.16360225503388,1.4765853011332877,0.0,46.75229610580495,1.0
13.48726560340666,0.9813276676803332,31829.52760991789,0.09171249677760689,2098948.6414928245,0.03268432643971917,0.0011899388470397335,0.05688250188668552,0.09275676717344442,236.19232654030992,310.5428283162278,6000.0,23.81376268843973,2.8137626884397293,271.2356917466555,0.013616951911874476,35.043365206345584,35.043365206345584,1.4715593526661457,0.0,46.5992161861739,1.0
13.489806368098886,0.9813394808398723,31830.29393815518,0.09171015551941449,2098973.9085019827,0.03268427302940511,0.0011898780937375831,0.05688430966948106,0.09275846079262376,236.20232578240459,310.54656661088256,6000.0,23.813728091014877,2.813728091014878,271.2345549878834,0.013616915875503522,35.03222920547884,35.03222920547884,1.4710938611370472,0.0,46.5850364536775,1.0
13.502863284890742,0.9814001294177443,31834.228400696094,0.09169813623383143,2099103.6289351527,0.03268399883382889,0.0011895662297487005,0.056893583493553536,0.09276714855713113,236.2536476199214,310.5657589576654,6000.0,23.813550297285502,2.813550297285501,271.2287188859769,0.01361673086255792,34.975071266055494,34.975071266055494,1.4687046168853826,0.0,46.512250771429194,1.0
13.537218438974833,0.9815592370621926,31844.551365864347,0.09166660994172159,2099443.942150773,0.03268327959599881,0.0011887484123494097,0.056917854612669336,0.09278988262101756,236.38817466860135,310.61610884541545,6000.0,23.81308250074229,2.8130825007422913,271.2134082478763,0.013616245470905005,34.825233579274965,34.825233579274965,1.4624412265060354,0.0,46.32140467870492,1.0
13.54606637033373,0.9816001041671839,31847.20310947112,0.09165851364031206,2099531.3522558054,0.03268309488095852,0.0011885384331558931,0.05692407509043962,0.09279570840455403,236.4227018597671,310.62904131108115,6000.0,23.812962025688673,2.8129620256886723,271.2094756809849,0.013616120791961643,34.78677382121779,34.78677382121779,1.460833548707251,0.0,46.27240951293234,1.0
13.587171274543007,0.9817893727003406,31859.485615369456,0.09162102391868815,2099936.1761934464,0.032682239527307054,0.0011875663715156723,0.056952811487209945,0.09282261738603267,236.58246747130008,310.68893566393956,6000.0,23.81240234822588,2.812402348225881,271.1912627156366,0.01361554333669196,34.608795244336505,34.608795244336505,1.453393686963088,0.0,46.04562594803024,1.0
13.589492365970196,0.9818000314311024,31860.177379880555,0.09161891300285133,2099958.9740103115,0.03268219136362036,0.0011875116499315817,0.05695442623340568,0.09282412924695763,236.59145783528226,310.6923086376221,6000.0,23.812370745342708,2.8123707453427094,271.19023704543787,0.013615510815728697,34.59877921015561,34.59877921015561,1.4529749927114057,0.0,46.03286085240513,1.0
13.633174044319002,0.9820000515438807,31873.160319816958,0.09157930640879261,2100386.7943580044,0.03268128764758721,0.0011864851560748253,0.056984657919051204,0.09285243072271324,236.76003284077893,310.7556053463444,6000.0,23.811776010320244,2.811776010320243,271.1709894752146,0.013614900505682993,34.41095663443565,34.41095663443565,1.445123480899603,0.0,45.79343834104128,1.0
13.637124110111179,0.9820180856869126,31874.33101305521,0.09157573602008201,2100425.3673456656,0.03268120617791605,0.001186392643239899,0.056987377083643154,0.0928549759047991,236.7752190559066,310.7613122819255,6000.0,23.811722230676185,2.811722230676185,271.1692540825603,0.01361484547663941,34.39403502665371,34.39403502665371,1.4444161028530953,0.0,45.77186333801783,1.0
13.677102476370905,0.982200112272234,31886.148541560102,0.09153970409187105,2100814.7015778073,0.03268038396897771,0.0011854592168440874,0.05701476185645189,0.09288060504227369,236.9283815206332,310.81891490793527,6000.0,23.81117794250928,2.8111779425092798,271.1517379966287,0.01361429002115042,34.2233564759955,34.2233564759955,1.437281118919267,0.0,45.55420635998527,1.0
13.687076945679351,0.982245387015589,31889.088208225083,0.09153074358648661,2100911.539121666,0.03268017949263801,0.0011852271471884087,0.05702155592101964,0.09288696256084605,236.96644339975364,310.8332421783423,6000.0,23.8110421478805,2.8110421478804977,271.14738129074567,0.013614151858431352,34.18093789099203,34.18093789099203,1.4355078487832833,0.0,45.50010032067684,1.0
13.721266133973522,0.9824001506157943,31899.13795539977,0.09150011840181925,2101242.560919076,0.03267948061229712,0.00118443415182073,0.05704472828483157,0.09290864304894941,237.0964497493945,310.8822173858199,6000.0,23.810576699158595,2.810576699158595,271.13248867209063,0.013613679554369438,34.03603892269612,34.03603892269612,1.4294504225048388,0.0,45.31524190130181,1.0
13.737029781247525,0.9824712875815963,31903.7578448464,0.09148604398730446,2101394.714825103,0.03267915941682359,0.0011840698039834788,0.05705535246458736,0.09291858168539444,237.15615435019228,310.90472880100316,6000.0,23.810362099627724,2.810362099627724,271.125643291765,0.013613462450032043,33.969488941572735,33.969488941572735,1.4266683051453404,0.0,45.23032049682602,1.0
13.739806368098886,0.9824838032003073,31904.5706885742,0.09148356793564252,2101421.484314802,0.032679102909567964,0.0011840057116213284,0.05705721989100334,0.09292032851219263,237.16665515382292,310.90868939007106,6000.0,23.810324300719916,2.8103243007199157,271.12443893662953,0.013613424252702119,33.957783782806615,33.957783782806615,1.4261789698420817,0.0,45.21538286257624,1.0
13.765664192961747,0.9826001528888498,31912.127671500013,0.0914605519172453,2101670.343109624,0.03267857763915333,0.0011834100271753958,0.057074554950352525,0.09293654261668124,237.2642250665067,310.94550844913124,6000.0,23.809972291773338,2.809972291773339,271.1132428185513,0.013613069147127559,33.84901775204463,33.84901775204463,1.42163196736436,0.0,45.076562834367465,1.0
13.786982616815697,0.9826957981825409,31918.34056158693,0.0914416346204164,2101874.9175508325,0.03267814589635646,0.0011829205351905042,0.05708877112639776,0.09294983755794473,237.34436562549308,310.9757755668292,6000.0,23.809682085708364,2.8096820857083644,271.10403904658426,0.01361277721968377,33.75967342109118,33.75967342109118,1.4178968580750284,0.0,44.96250759572865,1.0
13.810310475339097,0.9828001710093034,31925.121061415528,0.09142099423966146,2102098.1591959596,0.032677674815014365,0.0011823865732869298,0.05710424935354127,0.09296431074184257,237.4317499859501,311.00880452737897,6000.0,23.809364532484906,2.809364532484905,271.09399544004583,0.013612458640978937,33.66224545409574,33.66224545409574,1.413823767037873,0.0,44.83810879340493,1.0
13.83693545238387,0.9829189295191879,31932.836991848268,0.091397512911854,2102352.170186577,0.03267713887764823,0.0011817792633055785,0.05712181626589953,0.09298073440685334,237.53109081571083,311.046385862096,6000.0,23.80900210591451,2.809002105914509,271.08256752548834,0.013612096135904852,33.55147670977752,33.55147670977752,1.4091928994135725,0.0,44.6966454747666,1.0
13.855196867872946,0.983000158159258,31938.11508350598,0.09138145449976871,2102525.909039909,0.03267677235107901,0.001181364025939926,0.05713380429676714,0.09299194067378608,237.59898424623526,311.07209080495903,6000.0,23.808753532036153,2.8087535320361545,271.0747510417749,0.01361184817882942,33.47576679553964,33.47576679553964,1.406027692734772,0.0,44.59993719656335,1.0
13.886888287952043,0.9831406921968873,31947.247763841522,0.09135367631535508,2102826.495415979,0.03267613830763044,0.0011806459117401347,0.057154492190623955,0.09301127640999454,237.7163433840995,311.11656304288465,6000.0,23.80832216003981,2.8083221600398107,271.0612277079439,0.013611419167485551,33.34488432384438,33.34488432384438,1.4005558266432927,0.0,44.432718118312316,1.0
13.900329903399319,0.9832001331243488,31951.110957498782,0.09134192885103422,2102953.6328218156,0.03267587016240505,0.001180342285120713,0.057163222337577056,0.09301943478510283,237.76594256181139,311.13537322661796,6000.0,23.808139201797587,2.8081392017975877,271.05550781603114,0.013611237703352083,33.28956525421975,33.28956525421975,1.3982430534388965,0.0,44.36202722573326,1.0
13.936841123520216,0.9833610967270138,31961.57350066428,0.09131012231192039,2103297.915721677,0.03267514413374651,0.001179520404805694,0.057186803156865196,0.0930414676954174,237.90013666854117,311.1863104355379,6000.0,23.807642247879464,2.8076422478794623,271.0400185824604,0.01361074628348403,33.139881913919226,33.139881913919226,1.3919850428225828,0.0,44.170709636564354,1.0
13.945712470125033,0.9834000981239852,31964.1088271886,0.09130241672280318,2103381.335288745,0.03267496823884446,0.0011793213356146306,0.057192503562638025,0.09304679313709711,237.93262574840622,311.1986524946917,6000.0,23.807521502759908,2.807521502759907,271.03626554924494,0.01361062720778,33.10363980083872,33.10363980083872,1.3904698058133078,0.0,44.12437783582132,1.0
13.986793959088388,0.9835801535269693,31975.81482028434,0.09126684840964094,2103766.453385313,0.03267415630395022,0.0011784026677056983,0.0572187533701447,0.09307131234180062,238.0824838817809,311.25563133666043,6000.0,23.8069623692302,2.806962369230199,271.01893914659036,0.013610077453226664,32.93645526480947,32.93645526480947,1.3834799565768572,0.0,43.91060426607916,1.0
13.989806368098886,0.9835933209006217,31976.67095858344,0.09126424767495872,2103794.6169049507,0.03267409693450174,0.0011783355092779668,0.057220668687744204,0.09307310113152392,238.09343439821603,311.25979817470056,6000.0,23.806921370170805,2.8069213701708056,271.01767207426695,0.013610037248307125,32.92423767605092,32.92423767605092,1.382969144313795,0.0,43.894979094894815,1.0
13.991339082238268,0.983600018596076,31977.106444934074,0.0912629248081555,2103808.9425163018,0.03267406673609793,0.0011783013497977586,0.057221642704134525,0.09307401079003022,238.09900402317913,311.2619176719471,6000.0,23.80690050988995,2.8069005098899504,271.0170275672631,0.013610016797652303,32.91802354408395,32.91802354408395,1.3827093338088687,0.0,43.88703163916822,1.0
14.036746794656562,0.983797872920979,31989.97233557541,0.0912238521433803,2104232.1304892343,0.032673174766700674,0.0011772926265236523,0.05725034698578999,0.09310081437901432,238.2633981123368,311.3245290133711,6000.0,23.80628252389028,2.806282523890283,270.9979884068524,0.013609412646305889,32.73459029451561,32.73459029451561,1.3750399820579093,0.0,43.65238636932417,1.0
14.037237817987412,0.9838000064420842,31990.111086343273,0.09122343087113687,2104236.693849031,0.032673165149506724,0.0011772817530613037,0.05725065578661619,0.09310110268918423,238.26516938304448,311.3252041697945,6000.0,23.806275841352754,2.8062758413527544,270.9977831020122,0.013609406131295543,32.73261371896771,32.73261371896771,1.3749573405391464,0.0,43.64985747101278,1.0
14.083406608708895,0.9840000406598244,32003.121387959265,0.09118393893415136,2104664.5443656375,0.03267226357384232,0.0011762626492501898,0.057279539384842426,0.09312806560793493,238.43110306212608,311.38850534205625,6000.0,23.805647525643607,2.805647525643608,270.97853417449426,0.013608795272797156,32.54743111236817,32.54743111236817,1.36721469463529,0.0,43.412882099817864,1.0
14.086699630224734,0.9840142651408641,32004.046654351376,0.09118113107446467,2104694.968918147,0.0326721994709573,0.0011761902082115475,0.05728158810950588,0.09312997778867473,238.4428923253963,311.3930067035473,6000.0,23.8056027116595,2.8056027116594997,270.97716537865716,0.013608751832578174,32.534273053260875,32.534273053260875,1.3666645389039551,0.0,43.39604043423796,1.0
14.129837953281603,0.9842000772103527,32016.134486438375,0.09114445755927943,2105092.3998718145,0.03267136220757494,0.001175244259101482,0.057308286827625184,0.0931548932943016,238.5967673424141,311.45180725253283,6000.0,23.80501566517712,2.8050156651771196,270.9592850224963,0.01360818435662348,32.36251768008222,32.36251768008222,1.3594831499070736,0.0,43.17615943955623,1.0
14.136652465792906,0.9842293403273858,32018.038379438127,0.09113868279026974,2105154.990361989,0.03267123036617239,0.0011750953405756893,0.057312480798023514,0.0931588065047716,238.62097936419417,311.4610676162504,6000.0,23.804922932339128,2.8049229323391294,270.9564690861776,0.01360809498216019,32.335489721983436,32.335489721983436,1.3583530521770975,0.0,43.14155107308521,1.0
14.176531804228562,0.9844001047257492,32029.149642123513,0.09110498885160763,2105520.2360528675,0.03267046110181914,0.001174226636524953,0.05733689622561785,0.09318158396396195,238.76215173374672,311.5151063038264,6000.0,23.80438026092201,2.804380260922009,270.9400367399326,0.013607573417494944,32.1778850061859,32.1778850061859,1.3517631903658542,0.0,42.93970458254538,1.0
14.18660530136108,0.9844431085316394,32031.948108748904,0.09109650490380197,2105612.216318914,0.03267026740228339,0.0011740079522624598,0.05734302905974989,0.09318730441429574,238.7976719514327,311.5287149321667,6000.0,23.804243185731927,2.8042431857319285,270.9358985622152,0.013607442065424871,32.13822661078248,32.13822661078248,1.3501049522988355,0.0,42.88890302123666,1.0
14.223491120863898,0.984600124711746,32042.166952659314,0.09106553237296934,2105948.056129389,0.032669560249666205,0.001173209769806304,0.057365367548682294,0.0932081375681548,238.9272564244202,311.5784029724285,6000.0,23.803741272932022,2.803741272932023,270.92078918190936,0.01360696245081891,31.993532757489163,31.993532757489163,1.3440548017495892,0.0,42.70351737204458,1.0
14.236558136929252,0.9846555797150564,32045.776435269345,0.0910545950535405,2106066.6680952953,0.03266931052971151,0.0011729279727508716,0.0573732368552132,0.09321547535767558,238.97298268955444,311.5959518036084,6000.0,23.80356347164213,2.8035634716421285,270.91545284819955,0.013606793053001677,31.942470158645108,31.942470158645108,1.3419196750393736,0.0,42.63808113758343,1.0
14.239806368098886,0.9846693511817166,32046.672830794887,0.09105187905073514,2106096.1237013997,0.0326692485179045,0.001172858000924607,0.057375189450312246,0.09321729596914136,238.98433488755583,311.60030980791987,6000.0,23.80351927370114,2.8035192737011427,270.91412764510903,0.01360675098484465,31.9297927575532,31.9297927575532,1.341389581532602,0.0,42.62183407980043,1.0
14.270715754573411,0.9848001253602834,32055.185649043855,0.09102609030910877,2106375.8348452765,0.03266865970415498,0.0011721937148300562,0.05739369888120646,0.09323455230019151,239.09207063105023,311.6416935216583,6000.0,23.803098703554127,2.803098703554127,270.90154348469446,0.013606351492673611,31.809472853644223,31.809472853644223,1.3363584821372285,0.0,42.46761335678123,1.0
14.286510972497425,0.9848667637501638,32059.523947091984,0.0910129509031415,2106518.366807349,0.03266835969935695,0.0011718553323416358,0.05740310809761409,0.09324332312931267,239.14692406165085,311.66278135475363,6000.0,23.802883789875423,2.802883789875425,270.8951309941155,0.013606147915774577,31.748206932464655,31.748206932464655,1.3337966614771601,0.0,42.38907040402753,1.0
14.318218056613642,0.9850001474608169,32068.208386438127,0.09098665447299245,2106803.659444552,0.032667759281527646,0.001171178260346964,0.05742189573663992,0.09326083327851453,239.25662686946143,311.7049908594091,6000.0,23.80245238506332,2.80245238506332,270.8822957231931,0.013605740418455399,31.625668853731696,31.625668853731696,1.3286727074214275,0.0,42.23194608984133,1.0
14.336463808065599,0.9850766704213478,32073.191227451334,0.09097157014114453,2106967.3333827676,0.03266741486259413,0.0011707899621463467,0.05743264665337347,0.09327085147811395,239.3195084323809,311.7292066818883,6000.0,23.80220414023897,2.80220414023897,270.87493205842935,0.01360550662487997,31.55542362604845,31.55542362604845,1.3257353579579727,0.0,42.14185592494563,1.0
14.365991662504216,0.9852001525782814,32081.232662558497,0.09094723229784843,2107231.447718968,0.03266685915471341,0.0011701635974263427,0.05744995242980558,0.09328697518194533,239.4208924158647,311.7682828228386,6000.0,23.801802404393186,2.8018024043931877,270.8630495959415,0.013605129345582985,31.442157180076805,31.442157180076805,1.3209990002384613,0.0,41.996562527981695,1.0
14.38641664363377,0.985285309426119,32086.778854791814,0.0909304504805888,2107413.5885634273,0.03266647597126461,0.0011697317940744126,0.0574618563427461,0.09329806410808512,239.49074804930538,311.7952308538062,6000.0,23.80152452254135,2.8015245225413485,270.8548551079674,0.013604869151703124,31.36410705866203,31.36410705866203,1.3177352160345233,0.0,41.89642292604247,1.0
14.414042707497922,0.9854001548755013,32094.25939929128,0.09090782084391105,2107659.2299612006,0.0326659592598417,0.0011691496499954311,0.057477870705512316,0.09331297961534946,239.5848778476644,311.8315738937968,6000.0,23.801148678407248,2.8011486784072472,270.84380374007696,0.013604518230792402,31.258925892412577,31.258925892412577,1.313336860954578,0.0,41.761447630353345,1.0
14.436369479201943,0.9854926903764589,32100.287402841346,0.09088958965861761,2107857.152908267,0.03266554297766984,0.0011686807608197517,0.05749074094043902,0.09332496467892862,239.66065504429008,311.8608569122355,6000.0,23.800844936592558,2.8008449365925583,270.8348992177862,0.013604235467874311,31.174244173496106,31.174244173496106,1.3097956924028076,0.0,41.65275675309044,1.0
14.462374218864557,0.9856001552023049,32107.288651893297,0.09086841979487349,2108087.0079889363,0.032665059592983,0.0011681364095631598,0.05750565042495029,0.09333884642749646,239.74858277458947,311.8948643412134,6000.0,23.800491166263043,2.8004911662630434,270.8245580738219,0.013603907071488779,31.075975299232425,31.075975299232425,1.3056863021080132,0.0,41.526602057599625,1.0
14.486322314770117,0.9856988227988241,32113.717440597626,0.09084898543633362,2108298.0467932974,0.03266461583456976,0.001167636795854006,0.05751930417603782,0.0933515568064616,239.82924143380848,311.9260878718397,6000.0,23.80016538220401,2.80016538220401,270.81506347117227,0.013603605545269074,30.98582203736379,30.98582203736379,1.3019162488901308,0.0,41.410842872242696,1.0
14.489806368098886,0.9857131535538542,32114.651229200295,0.09084616293489615,2108328.698653825,0.03266455138630186,0.0011675642445685055,0.05752128447843085,0.09335340010930121,239.84095084561577,311.9306228639178,6000.0,23.800117986593126,2.8001179865931247,270.8136844487832,0.0136035617497428,30.972733603167427,30.972733603167427,1.3013689100455181,0.0,41.394035138017195,1.0
14.51098391813391,0.9858001324581457,32120.319045248438,0.09082903315545159,2108514.7366704973,0.032664160248915525,0.00116712397870017,0.0575332884209202,0.0933645726485359,239.9119888795399,311.9581474877841,6000.0,23.79982989929938,2.799829899299378,270.80531462764344,0.013603295932160479,30.893325748103535,30.893325748103535,1.298048174244009,0.0,41.292052208150736,1.0
14.53627515033829,0.9859037161348676,32127.069532361424,0.09080863559852359,2108736.290413143,0.032663694495178426,0.0011665998334164508,0.05754754973453031,0.09337784406312519,239.99651911984202,311.99092672044617,6000.0,23.799485859188515,2.799485859188516,270.7953469595725,0.013602979356006278,30.798827839730478,30.798827839730478,1.2940963524150946,0.0,41.170666869474736,1.0
14.559890818086016,0.9860001526904663,32133.354883361655,0.09078964776644556,2108942.5572738773,0.032663260930543524,0.0011661120188883286,0.057560793538457174,0.09339016648788903,240.07514898972534,312.0214442343358,6000.0,23.79916461922959,2.799164619229591,270.78606704591687,0.013602684610956052,30.71091805619153,30.71091805619153,1.2904200020271839,0.0,41.05772233141761,1.0
14.586227985906461,0.9861073797421899,32140.34423777202,0.09076853795338044,2109171.903782652,0.03266277891315924,0.001165569808503894,0.0575754812568303,0.09340382997849343,240.1624998908087,312.05537641928373,6000.0,23.798806367360285,2.7988063673602834,270.7757487825222,0.013602356872446077,30.61324889171351,30.61324889171351,1.2863354749463038,0.0,40.932214449974964,1.0
14.609082028793576,0.9862001508990058,32146.39193041264,0.09075027627419618,2109370.3307708865,0.032662361930053806,0.0011651008548068588,0.05758815655505542,0.09341561933991609,240.2380089378542,312.0847340114241,6000.0,23.798495501754733,2.7984955017547337,270.76682158349854,0.013602073306527651,30.528812645644336,30.528812645644336,1.2828043118689312,0.0,40.82369029773912,1.0
14.636180821474635,0.9863098228955314,32153.542111871557,0.09072869033214659,2109604.906739442,0.03266186904261855,0.0011645466568586148,0.05760310234035703,0.0934295180398342,240.32719542285378,312.1194399033599,6000.0,23.79812690653489,2.7981269065348915,270.75626804752994,0.01360173806718652,30.429072624676166,30.429072624676166,1.278633093444024,0.0,40.6954714369993,1.0
14.65856595145929,0.986400149232106,32159.43162972486,0.0907109141608708,2109798.104534316,0.03266146314775506,0.0011640903700369193,0.05761538026141735,0.09344093377920933,240.40058570321045,312.14802382792976,6000.0,23.797822432952053,2.7978224329520542,270.7475761090939,0.013601461951186075,30.346990405883474,30.346990405883474,1.27520030420359,0.0,40.58993182604921,1.0
14.686133657042808,0.9865110547880699,32166.66370517663,0.09068909058874072,2110035.318946679,0.03266096483809851,0.0011635303149559362,0.05763041653962265,0.0934549116926771,240.4906172812259,312.18312008187155,6000.0,23.79744747652927,2.797447476529273,270.73690386995304,0.013601122913059831,30.246286588727145,30.246286588727145,1.2709886897978524,0.0,40.46042377059073,1.0
14.708345681472624,0.9866001478890588,32172.473994300864,0.09067156122911643,2110225.8789904295,0.03266056458265482,0.0011630805592020932,0.05764246442181715,0.09346610956367407,240.56287834286238,312.2113137469192,6000.0,23.79714537108111,2.7971453710811103,270.7283306035256,0.013600850544321955,30.165452260663216,30.165452260663216,1.2676080172759305,0.0,40.35644836818339,1.0
14.73608649261098,0.9867110845314263,32179.709563665783,0.0906497365996246,2110463.159893086,0.03266006625457593,0.0011625207199980202,0.057657427366639175,0.09348001434121313,240.65277692060405,312.24641983820686,6000.0,23.796768077161712,2.7967680771617123,270.71765537299683,0.01360051138313265,30.064878452392776,30.064878452392776,1.2634017508136623,0.0,40.2270575078022,1.0
14.739806368098886,0.9867259324536451,32180.67804456576,0.09064681576995551,2110494.917915607,0.0326599995627196,0.0011624458059291312,0.05765942676163784,0.09348187213028658,240.6648024022414,312.2511184887314,6000.0,23.796717485037234,2.796717485037233,270.71622658455345,0.013600465988124063,30.051424182312047,30.051424182312047,1.262839053378165,0.0,40.20974613028738,1.0
14.75841817340832,0.9868001224341109,32185.51743015821,0.09063222212522537,2110653.601873921,0.032659666344402954,0.0011620715411436793,0.057669405489699475,0.09349114337524611,240.7248659735523,312.27459603565615,6000.0,23.79646435792375,2.796464357923751,270.7090874182015,0.013600239160645747,29.984221444649165,29.984221444649165,1.2600284224435643,0.0,40.12327008835934,1.0
14.786039328179154,0.9869099211563495,32192.680228811492,0.0906106262635472,2110888.4488944123,0.032659173247458054,0.0011615178099045626,0.05768413829141518,0.0935048293487778,240.8136856859833,312.3093420301618,6000.0,23.796088708251837,2.7960887082518378,270.69852168764885,0.013599903450704172,29.884836001665548,29.884836001665548,1.2558717681743343,0.0,39.99535882210361,1.0
14.808805013620029,0.9870001463255985,32198.56672915263,0.09059288223782032,2111081.4303038446,0.0326587681029859,0.00116106294087316,0.05769621307266575,0.09351604411652481,240.8866069385844,312.3378939401575,6000.0,23.7957791002695,2.795779100269499,270.6898394843598,0.013599627575563157,29.803232545775415,29.803232545775415,1.2524587835595549,0.0,39.890313073663584,1.0
14.835992163747326,0.9871075736134535,32205.576237615795,0.09057175750128162,2111311.2050950066,0.032658285772578094,0.0011605215233033532,0.05771055274245537,0.09352936003833683,240.9733548136058,312.37188949017366,6000.0,23.795409369620614,2.7954093696206126,270.6795019526079,0.01359929908930414,29.7061471390021,29.7061471390021,1.2483982383983556,0.0,39.7653140027123,1.0
14.859490875091419,0.9872001458590735,32211.61708339717,0.09055355590000247,2111509.20663474,0.03265787018932964,0.0011600551256510069,0.05772287700404121,0.09354080231902186,241.04804047792655,312.4011841365239,6000.0,23.79508980694431,2.7950898069443126,270.6705938944454,0.013599016014420514,29.622553416518855,29.622553416518855,1.2449019380407578,0.0,39.65766490879008,1.0
14.885944999315498,0.9873040507743374,32218.398122671042,0.09053312825529371,2111731.447470213,0.032657403786189115,0.0011595317995191433,0.0577366741073067,0.09355360969301496,241.13179543220264,312.4340650256751,6000.0,23.794730061090313,2.7947300610903136,270.66059531417613,0.013598698272689625,29.528799881973498,29.528799881973498,1.2409806627838014,0.0,39.53690945346266,1.0
14.910485062460085,0.9874001452250534,32224.670070883232,0.09051423818690102,2111936.982607383,0.03265697249469144,0.001159047968897542,0.05774940027232835,0.09356542073591734,241.20918506066505,312.4644742798862,6000.0,23.79439635178354,2.7943963517835404,270.65134832064865,0.013598404403257025,29.4421632599836,29.4421632599836,1.2373570156898193,0.0,39.425299098473815,1.0
14.935897834883672,0.9874993614328382,32231.146412229642,0.09049473648938931,2112149.194829052,0.032656527244957316,0.0011585485785620194,0.057762505733115914,0.09357758155663526,241.2890185643417,312.4958714194911,6000.0,23.794050782484515,2.794050782484515,270.6418009261387,0.013598100974841484,29.35278236179704,29.35278236179704,1.2336185473473253,0.0,39.31013169151027,1.0
14.961790739481813,0.987600143980842,32237.725662702753,0.09047492901666164,2112364.757274895,0.03265607502095984,0.0011580414682295225,0.05777578255725173,0.09358989904644109,241.3700392207371,312.52776423015234,6000.0,23.79369869214578,2.793698692145782,270.63210280556956,0.013597792743426783,29.262063584832447,29.262063584832447,1.2298240792000847,0.0,39.19321785408966,1.0
14.985850670451844,0.9876935143050352,32243.82163019246,0.09045658018859237,2112564.4658142296,0.03265565610596089,0.0011575718011217434,0.05778805092701692,0.09360127883409955,241.44503512676917,312.5573114298398,6000.0,23.793371533628086,2.793371533628085,270.62311794976324,0.013597507169964511,29.17808282299407,29.17808282299407,1.2263114028104662,0.0,39.084967347483044,1.0
14.989806368098886,0.9877088397934466,32244.82225668503,0.09045356864479026,2112597.245296701,0.03265558735121362,0.0011574947250230136,0.057790061674324655,0.0936031437505613,241.45733863230296,312.56216120700736,6000.0,23.793317746093685,2.793317746093684,270.62164320599715,0.013597460295852503,29.16430457369418,29.16430457369418,1.2257350944040701,0.0,39.06720543449715,1.0
15.013405817741447,0.9878001212166433,32250.7824934596,0.09043563232657839,2112792.4859135943,0.03265517786183198,0.0011570357241095749,0.057802020861604714,0.09361423444754627,241.53058507676383,312.59104737038155,6000.0,23.79299685681013,2.79299685681013,270.6128593613195,0.013597181098886985,29.082274284555695,29.082274284555695,1.2223039602609642,0.0,38.961447093853664,1.0
15.035803506020017,0.9878865180298998,32256.42429613958,0.09041865735890674,2112977.2789035267,0.032654790326686146,0.001156601408559158,0.05781331295660123,0.09362470469184653,241.59985593127772,312.6183877905387,6000.0,23.79269231434718,2.792692314347179,270.60454555373724,0.013596916832485713,29.004689622459523,29.004689622459523,1.2190587445612227,0.0,38.86140316486136,1.0
15.065349286355335,0.9880001372555866,32263.844502089254,0.09039633609045422,2113220.2975478154,0.03265428074661098,0.0011560304285281769,0.05782812281946921,0.09363843399460836,241.69086990569542,312.6543427899318,6000.0,23.792290587966445,2.792290587966444,270.593612183114,0.01359656928512852,28.902742277418554,28.902742277418554,1.214794438162959,0.0,38.72991864588869,1.0
15.08575634158819,0.9880783811700177,32268.954925365862,0.0903809660270671,2113387.6524113426,0.03265392986502312,0.0011556373428973621,0.05783829505039343,0.09364786225831392,241.75349168563224,312.67910321123264,6000.0,23.792013124469232,2.792013124469231,270.58608291409877,0.013596329937052305,28.832591228466526,28.832591228466526,1.2118600926128962,0.0,38.63942599926394,1.0
15.1176085526,0.9882001302554777,32276.907650311827,0.0903570522833309,2113648.0599041157,0.03265338395260117,0.0011550258876218806,0.05785408008137845,0.0936624899216015,241.85084299982356,312.7176309187343,6000.0,23.79158005723438,2.7915800572343805,270.5743672219144,0.013595957491309762,28.723524222090816,28.723524222090816,1.2072978824017517,0.0,38.49870583714934,1.0
15.135709177156363,0.9882691122126397,32281.414028938336,0.09034350424023127,2113795.6044909456,0.03265307467925992,0.0011546795468114343,0.0578630003983653,0.09367075462443666,241.90595299476243,312.73946037772686,6000.0,23.791333963822932,2.7913339638229324,270.56772921413517,0.013595746458528719,28.66177621937274,28.66177621937274,1.2047149715503886,0.0,38.41902281733692,1.0
15.170192101132695,0.9884001196081921,32289.973204237147,0.09031777691641321,2114075.8144595185,0.032652487392706334,0.0011540219990437595,0.05787989493021499,0.0936864043219651,242.0105188126064,312.78091789338146,6000.0,23.79086514964642,2.7908651496464225,270.55512261167587,0.013595345658119606,28.544603799069478,28.544603799069478,1.1998136099516208,0.0,38.267787901234314,1.0
15.185662012724535,0.9884587195708897,32293.802113763893,0.09030627006564661,2114201.153137054,0.03265222472807627,0.0011537279636175477,0.057887432152463975,0.09369338484415779,242.05725036207656,312.7994619523688,6000.0,23.790654832238218,2.7906548322382188,270.54948364426684,0.013595166371993114,28.492233282190284,28.492233282190284,1.1976229104707559,0.0,38.20018069545486,1.0
15.223103164402856,0.9886001042408443,32303.041093606356,0.09027851001934008,2114503.558919243,0.03265159107162566,0.0011530187632695177,0.05790556697405827,0.09371017680895344,242.16989538789923,312.8442033743569,6000.0,23.790145821656086,2.790145821656085,270.5358784556404,0.013594733788843532,28.365983067741155,28.365983067741155,1.192341706536313,0.0,38.037167772009205,1.0
15.235614848292709,0.9886472115837686,32306.11968257865,0.09026926159053845,2114604.3161858437,0.032651379970542536,0.001152782537267805,0.05791159342698034,0.09371575593479067,242.20739418981424,312.8591105740496,6000.0,23.789975729546263,2.7899757295462635,270.531345402047,0.013594589652737583,28.32395121223277,28.32395121223277,1.1905834429690265,0.0,37.982886819808954,1.0
15.239806368098886,0.988662977404273,32307.15005324935,0.09026616642994177,2114638.0374887474,0.03265130932221926,0.0011527034851995313,0.05791360858594013,0.09371762139335893,242.21994055910864,312.8640996950654,6000.0,23.789918747655584,2.7899187476555847,270.5298282859277,0.013594541412838468,28.309887726819056,28.309887726819056,1.189995141518039,0.0,37.9647237938076,1.0
15.276342708244071,0.9888000744173716,32316.110681841346,0.09023925331964475,2114931.272458955,0.03265069503286755,0.0011520162241250667,0.057931094721243415,0.09373380597823602,242.3289638898334,312.90748428066667,6000.0,23.789422060535323,2.789422060535321,270.5166356906913,0.013594121913277081,28.187671800857913,28.187671800857913,1.1848825805490635,0.0,37.80685835097529,1.0
15.285567683860881,0.9888345965167696,32318.36723397735,0.09023247692188854,2115005.1113162697,0.03265054036611595,0.001151843212342302,0.05793548729899353,0.09373787087745178,242.356394779891,312.918408858399,6000.0,23.789296655579474,2.7892966555794745,270.5133136921024,0.01359401627626647,28.15691891221138,28.15691891221138,1.1835961071008603,0.0,37.76712848577205,1.0
15.329920834222188,0.9890000544329115,32329.18355672457,0.09020000186201657,2115359.0070431996,0.03264979916746453,0.0011510142548042399,0.057956481015863495,0.09375729443813227,242.48774253378,312.9707683005489,6000.0,23.78869372936962,2.7886937293696206,270.4973919789521,0.01359350995708292,28.00964944517213,28.00964944517213,1.1774353717703845,0.0,37.57683336585069,1.0
15.335520519429055,0.9890208825625838,32330.545262448795,0.09019591418619892,2115403.556051569,0.03264970587463651,0.0011509099340408643,0.057959116808823014,0.0937597326175004,242.50426233481545,312.977359398008,6000.0,23.78861761017148,2.7886176101714826,270.4953877260652,0.01359344621829441,27.99112539124974,27.99112539124974,1.1766604453417822,0.0,37.55289309714889,1.0
15.383833974948297,0.9892000172273121,32342.257949162984,0.09016076076915239,2115786.7047933796,0.032648903596531255,0.0011500129858137943,0.05798172216842585,0.0937806387507709,242.6462087291762,313.034046870772,6000.0,23.787960877067714,2.787960877067714,270.4781499243717,0.013592898003070253,27.83194119519547,27.83194119519547,1.1700011337258533,0.0,37.347125647758936,1.0
15.385473354997227,0.9892060778420868,32342.654258429924,0.09015957152920638,2115799.6677613743,0.03264887645632167,0.0011499826481735673,0.05798248496051182,0.09378134406500704,242.65100695883055,313.0359647627417,6000.0,23.787938593157126,2.7879385931571252,270.4775667224784,0.013592879454743526,27.82655976364785,27.82655976364785,1.1697760045358652,0.0,37.34016816509102,1.0
15.4354261905654,0.9893901904054999,32354.69470837146,0.09012344711556716,2116193.4636641955,0.03264805207176013,0.0011490613011505377,0.05800559472232628,0.09380270809523694,242.79663865919002,313.09422750010646,6000.0,23.78725960437243,2.7872596043724296,270.4598499066839,0.013592315961740048,27.663211247493905,27.663211247493905,1.1629423358380055,0.0,37.12894130680403,1.0
15.438103326048088,0.9894000271851219,32355.338069477744,0.09012151721676356,2116214.503420746,0.03264800803166155,0.0011490120897997109,0.058006826011666984,0.09380384613312825,242.80441230837098,313.09734036593704,6000.0,23.78722321594138,2.7872232159413795,270.4589033313425,0.013592285854189166,27.65449102297154,27.65449102297154,1.1625775220555568,0.0,37.11766302711082,1.0
15.485379026133574,0.9895732282323954,32366.667094728113,0.0900875391287546,2116584.960827434,0.032647232681911,0.001148145839977238,0.058028449027105695,0.09382382754899393,242.94116734651737,313.1521501352517,6000.0,23.78658064365461,2.7865806436546103,270.44223651082217,0.013591755715614518,27.501069164304795,27.501069164304795,1.1561589946994368,0.0,36.91920024558231,1.0
15.489806368098886,0.989589399373925,32367.724945155198,0.09008436696849341,2116619.5490660644,0.03264716029868307,0.0011480649844333966,0.058030462387878214,0.0938256876709947,242.95392410598365,313.15726752080303,6000.0,23.786520468413734,2.786520468413732,270.4406803914007,0.01359170621660112,27.486756285417044,27.486756285417044,1.1555601972939622,0.0,36.900682071897876,1.0
15.492717098779572,0.9896000264352895,32368.420133778644,0.09008228236783622,2116642.279145679,0.03264711273194171,0.0011480118513668954,0.05803178498046654,0.09382690956377515,242.9623062891462,313.1606304726503,6000.0,23.78648090666479,2.786480906664789,270.4396577686902,0.013591673687545519,27.477351479544012,27.477351479544012,1.1551667347247263,0.0,36.888513707272935,1.0
15.535331861701746,0.9897551992322796,32378.571895986788,0.09005184577085265,2116974.1761686266,0.0326464182481002,0.0011472362122471249,0.05805105077268219,0.09384470523302951,243.0846028356267,313.2097351711543,6000.0,23.785901710842065,2.785901710842064,270.42472577377566,0.01359119869290017,27.340122938148966,27.340122938148966,1.1494255408314757,0.0,36.71093281016324,1.0
15.547702103711584,0.9898000983496178,32381.50959669141,0.09004303967343205,2117070.210291015,0.03264621732416091,0.0011470118486086708,0.05805660914996479,0.09384983832273439,243.11995522364487,313.2239435740622,6000.0,23.785733585275345,2.7857335852753433,270.42040521369836,0.01359106124792769,27.300449990053494,27.300449990053494,1.147765734959461,0.0,36.65958403768711,1.0
15.585284697269918,0.989936111245277,32390.409586701448,0.09001636526233296,2117361.126456911,0.03264560873201658,0.0011463323661339278,0.05807340282230919,0.0938653439204597,243.2269548464229,313.2669850888351,6000.0,23.785222805774357,2.7852228057743575,270.40731694110366,0.013590644870331046,27.18036209468076,27.18036209468076,1.1427415381655437,0.0,36.50412693395787,1.0
15.603028555290521,0.990000119983333,32394.59841514694,0.09000381305003056,2117498.033891819,0.032645322358489735,0.0011460126908402432,0.05808128297897363,0.0938726180283036,243.27726105643023,313.28724076408764,6000.0,23.784981657040493,2.7849816570404937,270.40115749711816,0.013590448911673117,27.12389644068793,27.12389644068793,1.1403791195550113,0.0,36.431016482730506,1.0
15.635237532838092,0.9901159720430599,32402.18063754436,0.0899810958417889,2117745.828315014,0.0326448040957069,0.0011454342503828768,0.05809550800511591,0.0938857463512057,243.36823300499506,313.3239023476532,6000.0,23.784543928292216,2.7845439282922166,270.39000926495225,0.013590094224839307,27.021776259957193,27.021776259957193,1.1361065548040306,0.0,36.29877065398957,1.0
15.658710849030689,0.99020012949883,32407.68908514073,0.0899645948084386,2117925.831573128,0.03264442766397843,0.001145014181799826,0.05810581098000407,0.09389525282578233,243.43425281189084,313.35053411928203,6000.0,23.78422492673885,2.7842249267388524,270.38191094665194,0.013589836561977006,26.9476581347611,26.9476581347611,1.133005520161636,0.0,36.20276902945895,1.0
15.685190368406264,0.9902947893299621,32413.885515369402,0.08994603576563834,2118128.298221631,0.03264400430156996,0.0011445418143011686,0.05811736911657913,0.09390591523245026,243.5084468448501,313.3804893856582,6000.0,23.783865078237504,2.783865078237504,270.37280200394747,0.013589546733552043,26.864355159097357,26.864355159097357,1.1295201629645357,0.0,36.094852109618955,1.0
15.714752352480108,0.9904001246330001,32420.781458026253,0.0899253851861408,2118353.598494409,0.032643533250611007,0.001144016327250876,0.05813019264180624,0.09391774221966812,243.59092764280845,313.41382292348084,6000.0,23.783463349043373,2.783463349043373,270.3626657800745,0.013589224205778138,26.771738137266055,26.771738137266055,1.1256450645714253,0.0,35.97484594048721,1.0
15.735143203974436,0.9904725707429853,32425.524683203243,0.08991118330802896,2118508.5525114443,0.03264320931235576,0.0011436550077536336,0.05813898891885488,0.09392585323896427,243.64760580727688,313.4367486195926,6000.0,23.783186255453224,2.7831862554532227,270.35569442319456,0.013589002373791398,26.70808861591769,26.70808861591769,1.1229819389651299,0.0,35.89235954253044,1.0
15.739806368098886,0.9904891142825176,32426.607878125003,0.08990794031882386,2118543.9372671894,0.03264313534293989,0.0011435725086957646,0.058140994939103276,0.09392770279073892,243.6605429830687,313.4419838511324,6000.0,23.78312288782299,2.7831228878229894,270.3541024685933,0.013588951716087157,26.693559485524588,26.693559485524588,1.1223740301653886,0.0,35.87352894597342,1.0
15.77115267105577,0.9906000896600694,32433.874503457744,0.08988618705626622,2118781.3010200146,0.032642639188547255,0.0011430191999776327,0.0581544258331633,0.09394008422168819,243.74727219923886,313.4771022002358,6000.0,23.782696929754945,2.7826969297549433,270.34342351064845,0.01358861189124342,26.596151311409585,26.596151311409585,1.1182983742325152,0.0,35.747266778119304,1.0
15.78509603954261,0.9906493238523507,32437.09860027212,0.08987653676064655,2118886.607376298,0.03264241909116223,0.001142773781155962,0.058160370141174325,0.09394556301349252,243.78571924213873,313.4926824450658,6000.0,23.782507459783506,2.7825074597835058,270.33868579422506,0.013588461123073063,26.552966552086332,26.552966552086332,1.1164914631893925,0.0,35.691281296085734,1.0
15.827926528913508,0.9908000621151509,32446.970678659964,0.08984699284896791,2119209.019433296,0.03264174530983115,0.0011420226071608523,0.05817851486519798,0.09396228278218999,243.90331474669398,313.54038382759796,6000.0,23.781925469237578,2.7819254692375766,270.32418052643834,0.013587999503444874,26.42086577974436,26.42086577974436,1.1109641149082023,0.0,35.51999051735358,1.0
15.835048875110783,0.9908250561621638,32448.60772203639,0.08984209443250371,2119262.4788666237,0.03264163360143138,0.0011418980854674692,0.05818151548024983,0.09396504716714868,243.92279640875637,313.54829323676483,6000.0,23.78182869107361,2.7818286910736094,270.3217753949325,0.013587922959104442,26.398978986176132,26.398978986176132,1.110048320047182,0.0,35.49160581453728,1.0
15.885001710678955,0.9909997751112851,32460.052500238588,0.08980785464969318,2119636.1828933,0.03264085280694472,0.001141027872182997,0.0582024276007013,0.09398430827982901,244.05884647694864,313.60358334873,6000.0,23.781149949169897,2.7811499491698983,270.3049625094889,0.013587387859782111,26.24611603254027,26.24611603254027,1.1036520979279396,0.0,35.29332164200266,1.0
15.885066379594813,0.9910000006487473,32460.067275133348,0.08980781045344653,2119636.6652923655,0.032640851799156184,0.0011410267491378677,0.058202454523505975,0.09398433307180003,244.05902194553352,313.6036547204478,6000.0,23.78114907048828,2.7811490704882784,270.3049408064308,0.013587387169019614,26.24591886089729,26.24591886089729,1.1036438476165864,0.0,35.2930658402511,1.0
15.934954546247129,0.9911734880744029,32471.433382964908,0.08977381575510626,2120007.73522995,0.03264007667181757,0.0011401630933239658,0.05822310913550176,0.0940033489006433,244.1938785282277,313.6585551146941,6000.0,23.78047123391983,2.780471233919829,270.2882464282416,0.013586855803188741,26.094367900013907,26.094367900013907,1.0973023891466707,0.0,35.096417421203626,1.0
15.942622388196314,0.9912000647016289,32473.174738561236,0.08976860840972385,2120064.579622958,0.032639957944045804,0.0011400308264536212,0.05822626353641793,0.09400625230691737,244.21451661438425,313.6669653340914,6000.0,23.780367052369083,2.7803670523690847,270.28568900793164,0.013586774399627494,26.071172393547386,26.071172393547386,1.0963317906798282,0.0,35.06631375462896,1.0
15.984907381815301,0.9913462023620374,32482.750814636875,0.08973997610834636,2120377.151512947,0.03263930516049836,0.00113930370143442,0.05824356268629128,0.09402217154822406,244.32790155616027,313.71321084808375,6000.0,23.77979254517195,2.779792545171949,270.27162644771255,0.013586326767593231,25.94372489155228,25.94372489155228,1.0909987899292954,0.0,34.90088189341858,1.0
15.989806368098886,0.9913630873379718,32483.857340561644,0.08973666804577181,2120413.2665624525,0.0326392297442989,0.0011392197072406748,0.0582455564329724,0.09402400588451197,244.34099149924924,313.7185541277603,6000.0,23.779725986070176,2.7797259860701744,270.2700016373097,0.013586275045742741,25.92901013806045,25.92901013806045,1.0903830495460416,0.0,34.88177856342402,1.0
16.000547005199536,0.9914000729649787,32486.28119163736,0.08972942202655139,2120492.3746260665,0.03263906455457676,0.0011390357361885553,0.05824991998831031,0.09402802027907564,244.36965653432253,313.7302582930417,6000.0,23.779580061428913,2.7795800614289132,270.2664425779572,0.013586161750566702,25.896786043634677,25.896786043634677,1.089034624528123,0.0,34.83994167664531,1.0
16.034860217383475,0.9915179252210627,32494.00523603702,0.08970633408555012,2120744.447242534,0.0326385382377655,0.0011384496495747552,0.05826379082375005,0.09404077871109032,244.4609244671334,313.7675528421848,6000.0,23.77911388277589,2.7791138827758886,270.2551018705482,0.013585800731449263,25.79417740341478,25.79417740341478,1.0847409003789026,0.0,34.706703897836306,1.0
16.058872758153047,0.9916001224072057,32499.392988368887,0.08969023208071683,2120920.257706125,0.03263817119749439,0.0011380409899914726,0.05827343510179491,0.09404964728928078,244.52451581374547,313.7935642831185,6000.0,23.778787656206568,2.778787656206569,270.2471921854147,0.013585548924817026,25.722676371669223,25.722676371669223,1.0817488571565286,0.0,34.613841581614224,1.0
16.084813052951645,0.9916886638353515,32505.197084342733,0.08967288807918788,2121109.6377842,0.03263777586872377,0.0011376008913149501,0.058283796087982356,0.09405917284802107,244.59295608121468,313.82158337034605,6000.0,23.778435246582355,2.778435246582356,270.23867200545766,0.013585277673393509,25.645715924242978,25.645715924242978,1.0785283244375388,0.0,34.5138723707642,1.0
16.11757405831755,0.991800109834226,32512.503364715358,0.08965105855977708,2121348.008142686,0.03263727833350086,0.0011370470949864109,0.05829679650719053,0.09407112193567779,244.67901347650186,313.85685064837645,6000.0,23.777990184823942,2.777990184823941,270.22794776048227,0.013584936238508176,25.5489342839804,25.5489342839804,1.0744782921260834,0.0,34.388131814303435,1.0
16.13476588851982,0.9918584253265927,32516.326793171615,0.08963963649783406,2121472.7383704297,0.03263701801879992,0.0011367573807270718,0.0583035809889169,0.09407735638844389,244.72400513314506,313.8753046862383,6000.0,23.77775663644312,2.7777566364431197,270.22233616713373,0.013584757572243273,25.498331033988677,25.498331033988677,1.0723606698416834,0.0,34.32237634463318,1.0
16.176664084622985,0.9920000653072008,32525.614289502817,0.08961189534136962,2121775.6902331663,0.03263638582813691,0.0011360538953948352,0.05832000755696825,0.0940924472805,244.8331718240737,313.92012690172174,6000.0,23.777187468704874,2.7771874687048723,270.2087064104293,0.01358432359957966,25.37553458635557,25.37553458635557,1.0672218747383144,0.0,34.162779986044676,1.0
16.184718724087993,0.9920272167553196,32527.39479264076,0.08960657776590128,2121833.7641029046,0.03263626465373738,0.0011359190723768944,0.058323148006726576,0.09409533173284085,244.854080273489,313.9287190241793,6000.0,23.777078052210996,2.777078052210996,270.20609367615435,0.013584240406993488,25.352013402665364,25.352013402665364,1.0662375480702901,0.0,34.132204946764496,1.0
16.234671559656164,0.992195045120916,32538.40150935923,0.08957371032356051,2122192.729952513,0.032635515739595534,0.0011350859213202652,0.058342499592125716,0.09411310125304151,244.98319006899553,313.9818285991363,6000.0,23.776399493739845,2.776399493739846,270.18994385898145,0.013583726156816871,25.206753789985925,25.206753789985925,1.0601585743300908,0.0,33.94334739928673,1.0
16.236150999144904,0.9922000010357429,32538.72656228105,0.08957273979811035,2122203.330092543,0.032635493626725194,0.0011350613242860966,0.058343069463111935,0.09411362441412323,244.98699924770992,313.9833969069074,6000.0,23.7763793974502,2.7763793974501993,270.189466960347,0.013583710970642326,25.20246771263706,25.20246771263706,1.0599792042071718,0.0,33.93777397864187,1.0
16.239806368098886,0.9922122424143143,32539.52946759613,0.0895703425569726,2122229.5130136698,0.032635439007303466,0.0011350005696570606,0.05834447668800818,0.0941149162649687,244.99640729154336,313.9872707122114,6000.0,23.7763297440434,2.7763297440434,270.18828899483935,0.0135836734598341,25.19188170329599,25.19188170329599,1.059536184705178,0.0,33.92400818387608,1.0
16.284624395224338,0.992361917362108,32549.34736645235,0.08954103262657499,2122549.650760402,0.03263477124274678,0.0011342578830973134,0.05836163816672111,0.0941306672925652,245.1113430033328,314.0346356068809,6000.0,23.77572096088457,2.7757209608845694,270.17388604791415,0.013583214801062539,25.06254304458136,25.06254304458136,1.054123367523275,0.0,33.75579301849968,1.0
16.296089567626236,0.992400083684505,32551.85111584647,0.0895335590555274,2122631.284197616,0.03263460098564472,0.001134068548602032,0.058366001047175715,0.09413467058142247,245.14062252845736,314.04671340524936,6000.0,23.77556522765573,2.7755652276557305,270.1702133724002,0.013583097840965919,25.029590843942856,25.029590843942856,1.0527443029967778,0.0,33.712928310099585,1.0
16.33457723079251,0.9925278403575881,32560.232783594987,0.08950854314611104,2122904.5412393166,0.03263403112987312,0.0011334349137261004,0.058380566123375006,0.09414803216697423,245.2385474779256,314.08714222418735,6000.0,23.775042453501097,2.7750424535010976,270.1579195810284,0.013582706319254274,24.919372103102802,24.919372103102802,1.048131550210258,0.0,33.56953121407895,1.0
16.35642573555673,0.9926001155557695,32564.974983993452,0.08949439158775148,2123059.129695378,0.0326337087869564,0.0011330765434121666,0.058388779282232864,0.09415556461260144,245.29388849705163,314.11001383496483,6000.0,23.77474569409812,2.7747456940981174,270.1509646706793,0.013582484816335328,24.85707617362766,24.85707617362766,1.0455243767254352,0.0,33.48846715626839,1.0
16.384530066360682,0.9926928209267831,32571.058177054205,0.08947624036852482,2123257.4159752377,0.03263329536796203,0.0011326169696956937,0.05839928582658032,0.09416519816423805,245.3648118128988,314.1393506090749,6000.0,23.77436397144638,2.774363971446381,270.1420438021033,0.013582200691088292,24.777231989204466,24.777231989204466,1.0421827485674298,0.0,33.384551488118085,1.0
16.41716685353515,0.9928001055366478,32578.098747957414,0.08945523540642196,2123486.885594351,0.03263281699077561,0.0011320852579484524,0.058411405020354544,0.09417630726907861,245.4468030344018,314.1733010083955,6000.0,23.773920697422188,2.7739206974221884,270.1317199999938,0.013581871869549933,24.68491696559198,24.68491696559198,1.0383191430544552,0.0,33.264382095172834,1.0
16.434482901928856,0.9928568658308398,32581.823959746485,0.08944412279511085,2123608.289429491,0.032632563924301375,0.0011318040079582989,0.05841779961285626,0.09418216754511594,245.49014424818532,314.19126290112,6000.0,23.77368551457837,2.7736855145783705,270.12625806052586,0.013581697896430375,24.63611381234054,24.63611381234054,1.0362765923370743,0.0,33.2008434339203,1.0
16.478316493776035,0.9930000497049164,32591.222148614637,0.08941609102781842,2123914.543505347,0.03263192561435496,0.0011310947048974195,0.0584338776527078,0.09419689797196018,245.59936220116336,314.23657368434715,6000.0,23.773090189603003,2.773090189603002,270.11247973777193,0.013581259012664144,24.513117536608576,24.513117536608576,1.031128782211461,0.0,33.04067908505381,1.0
16.48443573749703,0.9930199817726311,32592.530541230808,0.08941218894202858,2123957.1759387627,0.032631836766478794,0.001130995985925932,0.05843610979102916,0.09419894254343389,245.61455294388122,314.2428812214585,6000.0,23.77300708275602,2.7730070827560214,270.11056171129104,0.013581197915315998,24.49600876740982,24.49600876740982,1.0304127148129374,0.0,33.018396735892736,1.0
16.489806368098886,0.9930374639958481,32593.67814131982,0.08940876648134109,2123994.568432504,0.03263175884063022,0.0011309094045489723,0.058438066365582436,0.09420073461076163,245.62787396632407,314.2484135010649,6000.0,23.772934143302805,2.7729341433028036,270.10887942887274,0.013581144327011522,24.481005462548666,24.481005462548666,1.0297847676259742,0.0,32.99885582477453,1.0
16.5343885730652,0.9931821753972204,32603.178327731734,0.0893804373401478,2124304.08971609,0.032631113862378935,0.0011301928614650607,0.05845421864256275,0.09421552536640675,245.73804598095134,314.29420767293203,6000.0,23.772328675839283,2.7723286758392844,270.0949541149564,0.01358070072794903,24.356908134005067,24.356908134005067,1.024590752809165,0.0,32.83720116891797,1.0
16.539909413043688,0.9932000448915959,32604.351541603915,0.08937693924112845,2124342.310538939,0.03263103422592244,0.0011301043980542057,0.058456207794479416,0.09421734641845605,245.75163871555344,314.2998625051626,6000.0,23.772253699114998,2.772253699114998,270.0932345661417,0.013580645948875352,24.34159585058825,24.34159585058825,1.0239498601470187,0.0,32.81725158503551,1.0
16.584341408633374,0.9933434532924654,32613.767722171968,0.08934886653486948,2124649.044852153,0.032630395180180155,0.0011293945928906488,0.058472128421900804,0.09423191819497162,245.86063136204118,314.3452443402795,6000.0,23.7716502936891,2.7716502936890977,270.0794346375845,0.013580206314700038,24.21880327554331,24.21880327554331,1.0188103466242273,0.0,32.657246597563656,1.0
16.601954998014914,0.9934001034389438,32617.487739444798,0.08933777737444398,2124770.213093819,0.032630142770557355,0.0011291142701260592,0.058478396434047064,0.09423765347473048,245.90364054448554,314.36317137657056,6000.0,23.771411099041373,2.771411099041371,270.07398329743,0.013580032640306331,24.170342752944464,24.170342752944464,1.0167819929679807,0.0,32.594087879959446,1.0
16.63429424420155,0.9935038219897373,32624.299124212463,0.08931747508592763,2124992.0553168156,0.03262968068835068,0.00112860113895975,0.05848984135681884,0.09424812318412928,245.9823170123726,314.3959932903646,6000.0,23.770971936167378,2.770971936167377,270.0640026506734,0.013579714656104209,24.081685638300797,24.081685638300797,1.013071140000829,0.0,32.478522975161006,1.0
16.664422077603188,0.9936001076282409,32630.623012696655,0.08929862820950349,2125197.9993829904,0.03262925177273019,0.0011281248970592074,0.05850043024265043,0.09425780691243982,246.05527706907014,314.4264630462799,6000.0,23.77056281323606,2.7705628132360633,270.05473725949423,0.013579419447837525,23.999460190424088,23.999460190424088,1.009629447101714,0.0,32.371321097374036,1.0
16.68424707976972,0.9936632879648667,32634.77293030765,0.08928626156715146,2125333.134961144,0.0326289703556438,0.0011278124588641237,0.05850735964879652,0.09426414246330445,246.10311078080895,314.446456572475,6000.0,23.770293603137,2.7702936031369982,270.0486575310657,0.013579225732858574,23.945546750256767,23.945546750256767,1.0073727800777623,0.0,32.301020342626224,1.0
16.727314292243562,0.9938000530237843,32643.757067800747,0.08925949234661947,2125625.659918987,0.03262836125192358,0.0011271362935926146,0.058522308595591536,0.09427780614110773,246.20654404444275,314.48973611060467,6000.0,23.769708792774424,2.7697087927744244,270.03549687917405,0.013578806385111237,23.828952834731297,23.828952834731297,1.002492417659525,0.0,32.148957685104094,1.0
16.734199915337893,0.9938218576381501,32645.189533699006,0.08925522456639776,2125672.2975174254,0.03262826415109721,0.001127028512227183,0.058524685473282906,0.0942799781366073,246.22302044020347,314.49663621832457,6000.0,23.7696152944618,2.769615294461799,270.0333986609481,0.013578739525822133,23.81037822074461,23.81037822074461,1.0017149173757267,0.0,32.12472882833414,1.0
16.739806368098886,0.9938395990304086,32646.355087219505,0.0892517520868755,2125710.2443443676,0.032628185146594275,0.0011269408197179852,0.05852661811760329,0.09428174408391556,246.23642364846916,314.5022505124199,6000.0,23.769539166052606,2.7695391660526067,270.0316914391662,0.013578685125110547,23.79526779069704,23.79526779069704,1.0010824200025374,0.0,32.105017925511525,1.0
16.784152750906067,0.9939795373747863,32655.549324436994,0.08922436268540693,2126009.556600098,0.03262756204403053,0.00112624925909903,0.058541820980006876,0.09429563228313644,246.3420536880748,314.54653424219146,6000.0,23.76893701000657,2.7689370100065713,270.01822542780906,0.013578256016014643,23.676171739734258,23.676171739734258,0.9960972057676261,0.0,31.94963864750326,1.0
16.790671829397184,0.9940000499996317,32656.897154888306,0.08922034791126583,2126053.430779407,0.03262747071644443,0.0011261479070795342,0.05854404331591753,0.0942976619394415,246.35752383222132,314.5530254976054,6000.0,23.768848492494886,2.7688484924948873,270.0162515353755,0.013578193113706692,23.65872770315417,23.65872770315417,0.9953670120209868,0.0,31.92687667161699,1.0
16.834105586474237,0.9941363334854615,32665.852689412888,0.08919367453963342,2126344.925707005,0.03262686400404201,0.0011254746599508733,0.05855876829330049,0.09431110695729338,246.46021814739268,314.5961526411032,6000.0,23.768258749637056,2.768258749637055,270.00313722438267,0.013577775184614931,23.54291907698999,23.54291907698999,0.9905193024436211,0.0,31.77574010141205,1.0
16.854502896637825,0.9942001056318068,32670.04374105033,0.08918119324447248,2126481.327099063,0.032626580134867626,0.0011251596959438164,0.05856563478668236,0.09431737461749382,246.50822034356423,314.6163334465019,6000.0,23.767981801540614,2.767981801540615,269.9970005471855,0.013577579611884175,23.488780203621275,23.488780203621275,0.9882530372056562,0.0,31.705072280851564,1.0
16.88405842204241,0.9942922522270227,32676.100012396455,0.08916315875806155,2126678.418220833,0.03262617000100509,0.0011247046756690975,0.05857552951242832,0.09432640418910251,246.57752136742766,314.6454933950497,6000.0,23.767580513219926,2.7675805132199267,269.98813344858416,0.013577297012958992,23.4106120811565,23.4106120811565,0.9849808678731572,0.0,31.603023576515305,1.0
16.918772326720575,0.9944000919744928,32683.18841816118,0.08914205310778302,2126909.0752163567,0.03262569007665336,0.0011241722850621047,0.05858706894854616,0.09433693131026163,246.65853606435277,314.67961946862044,6000.0,23.76710919796997,2.7671091979699693,269.97775622659657,0.01357696627201353,23.319220162243795,23.319220162243795,0.9811550899187845,0.0,31.483688143794588,1.0
16.934011257610585,0.9944472998033835,32686.291674089098,0.08913281398298056,2127010.047411049,0.03262548000506371,0.0011239392675483342,0.058592106711937805,0.09434152598454985,246.69397082477215,314.69455846727016,6000.0,23.76690230062278,2.7669023006227835,269.9732135034222,0.013576821482537296,23.279242678650036,23.279242678650036,0.9794815657587835,0.0,31.431479543298764,1.0
16.983483828999358,0.9946000040989924,32696.3308594223,0.0891029281805636,2127336.6645893618,0.032624800563411,0.0011231856910791434,0.05860834517231729,0.09435633142680744,246.8084664809762,314.7428820042662,6000.0,23.766230631949142,2.766230631949141,269.95851904788816,0.013576353109265003,23.150052566911967,23.150052566911967,0.9740733785437207,0.0,31.26273115146184,1.0
16.983964093178756,0.9946014823655324,32696.428052118077,0.08910263886992213,2127339.82643392,0.032624793986631775,0.0011231783972886502,0.058608501941909724,0.09435647432583015,246.8095739236826,314.7433498042554,6000.0,23.766224111714145,2.766224111714145,269.9583767969983,0.013576348574994908,23.14880287331573,23.14880287331573,0.9740210630222033,0.0,31.261098556133852,1.0
16.989806368098886,0.9946194586950118,32697.60996685571,0.08909912073514668,2127378.275764946,0.032624714011228476,0.0011230897037321375,0.058610407667370655,0.09435821138233128,246.82303943596747,314.74903844463836,6000.0,23.766144795114442,2.7661447951144433,269.95664696763663,0.01357629343618359,23.133607531669156,23.133607531669156,0.9733849444704504,0.0,31.24124704242142,1.0
17.03391692874693,0.9947548060119425,32706.50952105723,0.08907263208752651,2127667.76833339,0.03262411191639074,0.0011224220269909584,0.05862471722824975,0.09437125117163145,246.92433799672378,314.79186933587783,6000.0,23.765545946363446,2.765545946363445,269.94362274246765,0.013575878272130325,23.019284745743875,23.019284745743875,0.9685990297759701,0.0,31.0918712526801,1.0
17.04872348968691,0.9948000886624332,32709.48728229029,0.08906376990054886,2127764.6227897154,0.032623910497697584,0.0011221986897256469,0.05862948933613941,0.09437559852356264,246.95819517320052,314.8061991085115,6000.0,23.765344935323128,2.765344935323127,269.93926527569533,0.013575739367064158,22.98107010249481,22.98107010249481,0.9669992236610618,0.0,31.0419307451189,1.0
17.083869764315104,0.9949072767891376,32716.536452457993,0.08904279231738184,2127993.8860422866,0.032623433765286584,0.0011216701191517728,0.05864075457299333,0.09438585845743169,247.03827030552839,314.8401189755702,6000.0,23.764867804441028,2.7648678044410278,269.92895075798424,0.013575410555893895,22.890680452455854,22.890680452455854,0.963215139289695,0.0,30.92378835311121,1.0
17.11441763446157,0.9950001002113131,32722.641549110675,0.08902462601115446,2128192.4248202,0.03262302097146531,0.0011212124847100294,0.05865047512684711,0.09439470858302246,247.10753704760037,314.86949310717347,6000.0,23.76445310891399,2.764453108913992,269.9200185295604,0.01357512579828084,22.81248148196005,22.81248148196005,0.959941361890762,0.0,30.82155986306782,1.0
17.133822599883274,0.9950589006923215,32726.509214884813,0.08901311825385311,2128318.192383672,0.03262275950452648,0.0011209226366577273,0.05865661595461398,0.0944002980957982,247.15137804160102,314.8881006205251,6000.0,23.764189685818135,2.764189685818135,269.91436026664053,0.013574945408385965,22.762982225039508,22.762982225039508,0.9578690679541191,0.0,30.756840659269507,1.0
17.180567337248082,0.9952000251545399,32735.792762865196,0.08898549887310761,2128620.0416110097,0.032622132044807066,0.0011202271349919316,0.05867130103647601,0.09441366021627501,247.25648118588393,314.9327596993275,6000.0,23.763555138688343,2.763555138688342,269.9007801173293,0.013574512444668476,22.644298931445377,22.644298931445377,0.9529003046593497,0.0,30.601634876813076,1.0
17.183775435451448,0.9952096836662473,32736.428173966346,0.08898360860386906,2128640.7000726988,0.0326220891055744,0.0011201795427790537,0.05867230332835279,0.09441457197670625,247.26366832729758,314.9358161519699,6000.0,23.763511590366893,2.763511590366892,269.8998506963838,0.013574482811854352,22.636182369086214,22.636182369086214,0.9525604952368375,0.0,30.59101905355428,1.0
17.233728271019622,0.9953596316052252,32746.29369239012,0.08895426208686477,2128961.421716629,0.032621422540150574,0.0011194408011670084,0.058687818626454766,0.09442868196777235,247.37514821615812,314.9832674351692,6000.0,23.762833517960306,2.7628335179603076,269.88542148001545,0.013574022748694415,22.51027326385733,22.51027326385733,0.9472891036687071,0.0,30.42631449876381,1.0
17.239806368098886,0.9953778200772629,32747.490466842446,0.08895070237001523,2129000.3247965393,0.03262134169490606,0.0011193512087752328,0.058689694826790456,0.09443038773047174,247.38865775870875,314.9890232084296,6000.0,23.762751013901905,2.762751013901904,269.88367123656275,0.013573966941754783,22.495013477854002,22.495013477854002,0.9466502201152451,0.0,30.40634958463348,1.0
17.247238860702552,0.995400044856774,32748.952854019863,0.08894635268736818,2129047.861080595,0.03262124291123911,0.001119241739072206,0.05869198568594992,0.09443247033626123,247.4051615144679,314.9960562781324,6000.0,23.76265012574646,2.7626501257464593,269.88153258661197,0.013573898749811823,22.476371072144076,22.476371072144076,0.9458697137400208,0.0,30.381958118321002,1.0
17.283681106587792,0.995508750353509,32756.106129922206,0.08892507743465683,2129280.369815658,0.03262075978022926,0.0011187063758496128,0.0587031637584425,0.09444262991452138,247.48582469352223,315.0304563195471,6000.0,23.76215546847227,2.7621554684722693,269.87107205515343,0.013573565201447993,22.3852473616312,22.3852473616312,0.94205457881681,0.0,30.26271803751316,1.0
17.314418270734688,0.9956000970818815,32762.117730336242,0.0889071993240272,2129475.750112919,0.03262035384752524,0.0011182565961829168,0.0587125222324579,0.09445113267616606,247.55353028001286,315.0593631488565,6000.0,23.761738259880794,2.7617382598807954,269.86228192627794,0.013573284904613805,22.30875164626508,22.30875164626508,0.9388518382904281,0.0,30.16260009920977,1.0
17.333633942155966,0.99565704570584,32765.86584343732,0.08889605339129142,2129597.556764081,0.032620100798035866,0.0011179762312267388,0.058718340611403366,0.09445641764066598,247.59570467725982,315.07738463885954,6000.0,23.761477441777537,2.761477441777536,269.8568018641805,0.013573110152801826,22.261097186920694,22.261097186920694,0.9368566092519622,0.0,30.10022079147704,1.0
17.382054633850178,0.9958000120990771,32775.276220231004,0.0888680716878208,2129903.3456730735,0.03261946560771298,0.0011172725339362727,0.05873289310874386,0.09446963125039312,247.70146069240013,315.1226265999009,6000.0,23.760820233026507,2.7608202330265064,269.84304446921067,0.01357267142992024,22.141583776810535,22.141583776810535,0.9318526700536497,0.0,29.943748475925723,1.0
17.38358677772414,0.9958045234080388,32775.57318695216,0.08886718871288495,2129912.9948515575,0.032619445566043764,0.0011172503320650202,0.058733351050278285,0.09447004694838707,247.7047950185334,315.1240542113813,6000.0,23.76079943775173,2.760799437751728,269.84261035418683,0.01357265758558588,22.137815335653443,22.137815335653443,0.9316948865146494,0.0,29.938813960578702,1.0
17.43353961329231,0.9959511891578371,32785.22851167467,0.0888384821674227,2130226.696264889,0.032618794056970206,0.0011165286434917355,0.05874819691817127,0.09448351961863322,247.81310250273495,315.1704668401693,6000.0,23.760121456271314,2.760121456271314,269.82849697689,0.013572207482770852,22.015394474155045,22.015394474155045,0.9265691050726611,0.0,29.77848882191457,1.0
17.450255979779733,0.9960000894860747,32788.44804253337,0.08882891082406122,2130331.288523829,0.0326185768606982,0.0011162880697431848,0.05875312854995193,0.09448799348039331,247.8491731900086,315.1859414331484,6000.0,23.759894579531736,2.7598945795317356,269.82379138759393,0.013572057406414229,21.97461819758533,21.97461819758533,0.9248617717570028,0.0,29.72507719014756,1.0
17.483492448860485,0.9960970486048851,32794.83216599911,0.08880993253470557,2130538.6730880374,0.032618146243775716,0.0011158111309924295,0.05876288003657231,0.09449683741134046,247.92063384980932,315.2166243130652,6000.0,23.75944349721361,2.759443497213609,269.8144611886346,0.013571759827468294,21.893827338825275,21.893827338825275,0.9214789623078872,0.0,29.6192367295864,1.0
17.489806368098886,0.9961154277759081,32796.042384201326,0.08880633503828554,2130577.9840514604,0.032618064623477216,0.001115720734679025,0.0587647244531237,0.09449850981127994,247.93417064116815,315.2224404333475,6000.0,23.75935780639624,2.7593578063962374,269.8126925945667,0.013571703418290513,21.878521953398575,21.878521953398575,0.9208381022616982,0.0,29.599183598776843,1.0
17.5189400323452,0.9962000675130547,32801.61596786662,0.08878976763381564,2130759.018854769,0.032617688769095654,0.0011153044834629937,0.05877320175105565,0.0945061950036143,247.99647320742974,315.24922482374745,6000.0,23.758962416731784,2.758962416731785,269.80454786721015,0.013571443637302404,21.808074659780402,21.808074659780402,0.9178883436602641,0.0,29.50687429587594,1.0
17.53344528442866,0.9962421073511158,32804.384495524675,0.08878153860623399,2130848.9373029014,0.032617502099662084,0.0011150977604069752,0.05877740220561427,0.09451000206568333,248.0273957148406,315.26252840281023,6000.0,23.758765560456773,2.7587655604567725,269.80050245035676,0.013571314602929577,21.773106735516166,21.773106735516166,0.9164241584905629,0.0,29.461049114137097,1.0
17.58339811999683,0.9963863709512693,32813.8858430848,0.08875329918506393,2131157.500790442,0.03261686159806958,0.0011143884979249498,0.05879176520434329,0.09452301530033783,248.13339468875543,315.3081808672115,6000.0,23.758087645879797,2.758087645879799,269.786620227534,0.013570871792544374,21.65322553877857,21.65322553877857,0.911404396747974,0.0,29.303917481808973,1.0
17.588143298981674,0.9964000338563416,32814.78576723927,0.08875062462501954,2131186.7241956154,0.032616800943266744,0.0011143213352601356,0.058793121377174726,0.09452424365570161,248.14342442977394,315.31250451702175,6000.0,23.758023249763674,2.7580232497636756,269.7853054711269,0.013570829853532192,21.641881041352946,21.641881041352946,0.9109293653700007,0.0,29.289045661149945,1.0
17.633350955565003,0.9965298449134464,32823.33654877838,0.08872521308565882,2131464.375331861,0.032616224712673954,0.0011136833100809278,0.058805970790989,0.0945358788137439,248.23863729904352,315.35358344931694,6000.0,23.75740975336251,2.7574097533625097,269.7728139901319,0.013570431379839095,21.53417669108839,21.53417669108839,0.9064193830323,0.0,29.147833413770734,1.0
17.657910845868642,0.9966000976570784,32827.964630396746,0.08871146009395943,2131614.637986898,0.03261591289868142,0.0011133380803607772,0.05881289793982252,0.09454214891886473,248.29010566321546,315.37581505087365,6000.0,23.757076467705915,2.7570764677059154,269.76605369689116,0.013570215720069398,21.475948033675706,21.475948033675706,0.9039810964479973,0.0,29.0714744671085,1.0
17.683303791133177,0.9966725346999055,32832.736950017206,0.08869727913369885,2131769.5726103103,0.0326155914173826,0.0011129821637487236,0.05882002070325541,0.09454859428438674,248.34313001065362,315.39873787766766,6000.0,23.756731882785537,2.756731882785539,269.7590832125273,0.013569993348474484,21.415953201873663,21.415953201873663,0.9014688260800705,0.0,28.992788565077472,1.0
17.728171715095726,0.9968000354461156,32841.13783612208,0.08867231744348524,2132042.282253441,0.03261502562713593,0.0011123558084200353,0.05883250911919411,0.09455989055475009,248.43635195817328,315.4390857081065,6000.0,23.756123034144146,2.7561230341441463,269.74681404853123,0.013569601922905423,21.31046209035796,21.31046209035796,0.8970513437621496,0.0,28.854405501324187,1.0
17.73325662670135,0.9968144457270701,32842.08738152142,0.08866949616603177,2132073.1042109067,0.03261496168633396,0.001112285026139204,0.05883391665853087,0.09456116337100404,248.446879226307,315.4436458663002,6000.0,23.756054034030335,2.756054034030335,269.7454273735076,0.013569557682245744,21.29854814720059,21.29854814720059,0.8965524373993514,0.0,28.83877466449494,1.0
17.739806368098886,0.9968329954238996,32843.309708174456,0.08866586444016261,2132112.779909699,0.03261487937989143,0.001112193914048739,0.05883572734840219,0.09456280064234236,248.46042786950468,315.44951594976726,6000.0,23.75596515712316,2.7559651571231614,269.7436423700528,0.013569500732877977,21.283214500548098,21.283214500548098,0.8959103265129341,0.0,28.818656608821872,1.0
17.78320946226952,0.9969555833658722,32851.3881753372,0.08864186303056465,2132374.981621463,0.03261433549389563,0.0011115918647966333,0.05884766035412927,0.09457358771282154,248.54989128705608,315.48830911485516,6000.0,23.755376206979154,2.7553762069791548,269.7318459562378,0.013569124365081548,21.18195466918172,21.18195466918172,0.891669931245232,0.0,28.68578351395404,1.0
17.79901585620645,0.9970000828147086,32854.320906377994,0.08863315020072035,2132470.1608982314,0.03261413808301727,0.0011113733532614213,0.05885197777997898,0.09457748921625767,248.5823344984347,315.5023910419783,6000.0,23.75516172913415,2.755161729134152,269.72756385553066,0.013568987738795297,21.145229357095957,21.145229357095957,0.8901319889210738,0.0,28.637584786604044,1.0
17.833162297837696,0.9970959529422557,32860.63966086504,0.08861437858612778,2132675.216233571,0.03261371281466171,0.0011109026475943351,0.0588612534675444,0.09458586892980045,248.65217247295865,315.5327293087367,6000.0,23.754698401515057,2.7546984015150566,269.71833844821214,0.01356869338104259,21.066165975253483,21.066165975253483,0.886821024589809,0.0,28.53380698782895,1.0
17.87039147103427,0.9972000721111023,32867.50279397828,0.08859399083208103,2132897.9153331704,0.03261325101012916,0.0011103915295371228,0.05887128728468274,0.09459492982434903,248.7279296238377,315.56567799880264,6000.0,23.754193256234164,2.754193256234164,269.70831925071184,0.013568373682442823,20.980389626874143,20.980389626874143,0.8832288851303316,0.0,28.421196021503746,1.0
17.88311513340587,0.9972355597376956,32869.842164889174,0.08858704170233672,2132973.819343707,0.03261309362345003,0.0011102173427303267,0.05887469765670277,0.09459800862288313,248.75372900375947,315.57690811927665,6000.0,23.754020617521892,2.754020617521893,269.70490434120387,0.013568264714320096,20.951175337444397,20.951175337444397,0.8820054370917736,0.0,28.38283703219887,1.0
17.93306796897404,0.9973744089899614,32878.99601162317,0.0885598512594117,2133270.8021548656,0.03261247789529845,0.0011095359187218996,0.05888799456023692,0.09461000837425726,248.8545670397471,315.6208472039762,6000.0,23.753342854884295,2.753342854884296,269.69154313119196,0.013567838349233552,20.836976091444853,20.836976091444853,0.8772228910576365,0.0,28.232865663843675,1.0
17.942324827652282,0.9974000566374172,32880.687010977475,0.0885548285388388,2133325.659565451,0.032612364171849734,0.0011094100664136275,0.05889044258975518,0.09461221682801854,248.8731751149451,315.6289634461274,6000.0,23.75321725968672,2.7532172596867195,269.68907510490897,0.013567759590210525,20.815899989963867,20.815899989963867,0.8763402347728286,0.0,28.20518321011598,1.0
17.983020804542214,0.9975125058931245,32888.10152270575,0.08853280614813219,2133566.175776577,0.0326118656054643,0.001108858344403607,0.05890114579768318,0.09462186974755109,248.95469268205602,315.66454820650813,6000.0,23.75266511348768,2.75266511348768,269.67825431836053,0.013567414270230789,20.72356163630451,20.72356163630451,0.8724731114293727,0.0,28.083884970064126,1.0
17.989806368098886,0.997531207137311,32889.33469858917,0.08852914350752399,2133606.1756179887,0.03261178269627887,0.001108766598399662,0.05890292110457572,0.09462347039925426,248.96823906424945,315.67046624739703,6000.0,23.752573051130724,2.752573051130725,269.6764547317802,0.013567356839103853,20.708215667530766,20.708215667530766,0.8718304169806549,0.0,28.063723515874013,1.0
18.01483492895763,0.9976000676963637,32893.87562147546,0.08851565682022133,2133753.4605480237,0.03261147742930672,0.0011084288011775566,0.05890944640600134,0.09462935263648561,249.01809246122392,315.6922572897491,6000.0,23.752233482362005,2.752233482362004,269.6698284059194,0.013567145365968961,20.651735944695503,20.651735944695503,0.8694650109443864,0.0,27.989514455954865,1.0
18.032973640110388,0.99764985559788,32897.159017217484,0.08850590526973608,2133859.9512255946,0.03261125672942268,0.0011081845889238733,0.058914152969707895,0.09463359428805446,249.05411197319773,315.70801275681885,6000.0,23.751987393218233,2.7519873932182337,269.6650374070674,0.013566992461887065,20.61092543386968,20.61092543386968,0.867755825761115,0.0,27.935887108155587,1.0
18.08292647567856,0.9977864632120325,32906.16881170818,0.08847914753579085,2134152.139426933,0.03261065124286383,0.00110751462174092,0.058927017658346695,0.09464518352295145,249.1528308977074,315.75124247128184,6000.0,23.751309693962916,2.7513096939629165,269.651891905798,0.013566572908903667,20.499061008090592,20.499061008090592,0.8630707641903648,0.0,27.78886430470613,1.0
18.0879032771239,0.9978000329740901,32907.06385675807,0.08847648946227687,2134181.163609756,0.03261059110297636,0.0011074480792584254,0.05892829162252695,0.09464633080476173,249.16262812801142,315.7555366458249,6000.0,23.751242175926972,2.7512421759269734,269.6505861123731,0.013566531231797753,20.487957984361685,20.487957984361685,0.8626057463692243,0.0,27.774269537363605,1.0
18.132879311246732,0.9979223338009823,32915.1312202246,0.0884525318680649,2134442.7512149094,0.03261004912169062,0.001106848412618709,0.05893974142724122,0.09465663896155055,249.25085538278887,315.79423895285174,6000.0,23.750632015609447,2.7506320156094484,269.6388173271181,0.013566155596106515,20.38796194432922,20.38796194432922,0.8584176594092231,0.0,27.642808854891726,1.0
18.161587964646934,0.9980000891364952,32920.26073119478,0.08843729931013389,2134609.061063514,0.03260970458707864,0.0011064672210246585,0.05894699080437368,0.09466316261247698,249.30687958737855,315.8188447625136,6000.0,23.75024255298044,2.75024255298044,269.6313350731601,0.013565916767950941,20.324455485781527,20.324455485781527,0.8557578071231526,0.0,27.559303334179972,1.0
18.182832146814906,0.9980574723884547,32924.04655435416,0.08842605719835683,2134731.797334702,0.03260945034201494,0.001106185931621851,0.058952325821895406,0.0946679620955322,249.34819129913095,315.8370037912951,6000.0,23.7499543580463,2.7499543580463004,269.62581318760374,0.01356574050844398,20.277621888472794,20.277621888472794,0.8537962466274338,0.0,27.497713121510643,1.0
18.232784982383077,0.9981918839565088,32932.91512322117,0.08839972246845317,2135019.288442372,0.032608854880157294,0.0011055271491137411,0.058964772369862015,0.09467915439913305,249.44484446120012,315.8795385631931,6000.0,23.74927672116269,2.749276721162691,269.6128790078405,0.013565327630986956,20.16803454664037,20.16803454664037,0.8492062635603922,0.0,27.35356953479833,1.0
18.23581052328168,0.9982000017484195,32933.45077902715,0.08839813189926175,2135036.6514790654,0.032608818920296184,0.0011054873661471207,0.05896552183777861,0.09467982812422192,249.45067674366504,315.88210745240576,6000.0,23.749235678746867,2.749235678746866,269.6120978475477,0.013565302694505937,20.161421103882674,20.161421103882674,0.8489292614130348,0.0,27.344869468489623,1.0
18.239806368098886,0.9982107188933838,32934.15796087505,0.08839603200815445,2135059.5742372884,0.03260877144646517,0.001105434845229152,0.05896651089736926,0.0946807171890636,249.45837566028462,315.88549891136313,6000.0,23.74918147396818,2.749181473968179,269.6110665562569,0.013565269773125343,20.152690895972285,20.152690895972285,0.8485635986259965,0.0,27.333384561495986,1.0
18.28273781795125,0.99832557344584,32941.73723350256,0.08837352663003464,2135305.235105505,0.03260826271264509,0.0011048720357534228,0.05897708258095469,0.0946902173293532,249.54082062774427,315.9218448320372,6000.0,23.748599104848584,2.748599104848585,269.60001431239425,0.013564916948928018,20.059193684649983,20.059193684649983,0.8446474504070701,0.0,27.21037059192265,1.0
18.310697153323343,0.9984000880564788,32946.65493248914,0.08835892467332676,2135464.6134109604,0.032607932697095145,0.0011045069499319776,0.05898391383259715,0.09469635347962427,249.59424651665583,315.9454251087386,6000.0,23.748219841988018,2.748219841988016,269.5928439074734,0.0135646880369619,19.998597390817594,19.998597390817594,0.8421093254096921,0.0,27.130629603850274,1.0
18.332690653519425,0.9984585457562465,32950.51318945443,0.08834746864455387,2135589.647804215,0.032607673816210186,0.0011042205624917456,0.058989257947473006,0.09470115232617493,249.63612550241282,315.96392414837703,6000.0,23.747921508994686,2.7479215089946853,269.58721862976637,0.013564508447580056,19.951093127353545,19.951093127353545,0.8401195498223679,0.0,27.06810885630091,1.0
18.382643489087595,0.9985908057470846,32959.24329293806,0.08832154748311577,2135872.5369321145,0.03260708816778655,0.001103572700567611,0.059001299944423824,0.09471196081277798,249.7307647343652,316.0057780499643,6000.0,23.747243933492427,2.7472439334924266,269.57449149235,0.013564102112374958,19.84372675798477,19.84372675798477,0.8356223068900113,0.0,26.926776956930663,1.0
18.386134711496005,0.9986000229401404,32959.8517365742,0.08831974093258158,2135892.251463234,0.03260704735744263,0.0011035275555374537,0.059002136615459784,0.09471271152843988,249.73735436370404,316.00869484656033,6000.0,23.74719657824462,2.7471965782446177,269.57360453869245,0.013564073794068337,19.836250174988407,19.836250174988407,0.8353091325803432,0.0,26.916933792898362,1.0
18.43259632465577,0.9987223582379675,32967.92784346185,0.08829576212631578,2136153.912797809,0.03260650574450681,0.0011029284215031718,0.05901321002976205,0.09472264419577203,249.82474391904987,316.04740806197384,6000.0,23.74656637823396,2.7465663782339624,269.56183243636235,0.013563697928861546,19.737088517312486,19.737088517312486,0.8311554690872466,0.0,26.78636758745936,1.0
18.46223662244271,0.9988000844725307,32973.05954514964,0.08828052576581774,2136320.160402781,0.03260616166985852,0.001102547810594504,0.05902021529731202,0.09472892477776504,249.88019818761984,316.0720046625901,6000.0,23.746164349729423,2.746164349729422,269.55435298273557,0.01356345911153428,19.674154795115726,19.674154795115726,0.8285192718014648,0.0,26.703486627939036,1.0
18.482549160223943,0.9988532080087732,32976.56713817793,0.0882701115642008,2136433.785624916,0.03260592652370188,0.0011022876971021178,0.05902498964456604,0.09473320386537004,249.9180685984858,316.0888156970063,6000.0,23.745888843112166,2.7458888431121657,269.54924100184456,0.013563295882705618,19.63117240335876,19.63117240335876,0.8267187862733159,0.0,26.646873505998364,1.0
18.489806368098886,0.9988721598409136,32977.8185178379,0.08826639617422068,2136474.3214455545,0.032605842638895564,0.0011021949059545411,0.059026690231730426,0.09473472777658054,249.931572796228,316.09481303688415,6000.0,23.745790411665805,2.7457904116658063,269.54741730164307,0.013563237649925638,19.615844505415055,19.615844505415055,0.8260767136131297,0.0,26.626683357075652,1.0
18.532501995792114,0.9989833597999292,32985.161471896965,0.08824459479618159,2136712.1655526734,0.03260535048289933,0.0011016504994467565,0.05903664021323664,0.09474364119558273,250.01074426174125,316.13000245517804,6000.0,23.745211328020627,2.7452113280206256,269.53671673263403,0.013562895959689172,19.525972470892782,19.525972470892782,0.8223120106684872,0.0,26.50828753463734,1.0
18.53892278001967,0.9990000387302309,32986.26291527231,0.0882413246019849,2136747.839893927,0.032605276669876705,0.0011015688503820161,0.05903812845459534,0.09474497397485407,250.0226097148135,316.1352805313597,6000.0,23.745124243756724,2.745124243756724,269.5351117496262,0.013562844708074463,19.512502034812684,19.512502034812684,0.8217477337455112,0.0,26.490539616856548,1.0
18.582454831360288,0.999112818312861,32993.71113711386,0.08821921083091716,2136989.062636896,0.03260477759982107,0.001101016800894407,0.05904816314370864,0.09475395754442412,250.1027763455264,316.1709698242633,6000.0,23.74453383285364,2.74453383285364,269.5242591763211,0.01356249814570907,19.4214828307947,19.4214828307947,0.8179348968276042,0.0,26.370602558783315,1.0
18.616274633696385,0.9992000750024523,32999.47434557746,0.08820209990085827,2137175.694804836,0.03260439151956685,0.001100589737576644,0.05905589281210087,0.09476087406924437,250.16472262500207,316.1985823537656,6000.0,23.744075156384152,2.744075156384152,269.51586262440924,0.013562230002065703,19.351139999407167,19.351139999407167,0.8149881548115029,0.0,26.277892979407696,1.0
18.63240766692846,0.9992415882104178,33002.21642403213,0.08819395868620326,2137264.4868508903,0.0326042078523812,0.0011003865740739094,0.0590595598276579,0.09476415425411301,250.1941702347682,316.21171927982874,6000.0,23.74385635750621,2.7438563575062087,269.5118678842084,0.013562102426775828,19.31769764944022,19.31769764944022,0.8135872016145037,0.0,26.233811526524033,1.0
18.682360502496632,0.9993696741175423,33010.677620604234,0.08816883738881914,2137538.4480868853,0.032603641218682644,0.001099759791881107,0.05907083164072727,0.09477423265129102,250.28493126335295,316.2522522854454,6000.0,23.743178901874025,2.743178901874023,269.49954241124595,0.013561708789011612,19.21461114789301,19.21461114789301,0.8092686841683369,0.0,26.097907447733462,1.0
18.694250506346208,0.9994000614404516,33012.685128730125,0.08816287707487433,2137603.4431259935,0.03260350680231062,0.0010996111068749801,0.059073496360854294,0.09477661427003989,250.30644195711497,316.2618684060461,6000.0,23.743017653659635,2.7430176536596367,269.49661829464856,0.0135616153986634,19.190176337533586,19.190176337533586,0.8082450435518126,0.0,26.065688854361316,1.0
18.732313338064806,0.9994970806212775,33019.09501252843,0.08814384597449126,2137810.9561560443,0.032603077677016847,0.001099136427477258,0.05908197994269169,0.0947841940471858,250.37506471439676,316.292570292691,6000.0,23.742501465853465,2.7425014658534645,269.4872823160311,0.013561317218650306,19.11221760163434,19.11221760163434,0.8049791058925104,0.0,25.962883393886234,1.0
18.739806368098886,0.9995161335461045,33020.3538782991,0.08814010835338076,2137851.708202481,0.03260299340994513,0.0010990432146529517,0.0590836416416383,0.09478567826623638,250.38853111565834,316.29859962352344,6000.0,23.742399850715664,2.742399850715664,269.48544888786495,0.013561258659746223,19.09691777220661,19.09691777220661,0.8043381415645299,0.0,25.942704980869937,1.0
18.772876220492844,0.9996000417291222,33025.89814937404,0.08812364712435143,2138031.178294434,0.03260262232466821,0.0010986327338174961,0.05909094274948053,0.09479219780796623,250.44779761289684,316.32515251236106,6000.0,23.741951385887816,2.741951385887817,269.4773745566264,0.013561000763635242,19.029576943729552,19.029576943729552,0.8015169702959086,0.0,25.853882607220495,1.0
18.78226617363298,0.9996238132926246,33027.46895076919,0.08811898330626218,2138082.022974109,0.0326025172013446,0.0010985164497598315,0.05909300616627319,0.09479403981737763,250.46457654291345,316.33267506451836,6000.0,23.74182404895391,2.7418240489539087,269.47508706247663,0.013560927698896755,19.010510519563184,19.010510519563184,0.8007181958877674,0.0,25.828731409605982,1.0
18.83221900920115,0.9997498751703656,33035.79961921861,0.08809424869943853,2138351.6550406893,0.03260195977684594,0.0010978998389453837,0.0591039115114678,0.09480377112725913,250.55347088851167,316.37256756255533,6000.0,23.741146651631386,2.7411466516313863,269.46295635816597,0.013560540220734024,18.9094854696543,18.9094854696543,0.7964857699219394,0.0,25.695446259144838,1.0
18.852187209146045,0.9998000799374783,33039.11764167912,0.08808439699908367,2138459.0373465163,0.0326017378032626,0.0010976542933939205,0.05910823724411681,0.09480762934077333,250.58883352948155,316.3884549474601,6000.0,23.740875873812914,2.740875873812915,269.45812524509876,0.013560385900046903,18.86929171561721,18.86929171561721,0.794801835278148,0.0,25.642408432345288,1.0
18.882171844769324,0.9998752684146,33044.08714388178,0.08806964162705017,2138619.8569759913,0.032601405392601535,0.0010972865792138514,0.059114697093693734,0.09481338906550912,250.6417512549961,316.41224847036904,6000.0,23.740469274663084,2.740469274663084,269.4508899952367,0.013560154777842552,18.8091387402406,18.8091387402406,0.7922816740743441,0.0,25.56302365392171,1.0
18.9321246803375,1.0,33052.33196919002,0.08804516070898874,2138886.643698051,0.032600854016424395,0.0010966766335205821,0.05912536443148688,0.09482289508143185,250.7294245208929,316.4517199951066,6000.0,23.739791916988427,2.739791916988427,269.438887302529,0.013559771349099201,18.70946278163609,18.70946278163609,0.7881055927978634,0.0,25.43145420491677,1.0
