time_s,mach,q_pa,cl,reynolds,cd_parasite,cd_induced,cd_wave,cd_total,drag_n,speed_m_s,altitude_m,mass_kg,fuel_kg,thrust_n,fuel_flow_kg_s,excess_thrust_n,acceleration_force_n,acceleration_m_s2,climb_rate_m_s,specific_excess_power_m_s,throttle
0.0,0.8,31414.272542497896,0.059832928301105585,2822397.6008368996,0.023032903305474514,0.0005064634695178884,0.0006886574074074087,0.026228024182399813,98.87211599005599,262.8668427071567,3000.0,23.0,3.0,275.28713531871705,0.014009948864777553,176.41501932866106,176.41501932866106,7.6702182316809155,0.0,205.59987859634361,1.0
0.00856603590088293,0.800199895587307,31429.973439989684,0.059802726623558684,2823102.83186944,0.023032137175402357,0.000505952306639472,0.000702079144003946,0.026240168626045772,98.9673363572963,262.93252510953977,3000.0,22.999879992667182,2.9998799926671826,275.26879242418613,0.01400939040137494,176.30145606688984,176.30145606688984,7.665320693981805,0.0,205.51994063651154,1.0
0.01713207180176586,0.8003996632445957,31445.668208075305,0.059772566768872624,2823807.6115652607,0.023031371765048214,0.0005054421091596275,0.0007156133329139556,0.0262524272071218,99.06301387341614,262.9981654762229,3000.0,22.999759990116868,2.999759990116867,275.25046126881807,0.014008832245444754,176.18744739540193,176.18744739540193,7.660403737739468,0.0,205.43938346251585,1.0
0.022574063558439855,0.8005265087000781,31455.635868865425,0.05975342798069413,2824255.1219517994,0.02303088587530358,0.0005051184824096771,0.0007242697671956886,0.026260274124908944,99.12403448276693,263.0398448067159,3000.0,22.99968375513174,2.9996837551317403,275.2388216281288,0.014008477810094764,176.11478714536184,176.11478714536184,7.6572699442472425,0.0,205.387884525085,1.0
0.02570399556955771,0.8005994396443054,31461.36758093314,0.05974242805929251,2824512.4221043168,0.023030606550420014,0.0005049325264780918,0.0007292688830506314,0.02626480795994874,99.15921332046791,263.06380871552176,3000.0,22.999639909867557,2.999639909867559,275.2321293112246,0.014008274015165396,176.07291599075666,176.07291599075666,7.65546402816576,0.0,205.35815234906468,1.0
0.034286175825946646,0.8007993257323713,31477.079494856036,0.059712295262329,2825217.6196235637,0.02302984114493685,0.0005044233006990987,0.000743052559419224,0.026277317005055173,99.25598355355848,263.12948799661046,3000.0,22.99951969073205,2.9995196907320523,275.21378728836663,0.014007715428421727,175.95780373480815,175.95780373480815,7.650499058278708,0.0,205.2762054446143,1.0
0.042868356082335586,0.8009990818900092,31492.785114172177,0.05968220447356579,2825922.358748651,0.023029076465988407,0.0005039150412032611,0.0007569475778411805,0.026289939085032847,99.35320827235388,263.19512458469745,3000.0,22.999399476389097,2.9993994763890974,275.19545718823383,0.014007157154842104,175.84224891587996,175.84224891587996,7.64551479252306,0.0,205.1936408796331,1.0
0.049972185138217225,0.8011643297603382,31505.780516036593,0.05965732885406587,2826505.3527396014,0.023028444059835968,0.0005034950638719169,0.000768532924434371,0.02630047204814226,99.43402797803105,263.2494223171193,3000.0,22.99929997357976,2.9992999735797605,275.18029365062046,0.014006695286447855,175.7462656725894,175.7462656725894,7.641374558115958,0.0,205.12483244867093,1.0
0.05145492822453131,0.8011988097378226,31508.49242403998,0.05965214033502204,2826626.9979967624,0.023028312124167075,0.0005034074877039939,0.0007709606219519644,0.026302680233823032,99.4509361055231,263.26075187064174,3000.0,22.999279205320615,2.9992792053206148,275.17712968587784,0.01400659891047909,175.72619358035473,175.72619358035473,7.6405087312346085,0.0,205.11041724330187,1.0
0.06006260442237609,0.8013988969225856,31524.231920125552,0.05962204452814785,2827332.904984554,0.023027546636424142,0.0005028996557108286,0.0007851189449318933,0.026315565237066865,99.54935779709875,263.32649722879773,3000.0,22.999158643459925,2.999158643459925,275.15876920990877,0.01400603961172606,175.60941141281,175.60941141281,7.635471111581143,0.0,205.02637113635515,1.0
0.06867028062022087,0.8015988518883711,31539.964941758248,0.05959199100427094,2828038.3455041894,0.023026781883604564,0.0005023927929315676,0.0007993877254207751,0.026328562401956905,99.64823221495381,263.3921991419723,3000.0,22.99903808641212,2.999038086412122,275.1404208666675,0.01400548063253193,175.49218865171372,175.49218865171372,7.630414280473532,0.0,204.94170768797034,1.0
0.07727795681807044,0.8017986741327049,31555.691441600997,0.05956197977099077,2828743.3177829413,0.023026017867049425,0.0005018868984156324,0.0008137664468622662,0.026341671212327326,99.74755785987658,263.45785744506065,3000.0,22.99891753417445,2.998917534174448,275.1220847022623,0.014004921974400777,175.37452684238576,175.37452684238576,7.625338304804738,0.0,204.85642824793456,1.0
0.08588563301591522,0.8019983631549019,31571.41137242336,0.059532010835562844,2829447.820054394,0.023025254588091588,0.0005013819712079113,0.000828254592753943,0.026354891152053445,99.84733322843039,263.5234719735459,3000.0,22.998796986744132,2.9987969867441326,275.10376076263725,0.014004363638832113,175.25642753420686,175.25642753420686,7.620243251645719,0.0,204.77053417391903,1.0
0.09449330921376,0.8021979184560668,31587.124687101797,0.05950208420490022,2830151.8505584467,0.02302449204805568,0.0005008780103487994,0.0008428516466591236,0.026368221705063602,99.94755681299856,263.5890425634993,3000.0,22.99867644411839,2.998676444118393,275.0854490935721,0.014003805627320884,175.13789228057354,175.13789228057354,7.615129188243472,0.0,204.68402683143114,1.0
0.09994437027643445,0.802324223267946,31597.072157241575,0.059483154177824925,2830597.4535559737,0.02302400953016039,0.0005005593618114339,0.000852151743730823,0.026376720635702643,100.01125742372392,263.630544247396,3000.0,22.998600109481547,2.9986001094815458,275.0738590636257,0.014003452418583948,175.0626016399018,175.0626016399018,7.611880758243602,0.0,204.62892700790204,1.0
0.10311337335725496,0.8023976264438166,31602.853938403638,0.05947215690732672,2830856.4197403127,0.023023729152429572,0.0005003742916713348,0.0008575783337780292,0.02638168177787894,100.04837230509034,263.65466332375325,3000.0,22.998555732822965,2.998555732822964,275.06712341362277,0.014003247138985509,175.01875110853243,175.01875110853243,7.609988781110721,0.0,204.59678177372365,1.0
0.11175482986101197,0.8025976944397052,31618.615470316676,0.05944219793695214,2831562.259029813,0.02302296510998628,0.000499870293713509,0.0008724501560187412,0.026395285559718526,100.1498861210331,263.7204023767607,3000.0,22.998434726789775,2.9984347267897737,275.04876469847045,0.014002687593853947,174.89887857743736,174.89887857743736,7.604816617093773,0.0,204.50870564988514,1.0
0.12039628636476898,0.8027976261626476,31634.370191968454,0.05941228162291714,2832267.617548768,0.023022201816238604,0.0004993672667704475,0.0008874301789875732,0.02640899926199662,100.25184708641073,263.7860966527193,3000.0,22.998313725590435,2.998313725590437,275.0304184880477,0.014002128379828708,174.77857140163695,174.77857140163695,7.599625498071157,0.0,204.42001561783778,1.0
0.1290377428685308,0.8029974211151097,31650.118056114392,0.0593824079708436,2832972.493541878,0.02302143927249365,0.0004988652098534031,0.0009025178805289738,0.026422822362876026,100.35425365929189,263.8517459881475,3000.0,22.998192729222087,2.9981927292220876,275.01208482800956,0.014001569498403844,174.65783116871768,174.65783116871768,7.594415492778831,0.0,204.33071309051837,1.0
0.1376791993722878,0.8031970788013744,31665.859015619677,0.05935257698601341,2833676.885260256,0.02302067748005025,0.0004983641219692741,0.0009177127386131984,0.026436754340632723,100.45710429372568,263.91735022016076,3000.0,22.998071737681844,2.9980717376818453,274.9937637638442,0.014001010951068742,174.5366594701185,174.5366594701185,7.589186670121737,0.0,204.24079948858116,1.0
0.14632065587604484,0.8033965987275432,31681.593023459583,0.05932278867337,2834380.7909614285,0.02301991644019899,0.0004978640021206444,0.000933014231348131,0.026450794673667767,100.56039743978816,263.9829091864722,3000.0,22.99795075096682,2.9979507509668175,274.9754553408729,0.014000452739308125,174.4150579010847,174.4150579010847,7.5839390991718,0.0,204.15027624034764,1.0
0.14991655541465168,0.8034795826374144,31688.138229759654,0.0593104056773142,2834673.557946589,0.023019599976877112,0.0004976561762692772,0.0009394128129901556,0.02645666896613654,100.60350999575125,264.0101763344514,3000.0,22.997900407162742,2.997900407162743,274.9678405399309,0.014000220554379161,174.3643305441796,174.3643305441796,7.581749962264968,0.0,204.11242824627112,1.0
0.15498241332861676,0.8035964486359357,31697.356971132303,0.05929297320781076,2835085.860838896,0.023019154369008355,0.0004973636778084434,0.0009484581578468411,0.02646497620466364,100.66437575900946,264.04857657951527,3000.0,22.99782948486296,2.9978294848629625,274.9571166379478,0.013999893554412442,174.29274087893836,174.29274087893836,7.57866045548589,0.0,204.05892997613967,1.0
0.1636586389901458,0.8037964926186294,31713.140153784687,0.059263150929193105,2835791.615409917,0.023018391785494915,0.0004968634907793788,0.0009640342336409511,0.026479289509915245,100.76897032806993,264.11430774218184,3000.0,22.997708021055868,2.9977080210558684,274.93876012630335,0.013999333776458898,174.1697897982334,174.1697897982334,7.573354250726632,0.0,203.96681998612928,1.0
0.17233486465167486,0.8039963962446554,31728.91618687556,0.05923337167978083,2836496.874803035,0.023017629964503225,0.0004963642765427572,0.000979716223206296,0.02649371046425228,100.874006255953,264.1799927859558,3000.0,22.99758656210405,2.997586562104051,274.92041649412045,0.013998774341256948,174.04641023816743,174.04641023816743,7.568029356826733,0.0,203.87409980884277,1.0
0.18101109031320872,0.8041961590215057,31744.685023259313,0.05920363546321963,2837201.6372806835,0.023016868907306164,0.0004958660340719814,0.0009955035990012063,0.026508238540379356,100.9794819582919,264.2456315490071,3000.0,22.99746510800453,2.9974651080045294,274.902085786593,0.01399821525029037,173.92260382830108,173.92260382830108,7.562685844352703,0.0,203.78077092051987,1.0
0.18968731597473776,0.8043957804585188,31760.446615903358,0.059173942282819164,2837905.9011118105,0.023016108615168288,0.0004953687623362774,0.00101139583368218,0.026522873211186744,101.08539584691238,264.3112238701125,3000.0,22.99734365875431,2.9973436587543123,274.88376804874514,0.013997656505038184,173.79837220183276,173.79837220183276,7.5573237840307526,0.0,203.68683480494136,1.0
0.19836354163626682,0.8045952600668814,31776.200917888495,0.059144292141554436,2838609.6645718836,0.023015349089345872,0.0004948724603007312,0.0010273924001155497,0.026537613949762152,101.19174632988032,264.3767695886559,3000.0,22.997222214350394,2.9972222143503924,274.86546332543156,0.013997098106974647,173.67371699555125,173.67371699555125,7.551943246744726,0.0,203.59229295337718,1.0
0.1998887405528689,0.8046303120129468,31778.969619116502,0.05913908437357101,2838733.327732483,0.023015215651135342,0.0004947853152052886,0.0010302151889508234,0.02654021615529146,101.21048674605507,264.3882870816471,3000.0,22.997200866066358,2.9972008660663567,274.8622468754917,0.013996999981834842,173.6517601294366,173.6517601294366,7.550995494659065,0.0,203.57561089609038,1.0
0.2070687799665402,0.8047952636897768,31792.0005267539,0.059114586110283696,2839315.2767536566,0.02301458779514341,0.000494375472191301,0.0010435467834097817,0.026552510050744493,101.29888962238886,264.44248748975656,3000.0,22.997100368712797,2.9971003687127977,274.8471105172982,0.01399653819207911,173.54822089490932,173.54822089490932,7.546526219062774,0.0,203.49682769096762,1.0
0.215780206232129,0.8049952655686095,31807.80392471922,0.05908490234176966,2840020.8827823824,0.02301382673457428,0.000493879105943623,0.0010598167287146551,0.02656752256923256,101.40654583772422,264.50820481778686,3000.0,22.996978441341657,2.9969784413416556,274.8287578692041,0.013995978232029423,173.42221203147986,173.42221203147986,7.5410868638168065,0.0,203.40068715852792,1.0
0.2244916324977178,0.8051951229948352,31823.599831186173,0.05905526196933317,2840725.979182743,0.023013066450309903,0.0004933837141180238,0.0010761902572634045,0.026582640421691332,101.51463734834627,264.5738746810663,3000.0,22.99685651884702,2.9968565188470215,274.81041847642484,0.01399541862643211,173.29578112807857,173.29578112807857,7.535629097222675,0.0,203.3039405313322,1.0
0.23320305876331146,0.8053948354811648,31839.388199124638,0.05902566499464314,2841430.5642355857,0.02301230694358838,0.0004928892956505507,0.0010926668364476682,0.026597863075686602,101.62316252807388,264.6394969194796,3000.0,22.9967346012258,2.9967346012258007,274.79209238367514,0.013994859376760108,173.16892985560128,173.16892985560128,7.530152991649989,0.0,203.20658934875493,1.0
0.24191448502890028,0.8055944025421864,31855.16898162095,0.058996111419036185,2842134.636228378,0.02301154821563949,0.000492395849473247,0.0011092459339300653,0.026613189999042802,101.73211974713918,264.7050713735285,3000.0,22.996612688474883,2.9966126884748836,274.7737796354976,0.013994300484481512,173.04165988835842,173.04165988835842,7.5246586196184015,0.0,203.10863515752322,1.0
0.2483146991428384,0.8057409298902164,31866.75813345842,0.05897442630298524,2842651.5842727986,0.02301099128134729,0.0004920339375269931,0.001121491481049107,0.02662451669992339,101.81244409160199,264.7532178502121,3000.0,22.99652312326879,2.9965231232687897,274.76033393753596,0.01399389009945701,172.94788984593396,172.94788984593396,7.520610351350829,0.0,203.03628565491235,1.0
0.24986092569108612,0.8057763175719335,31869.557334581546,0.05896919091322929,2842776.43190777,0.02301085679489172,0.0004919465818626052,0.001124458113060269,0.026627261489814598,101.831884405505,264.7648456604167,3000.0,22.996501485621035,2.996501485621034,274.7570866796941,0.013993790983730214,172.92520227418913,172.92520227418913,7.519630861342698,0.0,203.01875813113608,1.0
0.2506324302434494,0.8057939728708235,31870.95393240215,0.0589665791766591,2842838.7197493073,0.023010789700787966,0.0004919030063477997,0.0011259395385305859,0.026628632245666355,101.8415893901413,264.77064690126207,3000.0,22.99649068936666,2.996490689366661,274.75546658747595,0.013993741533231517,172.91387719733467,172.91387719733467,7.519141921827589,0.0,203.0100055354978,1.0
0.25938118190666287,0.8059941010299062,31886.786930941034,0.05893698627299154,2843544.7712943754,0.023010029292113383,0.0004914093984178747,0.001142794277655344,0.026644232968186604,101.9518775513905,264.8364057229056,3000.0,22.996368264049533,2.9963682640495337,274.73710235160576,0.01399318096959504,172.78522480021525,172.78522480021525,7.513587485478402,0.0,202.9104234105127,1.0
0.2681299335698764,0.8061940810563755,31902.612137526263,0.058907437142953815,2844250.3002280286,0.023009269672570748,0.0004909167678637851,0.0011597508039180948,0.02665993724435263,102.06259650208472,264.9021158706087,3000.0,22.996245843635048,2.9962458436350468,274.7187517087365,0.013992620770837402,172.65615520665176,172.65615520665176,7.508014846451118,0.0,202.81023782972215,1.0
0.2768786852330899,0.8063939124663608,31918.429505128614,0.0588779317865398,2844955.3048431715,0.023008510843371258,0.0004904251135874953,0.0011768085793427121,0.026675744536301463,102.17374457745096,264.9677771853794,3000.0,22.99612342812,2.9961234281199993,274.7004147032693,0.013992060938425402,172.52667012581833,172.52667012581833,7.5024240787840855,0.0,202.70945038902042,1.0
0.28562743689630826,0.8065935947780057,31934.23898684686,0.058848470203398034,2845659.7834398164,0.023007752805717284,0.0004899344344868459,0.0011939670662954704,0.0266916543064996,102.285320109367,265.03338950888764,3000.0,22.99600101750118,2.9960010175011784,274.6820913794205,0.013991501473820597,172.3967712700535,172.3967712700535,7.496815256654859,0.0,202.6080626914572,1.0
0.29437618855952175,0.8067931275114671,31950.040535908,0.05881905239283339,2846363.7343250792,0.023006995560802438,0.0004894447294555966,0.0012112257274966046,0.026707666017754636,102.39732142641039,265.0989526834648,3000.0,22.995878611775357,2.9958786117753577,274.66378178122153,0.01399094237847931,172.26646035481116,172.26646035481116,7.4911884543780705,0.0,202.50607634718176,1.0
0.29983311082930336,0.8069175075521509,31959.892512901588,0.05880072557435191,2846802.546735601,0.023006523640906978,0.00048913977495805,0.0012220410870103133,0.02671770450287534,102.4673956924035,265.1398219192027,3000.0,22.995802265241366,2.995802265241366,274.65236837285795,0.013990593837526006,172.18497268045445,172.18497268045445,7.487669736172485,0.0,202.4421612312641,1.0
0.30313915079314735,0.8069928339232617,31965.859752598186,0.05878963067725331,2847068.2979469798,0.023006237881756975,0.0004889552043283291,0.0012286123018233144,0.026723805387908618,102.50992981027375,265.1645729258858,3000.0,22.995756012127973,2.9957560121279743,274.64545624588555,0.01399038274662026,172.1355264356118,172.1355264356118,7.4855345631962455,0.0,202.40332586274516,1.0
0.3119256701340468,0.807192925565537,31981.71341090484,0.058760173958193156,2847774.2206608616,0.023005478966781893,0.0004884653421678078,0.0012461454386610794,0.02674008974761078,102.62326642679552,265.2303197487071,3000.0,22.99563308782323,2.9956330878232302,274.62709536088454,0.013989821985207105,172.00382893408903,172.00382893408903,7.47984751179429,0.0,202.29969941058064,1.0
0.3207121894749463,0.8073928648927793,31997.558926885595,0.0587307613862719,2848479.6060077637,0.02300472085497076,0.00048797645912634707,0.0012637779897641311,0.026756475303861237,102.73702742532708,265.29601652331354,3000.0,22.99551016844397,2.9955101684439693,274.6087484526731,0.01398926160063609,171.87172102734604,171.87172102734604,7.474142550801082,0.0,202.19547405637243,1.0
0.32949870881584575,0.8075926514270814,32013.39625368258,0.05870139295940567,2849184.4523016303,0.02300396354749717,0.00048748855406715083,0.0012815094124183266,0.026772961513982646,102.85121109980638,265.36166309267276,3000.0,22.995387253986873,2.9953872539868733,274.59041556510545,0.013988701594361152,171.73920446529905,171.73920446529905,7.468419756032741,0.0,202.09065145947105,1.0
0.3382852281567501,0.8077922846925853,32029.225344569793,0.05867206867516888,2849888.7578636375,0.023003207045525834,0.00048700162584947395,0.0012993391643277917,0.0267895478357031,102.96581574106399,265.4272593004257,3000.0,22.995264344448614,2.9952643444486133,274.57209674184713,0.013988141967830856,171.60628100078316,171.60628100078316,7.462679203433961,0.0,201.98523328616403,1.0
0.3470717474976495,0.8079917642154817,32045.046152953295,0.058642788530795895,2850592.521022186,0.023002451350212644,0.0004865156733286634,0.001317266703626282,0.02680623372716759,103.08083963687262,265.4928049908863,3000.0,22.995141439825847,2.995141439825846,274.5537920263762,0.013987582722488425,171.47295238950358,171.47295238950358,7.4569209690759015,0.0,201.87922120961997,1.0
0.3498052959675206,0.8080537922799379,32049.966422124537,0.058633688271993493,2850811.3558475687,0.02300221641273852,0.0004863646888641266,0.0013228639466230344,0.026811445048225677,103.11670962291241,265.5131863927149,3000.0,22.995103204328192,2.9951032043281933,274.5481001836516,0.01398740881526524,171.4313905607392,171.4313905607392,7.455125947357001,0.0,201.84611923967557,1.0
0.35588498081694026,0.8081916953044647,32060.906694888094,0.058613463703167515,2851297.877304534,0.023001694168825228,0.00048602922234461214,0.0013353464380360504,0.02682306982920589,103.19663268775655,265.55849905853626,3000.0,22.99501816646619,2.9950181664661866,274.53544587412705,0.013987022161225693,171.3388131863705,171.3388131863705,7.451127541887972,0.0,201.77229189554953,1.0
0.3647102782872588,0.8083917441252345,32076.780504035974,0.05858414322701393,2852003.6489442727,0.023000936766502313,0.000485543086805072,0.0013535484130862442,0.02684002826639363,103.31300345078756,265.6242318109151,3000.0,22.994894729310396,2.994894729310396,274.5170889185292,0.013986461219824598,171.20408546774166,171.20408546774166,7.4453085123071565,0.0,201.6646208620534,1.0
0.3735355757575774,0.8085916364182506,32092.645816848864,0.058554867270751466,2852708.8683545655,0.023000180181426782,0.00048505793209730976,0.0013718473992472217,0.026857085512771314,103.4297919641031,265.68991313084837,3000.0,22.994771297103366,2.9947712971033655,274.4987463262903,0.013985900667329626,171.06895436218718,171.06895436218718,7.43947187610153,0.0,201.55635578926598,1.0
0.382360873227896,0.8087913717117277,32108.502586652834,0.058525635830211746,2853413.5338709564,0.022999424414734116,0.00048457375704597135,0.0013902428493074972,0.026874241021087583,103.54699648079068,265.75554286331527,3000.0,22.994647869841657,2.994647869841657,274.4804181407025,0.013985340505181385,170.93342165991183,170.93342165991183,7.4336177108455495,0.0,201.44749839997493,1.0
0.3911861706982195,0.8089909495359656,32124.350766909756,0.058496448900888315,2854117.6438363427,0.02299866946755088,0.0004840905604719273,0.001408734216550174,0.026891494244572982,103.66461525107968,265.82112085398,3000.0,22.99452444752182,2.99452444752182,274.46210440486664,0.013984780734815018,170.79748915378696,170.79748915378696,7.427746094231327,0.0,201.33805042367612,1.0
0.3997774811057378,0.8091850842019437,32139.77046571902,0.05846807856312258,2854802.550355713,0.022997935324719082,0.00048362111377662045,0.001426826934323535,0.026908383372819235,103.77951182471763,265.8849103123621,3000.0,22.994404302269007,2.994404302269007,274.44429014617896,0.013984236183463799,170.6647783214613,170.6647783214613,7.422013463711287,0.0,201.23093861165833,1.0
0.4000125232406769,0.8091903932547136,32140.192204331128,0.05846730299659603,2854821.2806779635,0.02299791525088733,0.00048360828360094444,0.0014273231825050238,0.026908846716993298,103.7826606577259,265.88665477978634,3000.0,22.99440101538603,2.994401015386029,274.44380297486947,0.01398422129080971,170.66114231714357,170.66114231714357,7.421856398996899,0.0,201.22800040638103,1.0
0.40887761490032215,0.8093905528521015,32156.094428659344,0.0584380739753866,2855527.4431372783,0.02299715855129822,0.0004831248727793515,0.0014460892084021918,0.02692637263247976,103.90163771895455,265.95242393153995,3000.0,22.99427704647167,2.994277046471668,274.4254358541457,0.013983659788723323,170.52379813519116,170.52379813519116,7.415923440017741,0.0,201.1168762588083,1.0
0.4177427065599675,0.8095905521455887,32171.98784553762,0.05840888985200998,2856233.0400449126,0.022996402681987223,0.000482642445681657,0.0014649503640211524,0.026943995491690034,104.02102745626466,266.01814041006827,3000.0,22.99415308253331,2.994153082533308,274.4070834432891,0.013983098686277722,170.3860559870244,170.3860559870244,7.409973108183407,0.0,201.00516146977446,1.0
0.4266077982196128,0.8097903906675619,32187.87240835003,0.05837975062054105,2856938.0697511276,0.02299564764406014,0.0004821610010977687,0.001483906097338578,0.026961714742496486,104.14082808501682,266.0838040617212,3000.0,22.9940291235674,2.9940291235674,274.388745785209,0.013982537984905305,170.24791770019215,170.24791770019215,7.404005482697201,0.0,200.89285781891996,1.0
0.43547288987925814,0.809990067952531,32203.748070620415,0.05835065627471831,2857642.5306136752,0.022994893438613804,0.0004816805378139472,0.0015029558568915168,0.02697952983331927,104.26103781792015,266.1494147335464,3000.0,22.993905169570382,2.9939051695703833,274.3704229226198,0.01398197768603286,170.10938510469964,170.10938510469964,7.398020642870989,0.0,200.77996709241265,1.0
0.44433798153890836,0.8101895835371291,32219.6147860126,0.058321606807945604,2858346.4209977994,0.022994140066736043,0.00048120105461284696,0.0015220990917884673,0.02699744021313736,104.381654865083,266.2149722732891,3000.0,22.993781220538683,2.993781220538682,274.35211489804135,0.013981417791081615,169.97046003295836,169.97046003295836,7.392018668123016,0.0,200.66649108288803,1.0
0.449749666243955,0.8103112979085563,32229.296186046013,0.05830389565262646,2858775.828935179,0.0229936805819665,0.00048090883589648744,0.0015338307691028488,0.02700842018696583,104.45548484674872,266.25496561395056,3000.0,22.993705558438226,2.993705558438226,274.3409460978289,0.013981076203024178,169.8854612510802,169.8854612510802,7.388346381113664,0.0,200.5969328616168,1.0
0.4532187459511565,0.8103892892566914,32235.500535488147,0.058292550975287794,2859050.982177507,0.022993386199821584,0.00048072170518333467,0.0015413693416306998,0.027015477246635618,104.50289175004684,266.280592288254,3000.0,22.993657057350184,2.9936570573501826,274.3337894262263,0.013980857312695336,169.83089767617946,169.83089767617946,7.385988981769696,0.0,200.55222942596635,1.0
0.4621240704562816,0.8105893833949451,32251.421108702478,0.05826345999817438,2859756.913697193,0.02299263109021954,0.0004802420152621824,0.0015607859697388316,0.027033659075220554,104.62487075328414,266.3463399312127,3000.0,22.99353255577997,2.993532555779972,274.3154283121883,0.013980295694169632,169.69055755890417,169.69055755890417,7.379925513717918,0.0,200.43706561810018,1.0
0.4710293949614067,0.8107893129690016,32267.332513932142,0.058234414286359504,2860462.2646348844,0.02299187682501504,0.00047976331062530577,0.0015802952559335285,0.027051935391573877,104.7472553310388,266.4120335010827,3000.0,22.993408059209322,2.993408059209324,274.29708229895255,0.013979734487517152,169.54982696791376,169.54982696791376,7.373844996414337,0.0,200.32131667965388,1.0
0.4799347194665318,0.8109890775177838,32283.23470477903,0.058205413831812526,2861167.0333639034,0.02299112340527447,0.00047928559002444497,0.0015998966442231784,0.02707030563952209,104.87004365889541,266.4776728463617,3000.0,22.993283567634563,2.993283567634564,274.27875142882834,0.013979173694155788,169.40870776993293,169.40870776993293,7.367747510772811,0.0,200.20498445343856,1.0
0.4888400439716569,0.8111886765823771,32299.12763498905,0.058176458626169915,2861871.2182652005,0.02299037083205519,0.0004788088522078626,0.0016195895792539975,0.027088769263517054,104.99323391005268,266.5432578162579,3000.0,22.993159081052003,2.9931590810520015,274.2604357439269,0.013978613315497717,169.26720183387422,169.26720183387422,7.361633137804123,0.0,200.08807078853962,1.0
0.49774536847678696,0.8113881097060286,32315.011258452414,0.05814754866073676,2862574.8177273525,0.022989619106405516,0.00047833309592038167,0.0016393735063209537,0.02710732570864685,105.11682425537515,266.6087882606898,3000.0,22.993034599457935,2.993034599457934,274.24213528616104,0.013978053352949412,169.1253110307859,169.1253110307859,7.355501958613721,0.0,199.97057754025428,1.0
0.49831469914283844,0.8114008541086188,32316.026404576918,0.05814570194194722,2862619.779941471,0.0229895710763142,0.0004783027134637158,0.0016406414038738974,0.02710851519365181,105.12473913443117,266.61297586177864,3000.0,22.993026641333696,2.9930266413336954,274.2409658294676,0.013978017567893693,169.11622669503643,169.11622669503643,7.355109413522036,0.0,199.963046354065,1.0
0.49972185138217223,0.8114323501339139,32318.53526597218,0.058141138402526236,2862730.8978242567,0.022989452380481022,0.000478227637660726,0.0016437767122633557,0.027111456730405104,105.14430845441713,266.6233249376875,3000.0,22.993006972197197,2.993006972197198,274.2380756792751,0.013977929129214925,169.09376722485797,169.09376722485797,7.354138909683438,0.0,199.94442221894514,1.0
0.5066869922296688,0.8115881883302275,32330.950215602716,0.058118566362609994,2863280.6945134997,0.02298886517042982,0.0004778563866586642,0.0016593290661992672,0.027126050623287754,105.24131906969224,266.6745308059852,3000.0,22.992909615476187,2.992909615476185,274.22377559572965,0.01397749152798926,168.98245652603742,168.98245652603742,7.349328960624359,0.0,199.8520241176487,1.0
0.515634744032945,0.8117882356914153,32346.890611184142,0.05808960983970045,2863986.461003837,0.022988111575213053,0.00047738033870216973,0.0016793890121644508,0.027144880926079674,105.36629927634218,266.7402630787694,3000.0,22.99278455086485,2.99278455086485,274.2054187740665,0.013976929740753163,168.83911949772434,168.83911949772434,7.343134935406231,0.0,199.73280829775305,1.0
0.5245824958362211,0.8119881141536371,32362.82147204103,0.05806069896051939,2864691.63161913,0.022987358838786227,0.0004769052778135852,0.0016995391384719873,0.027163803255071797,105.49167782946427,266.80593985413117,3000.0,22.992659491278353,2.992659491278353,274.1870774509742,0.013976368377835299,168.69539962150992,168.69539962150992,7.336924190326917,0.0,199.61301303081922,1.0
0.5335302476394972,0.8121878232626236,32378.74275201105,0.058031833714880174,2865396.2047567153,0.02298660696217518,0.0004764312027055381,0.001719778885227821,0.02718281705010854,105.6174528648533,266.8715609828051,3000.0,22.992534436712887,2.992534436712887,274.16875166813753,0.013975807440638366,168.55129880328423,168.55129880328423,7.330696808010568,0.0,199.49264022326147,1.0
0.5424779994427733,0.812387362566378,32394.654405086007,0.058003014092256534,2866100.178821952,0.022985855946396353,0.0004759581120871826,0.0017401076932616502,0.027201921751745184,105.74362251623724,266.93712631627244,3000.0,22.992409387164635,2.9924093871646367,274.15044146703286,0.013975246930559,168.40681895079564,168.40681895079564,7.324452871163979,0.0,199.37169178745887,1.0
0.5496940365203895,0.8125481597760426,32407.479532079782,0.0579798053380907,2866667.470895425,0.02298525090716541,0.0004755772979177207,0.0017565666329086552,0.027217394837991786,105.84565993545031,266.98996163479825,3000.0,22.992308542894598,2.992308542894599,274.1356863326276,0.01397479521159364,168.29002639717726,168.29002639717726,7.319405360414954,0.0,199.27373326943712,1.0
0.5514340496853783,0.8125869164374264,32410.571128927782,0.05797421341698809,2866804.2042805576,0.0229851050971397,0.0004754855672722373,0.0017605439807290328,0.02722113464514097,105.87030247517541,267.00269643631304,3000.0,22.992284226661685,2.9922842266616834,274.13212992919864,0.013974686329749061,168.26182745402323,168.26182745402323,7.318186648845792,0.0,199.2500566723654,1.0
0.5604246794375017,0.8127870687784966,32426.539514548287,0.05794534749214945,2867510.3411396057,0.02298435221829061,0.00047501218737279076,0.00178114779120731,0.027240512196870716,105.99786541780354,267.06846320376,3000.0,22.992158587959178,2.9921585879591768,274.11376347433173,0.013974123997638057,168.11589805652818,168.11589805652818,7.311879718182234,0.0,199.12737575682536,1.0
0.5694153091896252,0.8129870483251932,32442.498042110594,0.05791652759463847,2868215.8683806215,0.022983600211571396,0.0004745397974831715,0.0018018398262327961,0.027259979835287364,106.12582109211415,267.1341731938177,3000.0,22.992032954310428,2.9920329543104294,274.0954128754876,0.013973562100949487,167.96959178337346,167.96959178337346,7.305556325408945,0.0,199.00411952185337,1.0
0.5784059389417487,0.8131868546282284,32458.44666557112,0.057887753712413004,2868920.7844185205,0.022982849077975178,0.0004740683962801718,0.0018226195216114033,0.027279536995866757,106.25416759701784,267.1998262588575,3000.0,22.99190732571152,2.9919073257115203,274.0770781738939,0.01397300064107558,167.82291057687604,167.82291057687604,7.2992165547397665,0.0,198.8802899310409,1.0
0.5873965686938721,0.8133864872406315,32474.38533904484,0.05785902583309284,2869625.0876763896,0.02298209881848563,0.0004735979824372396,0.001843486313942078,0.02729918311486495,106.38290302959248,267.26542225201223,3000.0,22.991781702158516,2.9917817021585167,274.05875941056564,0.013972439619402411,167.67585638097316,167.67585638097316,7.2928604904608765,0.0,198.7558889537246,1.0
0.5963871984460006,0.8135859457177467,32490.31401680548,0.057830343943961644,2870328.7765854853,0.022981349434076936,0.0004731285546245222,0.0018644396406274067,0.027318917629328865,106.51202548513656,267.3309610271753,3000.0,22.991656083647474,2.9916560836474733,274.0404566263057,0.013971879037309858,167.5284311411691,167.5284311411691,7.286488216928471,0.0,198.63091856492048,1.0
0.5996662216586067,0.8136586479190018,32496.120958040294,0.057819894653509084,2870585.269733482,0.022981076339836582,0.0004729575920916409,0.0018721030716920277,0.02732613700362025,106.55921440627493,267.3548497748025,3000.0,22.99161026986682,2.99161026986682,274.0337852994007,0.013971674693924243,167.47457089312576,167.47457089312576,7.284160131777315,0.0,198.58519859145886,1.0
0.6054057286397692,0.8137858477787978,32506.282037596367,0.0578016192382624,2871034.030457376,0.02298059860424733,0.0004726586593299896,0.001885544363950785,0.02733880162752811,106.64193555291926,267.39664555672425,3000.0,22.991530080368488,2.991530080368489,274.02211313772864,0.013971317158584587,167.38017758480936,167.38017758480936,7.28007996856757,0.0,198.50499028513005,1.0
0.6144402764277405,0.8139859283044121,32522.268242191516,0.05777288988801448,2871739.913951711,0.022979847325695378,0.0004721889215718884,0.0019067727404198736,0.02735880898768714,106.77246296213295,267.4623887267935,3000.0,22.99140385837693,2.9914038583769305,274.0037532728188,0.013970754728182969,167.23129031068586,167.23129031068586,7.27364415591156,0.0,198.37826787830582,1.0
0.6234748242157118,0.8141858316528108,32538.244215258474,0.057744206937708376,2872445.172365361,0.022979096933696118,0.0004717201754416984,0.0019280867948686163,0.027378903904006435,106.9033753889586,267.5280736793437,3000.0,22.991277641464652,2.991277641464653,273.9854096661117,0.013970192745820747,167.08203427715313,167.08203427715313,7.267192231884562,0.0,198.25097651629937,1.0
0.6325093720036831,0.8143855573822157,32554.209911046986,0.057715570373088054,2873149.804139733,0.022978347429199773,0.00047125241957692417,0.0019494859597944784,0.027399085808571172,107.03467089396173,267.5937002692138,3000.0,22.991151429627603,2.991151429627604,273.96708235814594,0.013969631212872964,166.9324114641842,166.9324114641842,7.260724282345701,0.0,198.12311822563444,1.0
0.6415439197916544,0.8145851050532108,32570.165283970317,0.057686980179562614,2873853.8077245695,0.022977598813146996,0.00047078565261189317,0.001970969668568737,0.027419354134327625,107.16634753617187,267.65926835201884,3000.0,22.99102522286172,2.991025222861718,273.9487713892434,0.013969070130708333,166.78242385307152,166.78242385307152,7.254240393213397,0.0,197.9946950382811,1.0
0.6496384067968239,0.8147637378440075,32584.451667110552,0.05766140421897481,2874484.023674789,0.022976928847277842,0.0004703682923663045,0.00199028930144453,0.02743758644108868,107.28464511021862,267.7179641491697,3000.0,22.9909121524383,2.990912152438303,273.9323796194925,0.01396856781412527,166.6477345092739,166.6477345092739,7.2484176967115275,0.0,197.87915639555035,1.0
0.6505831462034636,0.8147845774275891,32586.118543179233,0.05765842157252528,2874557.5456631677,0.022976850699482326,0.0004703196322252183,0.0019925485461305126,0.027439718877838054,107.29847185736926,267.724811693594,3000.0,22.990898955809516,2.9908989558095165,273.93046732973744,0.013968509210479202,166.63199547236817,166.63199547236817,7.247737280419056,0.0,197.8656420495106,1.0
0.6596626583717954,0.8149847584889414,32602.13240818292,0.05762978238580423,2875263.7838472845,0.022976100148834083,0.0004698525286798418,0.002014307653362307,0.027460260330876236,107.43156519244799,267.7905878980533,3000.0,22.99077213111622,2.990772131116221,273.91209823942916,0.013967946247370955,166.48053304698118,166.48053304698118,7.241189295320044,0.0,197.73544874904732,1.0
0.6687421705401273,0.8151847583956188,32618.135709932416,0.05760118998658868,2875969.382918252,0.022975350498292295,0.00046938641973767796,0.00203615043350223,0.0274808873515322,107.5650375673971,267.8563045780658,3000.0,22.990645311532276,2.990645311532276,273.8937457723047,0.013967383743660348,166.32870820490763,166.32870820490763,7.2346254727124135,0.0,197.60469111542574,1.0
0.6778216827084591,0.8153845767112191,32634.128402825114,0.0575726443587229,2876674.341336444,0.022974601748773017,0.0004689213040000225,0.0020580763150812023,0.02750159936785424,107.69888700643311,267.92196159023695,3000.0,22.990518497053504,2.9905184970535044,273.8754099684095,0.013966821700710893,166.1765229619764,166.1765229619764,7.228045900020645,0.0,197.4733712325617,1.0
0.686901194876791,0.8155842130017485,32650.110441426765,0.057544145485717596,2877378.6575707323,0.02297385390118267,0.0004684571800651194,0.002080084727574862,0.027522395808822653,107.83311153248648,267.9875587919635,3000.0,22.990391687675718,2.9903916876757166,273.8570908675677,0.013966260119879644,166.0239793350812,166.0239793350812,7.221450664717487,0.0,197.3414911895746,1.0
0.6959807070451228,0.8157836668356233,32666.081780471788,0.057515693350751615,2878082.330098489,0.022973106956418014,0.00046799404652819986,0.0021021751014142194,0.027543276104360435,107.96770916725828,268.0530960414341,3000.0,22.990264883394712,2.9902648833947105,273.8387885093824,0.01396569900251718,165.87107934212415,165.87107934212415,7.2148398543214975,0.0,197.20905308071633,1.0
0.6996105919350412,0.8158633550428579,32672.463934809257,0.05750433158725728,2878363.4698546315,0.022972808589281322,0.000467809167856837,0.0021110293859396513,0.027551647143077812,108.02162371521604,268.07928027573007,3000.0,22.990214189921858,2.990214189921859,273.83147612995305,0.013965474804211677,165.809852414737,165.809852414737,7.21219258963766,0.0,197.1559501603522,1.0
0.7050874841038757,0.815983535899061,32682.09028674719,0.05748720270832492,2878787.4675548994,0.02297235867643942,0.000467530515694435,0.0021244135696538934,0.02756430276178775,108.10308378623786,268.11876972851,3000.0,22.990137703448326,2.990137703448327,273.82044804874494,0.013965136667083974,165.7173642625071,165.7173642625071,7.208193635032073,0.0,197.0756588019024,1.0
0.7142124217465846,0.8161836185693077,32698.11982978634,0.057458702375222416,2879493.358615491,0.022971609817011785,0.00046706705698346606,0.0021467779380288958,0.027585454812024145,108.2391008403266,268.1845136032702,3000.0,22.990010275016054,2.9900102750160524,273.80208798703853,0.013964573680613747,165.56298714671192,165.56298714671192,7.201518623357654,0.0,196.9414396567701,1.0
0.7233373593892934,0.8163835156560824,32714.138429444778,0.057430249195886435,2880198.5949381497,0.022970861872132233,0.0004666045943194284,0.0021692233653875545,0.02760668983183922,108.37548872850405,268.2501964983537,3000.0,22.989882851718843,2.989882851718842,273.7837449549129,0.013964011166325336,165.40825622640884,165.40825622640884,7.1948281465054125,0.0,196.80666324096026,1.0
0.7324622970320023,0.8165832267310976,32730.146040463846,0.05740184315190714,2880903.1750118793,0.022970114842671977,0.0004661431262644718,0.002191749277563275,0.027628007246499726,108.51224543819154,268.3158182730324,3000.0,22.98975543355238,2.9897554335523777,273.7654189916688,0.013963449125563333,165.25317355347727,165.25317355347727,7.188122293475931,0.0,196.67133170049107,1.0
0.7415872346747111,0.816782751368524,32746.14261775856,0.057373484224544156,2881607.097334354,0.022969368729492474,0.00046568265137785837,0.002214355101416376,0.027649406482286712,108.64936895584064,268.3813787873856,3000.0,22.98962802051233,2.98962802051233,273.74711013638125,0.01396288755966569,165.0977411805406,165.0977411805406,7.181401153304147,0.0,196.53544718625506,1.0
0.7483146991428384,0.8169297335421074,32757.929184688885,0.05735260644425946,2882125.6500019636,0.022968819236323074,0.00046534379619932436,0.002231072344909917,0.027665235377432318,108.75069856460131,268.4296747122657,3000.0,22.989534087074176,2.9895340870741776,273.73362270254506,0.013962473843680627,164.98292413794377,164.98292413794377,7.176436178004369,0.0,196.43491190723114,1.0
0.7495827770732584,0.8169574272179354,32760.1501905137,0.05734867400197998,2882223.3532072334,0.02296871571673935,0.00046527998480534207,0.0022342282350537477,0.027668223936598436,108.76982060012772,268.43877439867555,3000.0,22.989516381618667,2.9895163816186687,273.73108146498333,0.013962395890274473,164.9612608648556,164.9612608648556,7.175499394008603,0.0,196.41592827582392,1.0
0.7507213293551402,0.8169822890900187,32762.144152572302,0.05734514400694945,2882311.065817383,0.02296862278608884,0.0004652227076140505,0.0022370630694693787,0.027670908563172274,108.78699542151567,268.44694360094843,3000.0,22.98950048474081,2.989500484740808,273.7288000804685,0.013962325907139828,164.94180465895283,164.94180465895283,7.174658047417442,0.0,196.39887466271978,1.0
0.7598939352382599,0.8171824792559458,32778.20193672698,0.05731673177258897,2883017.336122413,0.022967874623280413,0.0004647618231807802,0.0022599462041251375,0.027692582650586335,108.92556795245052,268.5127227970213,3000.0,22.989372416412984,2.9893724164129853,273.7104301547028,0.013961762368084787,164.78486220225227,164.78486220225227,7.167871276233975,0.0,196.26117308562502,1.0
0.7690665411213744,0.8173824797530972,32794.24843571168,0.05728836708942427,2883722.937276571,0.02296712738890731,0.00046430193792487137,0.0022829083529082284,0.02771433767974041,109.06450501207345,268.57843967105384,3000.0,22.98924435325207,2.98924435325207,273.6920776333951,0.013961199312891385,164.62757262132166,164.62757262132166,7.161069328406759,0.0,196.12291930472983,1.0
0.7782391470044888,0.8175822901590614,32810.28360445108,0.057260049937073336,2884427.8677895903,0.022966381083804614,0.0004638430503712335,0.002305948937949131,0.027736173072124976,109.20380455182715,268.64409408424865,3000.0,22.989116295253616,2.989116295253615,273.6737425553069,0.013960636742891337,164.46993800347974,164.46993800347974,7.154252294484089,0.0,195.98411552383695,1.0
0.7874117528876033,0.8177819100539572,32826.307398050456,0.057231780294821843,2885132.126180132,0.022965635708797453,0.00046338515904196696,0.002329067382481051,0.027758088250320473,109.34346452246788,268.70968589863963,3000.0,22.98898824241316,2.9889882424131615,273.6554249589674,0.013960074659409514,164.3119604364995,164.3119604364995,7.147420265036058,0.0,195.84476395134024,1.0
0.7965843587707179,0.8179813390204341,32842.3197717961,0.05720355814162466,2885835.7109757843,0.02296489126470107,0.00046292826245639666,0.0023522631108500885,0.02778008263800756,109.48348287412384,268.77521497709233,3000.0,22.98886019472624,2.988860194726239,273.6371248826737,0.013959513063763952,164.15364200854984,164.15364200854984,7.140573330652013,0.0,195.70486680014963,1.0
0.7995549622114756,0.8180458842894257,32847.50301962361,0.05719442840466779,2886063.4264912186,0.022964650371707362,0.00046278050675259685,0.0023597916584821785,0.027787222536942137,109.5289051426992,268.7964234909317,3000.0,22.9888187268187,2.988818726818699,273.631202055274,0.013959331292440246,164.1022969125748,164.1022969125748,7.138352729761336,0.0,195.6594436812343,1.0
0.8057895159483698,0.818181283347181,32858.3774439319,0.05717528355566214,2886541.1139609236,0.02296414511544048,0.00046247074301062306,0.0023756182725241876,0.027802234130975288,109.62435634321825,268.84091339445376,3000.0,22.988731697806443,2.9887316978064415,273.6187775156959,0.013958949966911138,163.99442117247764,163.99442117247764,7.133687205028618,0.0,195.56392693429683,1.0
0.8150102643787639,0.8183813727184622,32874.45069356793,0.0571470089842658,2887247.028662745,0.022963398643920538,0.0004620134499990786,0.002399089861829075,0.02782450195574869,109.76582611408136,268.90665947106373,3000.0,22.988602988439023,2.9886029884390246,273.6004168390866,0.013958386411511904,163.83459072500526,163.83459072500526,7.126774550302066,0.0,195.4222019879491,1.0
0.8242310128091529,0.8185812678983686,32890.5122683169,0.05711878233573921,2887952.258257978,0.02296265311552716,0.0004615571576820071,0.0024226378049808043,0.027846848078189976,109.90765180195973,268.9723417395817,3000.0,22.988474284265717,2.988474284265716,273.58207398193986,0.013957823353048878,163.67442217998013,163.67442217998013,7.1198471092971065,0.0,195.2799324759662,1.0
0.8334517612395419,0.818780968473255,32906.56212349806,0.05709060358737252,2888656.8012872846,0.022961908531048222,0.00046110186454435977,0.002446261521850437,0.02786927191744302,110.04983132255983,269.03796006409067,3000.0,22.988345585281927,2.988345585281927,273.56374898221253,0.013957260792833028,163.5139176596527,163.5139176596527,7.112904974090043,0.0,195.13712066392796,1.0
0.8426725096699309,0.8189804740320605,32922.6002146171,0.057062472716126224,2889360.6563004428,0.022961164891261567,0.00046064756906843746,0.0024699604334960682,0.02789177289382607,110.19236259123954,269.10351430952284,3000.0,22.98821689148306,2.9882168914830594,273.5454418776246,0.01395669873216831,163.35307928638508,163.35307928638508,7.105948236764115,0.0,194.99376882164455,1.0
0.8495271473496928,0.8191286584061737,32934.51516600888,0.057041591441093185,2889883.4503279156,0.022960612687451747,0.00046031049469477095,0.002487626417741922,0.027908549599888435,110.29854600706041,269.1522052577249,3000.0,22.988121224801123,2.9881212248011217,273.5318441270084,0.013956281224820476,163.23329811994802,163.23329811994802,7.100767240771335,0.0,194.88685349996334,1.0
0.8519058871179339,0.8191800570133337,32938.648439333185,0.05703435126808245,2890064.784459834,0.022960421180366952,0.0004601936495637747,0.002493766574025892,0.02791438140395662,110.33543945596644,269.16909399470455,3000.0,22.988088026612203,2.988088026612204,273.52712766856695,0.013956136403566313,163.19168821260052,163.19168821260052,7.098967431466304,0.0,194.8496817797821,1.0
0.8611758509091471,0.8193802332853772,32954.74829771783,0.0570061666381283,2890771.0057472843,0.02295967547705208,0.0004597389347244656,0.0025177417277692698,0.027937156139545817,110.47943384793297,269.23486862547577,3000.0,22.987958656347814,2.987958656347814,273.5087590177371,0.013955572353307518,163.0293251698041,163.0293251698041,7.091944422163199,0.0,194.70448367182317,1.0
0.8704458147003653,0.819580211220569,32970.836132050244,0.05697803032573688,2891476.527302916,0.022958930730843725,0.0004592852235973622,0.0025417911291160467,0.027960007083557135,110.62377741635116,269.30057808601947,3000.0,22.987829291309794,2.9878292913097924,273.4904085667684,0.013955008811866624,162.86663115041722,162.86663115041722,7.084906934296163,0.0,194.5587466761437,1.0
0.8797157784915786,0.8197799904117579,32986.91189788285,0.05694994230617076,2892181.3476903015,0.022958186942491524,0.00045883251462989594,0.0025659141947401956,0.027982933651861615,110.76846804219123,269.36622224255245,3000.0,22.987699931493417,2.987699931493417,273.47207635302215,0.013954445780539986,162.70360831083093,162.70360831083093,7.077855061433314,0.0,194.41247311555125,1.0
0.8889857422827917,0.8199795704544319,33002.975550960175,0.05692190255436389,2892885.465482325,0.022957444112734964,0.00045838080626697293,0.0025901103425778967,0.028005935261579837,110.91350360636314,269.43180096215883,3000.0,22.987570576893955,2.987570576893954,273.45376241361737,0.013953883260616777,162.54025880725425,162.54025880725425,7.0707888971369695,0.0,194.26566531678512,1.0
0.8982557060740048,0.8201789509467198,33019.02704721932,0.05689391104492295,2893588.879261183,0.02295670224230337,0.00045793009695100403,0.0026143789918373697,0.028029011331091744,111.05888198977621,269.4973141127902,3000.0,22.987441227506658,2.9874412275066584,273.43546678543055,0.01395332125337898,162.37658479565434,162.37658479565434,7.0637085349610516,0.0,194.1183256104374,1.0
0.89949933248791,0.8202056839439577,33021.17953343759,0.05689015946918621,2893683.1931952676,0.022956602788543345,0.0004578697072619037,0.002617640274565872,0.02803211277037112,111.0784114190392,269.5060981360152,3000.0,22.987423874834644,2.987423874834644,273.4330137020212,0.013953245895496449,162.354602282982,162.354602282982,7.062757582885084,0.0,194.09851868312964,1.0
0.907569217543922,0.8203790667109868,33035.1416620215,0.05686583659615597,2894294.8870773795,0.022955957853594375,0.0004574782748539476,0.002638834076971106,0.02805227020541943,111.2052864212803,269.5630688617012,3000.0,22.98731127571653,2.9873112757165305,273.41710368693816,0.013952757123579029,162.21181726565786,162.21181726565786,7.056580707506064,0.0,193.96976043660266,1.0
0.9168894764306189,0.8205791249995829,33051.255578148826,0.05683779050530479,2895000.6921195807,0.02295521389645235,0.00045702713181106357,0.0026633789701992093,0.02807561999846262,111.35213905010093,269.628804725052,3000.0,22.98718123503675,2.9871812350367524,273.3987458625501,0.013952193105732102,162.04660681244914,162.04660681244914,7.0494335584503895,0.0,193.82055486365363,1.0
0.926209735317321,0.8207789803598199,33067.357072284154,0.05680979310247838,2895705.78123114,0.02295447091123091,0.0004565769939309975,0.0026879953942923183,0.02809904329945423,111.49933178071518,269.69447390948153,3000.0,22.98705119961134,2.98705119961134,273.3804066593508,0.01395162961000596,161.88107487863562,161.88107487863562,7.042272341629128,0.0,193.67081871005493,1.0
0.935529994204018,0.8209786323940148,33083.446100431975,0.05678184436054977,2896410.1530090324,0.022953728898630125,0.0004561278596208607,0.0027126827642387358,0.02812253952248972,111.64686245994679,269.7600762843176,3000.0,22.98692116943542,2.986921169435421,273.3620861138328,0.013951066637674234,161.715223653886,161.715223653886,7.035097152067098,0.0,193.5205543594608,1.0
0.9448502530907149,0.8211780807071823,33099.52261879523,0.056753944252065744,2897113.806059751,0.022952987859339802,0.0004556797272853939,0.002737440496374938,0.028146108083000138,111.79472893491818,269.82561171977466,3000.0,22.98679114450411,2.986791144504111,273.3437842622408,0.013950504190003165,161.5490553273226,161.5490553273226,7.027908084767509,0.0,193.36976419906318,1.0
0.9494715176261272,0.8212768975077482,33107.48918730979,0.05674012856617366,2897462.4314358006,0.022952620790934318,0.00045545790088025954,0.0027497420375411307,0.028157820729355708,111.86816944024218,269.8580812952386,3000.0,22.986726676177838,2.986726676177839,273.33471659759107,0.013950225506493103,161.46654715734888,161.46654715734888,7.0243384119881584,0.0,193.29480365135575,1.0
0.9541961209787599,0.8213778720829179,33115.63070492634,0.056726016289426744,2897818.669434181,0.022952245761926213,0.00045523136813232313,0.0027623363218147613,0.028169813451873298,111.94333671586828,269.8912598799493,3000.0,22.98666076756844,2.9866607675684427,273.32545093041153,0.013949940725001426,161.38211421454326,161.38211421454326,7.020685424750124,0.0,193.2180341407727,1.0
0.9635671742492229,0.8215779953977622,33131.76948185992,0.056698062108500286,2898524.703888791,0.022951502648687824,0.0004547828090649866,0.00278736909600365,0.028193654553756463,112.09267962314992,269.9570171098558,3000.0,22.986530044575975,2.9865300445759755,273.30708713906023,0.013949376273787105,161.2144075159103,161.2144075159103,7.01342948253955,0.0,193.06536919505606,1.0
0.972938227519686,0.8217779115802762,33147.89548030638,0.056670157007096565,2899230.0075811613,0.02295076052143298,0.00045433525805797814,0.0028124712347526023,0.028217567014243564,112.2423554516024,270.02270627948525,3000.0,22.98639932687051,2.98639932687051,273.2887423546642,0.013948812356773543,161.04638690306177,161.04638690306177,7.006159799669132,0.0,192.9121799730994,1.0
0.9823092807901542,0.8219776202399783,33164.00865656114,0.05664230095599696,2899934.579133673,0.022950019380821134,0.0004538887134804995,0.002837642150394682,0.028241550244696316,112.3923620147778,270.0883272605317,3000.0,22.98626861444703,2.9862686144470305,273.2704166130549,0.013948248975217745,160.87805459827712,160.87805459827712,6.998876472589559,0.0,192.758468914951,1.0
0.9916803340606172,0.8221771209891434,33180.10896712419,0.056614493925657434,2900638.417178434,0.02294927922750132,0.00045344317369950366,0.0028628812566880322,0.028265603657888855,112.54269712683556,270.1538799255951,3000.0,22.98613790730051,2.9861379073005105,273.2521099498111,0.013947686130369154,160.70941282297554,160.70941282297554,6.991579597716302,0.0,192.60423846386794,1.0
0.9983146991428384,0.822318234357362,33191.49959968455,0.056594837180029806,2901136.2647183165,0.022948755823109058,0.00045312835432537,0.002880790534563187,0.028282674711997614,112.64932636575325,270.2002474575543,3000.0,22.986045374579554,2.986045374579553,273.2391610515137,0.01394728798184032,160.58983468576042,160.58983468576042,6.986405537307342,0.0,192.49473622687378,1.0
0.9994437027643445,0.8223422379317045,33193.43735619533,0.056591494535824245,2901220.949256611,0.02294866680204196,0.00045307482993290385,0.0028838416062977462,0.028285583238272613,112.66748823636608,270.2081346373057,3000.0,22.986029628079145,2.9860296280791445,273.236958426441,0.013947220253759452,160.56947019007492,160.56947019007492,6.985524372331243,0.0,192.4760759393943,1.0
1.0010636411790634,0.8223766739065708,33196.21739655967,0.056586699621093126,2901342.4392726677,0.022948539096206224,0.0004529980564474293,0.002888221104583151,0.028289758257236806,112.69355582440224,270.21944973229154,3000.0,22.98600703451998,2.9860070345199805,273.2337984994834,0.013947123088534403,160.54024267508115,160.54024267508115,6.984259703478932,0.0,192.44928837691714,1.0
1.0104877577672031,0.8225768841187968,33212.38281312087,0.05655883384424122,2902048.7803009804,0.022947796743588454,0.00045255201401184675,0.0029137387946754248,0.028314087552275727,112.84539777484824,270.28523551524853,3000.0,22.98587559786842,2.9858755978684197,273.21542673422164,0.013946558142073122,160.3700289593734,160.3700289593734,6.97689449664668,0.0,192.2931451811974,1.0
1.0199118743553428,0.8227768828966185,33228.53508681106,0.05653101755310653,2902754.3753893482,0.02294705539138713,0.000452106982805249,0.002939323675766577,0.028338486049958957,112.99756536218004,270.35095182433764,3000.0,22.98574416653841,2.9857441665384097,273.19707437068365,0.013945993742168976,160.1995090085036,160.1995090085036,6.9695158811396976,0.0,192.1364841430004,1.0
1.0293359909434825,0.822976669856953,33244.67417422666,0.05650325071632594,2903459.223186256,0.02294631504022004,0.0004516629611578121,0.0029649751575072675,0.028362953158885124,113.15005636631865,270.41659853368407,3000.0,22.98561274052479,2.98561274052479,273.17874144402214,0.013945429890061875,160.02868507770347,160.02868507770347,6.962123954849585,0.0,191.97930775956166,1.0
1.0387601075316273,0.8231762446195037,33260.80003217249,0.05647553330221593,2904163.322350019,0.022945575690694553,0.00045121994739765457,0.0029906926510478975,0.02838748828914011,113.3028685680873,270.48217551832875,3000.0,22.98548131982239,2.9854813198223913,273.160427989134,0.01394486658698406,159.8575594210467,159.8575594210467,6.95471881561982,0.0,191.82161853100743,1.0
1.048184224119767,0.8233756068067621,33276.91261766209,0.05644786527877415,2904866.6715487894,0.022944837343407624,0.0004507779398508711,0.0030164755690476864,0.028412090852306178,113.4559997492723,270.54768265422854,3000.0,22.98534990442603,2.9853499044260308,273.14213404066027,0.013944303834160123,159.686134291388,159.686134291388,6.947300561243099,0.0,191.66341896027103,1.0
1.0494158879025617,0.8234016462745548,33279.0174329834,0.056444252916119174,2904958.5387130706,0.02294474092084777,0.00045072024692363816,0.0030198500129309438,0.028415311180702355,113.476036337549,270.5562387950841,3000.0,22.98533272977729,2.985332729777291,273.13974459716235,0.013944230327162214,159.66370825961334,159.66370825961334,6.946330085218669,0.0,191.6427058461247,1.0
1.0576549156400659,0.8235757397301411,33293.09141899521,0.056420110241975616,2905572.7399022807,0.022944096357406563,0.0004503347598520787,0.003042451227937831,0.028436882345196472,113.61020683078044,270.6134430413415,3000.0,22.98521784490176,2.9852178449017615,273.12376936760694,0.0139437388557228,159.5135625368265,159.5135625368265,6.939832531202545,0.0,191.50392594810958,1.0
1.06713260929495,0.823775804944751,33309.26867674281,0.05639238455410254,2906278.5693794386,0.022943355838029884,0.00044989226610040714,0.0030685110518074675,0.02846175915593776,113.76484592854506,270.67918118046657,3000.0,22.9850856930936,2.985085693093599,273.10541090767134,0.013943174018351776,159.34056497912627,159.34056497912627,6.932345917988195,0.0,191.34380412687253,1.0
1.0766103029498344,0.823975654027699,33325.43238108124,0.05636470872069897,2906983.6363447406,0.02294261633407413,0.0004494507849264869,0.003094635267017284,0.0284867023860179,113.91980089502702,270.74484830228215,3000.0,22.984953546636135,2.984953546636134,273.08707228049104,0.013942609741190914,159.167271385464,159.167271385464,6.9248463375188445,0.0,191.18317378188817,1.0
1.0860879966047237,0.82417528660638,33341.582489142485,0.05633708270792789,2907687.939483638,0.022941877846104186,0.000449010314619771,0.0031208232824009,0.02851171144312486,114.07506947850902,270.8104442843563,3000.0,22.984821405524052,2.9848214055240514,273.06875352025725,0.01394204602545451,158.99368404174822,158.99368404174822,6.917333889030632,0.0,191.02203746963744,1.0
1.0955656902596078,0.8243747023110399,33357.71895827386,0.05630950648163401,2908391.47749164,0.02294114037467439,0.00044857085346780833,0.0031470745083797104,0.028536785736521908,114.23064942856509,270.87596900519407,3000.0,22.984689269752025,2.984689269752025,273.05045466089945,0.013941482872348988,158.81980523233437,158.81980523233437,6.909808671694426,0.0,190.86039774904995,1.0
1.099388073040779,0.8244550658195434,33364.22297638287,0.05629839898607863,2908674.999708634,0.022940843237977994,0.00044839390262402327,0.003157679461821727,0.02854691660242374,114.29348289737662,270.90237513238054,3000.0,22.98463598050174,2.9846359805017397,273.0430803142194,0.013941255910466794,158.7495974168428,158.7495974168428,6.9067701377351725,0.0,190.79506608330644,1.0
1.1050760147455971,0.824574586221162,33373.897231638075,0.056281885322116455,2909096.667327108,0.02294040138654118,0.00044813089193856276,0.003173479060638106,0.02856201133911785,114.38707573927205,270.94164757064624,3000.0,22.984556684410933,2.9845566844109346,273.0321128378949,0.01394091834710491,158.64503709862282,158.64503709862282,6.902244810587205,0.0,190.69769808410013,1.0
1.1146083941689249,0.8247747138022203,33390.09915672707,0.05625425034196741,2909802.7168329083,0.022939661712861718,0.00044769092629508235,0.003200007525527965,0.028587360164684765,114.54417486334724,271.0074062023605,3000.0,22.984423796982327,2.9844237969823286,273.01374865506557,0.013940353083600504,158.46957379171835,158.46957379171835,6.89465070742927,0.0,190.53411765400793,1.0
1.1241407735922528,0.8249746208911917,33406.28715652172,0.056226665618587045,2910507.9884432876,0.022938923069110186,0.0004472519762614218,0.0032265981476381294,0.028612773193009734,114.7015821156132,271.07309238400137,3000.0,22.9842909149393,2.9842909149393,272.99540470511465,0.013939788392862851,158.29382258950145,158.29382258950145,6.887043989101871,0.0,190.37003579310905,1.0
1.1336731530155806,0.8251743071235236,33422.461188509384,0.05619913111594213,2911212.4808721044,0.02293818545580766,0.000446814040087869,0.003253250333693929,0.028638249829589457,114.85929521235468,271.13870599578286,3000.0,22.984158038276384,2.984158038276384,272.9770810214942,0.01393922427608727,158.11778580913952,158.11778580913952,6.879424756209039,0.0,190.2054551140168,1.0
1.1432055324389139,0.8253737721375812,33438.62121039958,0.0561716467976817,2911916.192843513,0.022937448873464533,0.00044637711602292637,0.003279963492088675,0.028663789481576135,115.0173118714872,271.2042469188777,3000.0,22.984025166988108,2.9840251669881064,272.95877763738883,0.013938660734461018,157.94146576590163,157.94146576590163,6.871793109274546,0.0,190.0403782314181,1.0
1.1493602581789961,0.8255024420615168,33449.047711364445,0.05615392777413558,2912370.139949283,0.022936973835829867,0.0004460955462418021,0.003297243365626534,0.0286803127476982,115.11949793695332,271.2465257396981,3000.0,22.983939379473,2.983939379473002,272.9469705791348,0.01393829718135479,157.82747264218148,157.82747264218148,6.866859072171827,0.0,189.93353143741592,1.0
1.1527576844772043,0.8255734286264269,33454.800656399166,0.05614415577368081,2912620.5803374,0.022936711797930467,0.0004459402991646377,0.0033067926304711174,0.028689444727566224,115.1759585164212,271.26985075743875,3000.0,22.98389202547635,2.98389202547635,272.94045668310144,0.013938096602027761,157.76449816668026,157.76449816668026,6.864133280464736,0.0,189.87446381494573,1.0
1.1623458659707528,0.8257736140750851,33471.026896277435,0.056116611660932986,2913326.8339999197,0.022935972984350284,0.0004455028532112516,0.0033337833454545147,0.028715259183016054,115.33550549379694,271.33562840349464,3000.0,22.98375838718882,2.983758387188823,272.9220871902036,0.013937530924948406,157.58658169640668,157.58658169640668,6.856432226691247,0.0,189.7074278000379,1.0
1.1719340474643014,0.8259735746251384,33487.23883420771,0.05608911820929561,2914032.2942208354,0.022935235215323323,0.00044506642591001584,0.0033608339585774636,0.028741135599810806,115.4953526636657,271.4013321515678,3000.0,22.98362475432231,2.9836247543223102,272.9037383345366,0.013936965833335783,157.40838567087093,157.40838567087093,6.84871891851039,0.0,189.53989772403057,1.0
1.1815222289578502,0.8261733099204729,33503.43642806303,0.05606167538049424,2914736.959743778,0.02293449849132547,0.0004446310154715265,0.003387943874675697,0.028767073381472698,115.65549771091136,271.46696188464495,3000.0,22.983491126871193,2.983491126871193,272.88541014877836,0.013936401328365175,157.229912437867,157.229912437867,6.840993457866866,0.0,189.37187625538283,1.0
1.1911104104513988,0.8263728196079606,33519.61963594568,0.05603428313593707,2915440.8293229146,0.02293376281282176,0.00044419662010471313,0.003415112500334338,0.028793071933260812,115.81593832239908,271.5325174866942,3000.0,22.98335750482984,2.9833575048298404,272.86710266533277,0.013935837411203583,157.0511643429337,157.0511643429337,6.833255946609635,0.0,189.2033660642358,1.0
1.1993324433172134,0.8265437226989544,33533.485529979356,0.05601083406560043,2916043.77491541,0.022933132788677674,0.0004438249255714205,0.0034384563796941584,0.028815414093943253,115.9537525871531,271.5886734316172,3000.0,22.983242925902974,2.983242925902974,272.8514201912205,0.013935354311427872,156.89766760406738,156.89766760406738,6.826611375509495,0.0,189.05847843124937,1.0
1.2007066216794056,0.8265722701351529,33535.80195086327,0.05600691856026319,2916144.490184706,0.022933027565478235,0.0004437628755001301,0.0034423620694413364,0.0288191525104197,115.97680691773908,271.5980536496433,3000.0,22.98322377629606,2.983223776296062,272.8488006105766,0.013935273611491106,156.8719936928375,156.8719936928375,6.825499991634278,0.0,189.03422809150183,1.0
1.2103511590845413,0.826772496687622,33552.05115624709,0.05597946715100814,2916850.888861347,0.022932289671532425,0.0004433279674145213,0.0034698069253392095,0.028845424564286154,116.13877927255146,271.6638448017354,3000.0,22.983089379758578,2.983089379758578,272.83042734589526,0.013934707568085987,156.6916480733438,156.6916480733438,6.817693021345669,0.0,188.8637505016213,1.0
1.219995696489677,0.826972493916298,33568.28567999168,0.055952066803055533,2917556.4784843335,0.02293155283675565,0.00044289408090954094,0.0034973093884544636,0.028871756306119656,116.3010436520311,271.72956060180076,3000.0,22.982954988677438,2.9829549886774385,272.8120751245106,0.013934142122919772,156.51103147247952,156.51103147247952,6.8098741675987595,0.0,188.6927865596472,1.0
1.229640233894813,0.8271722614739776,33584.50548039561,0.055924717475849574,2918261.257828733,0.02293081706157705,0.0004424612141558653,0.0035248688620683373,0.028898147137801256,116.46359771073179,271.79520093575394,3000.0,22.982820603046864,2.9828206030468656,272.79374397828286,0.013933577277146336,156.33014626755107,156.33014626755107,6.802043533630775,0.0,188.52133898904543,1.0
1.2392847712999486,0.8273717990165148,33600.71051599411,0.055897419128517374,2918965.2256804,0.022930082346414755,0.0004420293653226215,0.0035524847512937983,0.02892459646303118,116.62643910555094,271.8607656905143,3000.0,22.98268622286107,2.9826862228610693,272.77543393879165,0.013933013031911062,156.1489948332407,156.1489948332407,6.794201222567185,0.0,188.34941051455326,1.0
1.2483146991428384,0.8275584119951008,33615.869446508776,0.05587190657440417,2919623.595709208,0.02292939541304969,0.0004416259576268559,0.00357839139655675,0.0289494127672333,116.77916161636907,271.92208364612566,3000.0,22.9825604111419,2.982560411141899,272.7583098880289,0.013932485289232596,155.97914827165985,155.97914827165985,6.786848178849623,0.0,188.188004892874,1.0
1.248931148080505,0.8275711441920574,33616.903831893374,0.05587016652818771,2919668.5148618873,0.022929348551856767,0.0004415984505071719,0.0035801617458302176,0.028951108748194156,116.78959663376759,271.92626723664404,3000.0,22.982551822487242,2.9825518224872423,272.7571415513534,0.013932449280911993,155.96754491758583,155.96754491758583,6.786345838453832,0.0,188.1769709358123,1.0
1.2493046284554306,0.8275788576339627,33617.530492803395,0.05586911240883057,2919695.727861797,0.022929320162747457,0.0004415817871208838,0.0035812344354566785,0.028952136385325018,116.79591933185597,271.9288017467941,3000.0,22.982546618994935,2.982546618994935,272.7564337475782,0.013932427466189374,155.96051441572226,155.96051441572226,6.78604146882582,0.0,188.17028498231912,1.0
1.2586331642100337,0.8277714063868202,33633.17556767001,0.05584280809550469,2920375.039284434,0.02292861159527053,0.0004411660736513586,0.003608054108591055,0.028977831777512945,116.95398044922,271.9920701002077,3000.0,22.982416652387677,2.9824166523876765,272.7387650160504,0.013931882886517543,155.7847845668304,155.7847845668304,6.778433570459428,0.0,188.00305699357085,1.0
1.2683363295040229,0.8279714584660294,33649.43416199678,0.05581549789468248,2921080.822419937,0.022927875625482985,0.00044073467027715314,0.0036360050763515504,0.029004615372111686,117.11866744294943,272.0578039232561,3000.0,22.982281471770946,2.9822814717709445,272.7204077614505,0.013931317036297507,155.60174031850104,155.60174031850104,6.77050885960239,0.0,187.8286440105821,1.0
1.278039494798012,0.8281712763575595,33665.677645400516,0.05578823912637369,2921785.77934201,0.022927140730228474,0.0004403042897882596,0.0036640107504182975,0.029031455770435033,117.28363578530022,272.1234607960847,3000.0,22.98214629664178,2.982146296641781,272.7020719964689,0.013930751798507016,155.41843621116865,155.41843621116865,6.762572746910016,0.0,187.6537553368825,1.0
1.2877426600920012,0.8283708597264045,33681.90597685674,0.055761031747381194,2922489.9088687547,0.022926406909877378,0.000439874930313107,0.0036920705344395807,0.029058352374630066,117.44888310295939,272.18904060861615,3000.0,22.982011126994237,2.982011126994236,272.6837577518467,0.013930187174269444,155.23487464888734,155.23487464888734,6.754625336794454,0.0,187.4783937524775,1.0
1.2974458253859904,0.8285702082405991,33698.119115578236,0.05573387571420456,2923193.209828996,0.022925674164789234,0.0004394465899789148,0.003720183833974239,0.029085304588742387,117.61440702531783,272.254543251772,3000.0,22.98187596282235,2.981875962822349,272.6654650580458,0.0139296231646997,155.05105803272798,155.05105803272798,6.746666733540517,0.0,187.30256203820858,1.0
1.2992768135936479,0.828607798957229,33701.17682914022,0.05572875712323357,2923325.829764534,0.022925536016345536,0.00043936587626471464,0.00372549476971205,0.0290903966623223,117.6456722336105,272.26689494301655,3000.0,22.981850457943974,2.9818504579439726,272.66201564448056,0.013929516805068685,155.01634341087006,155.01634341087006,6.745163697524916,0.0,187.26933007780084,1.0
1.3071970175846057,0.8287703065195182,33714.39715641156,0.05570663695265337,2923899.155956937,0.022924938876508313,0.00043901715435517067,0.003748489599015579,0.029112445629879066,117.78102649922171,272.32029225528527,3000.0,22.98174013515059,2.981740135150591,272.6471035640505,0.013929056983856753,154.8660770648288,154.8660770648288,6.73865756701169,0.0,187.1253892059891,1.0
1.316959380352061,0.8289703957656872,33730.67839280668,0.05567941884281403,2924605.0702173626,0.022924203834407755,0.00043858825400847014,0.0037768807293853805,0.02913967281780161,117.94811187466522,272.3860382907854,3000.0,22.98160415740756,2.981604157407561,272.6287428989218,0.01392849077849077,154.6806310242566,154.6806310242566,6.730628113024872,0.0,186.94754344403336,1.0
1.3267217431195106,0.8291702462896361,33746.944127663686,0.05565225257278379,2925310.142266512,0.022923469881759934,0.0004381603795607561,0.0038053242301957484,0.02916695449151644,118.11547003191775,272.45170588609017,3000.0,22.981468185188977,2.9814681851889766,272.6104041395119,0.013927925198661747,154.49493410759413,154.49493410759413,6.7225876459521645,0.0,186.76923027827266,1.0
1.3364841058869603,0.8293698577657179,33763.1943204181,0.05562513809703704,2926014.3709555035,0.022922737018886877,0.0004377335291001175,0.003833819503943558,0.029194290051930555,118.28309856839765,272.51729493419737,3000.0,22.981332218488724,2.9813322184887254,272.59208731570277,0.013927360245470425,154.30898874730514,154.30898874730514,6.714536271450875,0.0,186.59045254325832,1.0
1.34624646865441,0.8295692298714014,33779.42893075047,0.05559807536974515,2926717.755146446,0.0229220052460996,0.0004373077007135519,0.0038623659551198547,0.02922167890193301,118.45099508460679,272.58280532912846,3000.0,22.981196257300684,2.9811962573006854,272.5737924570908,0.013926795920008849,154.122797372484,154.122797372484,6.706474095034202,0.0,186.4112130739397,1.0
1.349248998731865,0.829630500937815,33784.41893759219,0.05558976230638893,2926933.9192850045,0.02292178039996705,0.00043717693737986704,0.0038711559524563168,0.029230113289803232,118.50268715711923,272.6029379938503,3000.0,22.98115444193744,2.9811544419374396,272.5681700783071,0.013926622481432272,154.06548292118788,154.06548292118788,6.703992321640709,0.0,186.35599345010485,1.0
1.3560506168155744,0.829769214109002,33795.717306342216,0.05557094884178282,2927423.298936958,0.02292127143853572,0.00043688107638968686,0.0038910855006642933,0.0292492380155897,118.61987752809449,272.64851686054004,3000.0,22.98105971970568,2.9810597197056787,272.55544142779814,0.013926229811948455,153.93556389970365,153.93556389970365,6.698366645281713,0.0,186.23074456865194,1.0
1.3658733248889703,0.8299693341757735,33812.02067515463,0.05554382320832103,2928129.321932377,0.022920537344983328,0.0004364546743260532,0.003919909975872429,0.029276901995181813,118.78934586786758,272.71427302318324,3000.0,22.980922929198666,2.980922929198667,272.5370779344977,0.013925663269309193,153.7477320666301,153.7477320666301,6.690233135558025,0.0,186.04947315539135,1.0
1.3756960329623718,0.8301692109397362,33828.30814692273,0.055516749823536084,2928834.486556216,0.022919804355915736,0.00043602930117446714,0.003948784460435437,0.02930461811752564,118.95907821690625,272.779949240525,3000.0,22.980786144253504,2.980786144253502,272.51873676724165,0.013925097365459192,153.5596585503354,153.5596585503354,6.682089010637871,0.0,185.86774292367613,1.0
1.3855187410357677,0.8303688440850792,33844.57968158044,0.05548972863952033,2929538.791694296,0.022919072471604927,0.00043560495498205434,0.003977708355956981,0.029332385782543963,119.12907214417997,272.84554540879503,3000.0,22.980649364863908,2.980649364863906,272.50041795500965,0.013924532101475219,153.37134581082967,153.37134581082967,6.673934377386465,0.0,185.68555676204585,1.0
1.3953414491091636,0.8305682332991848,33860.835239314736,0.05546275960806312,2930242.2362437015,0.022918341692311696,0.00043518163379496506,0.0040066810661198325,0.029360204392226495,119.29932522213434,272.9110614252723,3000.0,22.98051259102359,2.980512591023589,272.4821215264881,0.013923967478425073,153.18279630435373,153.18279630435373,6.665769342507548,0.0,185.5029175589803,1.0
1.3992211838700823,0.8306469200009561,33867.25138562938,0.055452121842557406,2930519.842691573,0.022918053356446578,0.0004350147140005144,0.00401813791093791,0.029371205981385005,119.36664197648007,272.93691658134435,3000.0,22.980458570155253,2.9804585701552524,272.474901047582,0.013923744642628995,153.10825907110194,153.10825907110194,6.662541506893331,0.0,185.43065526828116,1.0
1.4052013670211445,0.830768132197834,33877.136267795395,0.05543574081443965,2930947.478958648,0.02291760925627664,0.0004347577378745815,0.00403581202310051,0.029388179017251735,119.47048142757629,272.97674491570797,3000.0,22.980375304638695,2.9803753046386943,272.4637783281006,0.013923401362147732,152.9932969005243,152.9932969005243,6.657563023770195,0.0,185.3191337816651,1.0
1.4150855765286983,0.8309682762657283,33893.461218971504,0.05540870809952078,2931653.5866299565,0.0229168761337781,0.0004343338302557067,0.004065062913717273,0.02941627287775108,119.64231647864874,273.0425089647254,3000.0,22.98023768562459,2.9802376856245902,272.44541263240006,0.013922834501470952,152.8030961537513,152.8030961537513,6.649326183833951,0.0,185.1344449081863,1.0
1.4249697860362522,0.8311681724049478,33909.76987273653,0.055381728043498245,2932358.819609643,0.02291614413090448,0.0004339109545570123,0.004094361427445196,0.02944441651290669,119.81440655876031,273.10819154845785,3000.0,22.980100072210238,2.9801000722102393,272.4270696872244,0.013922268292978858,152.61266312846408,152.61266312846408,6.6410791358136025,0.0,184.94930610476038,1.0
1.4348539955438115,0.8313678203100243,33926.06218956384,0.05535480059602605,2933063.176820019,0.022915413247875955,0.0004334891087840076,0.004123706965265662,0.02947260932192563,119.98674920932413,273.17379256653356,3000.0,22.97996246438919,2.9799624643891907,272.4087495206041,0.013921702737722785,152.42200031127996,152.42200031127996,6.632821987741718,0.0,184.76372031326693,1.0
1.4447382050513653,0.8315672196787637,33942.338130188225,0.055327925706455165,2933766.6571949413,0.022914683484901312,0.00043306829094134284,0.004153098930325331,0.029500850706167987,120.1593419756347,273.2393119196565,3000.0,22.97982486215498,2.9798248621549814,272.3904521602692,0.013921137836744877,152.2311101846345,152.2311101846345,6.624554847471484,0.0,184.57769047504837,1.0
1.4491933690082994,0.8316570147110934,33949.66890955429,0.05531582941025028,2934083.4537997097,0.02291435492108731,0.000432878948954977,0.004166361952350074,0.02951359582239236,120.23721678007503,273.2688170904556,3000.0,22.97976284177022,2.9797628417702207,272.3822123545305,0.01392088343002095,152.1449955744555,152.1449955744555,6.620825315825373,0.0,184.4936958307008,1.0
1.4546565386527415,0.8317670573251407,33958.6537612649,0.05530101081354182,2934471.6838120557,0.022913952328563636,0.000432647051524429,0.004182638437248182,0.029529237817336247,120.33277954475653,273.3049752836029,3000.0,22.97968679047421,2.979686790474213,272.37211458253586,0.013920571644221228,152.03933503777932,152.03933503777932,6.616249230202925,0.0,184.39057500071556,1.0
1.4646028750460347,0.8319672072616761,33974.99881870001,0.055274072973020276,2935177.812187912,0.022913220240895968,0.0004322256581879709,0.004212307087571786,0.029557752986655722,120.50695473660659,273.3707412609593,3000.0,22.979548334606847,2.979548334606845,272.35374834831487,0.013920004516826073,151.84679361170828,151.84679361170828,6.607910277463084,0.0,184.20248818261018,1.0
1.4745492114393277,0.8321671046267365,33991.327175354825,0.05524718819697803,2935883.0494923624,0.022912489287973528,0.0004318052996583121,0.004242020944875939,0.029586315532507783,120.68137574145052,273.43642424748293,3000.0,22.97940988437701,2.979409884377008,272.33540529065306,0.013919438055079643,151.65402954920253,151.65402954920253,6.599561534097854,0.0,184.0139606782082,1.0
1.4844955478326207,0.8323667491257823,34007.63879229232,0.055220356432580414,2936587.3946862714,0.022911759469962753,0.0004313859738989968,0.004271779409901066,0.029614924853762818,120.85604007451755,273.50202414639296,3000.0,22.979271439778074,2.9792714397780724,272.3170854365782,0.01391887226000617,151.46104536206067,151.46104536206067,6.591203109245462,0.0,183.82499548149804,1.0
1.4944418842259193,0.832566140467631,34023.933630845575,0.05519357762668946,2937290.846742348,0.022911030787018487,0.000430967678872824,0.004301581885639908,0.029643580351531217,121.03094525533632,273.5675408620116,3000.0,22.979133000803397,2.9791330008033974,272.29878881280996,0.013918307132620421,151.26784355747364,151.26784355747364,6.582835111846257,0.0,183.6355955854329,1.0
1.4983146991428384,0.8326437091344735,34030.27382170492,0.055183165049608005,2937564.508766344,0.02291074736606989,0.0004308050852858768,0.004313197881599708,0.029654750332955476,121.09911287337239,273.59302865019396,3000.0,22.979079098201694,2.979079098201695,272.29167092744814,0.01391808726922686,151.19255805407573,151.19255805407573,6.579574290507917,0.0,183.5617318216733,1.0
1.4991655541465168,0.8326607457718688,34031.66641582512,0.055180878487325946,2937624.6139719817,0.02291068512172618,0.0004307693844611928,0.004315750787054537,0.02965720529324191,121.11409408383021,273.598626609047,3000.0,22.979067255948046,2.9790672559480447,272.29010760508015,0.013918038978966641,151.17601352124996,151.17601352124996,6.578857698504652,0.0,183.54549524733,1.0
1.5044247494673557,0.8327660092491964,34040.2714041059,0.0551667536699817,2937995.9832043136,0.02291030056939063,0.00043054888198639294,0.004331537468407071,0.02967238691978409,121.20673247485108,273.63321445646886,3000.0,22.978994059047267,2.9789940590472654,272.28044837803776,0.013917740602135017,151.07371590318667,151.07371590318667,6.574426866336478,0.0,183.44506601587904,1.0
1.5144354635047728,0.8329661789266746,34056.63770384282,0.055139908346745474,2938702.1812261567,0.022909569463196642,0.00043012995533591564,0.004361619933359782,0.02970131935189234,121.38324869922396,273.69898692037435,3000.0,22.97885473536683,2.9788547353668307,272.2620803323409,0.013917173168673707,150.87883163311693,150.87883163311693,6.565985701667665,0.0,183.25357126848655,1.0
1.5244461775421898,0.833166091290139,34072.98689090565,0.05511311650614176,2939407.4714449313,0.022908839507218136,0.0004297120665919782,0.004391745173743143,0.02973029674755326,121.56000136105406,273.76467483512687,3000.0,22.97871541736341,2.978715417363412,272.2437358983899,0.013916606414612594,150.68373453733585,150.68373453733585,6.557535171155593,0.0,183.0616452969484,1.0
1.5344568915796069,0.8333657460561859,34089.3189269592,0.05508637809280301,2940111.8528607893,0.02290811070156683,0.0004292952136753262,0.004421912590117559,0.02975931850535972,121.73698794937994,273.8302781076046,3000.0,22.9785761050302,2.978576105030201,272.22541510219065,0.013916040340948295,150.48842715281071,150.48842715281071,6.549075385043878,0.0,182.86929114776535,1.0
1.5444676056170237,0.8335651429447004,34105.63377393469,0.05505969305107849,2940815.324485487,0.02290738304634324,0.0004288793945063936,0.004452121585360978,0.02978838402621061,121.91420595783184,273.89579664576644,3000.0,22.978436798360377,2.9784367983603786,272.2071179694471,0.013915474948668105,150.29291201161527,150.29291201161527,6.540606453365853,0.0,182.676511866038,1.0
1.5491377392847339,0.8336580760022752,34113.23898040928,0.055047262359066915,2941143.1920339083,0.022907043978884423,0.00042868576226639344,0.004466228546433074,0.02980195828758389,121.9969590178246,273.92633292005115,3000.0,22.978371811847737,2.978371811847737,272.1985902110484,0.01391521141887196,150.2016311932238,150.2016311932238,6.536652484480178,0.0,182.58643314958695,1.0
1.5545130070298199,0.8337649712504441,34121.98783569999,0.05503296913806159,2941520.3181488747,0.022906654026279942,0.0004284631715473824,0.004482476452174714,0.029817593650002035,122.09226813782576,273.9614569405344,3000.0,22.978297014675437,2.978297014675437,272.18878124883247,0.013914908283203423,150.09651311100671,150.09651311100671,6.53209909399053,0.0,182.48264031749787,1.0
1.5645887412282555,0.8339651415486349,34138.3738164349,0.05500621840243157,2942226.51836059,0.022905923968725983,0.00042804673320056354,0.004512963831340769,0.029846934533267318,122.27109700456073,274.0272296083958,3000.0,22.978156814618682,2.9781568146186808,272.1704131461775,0.013914340597851677,149.8993161416168,149.8993161416168,6.523557017691297,0.0,182.28775950506594,1.0
1.5746644754266912,0.8341650497745415,34154.742269632785,0.05497952156256423,2942931.793982073,0.02290519507683064,0.0004276313357309349,0.004543491524733339,0.029876317937294915,122.45015269366976,274.0929161636149,3000.0,22.978016620278275,2.978016620278275,272.1520690918987,0.013913773605717668,149.70191639822892,149.70191639822892,6.515006010837151,0.0,182.09245729518588,1.0
1.5847402096251268,0.8343646956560123,34171.09315757249,0.054952878560573085,2943636.1440531737,0.02290446735065075,0.0004272169770171186,0.004574058933057617,0.02990574326072548,122.62943266904354,274.15851651676707,3000.0,22.977876431647232,2.9778764316472306,272.1337491109693,0.013913207307769987,149.50431644192577,149.50431644192577,6.506446184731621,0.0,181.89673678597688,1.0
1.5948159438235625,0.83456407892427,34187.426442808195,0.05492628933828831,2944339.567625645,0.022903740790231747,0.00042680365493754063,0.004604665459424109,0.029935209904593398,122.8089343995972,274.2240305795365,3000.0,22.97773624871855,2.977736248718549,272.1154532280529,0.01391264170496768,149.3065188284557,149.3065188284557,6.497877650448808,0.0,181.70060107363477,1.0
1.5991099244229512,0.8346489703173534,34194.38184847679,0.05491497412542453,2944639.0642058575,0.02290343150589932,0.00042662782377101457,0.00461772079944383,0.029947780129114164,122.88549950989864,274.2519244951275,3000.0,22.977676508622082,2.9776765086220824,272.1076633919145,0.013912400873228719,149.22216388201588,149.22216388201588,6.494223374849156,0.0,181.61688840262713,1.0
1.604929671537356,0.8347639496579977,34203.803577672916,0.05489965387895061,2945044.710974833,0.022903012662500503,0.00042638981467421725,0.004635426137672995,0.029964828614847713,122.98933346170607,274.2897048154422,3000.0,22.97759554291656,2.9775955429165593,272.0971126141456,0.0139120746694321,149.10777915243955,149.10777915243955,6.489268160105895,0.0,181.5033113350322,1.0
1.6150716161951955,0.8349641117833309,34220.208519057756,0.05487299840180668,2945750.882352731,0.022902283682865274,0.0004259758643493638,0.004666311012512851,0.02999457055972749,123.17045507921587,274.355474797837,3000.0,22.97745445030563,2.977454450305631,272.0787452614515,0.013911506757135027,148.90829018223565,148.90829018223565,6.480626063443463,0.0,181.30505734611398,1.0
1.6252135608530351,0.8351640070335651,34236.59551311174,0.05484639723435447,2946456.112196082,0.02290155588443139,0.00042556295785569064,0.004697233715426482,0.030024352557713567,123.35179368738014,274.4211570894636,3000.0,22.977313363450854,2.977313363450853,272.06040239785125,0.013910939552015911,148.7086087104711,148.7086087104711,6.471975481128977,0.0,181.10639211005304,1.0
1.6353555055108746,0.8353636351484045,34252.9645227775,0.054819850316123735,2947160.3995865597,0.022900829267198736,0.00042515109302895235,0.004728193647577437,0.030054174007805128,123.53334672608769,274.48675160479286,3000.0,22.97717228234505,2.97717228234505,272.04208404723016,0.013910373055013626,148.50873732114246,148.50873732114246,6.463316525473936,0.0,180.90731877561834,1.0
1.645497450168714,0.8355629958710167,34269.315511282395,0.05479335758636044,2947863.7436180613,0.02290010383115557,0.0004247402677048211,0.004759190212623666,0.030084034311484056,123.71511164069909,274.5522582594339,3000.0,22.97703120698104,2.977031206981037,272.0237902331558,0.013909807267057223,148.30867859245672,148.30867859245672,6.454649308540633,0.0,180.7078404891094,1.0
1.6490821095611685,0.8356333956987079,34275.090433228695,0.05478400670938236,2948112.11399903,0.022899847709090888,0.0004245953101673772,0.0047701545657107,0.030094597584968963,123.77940645317244,274.5753904849743,3000.0,22.97698134541791,2.976981345417913,272.01733017752514,0.01390960745968243,148.2379237243527,148.2379237243527,6.451583935063534,0.0,180.63723883453136,1.0
1.6556829786843952,0.835762943950049,34285.71859203903,0.054766805483845445,2948569.1598412525,0.022899376466424114,0.0004243287209368571,0.004790356252738051,0.030114061440099024,123.89786834383305,274.6179579097347,3000.0,22.97688953113324,2.9768895311332377,272.0054425218594,0.013909239762240639,148.1075741780263,148.1075741780263,6.445936643310376,0.0,180.50710056965684,1.0
1.6658923331095872,0.8359630885930376,34302.14172878903,0.05474024599382878,2949275.2695414918,0.02289864859573441,0.00042391725922708435,0.004821631071761653,0.030144196926723148,124.08126183371807,274.68372214771864,3000.0,22.97674752967536,2.976747529675362,271.98707677338683,0.013908671649440938,147.90581493966874,147.90581493966874,6.437195462440567,0.0,180.30548758399453,1.0
1.676101687534785,0.8361629615150528,34318.54649357198,0.05471374122792499,2949980.4206109517,0.022897921921881562,0.00042350684428035204,0.0048529412080840955,0.03017436997424601,124.26486226504849,274.7493971026596,3000.0,22.976605534013878,2.9766055340138764,271.9687359586771,0.013908104257918313,147.7038736936286,147.7038736936286,6.428446250468643,0.0,180.10347382879092,1.0
1.686311041959977,0.8363625624682928,34334.93285004733,0.0546872911230124,2950684.6121753883,0.02289719644480627,0.00042309747388877744,0.004884286063655697,0.030204579982350745,124.44866705494758,274.814982693134,3000.0,22.976463544141414,2.976463544141413,271.950420100469,0.013907537588580113,147.5017530455214,147.5017530455214,6.419689120658071,0.0,179.90106250237835,1.0
1.6965203963851692,0.8365618912085145,34351.30076216918,0.05466089561568464,2951387.843373113,0.02289647216443739,0.0004226891458445021,0.004915665043011973,0.030234826353293866,124.63267362647476,274.88047883888765,3000.0,22.976321560050593,2.976321560050593,271.9321292211749,0.013906971642323554,147.29945559470013,147.29945559470013,6.410924186002548,0.0,179.69825680004757,1.0
1.6990542946993856,0.8366113211699633,34355.36031509559,0.054654352864435284,2951562.2321288656,0.02289629258790827,0.000422587962561947,0.004923458327452332,0.030242338877922548,124.67837387067033,274.8967207112641,3000.0,22.976286321376424,2.9762863213764255,271.9275934103461,0.013906831290086543,147.24921953967578,147.24921953967578,6.4087475878414555,0.0,179.64786096820424,1.0
1.7067809673709515,0.8367619453996756,34367.73216660228,0.05463442263668397,2952093.633959576,0.022895745456264292,0.0004222798173450919,0.004947235221772713,0.0302652604953821,124.81780399892887,274.9462133558887,3000.0,22.976178869495794,2.9761788694957945,271.9137717727771,0.013906403586350775,147.09596777384826,147.09596777384826,6.402107530993305,0.0,179.49403956945818,1.0
1.7170584464798033,0.8369620531386461,34384.17189966219,0.05460796118707561,2952799.61346255,0.02289501876212039,0.00042187086527616856,0.004978890775122118,0.03029578040251868,125.00343854335432,275.01196546781927,3000.0,22.97603594964424,2.976035949644239,271.895409410705,0.013905835328245682,146.89197086735066,146.89197086735066,6.393268673033441,0.0,179.28909296597345,1.0
1.7273359255886611,0.8371618842959945,34400.592833192015,0.05458155487087326,2953504.6171863903,0.022894293280417595,0.00042146296277363615,0.0050105791076807465,0.03032633535087198,125.18926974338211,275.0776266995776,3000.0,22.975893035629163,2.9758930356291646,271.8770724284203,0.013905267805580568,146.6878026850382,146.6878026850382,6.384422248900906,0.0,179.08375643829862,1.0
1.737613404697513,0.8373614386371256,34416.99493162988,0.05455520362224207,2954208.644303447,0.02289356901103508,0.0004210561075854891,0.005042299622615962,0.03035692474123653,125.37529499508088,275.1431969740797,3000.0,22.975750127443007,2.9757501274430056,271.8587608474502,0.013904701019229191,146.4834658523693,146.4834658523693,6.375568372734196,0.0,178.87803323264495,1.0
1.747890883806365,0.8375607159310987,34433.37815971847,0.0545289073750621,2954911.693998961,0.022892845953840016,0.0004206502974598632,0.005074051725771421,0.0303875479770713,125.5615117009301,275.2086762154421,3000.0,22.975607225078186,2.975607225078184,271.84047468898626,0.013904134970054865,146.27896298805615,146.27896298805615,6.366707158381028,0.0,178.6719265915906,1.0
1.7483146991428384,0.8375689276344607,34434.05335392931,0.05452782416907078,2954940.664863795,0.022892816162946552,0.0004206335853554517,0.005075361765817694,0.0303888115141197,125.5691948447639,275.2113744461121,3000.0,22.975601332297487,2.9756013322974866,271.8397211635547,0.013904111643562537,146.27052631879081,146.27052631879081,6.36634159007512,0.0,178.66341912865457,1.0
1.749026479837603,0.8375827177967597,34435.18724292113,0.054526005178653913,2954989.3165150303,0.022892766134984893,0.0004206055220424368,0.005077562043507572,0.030390933700534903,125.58209909581456,275.2159056666421,3000.0,22.975591435633184,2.9755914356331825,271.8384557454631,0.01390407247048733,146.25635664964852,146.25635664964852,6.365727605288862,0.0,178.64912973510008,1.0
1.758233335622535,0.8377609731159286,34449.84587504776,0.054502500343957615,2955618.200746478,0.022892119549147667,0.0004202429745801113,0.005106035850923513,0.030418398374651295,125.74909629270483,275.27447743282414,3000.0,22.97546342517468,2.975463425174679,271.82209861340664,0.01390356608744905,146.0730023207018,146.0730023207018,6.357782631737763,0.0,178.4641331732139,1.0
1.7685811433916776,0.8379610527663162,34466.30292287312,0.05447613524499928,2956324.081153016,0.02289139399649614,0.00041983649532955047,0.005138067352738958,0.030449297844564648,125.9369667959463,275.34022031530833,3000.0,22.975319556687147,2.9753195566871478,271.80373882880974,0.013902997659078377,145.86677203286342,145.86677203286342,6.348846277109027,0.0,178.25585013100547,1.0
1.77892895116082,0.8381608508793229,34482.740735171596,0.05444982569944933,2957028.968296518,0.022890669672208673,0.0004194310686209364,0.0051701290777241855,0.0304802298185538,126.12502348579643,275.40587068923946,3000.0,22.975175694077727,2.9751756940777256,271.7854048787525,0.013902429980588582,145.66038139295608,145.66038139295608,6.339902829578914,0.0,178.04718827177007,1.0
1.7892767589299623,0.8383603672336979,34499.159277167615,0.05442357163873251,2957732.861396413,0.02288994657610234,0.000419026692157666,0.0052022204303673845,0.03051119369862739,126.31326373745512,275.4714284819182,3000.0,22.975031837338644,2.9750318373386455,271.76709678353745,0.013901863052819478,145.45383304608234,145.45383304608234,6.330952404152631,0.0,177.8381508897493,1.0
1.79899866497582,0.8385475586558296,34514.56713258153,0.05439895608261494,2958393.2721723155,0.02288926833630425,0.0004186477298027429,0.005232397156880495,0.03054031322298749,126.49028291818428,275.53293650456527,3000.0,22.974896687318516,2.9748966873185156,271.74991965341917,0.013901331101196976,145.2596367352349,145.2596367352349,6.322537102654918,0.0,177.64141822677223,1.0
1.7996288649847763,0.8385596843113322,34515.56532230244,0.054397362123094824,2958436.0514485645,0.022889224408387376,0.00041862319632614476,0.005234354166047899,0.030542201770761418,126.50176323667884,275.5369207955374,3000.0,22.974887926710387,2.974887926710389,271.7488069744301,0.013901296641578024,145.24704373775128,145.24704373775128,6.321991393433021,0.0,177.62865421345958,1.0
1.8100477347627788,0.8387600016787783,34532.05763199972,0.05437103950446066,2959142.770520171,0.02288849882391765,0.00041821815489635793,0.005266723884414686,0.03057344086322869,126.69165862770582,275.60274178793736,3000.0,22.974743093877347,2.974743093877347,271.7304253763505,0.013900727337684146,145.03876674864472,145.03876674864472,6.312965770977296,0.0,177.41743360829057,1.0
1.8204666045407811,0.838960032751455,34548.53030160547,0.05434477292471333,2959848.479544691,0.02288777448392806,0.00041781417118889343,0.005299121839916417,0.03060471049503337,126.88173214914276,275.66846870858467,3000.0,22.974598266971825,2.974598266971826,271.71207004935985,0.013900158797355875,144.8303379002171,144.8303379002171,6.303933423220049,0.0,177.205842323315,1.0
1.8308854743187837,0.8391597773179633,34564.98329683879,0.054318562312812006,2960553.177776308,0.02288705138818511,0.0004174112428624939,0.005331547435892925,0.030636010066940528,127.07198114947012,275.73410148801713,3000.0,22.974453445985866,2.9744534459858665,271.69374101285666,0.013899591021409042,144.62175986338656,144.62175986338656,6.294894466299267,0.0,176.99388370411097,1.0
1.841304344096786,0.8393592351705303,34581.41658372509,0.054292407597457217,2961256.8644819995,0.022886329536443577,0.00041700936757669795,0.00536400007850472,0.030667338982524994,127.26240298428105,275.7996400579639,3000.0,22.9743086309115,2.9743086309115014,271.6754382859067,0.013899024010649085,144.41303530162565,144.41303530162565,6.285849016031787,0.0,176.78156109173608,1.0
1.8489708501140374,0.8395058188078616,34593.49606588112,0.05427319785661474,2961774.011114906,0.022885799171349638,0.000416714327254424,0.005387896601122851,0.030690410099726916,127.40262972542175,275.84780503038616,3000.0,22.974202075557987,2.9742020755579874,271.66198742270484,0.013898607276856255,144.2593576972831,144.2593576972831,6.2791890322388655,0.0,176.62509745060402,1.0
1.8517423129695318,0.8395587709467209,34597.8601985339,0.054266260915770456,2961960.826102001,0.022885607608623643,0.0004166078091934987,0.005396538738927018,0.03069875415674416,127.45334455010348,275.86520423233185,3000.0,22.974163556292805,2.9741635562928033,271.65712840849966,0.013898456728577185,144.20378385839618,144.20378385839618,6.276780588988957,0.0,176.56848761839925,1.0
1.86223348096036,0.839759033315649,34614.367621333455,0.05424003735852417,2962667.351139002,0.022884883258955113,0.00041620526444938937,0.005429269397974071,0.03073035792137857,127.64542874709053,275.93100715312335,3000.0,22.974017748235934,2.974017748235935,271.63875185721486,0.013897887330719469,143.99332311012432,143.99332311012432,6.26765960956833,0.0,176.35396680427476,1.0
1.872724648951188,0.8399590043660446,34630.85495955033,0.05421387025718599,2963372.8484050934,0.022884160169793093,0.0004158037802760873,0.005462025685988237,0.03076198963605742,127.83768016241937,275.99671435143625,3000.0,22.973871946148634,2.973871946148634,271.6204020380115,0.013897318711098415,143.78272187559213,143.78272187559213,6.258532397700424,0.0,176.13908709165042,1.0
1.8832158169420161,0.8401586839006298,34647.32217975673,0.05418775953791529,2964077.31720428,0.022883438340839467,0.0004154033542875072,0.0054948070082637135,0.030793648703390686,128.03009612599504,276.06232576244827,3000.0,22.973726150022735,2.973726150022733,271.60207896899226,0.013896750870493677,143.57198284299722,143.57198284299722,6.2493990702877396,0.0,175.9238518720782,1.0
1.893706984932844,0.840358071725853,34663.76924884186,0.05416170512661208,2964780.7568537127,0.022882717771784186,0.0004150039840984725,0.005527612773007856,0.030825334528890518,128.2226739753382,276.1278413225616,3000.0,22.973580359850057,2.973580359850057,271.5837826679179,0.013896183809674181,143.36110869257968,143.36110869257968,6.240259743889365,0.0,175.70826453195042,1.0
1.8989430352522545,0.8404574752627194,34671.9702887829,0.054148722638657235,2965131.4522336707,0.022882358613279405,0.0004148050561478159,0.005543994803780656,0.030841158473207876,128.31884763056502,276.1605036899241,3000.0,22.973507599472637,2.9735075994726374,271.57466116294967,0.013895901086519476,143.25581353238465,143.25581353238465,6.235696177960788,0.0,175.60053610182743,1.0
1.9042349918357864,0.8405578662470817,34680.253780129155,0.0541356157573487,2965485.631325433,0.022881995938725377,0.0004146042705198557,0.005560557711305873,0.030857157920551104,128.41608811418817,276.1934905162936,3000.0,22.973434063723026,2.9734340637230257,271.5654490474508,0.013895615542325532,143.1493609332626,143.1493609332626,6.231082411806575,0.0,175.49156959935792,1.0
1.9147997039867621,0.840758061658548,34696.77531835912,0.05410949227893568,2966191.9201367097,0.022881272863779376,0.0004142042273209784,0.005593641061343003,0.030889118152443357,128.61033507810905,276.25927143596437,3000.0,22.973287263553434,2.973287263553433,271.5470786403419,0.013895046084658094,142.93674356223286,142.93674356223286,6.221867246181985,0.0,175.27376957488286,1.0
1.925364416137732,0.8409579606884254,34713.276322816935,0.054083425672912334,2966897.163314629,0.022880551065438213,0.0004138052475001265,0.005626747408929859,0.030921103721868202,128.80473812444328,276.32495496951947,3000.0,22.973140469395815,2.9731404693958146,271.5287354299126,0.013894477420028698,142.72399730546934,142.72399730546934,6.212646350881035,0.0,175.0556227813526,1.0
1.935929128288702,0.8411575631543403,34729.75676099434,0.054057415862558716,2967601.360215778,0.02287983054333653,0.0004134073286254996,0.005659876161705843,0.03095311403366787,128.99929456615268,276.390541057034,3000.0,22.97299368124179,2.9729936812417885,271.51041943289783,0.013893909549178553,142.51112486674515,142.51112486674515,6.203419843496941,0.0,174.8371326546844,1.0
1.9464938404396717,0.8413568688777531,34746.2166007113,0.05403146277089442,2968304.5102102696,0.02287911129709679,0.00041301046826631424,0.0056930267303177,0.0309851484956808,129.19400172433546,276.4560296398427,3000.0,22.972846899082963,2.9728468990829646,271.49213066568086,0.013893342472837817,142.2981289413454,142.2981289413454,6.19418784125644,0.0,174.61830262496812,1.0
1.9489152203904718,0.8414025069488457,34749.986209946896,0.05402552243167929,2968465.5211882177,0.022878946629084705,0.0004129196586791686,0.005700627688846688,0.03099249397661056,129.23864859588952,276.4710255594119,3000.0,22.972813258179283,2.972813258179283,271.48794280773,0.013893212613727932,142.2492942118405,142.2492942118405,6.1920711500666465,0.0,174.5681003396443,1.0
1.957115875268696,0.8415569566682226,34762.744950680186,0.05400542596445251,2969010.4193349923,0.022878389434196764,0.0004126125192893661,0.005726378570886162,0.031017380524372293,129.38991458483386,276.52177519702394,3000.0,22.972699326539896,2.9726993265398947,271.47377013413063,0.013892773121332394,142.08385554929677,142.08385554929677,6.184900325803253,0.0,174.39794603741007,1.0
1.9677549547153235,0.8417570644839724,34779.27888566936,0.05397940469479164,2969716.399108843,0.022877667705007796,0.0004122149994171649,0.0057598048469515405,0.0310496875513765,129.58628911946633,276.5875273341829,3000.0,22.972551523252918,2.9725515232529194,271.45540776501315,0.013892203662757889,141.86911864554682,141.86911864554682,6.175592576294639,0.0,174.17689838024916,1.0
1.9783940341619568,0.8419568708428964,34795.79183488848,0.05395344070838024,2970421.3153439173,0.022876947268478234,0.0004118185455953976,0.005793251465031205,0.031082017279104833,129.7828083662566,276.65318041758684,3000.0,22.97240372602016,2.972403726020161,271.4370730582909,0.013891635012080425,141.65426469203427,141.65426469203427,6.166279610156193,0.0,173.95551646013962,1.0
1.9890331136085841,0.8421563755783761,34812.28376682334,0.053927533925545564,2971125.167452384,0.022876228124172737,0.0004114231553459271,0.005826717835590574,0.031114369115109237,129.979469623304,276.7187343924877,3000.0,22.972255934833015,2.9722559348330164,271.41876602925333,0.013891067170000307,141.43929640594934,141.43929640594934,6.156961545578282,0.0,173.73380375516993,1.0
1.9983146991428384,0.842330178018879,34826.65421961369,0.05390497937844061,2971738.341941253,0.02287560179419459,0.00041107908166965467,0.005855929736922309,0.03114261061278656,130.15115175691068,276.77584301597494,3000.0,22.972127006001326,2.9721270060013247,271.40281750393416,0.013890572442719844,141.25166574702348,141.25166574702348,6.148828347941937,0.0,173.54011304188015,1.0
1.998887405528689,0.842340894713259,34827.54040176295,0.053903589106652154,2971776.1504068864,0.022875563179634826,0.0004110578775327943,0.005857732682778254,0.031144353739945875,130.16174857977143,276.77936434549486,3000.0,22.972119050790518,2.9721190507905195,271.4018341145689,0.013890541936496772,141.24008553479746,141.24008553479746,6.148326378708067,0.0,173.52815353739115,1.0
1.999679881387126,0.8423557223725859,34828.7665453651,0.05390166560673298,2971828.462344525,0.02287550975335438,0.00041102854161286195,0.005860227577309152,0.031146765872276397,130.17641246503914,276.78423647048487,3000.0,22.9721080428881,2.9721080428880993,271.4004734932823,0.013890499727732968,141.22406102824314,141.22406102824314,6.147631761289948,0.0,173.5116031621747,1.0
2.0103954582926624,0.8425560522063662,34845.33453557279,0.05387568778414328,2972535.225397321,0.02287478804551988,0.00041063244797157864,0.005893972677953413,0.031179393171444872,130.37476628101803,276.8500615591172,3000.0,22.971959201226245,2.9719592012262446,271.38209075126224,0.01388992943715799,141.0073244702442,141.0073244702442,6.1382367622661125,0.0,173.28763905082874,1.0
2.0211110351981993,0.8427560755763961,34861.88111084834,0.05384976774637423,2973240.907246926,0.02287406764716524,0.00041023742570330365,0.005927736035767661,0.031212041108636207,130.5732559627424,276.91578594880144,3000.0,22.97181036567098,2.97181036567098,271.3637361310848,0.013889359968925603,140.7904801683424,140.7904801683424,6.128836949600602,0.0,173.06334995647907,1.0
2.031826612103736,0.8429557923281222,34878.406240348726,0.05382390541101733,2973945.5073480746,0.022873348557796488,0.00040984347228167434,0.005961517061047763,0.03124470909112593,130.77187878501687,276.98140958875393,3000.0,22.971661536213485,2.9716615362134866,271.34540964693224,0.013888791323705928,140.57353086191537,140.57353086191537,6.119432442460002,0.0,172.83873940598704,1.0
2.0425421890092785,0.843155202310745,34894.90989355713,0.053798100695438514,2974649.0251687462,0.02287263077690803,0.00040945058518213615,0.005995315167234941,0.03127739652932511,130.97063203150276,277.0469324294244,3000.0,22.97151271284494,2.9715127128449392,271.3271113126421,0.013888223502158176,140.35647928113934,140.35647928113934,6.110023359613424,0.0,172.61381091942965,1.0
2.0488595906669063,0.8432726212852844,34904.62959836281,0.05378291441018652,2975063.2789587867,0.022872208219851833,0.0004092194559905671,0.0060152487131325495,0.03129667638897495,131.08786764203973,277.0855143733132,3000.0,22.971424976415108,2.9714249764151064,271.31633666826446,0.013887889127405345,140.22846902622473,140.22846902622473,6.104474109472882,0.0,172.48105607948344,1.0
2.053289510059742,0.8433548947499879,34911.44083550712,0.05377227732796325,2975353.539495527,0.022871912183424457,0.0004090576027107946,0.006029229968240154,0.031310199754375406,131.17010235273438,277.1125480806947,3000.0,22.971363454704754,2.9713634547047536,271.3087870594608,0.013887654826466417,140.13868470672645,140.13868470672645,6.10058192597291,0.0,172.38790028005334,1.0
2.0640824274092338,0.8435551235485702,34928.02010886471,0.05374640256565108,2976059.946096448,0.022871191864826498,0.00040866402735047734,0.006063304766431062,0.03134316065860804,131.37054549110863,277.17833997082266,3000.0,22.971213569472127,2.9712135694721287,271.2904135886708,0.013887084573270286,139.91986809756216,139.91986809756216,6.091096043942161,0.0,172.16071645900828,1.0
2.074875344758725,0.8437550406962903,34944.57750360858,0.05372058600415121,2976765.253194062,0.022870472872050063,0.0004082715260620414,0.006097395121025738,0.03137613951913785,131.57111270286586,277.2440294576029,3000.0,22.971063690389677,2.9710636903896757,271.27206871570513,0.013886515157625212,139.70095601283927,139.70095601283927,6.081605880152841,0.0,171.93322080288632,1.0
2.085668262108217,0.8439546460544541,34961.11298989869,0.05369482755811351,2977469.4602990574,0.022869755204530978,0.000407880096273403,0.006131500445577809,0.03140913574638219,131.77180124932005,277.3096164954629,3000.0,22.970913817448352,2.9709138174483516,271.25375245329076,0.013885946580160097,139.4819512039707,139.4819512039707,6.0721115543092745,0.0,171.70541687968614,1.0
2.0964611794577084,0.844153939488231,34977.626538232835,0.053669127141961315,2978172.56693575,0.02286903886169322,0.00040748973541439597,0.006165620156879958,0.03144214875398758,131.97260840118483,277.37510104009937,3000.0,22.970763950639107,2.9707639506391077,271.2354648138,0.013885378841492596,139.26285641261515,139.26285641261515,6.062613185694266,0.0,171.4773082499106,1.0
2.0988317758051234,0.8441976712429716,34981.25069381694,0.05366348997158313,2978326.8524353253,0.022868881698873206,0.00040740413803094224,0.006173116206135136,0.03144940204303928,132.01673004458348,277.3894705754677,3000.0,22.970731034158423,2.970731034158421,271.23145188397166,0.01388525425368039,139.21472183938818,139.21472183938818,6.0605263991106835,0.0,171.42716516424656,1.0
2.1073154531875145,0.8443540511585271,34994.211809165856,0.05364333906113203,2978878.5603084294,0.02286831978194098,0.0004070982308698214,0.006199947758093904,0.031475365770904706,132.17467398696098,277.44085444379886,3000.0,22.970613238031184,2.970613238031186,271.2171020909801,0.013884808721878649,139.04242810401914,139.04242810401914,6.053056862836131,0.0,171.24759913142174,1.0
2.1181869966474767,0.8445541647204834,35010.801168105885,0.05361756860703299,2979584.5603548796,0.022867600899871127,0.00040670718189810175,0.006234343385590139,0.03150865146735937,132.377175791864,277.50660846906675,3000.0,22.970462291829826,2.9704622918298274,271.19873919457694,0.013884238546783213,138.82156340271294,138.82156340271294,6.0434814780410075,0.0,171.0172228351968,1.0
2.1290585401074393,0.8447539614082966,35027.36818017919,0.05359185676840222,2980289.4424703033,0.02286688336001975,0.0004063172096417897,0.006268751847205074,0.031541952416866616,132.57978965127356,277.57225837470276,3000.0,22.970311351822517,2.970311351822518,271.1804053752989,0.0138836692245704,138.60061572402535,138.60061572402535,6.033902353397071,0.0,170.7865482142076,1.0
2.1399300835674016,0.8449534411000262,35043.91281662545,0.0535662034568602,2980993.206224495,0.022866167161749527,0.00040592831148211756,0.006303172560188623,0.03157526803342027,132.78251281497126,277.6378041206392,3000.0,22.970160417999985,2.970160417999984,271.1621006443354,0.013883100755825308,138.37958782936414,138.37958782936414,6.024319609057954,0.0,170.55557887553422,1.0
2.1488039609433405,0.8451160309748936,35057.400739911485,0.05354530731026864,2981566.8228154276,0.022865583560228938,0.0004056116684319293,0.006331277082012315,0.03160247231067318,132.94806434006713,277.6912284794674,3000.0,22.970037223122674,2.9700372231226733,271.14718101070736,0.013882637377292851,138.19911667064022,138.19911667064022,6.016495111793844,0.0,170.36683462086884,1.0
2.1508163128924167,0.8451528725026912,35060.457352988255,0.05354057404835407,2981696.7996150116,0.022865451339649925,0.00040553996162872994,0.006337651465874093,0.03160864276715275,132.98561660683194,277.7033339995832,3000.0,22.970009286475943,2.970009286475943,271.1438003444913,0.013882532374934883,138.15818373765936,138.15818373765936,6.014720412803785,0.0,170.32400582369723,1.0
2.1617677786284024,0.8453531780595448,35077.07833809627,0.053514850088072906,2982403.477018884,0.022864732583937033,0.00040515036596365343,0.006372348212692025,0.03164223116259271,133.19004255388984,277.76915111121673,3000.0,22.969857255525316,2.9698572555253153,271.1254198301798,0.013881961452619891,137.93537727628996,137.93537727628996,6.005060272767263,0.0,170.09075416561765,1.0
2.172719244364394,0.845553161594427,35093.67653171449,0.053489185247347526,2983109.0183302066,0.02286401518758304,0.0004047618522628125,0.00640705563288105,0.0316758326727269,133.39457108272694,277.8348624117266,3000.0,22.969705230822377,2.9697052308223792,271.1070688653702,0.013881391398082704,137.71249778264325,137.71249778264325,5.995396823719395,0.0,169.85721440265337,1.0
2.183670710100379,0.8457528229989991,35110.25190588176,0.05346357943490756,2983813.423166762,0.022863299149886766,0.00040437441785763227,0.006441773144414711,0.03170944671215911,133.59919942320488,277.90046786551454,3000.0,22.969553212357628,2.9695532123576287,271.08874746000413,0.013880822211873855,137.48954803679925,137.48954803679925,5.9857301866381025,0.0,169.62339018762395,1.0
2.1946221758363644,0.8459521621690181,35126.8044329991,0.05343803255925246,2984516.6911607804,0.022862584470134596,0.00040398806008166315,0.006476500168697096,0.031743072698913355,133.8039248156643,277.965967438328,3000.0,22.96940120012155,2.9694012001215504,271.070455623647,0.013880253894531907,137.2665308079827,137.2665308079827,5.976060482031909,0.0,169.3892851644507,1.0
2.198776146081558,0.8460276886450321,35133.07694414331,0.05342835784263624,2984783.148341657,0.02286231374200532,0.00040384179286316883,0.0064896747494470235,0.031755830284315514,133.8816034564816,277.9907841961912,3000.0,22.969343542407184,2.969343542407184,271.0635251345728,0.013880038555046402,137.1819216780912,137.1819216780912,5.972391915546861,0.0,169.30041473182635,1.0
2.205623839101121,0.8461520904827298,35143.409799030684,0.053412427836145804,2985222.0376519794,0.022861867881113503,0.0004036010127384959,0.0065113953672514425,0.03177686426110344,134.00968354273567,278.0316605940694,3000.0,22.96924849737873,2.9692484973787305,271.05210972606335,0.013879683847611245,137.04242618332768,137.04242618332768,5.966343487422633,0.0,169.15382801290207,1.0
2.216656178228948,0.8463522494991403,35160.03825720829,0.053386811260205606,2985928.198061608,0.022861150668702132,0.000403213971851159,0.0065463963387241775,0.031810760979277465,134.2161087626765,278.09742955492345,3000.0,22.96909537514875,2.969095375148752,271.0337426586514,0.013879113092811753,136.81763389597492,136.81763389597492,5.956596533793133,0.0,168.91743714149447,1.0
2.227688517356775,0.8465520812106918,35176.64344751833,0.05336125421364386,2986633.2037406755,0.022860434832107628,0.00040282801541575053,0.006581405216444849,0.031844668063968226,134.42262410289408,278.1630909687838,3000.0,22.96894225921066,2.968942259210661,271.0154056255118,0.013878543221332026,136.5927815226177,136.5927815226177,5.9468468326112545,0.0,168.68077238170713,1.0
2.2387208564846084,0.8467515855276263,35193.22534323704,0.05333575660198419,2987337.0543725165,0.02285972037054958,0.0004024431407151335,0.006616421422977468,0.031878584934242185,134.62922678571678,278.2286448061576,3000.0,22.968789149554706,2.9687891495547056,270.9970986348809,0.01387797423367351,136.36787184916412,136.36787184916412,5.937094505123613,0.0,168.44383742120172,1.0
2.2483146991428384,0.8469248104503714,35207.62618387976,0.053313631842274514,2987948.1913804673,0.022859100184145806,0.0004021093267193966,0.006646877410171597,0.0319080869210368,134.80895958703277,278.28556366680783,3000.0,22.96865600882409,2.9686560088240914,270.98120310396484,0.013877480154642184,136.17224351693207,136.17224351693207,5.928611733512725,0.0,168.23757939992143,1.0
2.248748331219775,0.8469326341927746,35208.276670597814,0.05331263288427387,2987975.793520203,0.022859072176880917,0.0004020942579067171,0.006648254104890506,0.031909420539678136,134.81708481113333,278.28813441988746,3000.0,22.96864999110839,2.968649991108388,270.9804851787536,0.013877457838566233,136.16340036762028,136.16340036762028,5.928228277253203,0.0,168.22825202204805,1.0
2.2497623681241317,0.8469509278277868,35209.79767544027,0.05331029720528694,2988040.3334096638,0.02285900669093117,0.00040205902638708216,0.006651473505864804,0.03191253922318306,134.83608592293928,278.29414540748405,3000.0,22.96863591888046,2.968635918880458,270.9788065112946,0.013877405658360742,136.1427205883553,136.1427205883553,5.927331560706422,0.0,168.2064386139612,1.0
2.2608776083189372,0.847151269813279,35226.45704692804,0.05328472774558302,2988747.139333664,0.022858289635327746,0.0004016734360907428,0.006686765900300394,0.03194672897171888,135.0444091094528,278.3599744889691,3000.0,22.96848167136017,2.9684816713601707,270.96042265420454,0.013876834181607749,135.91601354475173,135.91601354475173,5.917501012451683,0.0,167.96718867956943,1.0
2.271992848513743,0.847351279213557,35243.09269282073,0.05325921832789066,2989452.771898026,0.022857573973055094,0.0004012889355703353,0.0067220639917389205,0.03198092690036435,135.25281253822376,278.4256942884226,3000.0,22.968327430186992,2.9683274301869935,270.94206931592475,0.0138762636034743,135.689256777701,135.689256777701,5.90766816565695,0.0,167.72767567402207,1.0
2.2831080887085484,0.847550955953497,35259.70458727701,0.05323376885472247,2990157.230837713,0.022856859703265262,0.0004009055220574036,0.006757367203978148,0.03201513242930081,135.46129341356385,278.49130478116024,3000.0,22.968173195350932,2.968173195350932,270.9237465033488,0.01387569392442436,135.46245308978496,135.46245308978496,5.897833142306868,0.0,167.4879033291297,1.0
2.2942233289033602,0.8477502999619381,35276.29270481201,0.05320837922840464,2990860.5159016694,0.022856146825098633,0.00040052319278654667,0.006792674964375134,0.032049344982260315,135.66984895100555,278.5568059437996,3000.0,22.96801896684199,2.968018966841988,270.9054542230066,0.01387512514491024,135.23560527200104,135.23560527200104,5.887996063884973,0.0,167.24787536676257,1.0
2.2987205163579922,0.8478308592929515,35282.99743748351,0.053198123657107195,2991144.728979891,0.022855858792304375,0.0004003688111510469,0.006806961523826487,0.032063189127281906,135.75425037785237,278.58327641504223,3000.0,22.967956568320197,2.9679565683201954,270.8980619071873,0.013874895274402143,135.14381152933493,135.14381152933493,5.884015459857642,0.0,167.15068910218105,1.0
2.3053885076755716,0.8479502045386587,35292.93138674673,0.053182935683620786,2991565.778648835,0.02285543214424851,0.0004001402345606383,0.006828145360634802,0.032083717739443955,135.87941385719333,278.62249129995615,3000.0,22.967864051774573,2.9678640517745714,270.88711050358575,0.013874554716033534,135.00769664639242,135.00769664639242,5.878112842450462,0.0,167.00651540595558,1.0
2.3165876213758696,0.8481503793034025,35309.59648826899,0.05315747526918386,2992271.994618537,0.022854716700011404,0.00039975720577622607,0.006863727020830975,0.03211820092661861,136.089685757766,278.6882654354535,3000.0,22.967708672258357,2.967708672258358,270.8687419910692,0.013873983466084533,134.7790562333032,134.7790562333032,5.868197744779681,0.0,166.76417030534273,1.0
2.3277867350761676,0.8483502161029638,35326.23737695047,0.053132075308402776,2992977.0182480873,0.022854002665778805,0.0003993752692217032,0.006899311568941252,0.03215268950394176,136.30002500683565,278.7539285211502,3000.0,22.96755329913451,2.967553299134513,270.8504044910418,0.01387341313060958,134.55037948420613,134.55037948420613,5.8582809292653915,0.0,166.5215770332644,1.0
2.338985848776466,0.8485497148808328,35342.8540281933,0.05310673570061934,2993680.8493381217,0.022853290040623746,0.00039899442208117595,0.00693489843385382,0.03218718289655874,136.51042880302026,278.81948053847816,3000.0,22.967397932392792,2.9673979323927933,270.8320980086887,0.013872843710023413,134.32166920566846,134.32166920566846,5.848362518081496,0.0,166.2787393546409,1.0
2.3486927014962093,0.8487223573172286,35357.236914741,0.05308482129617925,2994289.9313359787,0.022852673510665132,0.0003986652012779079,0.0069657448510185,0.03221708356296154,136.6928467485167,278.87620800369393,3000.0,22.967263273134435,2.9672632731344337,270.8162559281054,0.013872350904128224,134.12340917958872,134.12340917958872,5.839764519810129,0.0,166.06806451939872,1.0
2.3501963168595,0.8487490773349597,35359.4632278826,0.05308143074568947,2994384.1994784027,0.02285257810324395,0.0003986142770666628,0.006970523130836473,0.03222171551114709,136.721107770684,278.88498776206654,3000.0,22.967242414511833,2.967242414511833,270.8138040357265,0.013872274628806068,134.0926962650425,134.0926962650425,5.838432574748988,0.0,166.03541445432663,1.0
2.3614806428818462,0.848949411084775,35376.1572780933,0.053056019943873926,2995090.9763469594,0.022851862899411164,0.00039823272427947346,0.0070063837319335924,0.03225647935562423,136.93323443065586,278.95081413744356,3000.0,22.96708587846988,2.9670858784698804,270.7954209343617,0.013871702724938897,133.86218650370583,133.86218650370583,5.828435841274611,0.0,165.79024672761938,1.0
2.3727649689041987,0.8491494015018086,35392.82664775207,0.05303067010836931,2995796.5419384916,0.022851149123275905,0.00039785226896572526,0.007042244963078313,0.03229124635531994,137.14541813924333,279.0165276993152,3000.0,22.96692934887623,2.9669293488762305,270.77706933802955,0.013871131751129178,133.63165119878622,133.63165119878622,5.818437857707121,0.0,165.544842294941,1.0
2.3840492949265446,0.8493490485450111,35409.47131321428,0.05300538113543731,2996500.8961081784,0.022850436773840993,0.00039747290825775845,0.007078106255001459,0.03232601593710021,137.3576560794309,279.0821284341933,3000.0,22.966772825720387,2.9667728257203883,270.7587492504969,0.013870561707751798,133.401093171066,133.401093171066,5.808438746852179,0.0,165.29920496307554,1.0
2.395333620948891,0.8495483521775423,35426.09125121781,0.05298015292114974,2997204.0387260458,0.022849725850097008,0.00039709463929118376,0.007113967042186911,0.032360787531575105,137.56994544658215,279.1476163299727,3000.0,22.966616308991853,2.9666163089918545,270.74046067514416,0.013869992595169207,133.170515228562,133.170515228562,5.798438630962947,0.0,165.05333852731943,1.0
2.398664886634427,0.8496071232941862,35430.9929215053,0.05297271685640856,2997411.3830493134,0.02284951624946681,0.0003969831781473125,0.007124553389335809,0.03237105281694993,137.63262518628326,279.1669275523159,3000.0,22.96657010464103,2.9665701046410278,270.73506769769733,0.01386982476444676,133.10244251141407,133.10244251141407,5.79548630487567,0.0,164.98071261885204,1.0
2.4066789551455607,0.8497483871021349,35442.77609267129,0.052954849458829126,2997909.7613401124,0.022849012519019316,0.00039671542295281645,0.0071500206328356485,0.03239574857480778,137.78343157096643,279.2133445162962,3000.0,22.966458952531955,2.966458952531956,270.7221049946926,0.013869421344416735,132.93867342372616,132.93867342372616,5.788383559628823,0.0,164.80591568243057,1.0
2.418049843585384,0.8499485242158417,35459.47338884841,0.052929550415973324,2998615.844477068,0.022848299025163783,0.00039633645395834336,0.007186153779468884,0.03243078925859101,137.99744504332304,279.279106280282,3000.0,22.96630124813978,2.966301248139778,270.7037399371248,0.01386884975174581,132.70629489380175,132.70629489380175,5.778305067932987,0.0,164.55771085815735,1.0
2.4294207320252137,0.8501483125431726,35476.145507924724,0.052904312748376224,2999320.6970967357,0.022847586975792828,0.00039595858477561716,0.007222284706411455,0.032465830266979905,138.21150223043588,279.34475343880104,3000.0,22.966143550241746,2.966143550241745,270.68540688502446,0.013868279105237385,132.47390465458858,132.47390465458858,5.768225926341653,0.0,164.30928494166804,1.0
2.440791620465037,0.8503477520637315,35492.7924276752,0.05287913634892762,3000024.3191271573,0.022846876369823476,0.00039558181248727824,0.007258412850419535,0.03250087103273029,138.42560031400058,279.41028598515146,3000.0,22.965985858827096,2.9659858588270955,270.66710584026316,0.01386770940521123,132.24150552626259,132.24150552626259,5.758146257650632,0.0,164.0606417680342,1.0
2.448637071772644,0.8504851538711553,35504.263423677265,0.052861801318947146,3000509.072291687,0.022846386921492236,0.0003953224928750438,0.007283337887764136,0.03252504730213142,138.5733416738925,279.45543395927615,3000.0,22.965877061928257,2.965877061928256,270.654497523612,0.013867316887287614,132.08115584971952,132.08115584971952,5.751191452151305,0.0,163.88896341195237,1.0
2.452189687806034,0.8505473182137253,35509.45382552179,0.05285396115261535,3000728.387905846,0.022846165512831487,0.0003952052375345474,0.007294623993798103,0.03253599474416414,138.64024836423795,279.4758601398516,3000.0,22.965827796991437,2.9658277969914373,270.6487931756837,0.01386713929366455,132.00854481144574,132.00854481144574,5.748042090115257,0.0,163.8111900858124,1.0
2.463648238638229,0.8507475900563114,35526.17807082794,0.052828714199171005,3001434.9463658836,0.022845452343336844,0.00039482776931965165,0.00733102334039367,0.03257130345305016,138.85607117664398,279.54166617353127,3000.0,22.96566890295005,2.9656689029500485,270.63041575507344,0.013866567116043959,131.77434457842946,131.77434457842946,5.737884018762563,0.0,163.56020240503787,1.0
2.4751067894704235,0.8509475076574913,35542.876661266564,0.05280352913362082,3002140.255063303,0.022844740636197923,0.00039445140608030906,0.007367418162900338,0.03260661020517857,139.0719269837589,279.60735580931095,3000.0,22.965510015459476,2.9655100154594747,270.61207084049727,0.013865995900454174,131.54014385673835,131.54014385673835,5.727725783933852,0.0,163.30900575084837,1.0
2.4865653403026187,0.8511470710142185,35559.549575726254,0.05277840584557656,3002844.3139873547,0.02284403039025513,0.00039407614484504274,0.007403807900733282,0.032641914435833454,139.2878129553161,279.6729290461896,3000.0,22.965351134508687,2.965351134508686,270.5937584322346,0.01386542564716965,131.3059454769185,131.3059454769185,5.717567508890067,0.0,163.05760399633016,1.0
2.4980238911348196,0.8513462801279214,35576.196793506315,0.05275334422445589,3003547.1231430797,0.022843321604335984,0.0003937019826458602,0.007440191997259398,0.03267721558424124,139.50372627465575,279.73838588463656,3000.0,22.96519226008665,2.9651922600866487,270.5754785301544,0.01386485635645161,131.07175225549864,131.07175225549864,5.707409316285171,0.0,162.80600100141748,1.0
2.4983146991428384,0.851351331271934,35576.61895081343,0.05275270898382332,3003564.943564008,0.022843303634955545,0.0003936925010103586,0.00744111531557202,0.03267811145153793,139.5092062972293,279.7400456074849,3000.0,22.96518822807749,2.9651882280774893,270.575015025166,0.013864841920877363,131.0658087279367,131.0658087279367,5.70715151237882,0.0,162.7996129526064,1.0
2.498609256910861,0.8513564473142163,35577.0465346487,0.05275206559263669,3003582.992945838,0.02284328543483075,0.00039368289783563593,0.007442050535333156,0.03267901886799954,139.51475699681788,279.7417266548373,3000.0,22.96518414408275,2.9651841440827527,270.57454556495793,0.013864827299798974,131.05978856814005,131.05978856814005,5.706890384413013,0.0,162.79314240495833,1.0
2.5095685717224505,0.8515466283811476,35592.94313451176,0.052728156476118275,3004253.9511796264,0.022842608966062175,0.00039332611646206546,0.007476843314075133,0.032712778396599376,139.72128734904558,279.8042170255959,3000.0,22.965032198054782,2.9650321980547827,270.5570940979222,0.013864283760285409,130.8358067488766,130.8358067488766,5.697174975437607,0.0,162.55230718544436,1.0
2.521116679634555,0.8517466763767905,35609.66830975633,0.05270302364995404,3004959.71990832,0.022841897596523327,0.00039295124877698697,0.0075134986592616075,0.032748347504561924,139.9389350796104,279.8699495068516,3000.0,22.964872095112277,2.9648720951122765,270.5387372180399,0.01386371197215955,130.5998021384295,130.5998021384295,5.686937928394807,0.0,162.2983415201372,1.0
2.5326647875466595,0.8519463645976364,35626.36732381373,0.052677953119143694,3005664.219352609,0.022841187706266457,0.000392577488314808,0.007550146593231851,0.03278391178781312,140.15660203969642,279.93556377202606,3000.0,22.964711998767193,2.964711998767191,270.5204133519487,0.01386314116243711,130.3638113122523,130.3638113122523,5.676701337219059,0.0,162.04418320219767,1.0
2.544212895458764,0.8521456930623545,35643.040157087395,0.05265294476984891,3006367.4495783574,0.022840479294042888,0.000392204832053917,0.007586786562181256,0.03281947068827806,140.3742854011977,280.0010598272537,3000.0,22.964551909008225,2.9645519090082244,270.50212249793543,0.013862571331334322,130.12783709673772,130.12783709673772,5.666465325007841,0.0,161.7898361292163,1.0
2.5485814420490787,0.8522210034660518,35649.340512485345,0.0526435005205932,3006633.144456749,0.022840211693054377,0.00039206414674133606,0.00760064494657428,0.03283292078636999,140.45663677593143,280.02580558730733,3000.0,22.964491350189842,2.964491350189841,270.49521183617094,0.013862356024458825,130.0385750602395,130.0385750602395,5.662593308828698,0.0,161.69357048717478,1.0
2.5558173798782207,0.8523456322534225,35659.7679929813,0.05262787685532905,3007072.834444837,0.022839768911036742,0.0003918314657849798,0.0076235968249454625,0.03285519720176718,140.59304514943994,280.0667565571155,3000.0,22.964391044332867,2.9643910443328663,270.4837756022198,0.01386199970438623,129.89073045277985,129.89073045277985,5.656180048581526,0.0,161.5340611431321,1.0
2.567456167702576,0.8525457976352063,35676.51868409348,0.0526027976756544,3007779.0173114836,0.02283905792465321,0.0003914581096514868,0.007660506707313876,0.03289102274161857,140.8124624856358,280.1325276095265,3000.0,22.96422971079102,2.964229710791019,270.46540795070604,0.013861427380667974,129.65294546507025,129.65294546507025,5.645865204185168,0.0,161.27734651395397,1.0
2.5790949555269247,0.8527455976714142,35693.24272405169,0.05257778130865165,3008483.911240034,0.02283834843571422,0.0003910858659089625,0.007697406828623792,0.03292684113024697,141.03188791178323,280.19817861538996,3000.0,22.964068383904532,2.9640683839045336,270.4470738241713,0.013860856051584424,129.41518591238807,129.41518591238807,5.635551320823226,0.0,161.02045199820765,1.0
2.5907337433512736,0.8529450323982138,35709.94009438637,0.05255282763721316,3009187.5163580873,0.022837640442894113,0.0003907147314822866,0.007734296638180159,0.03296265181255656,141.25131858942134,280.2637095865899,3000.0,22.963907063661836,2.963907063661834,270.4287732192967,0.013860285717306074,129.17745462987537,129.17745462987537,5.6252385219885435,0.0,160.7633815300735,1.0
2.5985536271872958,0.8530788237037042,35721.1437570645,0.052536096886631155,3009659.5316826236,0.02283716559539221,0.00039046599471735227,0.007759076145967723,0.032986707736077286,141.39875149352258,280.3076712091598,3000.0,22.963798679333962,2.963798679333964,270.4164962108904,0.013859903079187165,129.0177447173678,129.0177447173678,5.618310215960743,0.0,160.59056382827853,1.0
2.602402742938573,0.8531446181218155,35726.654015753455,0.05252787201355273,3009891.6541924058,0.022836932112884036,0.00039034374422502706,0.007771271304489179,0.032998547161598245,141.47132129579325,280.3292901728557,3000.0,22.963745331324898,2.9637453313248985,270.41045875859646,0.01385971490140439,128.93913746280322,128.93913746280322,5.614900165563021,0.0,160.5054710633837,1.0
2.6141336064736107,0.8533448919146809,35743.42948893223,0.05250284737133081,3010598.219533023,0.02283622154076563,0.00038997190788952113,0.007808430440445059,0.03303462388910021,141.69248996081393,280.39509684736504,3000.0,22.963582748261643,2.963582748261643,270.392081159024,0.01385914206753565,128.69959119821004,128.69959119821004,5.604508347372436,0.0,160.24602293783911,1.0
2.625864470008649,0.8535447947321327,35760.177814818504,0.05247788606156541,3011303.4760734937,0.022835512484404845,0.0003896011891143202,0.00784557744153703,0.0330706911150562,141.91365536800177,280.46078162545484,3000.0,22.963420171912297,2.9634201719122952,270.3737376010378,0.013858570244717438,128.46008223303605,128.46008223303605,5.594118004693481,0.0,159.9864080089902,1.0
2.6375953335436932,0.8537443266287942,35776.89897614983,0.052452987963772735,3012007.424006528,0.022834804942395755,0.0003892315847694287,0.007882711760556198,0.03310674828772138,142.1348146702355,280.5263445250733,3000.0,22.963257602264996,2.963257602264995,270.35542807962565,0.01385799943307177,128.22061340939015,128.22061340939015,5.583729261337164,0.0,159.72663024586402,1.0
2.648525812325513,0.8539299108984064,35792.45480734969,0.05242984542126548,3012662.1647531614,0.022834147036895656,0.00038888819836959364,0.00791730055184061,0.03314033578710586,142.3408765152456,280.58732446383465,3000.0,22.963106130598824,2.963106130598824,270.33839842564504,0.013857468477452733,127.99752191039943,127.99752191039943,5.5740508789374985,0.0,159.48443378180707,1.0
2.649332575368224,0.8539435958504115,35793.602025510816,0.05242813947120891,3012710.445222795,0.022834098529850348,0.00038886289167469455,0.00791985303419502,0.033142814455720065,142.3560852760069,280.59182111399235,3000.0,22.963094950921185,2.963094950921185,270.3371426619002,0.013857429323171458,127.98105738589331,127.98105738589331,5.573336593321852,0.0,159.46655222746125,1.0
2.661156922497651,0.8541439685599892,35810.40150149182,0.052403170313320965,3013417.3595412765,0.02283338840485181,0.0003884925841673268,0.007957256009079096,0.033179136998098234,142.57898608498797,280.65766029090656,3000.0,22.962931099257105,2.9629310992571054,270.318755985495,0.013856856006104557,127.73976990050701,127.73976990050701,5.562868666389006,0.0,159.20438726928506,1.0
2.672981269627078,0.85434396460749,35827.173328022145,0.052378265009745816,3014122.9449970806,0.022832679814065043,0.0003881233993841771,0.007994644451820352,0.03321544766526957,142.80187208057535,280.72337570285714,3000.0,22.962767254366057,2.962767254366058,270.3004038724978,0.013856283716682573,127.49853179192243,127.49853179192243,5.552402738728292,0.0,158.94206891013704,1.0
2.6848056167565053,0.8545435840670017,35843.91748913141,0.052353423436512544,3014827.201851588,0.02283197275600035,0.00038775533413896757,0.00803201781909205,0.03325174590923137,143.02474040880625,280.7889673741881,3000.0,22.96260341623589,2.96260341623589,270.28208631611017,0.013855712454976176,127.25734590730391,127.25734590730391,5.541938934386055,0.0,158.67960115198042,1.0
2.696629963885932,0.8547428270171702,35860.63396927929,0.052328645469505095,3015530.1303822617,0.022831267229155537,0.0003873883852502091,0.008069375571835628,0.03328803118624138,143.24758823133072,280.8544353307411,3000.0,22.962439584854447,2.9624395848544487,270.2638033091154,0.013855142221042373,127.0162150777847,127.0162150777847,5.5314773767140135,0.0,158.41698798078684,1.0
2.69849799746373,0.8547742693757233,35863.27233865619,0.052324736807519145,3015641.0589289432,0.022831155908600614,0.0003873305158484103,0.008075275959459755,0.033293762383908784,143.28279210631536,280.8647667726413,3000.0,22.962413703067618,2.9624137030676163,270.26091808351083,0.013855052228379332,126.97812597719548,126.97812597719548,5.529824852873898,0.0,158.37548679681473,1.0
2.7085340960478037,0.8549430341189355,35877.4352671757,0.05230376443828748,3016236.4604368783,0.02283055848697253,0.0003870200848307365,0.008106969082452864,0.03332454765425613,143.47191615281835,280.92022009165186,3000.0,22.962274654822174,2.962274654822175,270.2454318292769,0.013854569177685266,126.77351567645857,126.77351567645857,5.520947623097767,0.0,158.15245995269606,1.0
2.7204531977180944,0.8551431108288434,35894.22955371834,0.052278916454772055,3016942.3304694127,0.022829850405324592,0.00038665244840943,0.008144592925635793,0.03336109577936981,143.6964996081941,280.9859620079428,3000.0,22.962109524217766,2.9621095242177646,270.2270723145054,0.01385399645745239,126.53057270631129,126.53057270631129,5.51040715892682,0.0,157.88745969383098,1.0
2.7323722993883846,0.8553428052398611,35910.99566892417,0.052254132719896394,3017646.8517526085,0.02282914387485739,0.0003862859365917124,0.008182199277921177,0.03339762908937029,143.92105362968547,281.0515783071059,3000.0,22.96194440043344,2.961944400433438,270.20874788038935,0.01385342478162084,126.28769425070388,126.28769425070388,5.499869351147807,0.0,157.62232379283137,1.0
2.744291401058675,0.8555421174513054,35927.733598651,0.05222941310594432,3018350.024636856,0.022828438893981024,0.0003859205461386026,0.008219787604673357,0.033434147044792986,144.14557537481366,281.1170690217751,3000.0,22.961779283456742,2.961779283456741,270.19045851781516,0.013852854150192745,126.0448831430015,126.0448831430015,5.489334323225246,0.0,157.35705626546383,1.0
2.7483146991428384,0.8556093091155368,35933.37712913102,0.05222108344174642,3018587.0766267595,0.02282820127690324,0.0003857974610020731,0.008232471398550358,0.03344647013645567,144.22135500617756,281.139147097566,3000.0,22.961723549682223,2.9617235496822225,270.184292850894,0.013852661769067267,125.96293784471644,125.96293784471644,5.4857788690021785,0.0,157.26748608312963,1.0
2.7484701826019475,0.8556119049155524,35933.59516323001,0.052220761681714196,3018596.23460143,0.02282819209754691,0.0003857927068371697,0.008232961530842525,0.0334469463352266,144.22428348675749,281.140000034759,3000.0,22.96172139582303,2.9617213958230306,270.1840546541106,0.013852654336738464,125.9597711673531,125.9597711673531,5.485641472431873,0.0,157.26402428455918,1.0
2.756273788287533,0.855742102784345,35944.53197568381,0.05220462674445287,3019055.572292073,0.022827731730283293,0.0003855543426588646,0.008257556805118924,0.03347084287806108,144.37125385002662,281.18278091312993,3000.0,22.961613296625753,2.961613296625753,270.17210738800236,0.013852281541671606,125.80085353797574,125.80085353797574,5.47874628462898,0.0,157.0902516383735,1.0
2.768289373684315,0.8559422545296946,35961.34826213547,0.05217983652356381,3019761.707049421,0.02282702417667383,0.0003851882560288387,0.008295411278994951,0.03350762371169762,144.59751908795357,281.2485474848329,3000.0,22.96144685679829,2.9614468567982914,270.1537409878003,0.013851708406579342,125.55622189984672,125.55622189984672,5.468131981529412,0.0,156.8225823559022,1.0
2.780304959081103,0.856142018190811,35978.13586396231,0.052155111074488364,3020466.4726467575,0.022826318192914107,0.00038482329911146434,0.008333245822912894,0.033544387314938466,144.82374291482756,281.3141865384395,3000.0,22.961280423851008,2.9612804238510066,270.13541019913043,0.013851136332801543,125.31166728430287,125.31166728430287,5.457520877369517,0.0,156.55479150716673,1.0
2.7923205444778847,0.8563413938875217,35994.89476840598,0.05213045026593689,3021169.8695068345,0.022825613777327124,0.00038445946861082666,0.008371059906808781,0.03358113315274673,145.04992248443375,281.3796981133231,3000.0,22.961113997771143,2.9611139977711445,270.1171150109973,0.013850565320285944,125.06719252656353,125.06719252656353,5.446913095710596,0.0,156.28688313751934,1.0
2.7984423677401646,0.8564428247091185,36003.42222719682,0.05211791063943776,3021527.717141241,0.022825255486948963,0.00038427453261702523,0.008390317775909676,0.03359984779547567,145.16514083400702,281.413026613106,3000.0,22.961029207947558,2.9610292079475573,270.1078074775604,0.013850274803065271,124.9426666435534,124.9426666435534,5.44150985184526,0.0,156.15034254845523,1.0
2.8043840914953337,0.8565411752503882,36011.69168611738,0.052105755916604615,3021874.6975558917,0.02282490812585651,0.0003840953156940142,0.008409003817823548,0.033618007259374076,145.27695750314822,281.44534298343365,3000.0,22.960946914277784,2.9609469142777827,270.09878259797273,0.013849993096065908,124.8218250948245,124.8218250948245,5.43626643800159,0.0,156.01779121235967,1.0
2.816497456024654,0.856741388391838,36028.52883717562,0.05208102488418868,3022581.048918497,0.022824201147410725,0.00038373079475937126,0.008447082605254667,0.03365501454742477,145.50487945649496,281.5111297288854,3000.0,22.960779147737334,2.9607791477373353,270.08041056391846,0.01384941958503492,124.5755311074235,124.5755311074235,5.4255794329043825,0.0,155.74747702739654,1.0
2.828610820553974,0.8569412076221836,36045.33678538542,0.05205635914619715,3023286.010563907,0.022823495757561332,0.000383367408595749,0.008485139002364028,0.03369200216852111,145.73274781659353,281.5767870416268,3000.0,22.9606113881375,2.9606113881375,270.06207467608397,0.0138488471523689,124.32932685949044,124.32932685949044,5.414896178405974,0.0,155.47705567951724,1.0
2.8407241850832943,0.8571406330819061,36062.11551938652,0.05203175856777111,3023989.5829877406,0.022822791954543904,0.00038300515385069305,0.008523172483934945,0.033728969592329544,145.9605597346156,281.64231496781764,3000.0,22.960443635465218,2.960443635465217,270.0437749215784,0.013848275797960717,124.0832151869628,124.0832151869628,5.404216798115393,0.0,155.20653124249225,1.0
2.8484145528783817,0.8572670373144028,36072.752607343704,0.05201617424154892,3024435.536740908,0.022822345956370067,0.00038277575613127795,0.008547306532596048,0.033752428245097395,146.1051592779022,281.68384931969416,3000.0,22.960337138523897,2.9603371385238963,270.0321757685597,0.013847913623779497,123.92701649065748,123.92701649065748,5.397438885282181,0.0,155.0347327246393,1.0
2.8528737839780005,0.8573402596839053,36078.91508673094,0.05200714971886667,3024693.8650409225,0.022822087638433686,0.0003826429486387342,0.00856129619191616,0.03376602677898858,146.18899355704946,281.7079089860525,3000.0,22.960275387944634,2.9602753879446353,270.0254567097791,0.013847703817455686,123.83646315272966,123.83646315272966,5.393509488032987,0.0,154.9350981191546,1.0
2.8650863844106462,0.8575405225289324,36095.77212793563,0.05198247904755675,3025400.3917576,0.02282138127526052,0.0003822800054887217,0.00859959330342886,0.033803254584178107,146.41854895837056,281.7737120632823,3000.0,22.960106274976223,2.960106274976223,270.0070801148064,0.013847129963866653,123.58853115643583,123.58853115643583,5.382750832087071,0.0,154.66216119356716,1.0
2.8772989848432924,0.8577403855824239,36112.59944218541,0.051957874194512185,3026105.508010938,0.022820676519554044,0.000381918202147562,0.008637865542232876,0.03384046026393448,146.64803837407894,281.8393837755887,3000.0,22.959937169009365,2.9599371690093665,269.9887402056558,0.013846557205864066,123.34070183157687,123.34070183157687,5.371996487780396,0.0,154.38913184019557,1.0
2.8895115852759385,0.8579398490066295,36129.397019613236,0.05193333502118713,3026809.214373353,0.02281997336945864,0.0003815575352048138,0.00867611238840267,0.033877643293066126,146.87745895488283,281.9049241762843,3000.0,22.95976807003069,2.959768070030689,269.970436967439,0.013845985543282754,123.09297801255619,123.09297801255619,5.361246578672066,0.0,154.11601415885266,1.0
2.898386738016599,0.8580845526169407,36141.58550831803,0.051915543019387486,3027319.7282765717,0.022819463381876008,0.0003812961420370483,0.008703890947291291,0.03390465047120435,147.04413889616006,281.95247140274785,3000.0,22.959645186635065,2.9596451866350635,269.95715861998804,0.013845570791291445,122.91301972382797,122.91301972382797,5.3534372471651395,0.0,153.91748072356356,1.0
2.901751706436642,0.8581393611020708,36146.20260300372,0.051908806312264084,3027513.0924477424,0.022819270244002845,0.00038119719233423497,0.008714419426672925,0.03391488686301001,147.1073246169971,281.9704805695475,3000.0,22.959598596990933,2.9595985969909337,269.95212926303384,0.013845413691423948,122.84480464603675,122.84480464603675,5.350477018449996,0.0,153.8421964859218,1.0
2.914065012464228,0.8583396614033096,36163.078510489075,0.05188419723108054,3028219.7513098223,0.022818564538035848,0.0003808358398141559,0.008752928727759082,0.03395232910560909,147.33848916721254,282.0362959542724,3000.0,22.959428117711127,2.9594281177111252,269.93374923099,0.013844839530281872,122.59526006377743,122.59526006377743,5.339647809834003,0.0,153.56666037698145,1.0
2.926378318491808,0.8585395559820943,36179.924161254276,0.0518596544927503,3028924.978784299,0.022817860458517192,0.0003804756321124533,0.008791410652541637,0.03398974674317128,147.56957513138116,282.10197802527165,3000.0,22.959257645494294,2.9592576454942936,269.9154064290035,0.013844266482110358,122.34583129762234,122.34583129762234,5.328823483177056,0.0,153.2910469071258,1.0
2.9386916245193877,0.8587390450236148,36196.73954702606,0.051835177954918356,3029628.775524525,0.022817158003496107,0.0003801165657592091,0.008829864686850684,0.034027139256106,147.8005796620386,282.1675268433956,3000.0,22.959087180326737,2.9590871803267356,269.897100840081,0.013843694546682786,122.09652117804242,122.09652117804242,5.318004161884316,0.0,153.01536019963822,1.0
2.9483589231548164,0.8588953817894722,36209.92025969722,0.05181600747999049,3030180.331165624,0.022816607636191106,0.00037983545675626744,0.008860035454442049,0.03405647854738943,147.9818847032472,282.2188965334456,3000.0,22.9589533513646,2.958953351364598,269.88275500660836,0.013843246294111664,121.90087030336116,121.90087030336116,5.309513392783465,0.0,152.7988671810354,1.0
2.9510268860778215,0.8589384833367726,36213.55456204402,0.051810724008372784,3030332.3932952397,0.02281645592282164,0.00037975800009229326,0.008868358811256055,0.03406457273416999,148.03191160098982,282.2330589930139,3000.0,22.95891641826163,2.9589164182616305,269.87879990611367,0.0138431227069323,121.84688830512385,121.84688830512385,5.307170690695414,0.0,152.7391126055313,1.0
2.963442363086181,0.8591388080123521,36230.44823875405,0.051786177836198356,3031039.1381499195,0.02281575091879365,0.0003793982522870931,0.008907073967034608,0.03410222313811535,148.26465962783146,282.2988823867463,3000.0,22.958744552857052,2.9587445528570506,269.86041763742236,0.013842548275671008,121.5957580095909,121.5957580095909,5.296272090559898,0.0,152.46100268503267,1.0
2.97585784009454,0.8593387209886139,36247.311123658066,0.05176169853150996,3031744.4305306417,0.02281504756028906,0.00037903965427010816,0.008945759222711177,0.034139846437270346,148.49731626307772,282.36457050285395,3000.0,22.958572694577292,2.9585726945772906,269.8420731472396,0.01384197497491455,121.34475688416188,121.34475688416188,5.285378951838019,0.0,152.18283080160572,1.0
2.988273317102899,0.8595382224749214,36264.14321018299,0.05173728594801721,3032448.271176039,0.022814345845257798,0.00037868220251042545,0.008984414070359867,0.03417744211812809,148.72987866354444,282.43012341013025,3000.0,22.95840084340831,2.958400843408311,269.8237664163538,0.013841402804371315,121.09388775280937,121.09388775280937,5.274491397669676,0.0,151.90460109920485,1.0
2.9983146991428384,0.8596992743287519,36277.734123298964,0.051717590256491336,3033016.4616333656,0.02281377951330546,0.0003783939389089482,0.009015654728098963,0.03420782818031337,148.91789947930826,282.48304240054097,3000.0,22.958261858914632,2.9582618589146317,269.8089879151942,0.013840940871109932,120.89108843588596,120.89108843588596,5.265689936755568,0.0,151.67953517996716,1.0
2.9983311082930335,0.859699537291941,36277.75631643184,0.05171755810632459,3033017.389366708,0.022813778588710767,0.0003783934684529819,0.009015705763407348,0.0342078778205711,148.91820668123424,282.48312880592005,3000.0,22.95826163179656,2.95826163179656,269.80896378506657,0.013840940116845305,120.89075710383233,120.89075710383233,5.265675556915945,0.0,151.6791673603597,1.0
3.0007085551844055,0.8597376292393547,36280.97120940469,0.05171290124205297,3033151.777642947,0.022813644658673728,0.0003783253272740962,0.00902309945763623,0.03421506944358406,148.96271392925465,282.49564519335655,3000.0,22.958228725826395,2.9582287258263955,269.8054683773725,0.013840830855739592,120.84275444811786,120.84275444811786,5.263592234891285,0.0,151.6258747309586,1.0
3.013227732128432,0.8599379654627218,36297.881576814645,0.05168841925336943,3033858.5632381877,0.022812940400272794,0.0003779671975344151,0.009062014142512379,0.03425292174031959,149.19701963880243,282.561472381502,3000.0,22.958055453614225,2.958055453614224,269.7870850490287,0.013840256191098998,120.59006541022626,120.59006541022626,5.252625408709957,0.0,151.34521670025688,1.0
3.0257469090724594,0.8601378839593611,36314.76061162244,0.0516640046574415,3034563.875094785,0.022812237806580087,0.00037761022252259585,0.00910089638309792,0.034290744412200605,149.43122094280739,282.62716231151495,3000.0,22.957882188589192,2.9578821885891933,269.7687400522831,0.013839682674660922,120.33751910947569,120.33751910947569,5.24166463269366,0.0,151.06451244072528,1.0
3.0382660860164865,0.860337384962873,36331.60830896291,0.051639657304057535,3035267.714036881,0.022811536875446247,0.00037725439864726016,0.009139745677970847,0.03432853695206436,149.66531500345943,282.6927150601526,3000.0,22.957708930736928,2.9577089307369286,269.75043336569973,0.013839110306068509,120.08511836224031,120.08511836224031,5.23071002966957,0.0,150.7837661158155,1.0
3.0483032934312506,0.8604970328287569,36345.093255666034,0.05162018536260436,3035830.9512289423,0.022810976105663575,0.00037696994708504293,0.009170868836680295,0.034358814889428914,149.85291975725525,282.74517272321486,3000.0,22.957570027015816,2.9575700270158145,269.7357836978134,0.013838652240309262,119.88286394055817,119.88286394055817,5.221931754949823,0.0,150.55865111961052,1.0
3.0508061175255596,0.8605367999989156,36348.45265110944,0.05161533665258965,3035971.2496860027,0.022810836441243355,0.00037689913245697024,0.009178626162109934,0.03436636173581026,149.8996886813998,282.75823956129364,3000.0,22.957535391446356,2.9575353914463567,269.7321345676958,0.013838538134362872,119.83244588629603,119.83244588629603,5.219743489144042,0.0,150.50251410541762,1.0
3.063430485926147,0.8607371335508972,36365.378510025264,0.051590920278475394,3036678.0258566025,0.022810132976901498,0.00037654263633711115,0.009217733739931296,0.03440440935316991,150.13552422502525,282.82406587166577,3000.0,22.957360692272644,2.957360692272646,269.71375148448476,0.013837963277117372,119.57822725945951,119.57822725945951,5.208709697178259,0.0,150.21933631781783,1.0
3.0760548543267277,0.8609370433065066,36382.272490468335,0.05156657182178083,3037383.3068748717,0.022809431196530294,0.0003761872998344614,0.009256806310420094,0.03444242480678485,150.37124214634952,282.88975292952,3000.0,22.95718600034878,2.9571860003487798,269.69540728983674,0.01383738958591244,119.32416514348722,119.32416514348722,5.197682553152393,0.0,149.93612836874541,1.0
3.0886792227273085,0.8611365295234692,36399.134589275025,0.05154229112841151,3038087.093650066,0.0228087310978817,0.00037583311929809593,0.00929584337889743,0.03448040759607723,150.6068396139211,282.9553008195407,3000.0,22.957011315660043,2.957011315660042,269.67710196010233,0.013836817060326296,119.07026234618124,119.07026234618124,5.186662179538931,0.0,149.65289444007618,1.0
3.0982754785694677,0.8612878833030674,36411.93077327246,0.051523879699841936,3038621.069330586,0.022808200050282244,0.0003755646644584463,0.009325492867005535,0.03450925758174622,150.78584377242856,283.0050331822592,3000.0,22.956878536108412,2.9568785361084116,269.6632133773006,0.01383638264165832,118.87736960487206,118.87736960487206,5.178289784383893,0.0,149.43758289088703,1.0
3.101329187661965,0.8613359956442831,36415.998895446246,0.05151802901960044,3038790.8095261077,0.02280803126432155,0.00037547937647084594,0.009334923495271166,0.034518434136063564,150.84279112457097,283.02084210629744,3000.0,22.9568362840318,2.9568362840318017,269.65879847443836,0.013836244542644847,118.81600734986739,118.81600734986739,5.175626374637381,0.0,149.36906435708778,1.0
3.1140602694259756,0.861536312005262,36432.939017917226,0.051493679713170835,3039497.5250469022,0.022807328643362157,0.00037512452975053593,0.009374217229635011,0.03455667040274771,151.08012785346867,283.08666276798886,3000.0,22.9566601373327,2.9566601373326997,269.64041696871453,0.01383566953447393,118.56028911524587,118.56028911524587,5.164526913147968,0.0,149.0833963298906,1.0
3.1267913511899863,0.8617361984541186,36449.84671062123,0.051469398848633614,3040202.7238390185,0.022806627725726218,0.00037477084749251347,0.009413473374517305,0.03459487194773604,151.3173335362259,283.15234216762747,3000.0,22.95648399794654,2.9564839979465383,269.62207491274967,0.01383509571033341,118.30474137652376,118.30474137652376,5.153434706599937,0.0,148.79771454897568,1.0
3.139522432953997,0.8619356552739798,36466.72197220707,0.05144518626788379,3040906.406901326,0.02280592850906276,0.00037441832598479683,0.009452691442493241,0.0346330382775408,151.5544053503863,283.21788039824406,3000.0,22.95630786585825,2.956307865858249,269.6037722805632,0.01383452306973286,118.04936693017689,118.04936693017689,5.142349876991575,0.0,148.51202321156816,1.0
3.1482476637076853,0.8620721047794931,36478.26868107068,0.05142863156025804,3041387.8003475713,0.022805450282943274,0.00037417739426437804,0.009479547255673028,0.03465917493288068,151.71680345590215,283.26271546162315,3000.0,22.95618715816166,2.9561871581616628,269.59125134940035,0.013834131294487385,117.8744478934982,117.8744478934982,5.134757226074891,0.0,148.31622165511826,1.0
3.15228757542153,0.862135214654699,36483.60981956243,0.051420977308018735,3041610.451798034,0.022805229127147584,0.000374066023032466,0.009491975719707208,0.034671270869887263,151.79197420383932,283.2834523286719,3000.0,22.95613126985867,2.9561312698586697,269.5854602371484,0.013833950084877549,117.79348603330911,117.79348603330911,5.131242919314179,0.0,148.2255621359357,1.0
3.165126906244297,0.8623354987194278,36500.562924613776,0.051396696578507144,3042317.0533777545,0.022804527400778905,0.00037371284220931504,0.00953144871790808,0.0347096889608963,152.0307823213161,283.3492623783467,3000.0,22.955953654890283,2.9559536548902825,269.5670816950054,0.013833374969186345,117.5362993736893,117.5362993736893,5.120079136797293,0.0,147.93743497833358,1.0
3.177966237067064,0.8625353467141889,36517.483043486245,0.05137248481459281,3043022.116503937,0.022803827397161438,0.0003733608306403896,0.00957088152655018,0.03474806975435201,152.2694457658112,283.4149291426019,3000.0,22.955776047298286,2.955776047298285,269.5487431676798,0.013832801055656043,117.27929740186858,117.27929740186858,5.108923225258221,0.0,147.64931081271914,1.0
3.1908055678898313,0.8627347589488541,36534.370176758486,0.05134834185402709,3043725.642269808,0.02280312911383684,0.0003730099845510901,0.009610273665996434,0.034786412764384364,152.50796172666415,283.48045272325646,3000.0,22.955598447067246,2.9555984470672456,269.53044462673694,0.013832228343723689,117.02248290007279,117.02248290007279,5.0977753060941575,0.0,147.3611938483589,1.0
3.1982198488459024,0.8628497144443026,36544.10690379987,0.05133443138189133,3044131.204913004,0.022802726661314283,0.0003728079121186336,0.009633002589904816,0.03480853716333773,152.64562839142855,283.51822520843194,3000.0,22.95549589226432,2.9554958922643197,269.5198960370599,0.013831898168941502,116.87426764563133,116.87426764563133,5.0913414458197925,0.0,147.19482092752975,1.0
3.203691292145278,0.8629344539285586,36551.285166208436,0.0513241806690454,3044430.165559329,0.022802430034488154,0.0003726590387329438,0.009649766776758242,0.03482485584997934,152.74718844536363,283.5460692092807,3000.0,22.955420212483745,2.9554202124837463,269.5121201404368,0.013831654769899875,116.76493169507319,116.76493169507319,5.086595262219309,0.0,147.0720472598528,1.0
3.2166404211532877,0.8631346900015402,36568.24991923493,0.05129997008155195,3045136.5978243095,0.022801729255809464,0.00037230754101193225,0.009689411988116544,0.03486344878493794,152.98743698568694,283.6118634896566,3000.0,22.955241108327105,2.9552411083271046,269.49374600213065,0.013831079591835157,116.50630901644371,116.50630901644371,5.075368560349409,0.0,146.78149371064654,1.0
3.2295895501612906,0.8633344838090397,36585.18112489552,0.05127582898197375,3045841.4697779953,0.022801030219367933,0.0003719572172745365,0.009729014393216658,0.03490200182985913,153.22752702801975,283.6775124488689,3000.0,22.955062011610615,2.955062011610614,269.475412447157,0.013830505634190235,116.24788541913725,116.24788541913725,5.064150354302653,0.0,146.4909602336817,1.0
3.242538679169293,0.8635338356890861,36602.0787858225,0.05125175720378051,3046544.7826129524,0.022800332922593182,0.0003716080636819355,0.009768573520765687,0.034940514507040804,153.46745577646578,283.74301619798837,3000.0,22.95488292231847,2.954882922318469,269.4571194444975,0.0138299328963255,115.98966366803171,115.98966366803171,5.052940764740638,0.0,146.20045104671613,1.0
3.2481920339841195,0.8636207306054127,36609.445479438946,0.051241269598374044,3046851.3476171587,0.022800029040360624,0.0003714559955304467,0.009785830627777443,0.03495731566366851,153.57215302759315,283.77156843836593,3000.0,22.954804737506574,2.954804737506574,269.44914576030106,0.013829683231711744,115.87699273270792,115.87699273270792,5.048049593877524,0.0,146.0736286916818,1.0
3.2483146991428384,0.863622615098079,36609.60524935728,0.05124104218678696,3046857.996101634,0.022800022450463985,0.00037145269845327865,0.009786204975707128,0.03495768012462439,153.57442437549622,283.7721876516626,3000.0,22.954803041086617,2.9548030410866173,269.44897283477184,0.013829677817123109,115.87454845927562,115.87454845927562,5.047943484937453,0.0,146.07087699292404,1.0
3.2555501016804116,0.863733701801727,36619.02395112403,0.051227639279570227,3047249.90965896,0.02279963402101717,0.00037125840517853256,0.009808278892023934,0.034979171318219635,153.70837347508265,283.80868891548096,3000.0,22.954702978955595,2.9547029789555945,269.4387792546321,0.013829358631166468,115.73040577954944,115.73040577954944,5.041686049505791,0.0,145.9085730227661,1.0
3.26861072945777,0.8639338757234246,36635.99914386466,0.051203500197374595,3047956.1226543966,0.0227989342375701,0.0003709086047262186,0.009848089528825392,0.03501793237112171,153.95003284419906,283.87446277396714,3000.0,22.954522362607698,2.9545223626076975,269.42041081947553,0.013828783431511234,115.47037797527648,115.47037797527648,5.030397764380174,0.0,145.6156243878172,1.0
3.281671357235129,0.8641336011359934,36652.9402224419,0.05117943112553806,3048660.753310972,0.022798236215943776,0.0003705599829494364,0.00988785472537446,0.03505665092426767,154.19151968714345,283.94008925973003,3000.0,22.954341753764176,2.9543417537641763,269.40208354058336,0.013828209470692477,115.21056385343991,115.21056385343991,5.019118608990261,0.0,145.32271324477438,1.0
3.2947319850124877,0.8643328784053883,36669.84719152578,0.05115543189330283,3049363.802919774,0.022797539953456868,0.00037021253594628895,0.00992757401893948,0.03509532650834264,154.43283122371545,284.0055684930165,3000.0,22.954161152408854,2.954161152408854,269.38379738437476,0.013827636747994558,114.9509661606593,114.9509661606593,5.007848703222863,0.0,145.02984381881933,1.0
3.298164219122337,0.8643851726508283,36674.28455598939,0.0511491366435993,3049548.296860858,0.02279735727249671,0.00037012142394238706,0.009938004274716087,0.035105482971155184,154.4962166351502,284.0227515220047,3000.0,22.954113692980307,2.9541136929803073,269.3789987400345,0.013827486446150727,114.88278210488428,114.88278210488428,5.004888606960985,0.0,144.95288739887647,1.0
3.3078757700661083,0.864532972419637,36686.827376868336,0.05113135019280872,3050069.734001971,0.022796841031105894,0.0003698640588205738,0.009967499400760653,0.035134204490687125,154.67549942081172,284.0713160952292,3000.0,22.95397940870463,2.9539794087046296,269.3654362817158,0.013827061627992274,114.68993686090408,114.68993686090408,4.996516500202629,0.0,144.73515605268767,1.0
3.321049198199337,0.8647330630600143,36703.811206277926,0.05110728480418097,3050775.653181159,0.022796142314624512,0.0003695159816571344,0.010007467251115239,0.03517312554739689,154.91853115516398,284.1370625888432,3000.0,22.953797262691765,2.953797262691765,269.3470754886513,0.013826486467606017,114.42854433348731,114.42854433348731,4.985168380809704,0.0,144.4398546123344,1.0
3.334222626332565,0.8649326989329785,36720.76035167564,0.051083289943352525,3051479.9679422784,0.02279544537951443,0.00036916908773853635,0.010047387014286306,0.03521200148153927,155.16137614877414,284.2026596533647,3000.0,22.95361512424745,2.9536151242474493,269.32875642612623,0.013825912564538046,114.1673802773521,114.1673802773521,4.973830033280875,0.0,144.1446084159431,1.0
3.347396054465793,0.865131880432546,36737.674819787295,0.05105936543536293,3052182.6796754156,0.022794750222983332,0.0003688233731006802,0.010087258236449815,0.03525083183253383,155.40403163887612,284.2681074182609,3000.0,22.953432993355126,2.953432993355125,269.31047905798476,0.013825339917996195,113.90644741910864,113.90644741910864,4.96250157665234,0.0,143.84942169396243,1.0
3.348136404260554,0.8651430610027817,36738.624387863725,0.0510580229567914,3052222.1246936773,0.022794711207751034,0.0003688039787755983,0.010089497558803603,0.03525301274533024,155.41766325495124,284.27178116975784,3000.0,22.953422757779453,2.953422757779453,269.30945310226764,0.01382530777240087,113.8917898473164,113.8917898473164,4.961865210656472,0.0,143.8328339807754,1.0
3.3606775754817937,0.8653322367140237,36754.69297946591,0.05103531566145172,3052889.5360356094,0.022794051160118817,0.000368476011566628,0.010127407021376381,0.035289934193061825,155.64848358378518,284.33394119717167,3000.0,22.953249375639416,2.953249375639417,269.29209388906105,0.013824763843891204,113.64361030527587,113.64361030527587,4.951090298608759,0.0,143.55187733084287,1.0
3.373965533081036,0.8655322287163881,36771.68412750968,0.05101132543924241,3053595.107220185,0.02279335356193446,0.0003681296732081847,0.010167524975628731,0.03532900821077138,155.89285565576174,284.39965527995696,3000.0,22.953065676585837,2.9530656765858367,269.2737421472552,0.013824188767102102,113.38088649149344,113.38088649149344,4.939683791658036,0.0,143.25425782907885,1.0
3.3872534906802705,0.8657317596484781,36788.64001632264,0.05098740626181346,3054299.0517502143,0.0227926577647548,0.00036778452261737105,0.010207592180221891,0.03536803446759407,156.13702657358516,284.4652178626331,3000.0,22.952881985165376,2.9528819851653783,269.25543271435436,0.013823614966261439,113.1184061407692,113.1184061407692,4.928287707568857,0.0,142.95671166232216,1.0
3.3981085893987713,0.8658944170831205,36802.465333199776,0.05096791898614256,3054872.9066918306,0.022792090693890495,0.0003675034434538451,0.01024028560804403,0.03539987974538837,156.33634165549157,284.5186644204922,3000.0,22.952731931000038,2.952731931000039,269.2405068812807,0.013823147167490644,112.90416522578911,112.90416522578911,4.918985921379597,0.0,142.71369985205214,1.0
3.400562711246953,0.8659311481108587,36805.58770243942,0.0509635198452409,3055002.4936475363,0.02279196265659583,0.00036744000630783204,0.01024767218189037,0.03540707484479404,156.38138381842842,284.53073363210586,3000.0,22.9526980074422,2.9526980074422022,269.2371363548129,0.013823041525380088,112.85575253638447,112.85575253638447,4.916883954112586,0.0,142.65876712716204,1.0
3.4139668043985294,0.866131491241967,36822.62046468439,0.05093953483022816,3055709.303613267,0.0227912644136909,0.0003670942303392227,0.010287985531892677,0.0354463441759228,156.62727341406975,284.5965630900215,3000.0,22.95251272596937,2.952512725969372,269.21875239259833,0.013822465288785345,112.59147897852858,112.59147897852858,4.905409718001732,0.0,142.35878167281228,1.0
3.427370897550105,0.8663313665203384,36839.61737752696,0.05091562155821507,3056414.4629959436,0.022790567994468634,0.0003667496506832292,0.010328245896482846,0.03548556354163471,156.87294999596918,284.66223881922235,3000.0,22.952327452211794,2.9523274522117937,269.2004113616638,0.013821890347819624,112.3274613656946,112.3274613656946,4.89394644615312,0.0,142.05888371904004,1.0
3.4407749907016814,0.8665307743955831,36856.578451673995,0.050891779845343876,3057117.9733817927,0.022789873395911132,0.0003664062632361502,0.010368452835941209,0.035524732495088494,157.11841082159538,284.72776096744303,3000.0,22.952142186152106,2.952142186152106,269.1821132207517,0.013821316701540364,112.06370239915634,112.06370239915634,4.882494256539096,0.0,141.75907752400434,1.0
3.4480807745369884,0.8666392632748449,36865.8078508227,0.05087881519281794,3057500.7218224746,0.022789495576557052,0.0003662196034325956,0.01039034462663075,0.0355460598066204,157.25210528216633,284.7634086288935,3000.0,22.952041211740337,2.9520412117403363,269.17215802315644,0.013821004585442286,111.92005274099012,111.92005274099012,4.876257048708209,0.0,141.59571092481306,1.0
3.454232657954542,0.8667305095223355,36873.57127409728,0.05086791464439344,3057822.6383099784,0.02278917784969345,0.0003660626985647049,0.010408766293038831,0.035564006841296986,157.36463292660574,284.7933906451269,3000.0,22.951956187339064,2.951956187339064,269.163785050463,0.013820742063978658,111.79915212385725,111.79915212385725,4.87100756080777,0.0,141.45816961964525,1.0
3.4677545070622027,0.8669307236271537,36890.608776923335,0.050844007901300885,3058528.9930713447,0.02278848082851907,0.0003657186974205052,0.010449216894101407,0.03560341642004098,157.61180475283442,284.8591777071257,3000.0,22.95176930924656,2.95176930924656,269.1454129280077,0.013820165998315273,111.5336081751733,111.5336081751733,4.859477571092519,0.0,141.15592837387237,1.0
3.481276356169863,0.867130463489527,36907.60984464206,0.05082017341685913,3059233.6747067864,0.02278778565081901,0.0003653758970054011,0.010489611812432952,0.03564277336025737,157.85874875536564,284.92480894085674,3000.0,22.95158243893464,2.9515824389346386,269.12708432316714,0.013819591247200384,111.2683355678015,111.2683355678015,4.847959214308812,0.0,140.85379338408163,1.0
3.4947982052775237,0.8673297295915384,36924.574490403225,0.05079641100257384,3059936.6849170933,0.02278709231344984,0.0003650342931483791,0.010529950618910927,0.03568207722550915,158.105462218276,284.99028450472457,3000.0,22.951395576385522,2.951395576385524,269.10879919170424,0.013819017809602095,111.00333697342825,111.00333697342825,4.836452607162527,0.0,140.55176890261868,1.0
3.498052959675206,0.8673776229221074,36928.6525004561,0.05079070205036875,3060105.6524437107,0.022786925699269354,0.0003649522461618102,0.01053965187880155,0.035691529824232716,158.16481225065058,285.00602146546635,3000.0,22.951350599100863,2.951350599100863,269.1044043857798,0.013818879977269055,110.9395921351292,110.9395921351292,4.833684695639452,0.0,140.47908757044596,1.0
3.4983146991428384,0.867381473196777,36928.98035251759,0.05079024313110054,3060119.236201198,0.02278691230518317,0.0003649456511412914,0.010540431888156046,0.03569228984448051,158.16958444838204,285.0072866023988,3000.0,22.951346982156025,2.9513469821560245,269.10405107541845,0.01381886889642958,110.93446662703641,110.93446662703641,4.833462136809861,0.0,140.47324300424822,1.0
3.508409792713192,0.8675298401364098,36941.61495117364,0.05077256348662244,3060642.674319277,0.022786396230220485,0.0003646916265095285,0.010570500034910014,0.03572158789164003,158.3535774404967,285.056037538628,3000.0,22.95120748153742,2.951207481537419,269.09043657215597,0.013818441891924998,110.73685913165926,110.73685913165926,4.824881619877256,0.0,140.24785590952746,1.0
3.5220513478535107,0.8677299105895862,36958.6559278711,0.050748736354591456,3061348.5222780816,0.02278570047904144,0.00036434941347273785,0.01061108081896769,0.035761130711481875,158.60199906687393,285.12177739905985,3000.0,22.951018980429673,2.9510189804296743,269.07207763151706,0.013817866039555907,110.47007856464313,110.47007856464313,4.813297338076403,0.0,139.9433947558552,1.0
3.535692902993837,0.8679295003618747,36975.659878032944,0.050724981997031446,3062052.674396154,0.022785006591226654,0.0003640084055467932,0.010651603208966746,0.035800618205740195,158.8501778638516,285.1873593156575,3000.0,22.95083048716835,2.950830487168351,269.0537627992996,0.013817291520815098,110.20358493544799,110.20358493544799,4.801725366629415,0.0,139.6390589516349,1.0
3.548025144813423,0.8681095202905331,36990.99993954295,0.05070357004876609,3062687.78416459,0.022784380903561968,0.00036370116111541964,0.010688185664618302,0.03583626772929569,159.0743252889386,285.246510903496,3000.0,22.950660092184606,2.950660092184604,269.03724374247935,0.013816773291086952,109.96291845354074,109.96291845354074,4.791274761242551,0.0,139.3640446456658,1.0
3.5493460453977117,0.8681287788889805,36992.6412133671,0.05070128013617048,3062755.7284421567,0.022784313976483964,0.00036366831036892125,0.010692101131581956,0.035840083418434844,159.0983216346369,285.2528389622071,3000.0,22.950641841637307,2.9506418416373084,269.03547652768043,0.013816717848278912,109.93715489304353,109.93715489304353,4.7901560074714045,0.0,139.33459440309275,1.0
3.5631083266409576,0.8683291641468416,37009.72078877993,0.05067746219287846,3063462.6870309445,0.022783617707527997,0.00036332670965841675,0.010732862740951086,0.0358798071581375,159.34819738535236,285.3186822622808,3000.0,22.950451696051754,2.9504516960517537,269.01708869981485,0.013816140939654699,109.66889131446248,109.66889131446248,4.778506879380035,0.0,139.02783172703778,1.0
3.576870607884204,0.8685290617668956,37026.76272857149,0.05065371772698399,3064167.9252350116,0.02278292332502823,0.0003629863225418651,0.010773563653449792,0.03591947330101989,159.59781783025466,285.38436533259113,3000.0,22.950261558396456,2.950261558396457,268.99874561875436,0.013815565384893149,109.4009277884997,109.4009277884997,4.766870630651915,0.0,138.7212095416034,1.0
3.5906328891274497,0.8687284722909216,37043.767050238144,0.05063004654075155,3064871.444965752,0.02278223082560268,0.0003626471447056999,0.01081420345636202,0.035959081426670404,159.84718028521482,285.44988835115777,3000.0,22.950071428652794,2.9500714286527954,268.9804472347838,0.01381499118279994,109.13326694956899,109.13326694956899,4.755247376411991,0.0,138.41473211330464,1.0
3.59799732995164,0.8688349805220895,37052.85091957605,0.05061740969898543,3065247.205685899,0.022781861029142366,0.00036246613982840735,0.010835925294472856,0.035980252463443635,159.9805116692023,285.48488520421955,3000.0,22.949969690097348,2.9499696900973476,268.9706737861684,0.013814684472242314,108.9901621169661,108.9901621169661,4.7490329437774434,0.0,138.25079153282314,1.0
3.6044522144805478,0.8689282197855527,37060.80401995015,0.05060635077521377,3065576.1535277767,0.022781537347175775,0.000362307773466091,0.01085494980936027,0.03599879493000214,160.0973140626221,285.5155220927232,3000.0,22.949880518771035,2.9498805187710344,268.9621179295891,0.01381441596053357,108.86480386696701,108.86480386696701,4.743589134502244,0.0,138.10713427427075,1.0
3.618337202298439,0.869128422848877,37077.88377655495,0.05058261643293857,3066282.4693347854,0.022780842479043644,0.00036196800898680186,0.01089582688782689,0.03603863737585734,160.34836897049368,285.58130552666864,3000.0,22.94968870977822,2.949688709778219,268.9437468203276,0.013813839376264436,108.59537784983391,108.59537784983391,4.731888925515772,0.0,137.7982304819668,1.0
3.63222219011633,0.869328131781685,37094.92529802261,0.050558956077410185,3066987.041850814,0.022780149517285887,0.00036162946229293373,0.010936640530568654,0.03607841951014748,160.59915319195707,285.6469265974532,3000.0,22.94949690878174,2.949496908781738,268.9254210536575,0.013813264165138105,108.32626786170042,108.32626786170042,4.720202289935551,0.0,137.48948693369817,1.0
3.6461071779342213,0.869527347159564,37111.92860442315,0.05053536950620544,3067689.873106534,0.02277945845839139,0.0003612921290042064,0.010977390336602302,0.0361181409239979,160.84966407550849,285.7123854942054,3000.0,22.949305115762538,2.9493051157625367,268.90714057676155,0.013812690325866845,108.05747650125306,108.05747650125306,4.708529341353986,0.0,137.1809078826824,1.0
3.6479695150898572,0.8695540296036166,37114.20628356731,0.05053221153591203,3067784.008689132,0.0227793659139993,0.00036124697590954655,0.010982851066234017,0.03612346395614287,160.8832431534354,285.7211529064852,3000.0,22.949279391947698,2.949279391947699,268.9046921322327,0.013812613463400557,108.02144897879731,108.02144897879731,4.706964743158742,0.0,137.13953216495887,1.0
3.6600998697876337,0.8697276091013539,37129.025163281556,0.0505116744169454,3068396.3966365918,0.022778763960533396,0.0003609534021949116,0.011018391251224408,0.036158108613952716,161.10183895009416,285.7781882746463,3000.0,22.949111843080985,2.949111843080983,268.88876406467205,0.01381211342193593,107.78692511457788,107.78692511457788,4.696779807932958,0.0,136.8701059215963,1.0
3.674109245252073,0.8699276088697081,37146.10326948471,0.05048802573024404,3069101.995219555,0.02277807056337259,0.00036061549711454376,0.011059375302891718,0.03619806136337885,161.3540310671058,285.8439049092081,3000.0,22.948918348035825,2.9489183480358245,268.8704116102405,0.013811537223192066,107.51638054313472,107.51638054313472,4.6850304189755825,0.0,136.55910933686874,1.0
3.688118620716512,0.8701271079979314,37163.14253775473,0.050464451535104926,3069805.827545639,0.022777379092479805,0.0003602788139008933,0.011100293172451838,0.03623795107883254,161.60593694626039,285.9094570416567,3000.0,22.9487248610531,2.948724861053102,268.85210509573807,0.013810962416943243,107.24616814947768,107.24616814947768,4.673295305025337,0.0,136.24829307206005,1.0
3.697941700228075,0.8702666943303785,37175.06696307074,0.050447966121760765,3070298.287707899,0.022776895394527503,0.0003600434650614042,0.011128944241301893,0.0362658831008908,161.7823959300613,285.955322814776,3000.0,22.948589196847205,2.9485891968472044,268.83929632187505,0.013810560204649412,107.05690039181374,107.05690039181374,4.665075463833819,0.0,136.03046506359365,1.0
3.7021656727218253,0.8703266416077738,37180.18865926165,0.05044088852403533,3070509.781522771,0.022776687692340775,0.0003599424475476216,0.011141254245900933,0.036277884385789334,161.85823027470357,285.97502050419826,3000.0,22.94853086178566,2.9485308617856587,268.8337954171203,0.013810387461546222,106.97556514241674,106.97556514241674,4.661543075968952,0.0,135.93682620787163,1.0
3.716301132154797,0.8705269241653352,37197.302693766214,0.050417252395022684,3071216.3777852086,0.022775993888297905,0.0003596051952479689,0.011182405161813042,0.036318004245358915,162.1118156577722,286.0408300586426,3000.0,22.94833564969487,2.948335649694867,268.81541701327853,0.013809810297975782,106.70360135550632,106.70360135550632,4.6497315964142745,0.0,135.62359066431824,1.0
3.7304365915877686,0.870726698919839,37214.3772597021,0.05039369146944149,3071921.182519983,0.02277530203414336,0.00035926917330580087,0.011223487525290992,0.03635805873274016,162.36510169327187,286.10647275735386,3000.0,22.948140445752554,2.9481404457525544,268.7970852066531,0.013809234547778715,106.43198351338123,106.43198351338123,4.63793498932854,0.0,135.3105515823145,1.0
3.7445720510207408,0.8709259665145018,37231.41238218656,0.050370205534870656,3072624.1979963593,0.022774612126101598,0.00035893437718971955,0.011264500954944984,0.0363980474582363,162.61808577887913,286.17194881168246,3000.0,22.947945249938748,2.947945249938746,268.77879993822086,0.01380866020948172,106.16071415934172,106.16071415934172,4.6261533659369825,0.0,134.9977132080691,1.0
3.747913885366292,0.8709730023060628,37235.433978299494,0.050364664045210956,3072790.1401279285,0.022774449305525322,0.00035885540503915043,0.011274187028102517,0.03640749173866699,162.67785059407427,286.1874039992098,3000.0,22.947899103910352,2.9478991039103506,268.7744838221155,0.013808524633497453,106.09663322804121,106.09663322804121,4.6233702156186585,0.0,134.9237833240883,1.0
3.7483146991428384,0.8709786417958393,37235.916173565056,0.050363999689188435,3072810.0362309474,0.022774429784398434,0.0003588459378390146,0.011275348498396242,0.03640862422063369,162.68501753692158,286.1892570427998,3000.0,22.9478935692667,2.9478935692667014,268.77396632912036,0.013808508378044083,106.08894879219878,106.08894879219878,4.623036466156526,0.0,134.91491707475097,1.0
3.758803678621581,0.8711260781000201,37248.52357920726,0.05034663536104777,3073330.1910699424,0.022773919486578434,0.00035859853713680233,0.01130572339306025,0.036438241416775485,162.872483351713,286.2377021875253,3000.0,22.947748734335224,2.947748734335223,268.76043722318036,0.01380808338860942,105.88795387146737,105.88795387146737,4.61430683668913,0.0,134.68295351848852,1.0
3.7730674503027406,0.8713261271619132,37265.63335926528,0.05032308779070583,3074035.963560363,0.02277322725428288,0.0003582631761133261,0.011346968064045154,0.03647845849444136,163.12714317180334,286.3034350191333,3000.0,22.94755178310101,2.9475517831010083,268.74208024545646,0.01380750669789332,105.61493707365312,105.61493707365312,4.602449013817233,0.0,134.3676956102539,1.0
3.787331221983892,0.8715256618151099,37282.70305658808,0.050299615928448685,3074739.921218446,0.02277253699195794,0.00035792904944544865,0.011388141407627766,0.036518607449031154,163.38148770748006,286.36899882450393,3000.0,22.947354840082355,2.947354840082353,268.7237704710981,0.01380693144021989,105.34228276361802,105.34228276361802,4.590606782251682,0.0,134.0526549056397,1.0
3.797886070504509,0.8716729819054935,37295.30843504529,0.05028229592483948,3075259.6660555135,0.022772027480320946,0.00035768259567100136,0.011418562557972196,0.036548272633964145,163.56949207821816,286.417405783287,3000.0,22.94720911225476,2.947209112254763,268.7102520292125,0.013806506684980197,105.14075995099432,105.14075995099432,4.581853916816612,0.0,133.8196746628672,1.0
3.8016285387096693,0.8717251501849907,37299.77270165972,0.05027616462297988,3075443.7155891294,0.022771847079293247,0.0003575953710836818,0.011429339632218382,0.03655878208259532,163.63611143163783,286.43454742193813,3000.0,22.947157442123967,2.9471574421239666,268.70546494380676,0.013806356266195448,105.06935351216893,105.06935351216893,4.578752456689634,0.0,133.73709551059565,1.0
3.816021317878131,0.8719254498969417,37316.91570151986,0.050252633120655144,3076150.372372202,0.022771154551263932,0.0003572607080429673,0.011470739809440326,0.036599155068747224,163.89211013367517,286.50036261303273,3000.0,22.94695873444521,2.94695873444521,268.68708496583736,0.01380577870278835,104.79497483216218,104.79497483216218,4.566835023538722,0.0,133.4196581133967,1.0
3.830414097046593,0.8721252279511159,37334.01797757919,0.05022917803655819,3076855.1887482046,0.022770464016979696,0.0003569272877274661,0.011512066251969643,0.03663945755667681,164.1477800531666,286.56600639596144,3000.0,22.946760035068728,2.9467600350687264,268.6687528564263,0.013805202593589604,104.5209728032597,104.5209728032597,4.554933796471657,0.0,133.10245470704857,1.0
3.8448068762150553,0.8723244850596383,37351.079560128615,0.05020579914823749,3077558.167229508,0.02276977547239729,0.0003565951054557465,0.011553318599321447,0.036679689177174485,164.4031186436919,286.63147900471677,3000.0,22.9465613439736,2.9465613439735994,268.6504685502273,0.01380462793693646,104.24734990653539,104.24734990653539,4.543048884050491,0.0,132.78548952253016,1.0
3.847858255642726,0.8723666622309268,37354.69152102631,0.05020085241322585,3077706.968163327,0.022769629750920013,0.0003565248388880886,0.011562054859679828,0.03668820944948793,164.4572095733309,286.6453377295304,3000.0,22.946519221001513,2.946519221001512,268.646598272674,0.01380450629178502,104.18938869934308,104.18938869934308,4.54053129783558,0.0,132.71832147976963,1.0
3.8593030936572923,0.8725246483437639,37368.22265913544,0.05018232903415196,3078264.342695623,0.022769083986468906,0.0003562617825444332,0.011594792164637442,0.03672013793365078,164.65995484545937,286.69724936787173,3000.0,22.946361233271556,2.9463612332715567,268.6321010911996,0.013804050616872907,103.97214624574025,103.97214624574025,4.531095156603029,0.0,132.46649141370133,1.0
3.873827140946633,0.8727246673869675,37385.357333494,0.05015889092621654,3078970.0092801973,0.022768393188962763,0.00035592906972388124,0.011636269252070302,0.036760591510756946,164.91694193043054,286.76297233583205,3000.0,22.946160746779242,2.94616074677924,268.6137468680621,0.013803473662772492,103.69680493763155,103.69680493763155,4.519135295963905,0.0,132.1471317787807,1.0
3.888351188235965,0.8729241581543051,37402.45066497279,0.050135529728659284,3079673.8121091006,0.02276770440515118,0.00035559760334386866,0.011677669815615676,0.036800971824110726,165.17358396892263,286.8285217210311,3000.0,22.94596026865593,2.9459602686559307,268.59544112077447,0.013802898182634646,103.42185715185184,103.42185715185184,4.507192374647558,0.0,131.82802750505655,1.0
3.8978304407809437,0.8730540730840162,37413.584503553895,0.050120324199183594,3080132.151591513,0.022767255948097927,0.00035538193872756247,0.011704648837172274,0.036827286723997765,165.34089646618784,286.8712096302732,3000.0,22.945829429275104,2.945829429275103,268.58351981782937,0.01380252338433111,103.24262335164153,103.24262335164153,4.499406903980596,0.0,131.61990090027848,1.0
3.9029214419282523,0.8731237535316559,37419.55686982886,0.05011217125940784,3080377.9840018167,0.022767015449164853,0.00035526633006248144,0.011719124852039018,0.03684140663126635,165.43069327237936,286.89410547936006,3000.0,22.945759161124524,2.945759161124525,268.57712577422313,0.013802322350903288,103.14643250184378,103.14643250184378,4.495228585707372,0.0,131.50816884683002,1.0
3.917578518213925,0.873324003406037,37436.723098138405,0.050088751230359094,3081084.4649580936,0.02276632442390793,0.00035493433872005905,0.011760748514462478,0.03688200727709047,165.68897924831538,286.9599042946489,3000.0,22.94555686366895,2.9455568636689518,268.55875036946776,0.013801744580872398,102.86977112115238,102.86977112115238,4.483210921066472,0.0,131.18667198706586,1.0
3.9322355944995975,0.8735237176007089,37453.84732663931,0.05006540882998751,3081789.056037962,0.02276563543653368,0.0003546036022276996,0.011802293200968497,0.03692253223972988,165.9469062503713,287.0255270943954,3000.0,22.945354574670844,2.9453545746708425,268.54042411995647,0.013801168306449382,102.59351786958516,102.59351786958516,4.471210829874782,0.0,130.86544795572172,1.0
3.946892670785278,0.8737228969019198,37470.929591263084,0.05004214382533909,3082491.7600153047,0.022764948482714424,0.00035427411574889345,0.011843758574139135,0.03696298117260245,166.20447180021233,287.0909741369478,3000.0,22.945152294108286,2.9451522941082877,268.52214695354144,0.013800593525766713,102.3176751533291,102.3176751533291,4.459228417481526,0.0,130.54450095332572,1.0
3.9478026259191608,0.873735244931858,37471.9887266745,0.05004070201062469,3082535.323827895,0.022764905901512037,0.0003542537013447365,0.011846330246131407,0.03696548984898818,166.2204502676743,287.09503149650214,3000.0,22.945139736203572,2.945139736203573,268.5210138689453,0.013800557890866807,102.30056360127102,102.30056360127102,4.4584850986920745,0.0,130.5245848312815,1.0
3.9616761840088848,0.8739232533608332,37488.11674197686,0.05001875629251868,3083198.6170014916,0.02276425765853622,0.0003539430483440467,0.011885500962626815,0.03700370166950709,166.46389056861187,287.156807974161,3000.0,22.944948277127416,2.9449482771274154,268.50376176833583,0.013800015298040492,102.03987119972396,102.03987119972396,4.4471606545935,0.0,130.22107020453976,1.0
3.9764680663986254,0.8741231802440463,37505.270970586134,0.049995433847681674,3083903.958445896,0.022763568504942558,0.00035361305642385904,0.011927185554566774,0.03704436711593319,166.72308319403334,287.2225006598641,3000.0,22.94474415319378,2.94474415319378,268.4854160020182,0.013799438260014897,101.76233280798488,101.76233280798488,4.435104271747573,0.0,129.89774689813376,1.0
3.9912599487883664,0.8743225647963796,37522.3825738057,0.049972189514474144,3084607.3865485825,0.02276288140912943,0.00035328432284420096,0.011968788367964592,0.03708495409993823,166.98190025638874,287.28801514455967,3000.0,22.944540037784407,2.9445400377844053,268.46712000127195,0.013798862737493563,101.48521974488321,101.48521974488321,4.42306620998984,0.0,129.5747184126028,1.0
3.997774811057378,0.8744102089069903,37529.90561120703,0.049961976613491076,3084916.5947079766,0.02276257943969594,0.0003531399349696376,0.011987085677662797,0.03710280505232838,167.09577258298793,287.3168135578573,3000.0,22.944450140918494,2.944450140918493,268.45907756922617,0.013798609737469106,101.36330498623823,101.36330498623823,4.417770064817101,0.0,129.43253996569044,1.0
3.9983146991428384,0.8744174672830195,37530.52867643453,0.0499611309452739,3084942.2022368396,0.022762554433281353,0.0003531279804109094,0.011988601264353417,0.037104283678045684,167.1052059116946,287.31919854084475,3000.0,22.944442691219155,2.944442691219156,268.4584115233781,0.013798588784468843,101.3532056116835,101.3532056116835,4.417331332718375,0.0,129.42076021944348,1.0
4.006126195008283,0.8745224061307859,37539.53729510254,0.04994890678530658,3085312.426177053,0.022762192927854093,0.0003529551995010364,0.012010517611684809,0.03712566573903994,167.2416376339441,287.35367972033185,3000.0,22.94433490478339,2.9443349047833904,268.44878208511636,0.013798285846573959,101.20714445117227,101.20714445117227,4.410986192067516,0.0,129.25036719839855,1.0
4.021055420634773,0.8747225444803246,37556.721441986236,0.04992560433696425,3086018.5136740203,0.022761503612509122,0.00035262595098245697,0.012052339857769424,0.037166469421261006,167.50208868436786,287.4194418903917,3000.0,22.94412891137568,2.9441289113756812,268.4304169141457,0.013797708048179877,100.92832822977786,100.92832822977786,4.398873830408862,0.0,128.92495003720586,1.0
4.035984646261262,0.8749221329340463,37573.86229010556,0.04990238072740034,3086722.6611401937,0.022760816379567214,0.00035229796926471445,0.012094077829154462,0.03720719217798639,167.7621498116584,287.48502337373,3000.0,22.94392292658257,2.94392292658257,268.4121022029231,0.013797131787433753,100.64995239126472,100.64995239126472,4.386780443489584,0.0,128.5998458527657,1.0
4.047746996195595,0.8750789967728412,37587.336651806916,0.04988413881462943,3087276.0762930345,0.022760276390172633,0.0003520404499197459,0.0121269025349176,0.03723921937500998,167.96676903587888,287.53656625127866,3000.0,22.943760642555137,2.9437606425551373,268.3977080039841,0.01379667884814301,100.43093896810524,100.43093896810524,4.377265808022338,0.0,128.34392784568348,1.0
4.050943074657068,0.8751215611567797,37590.99328336588,0.049879190516083506,3087426.243311921,0.02276012988621552,0.00035197061149461894,0.012135812607811405,0.03724791310552154,168.02232616428674,287.55055220780076,3000.0,22.94371654748346,2.9437165474834597,268.39380219487714,0.013796555939543894,100.3714760305904,100.3714760305904,4.374682533357895,0.0,128.27442380434536,1.0
4.066009967427552,0.8753218791403848,37608.20463810296,0.04985591166605603,3088132.9645573352,0.022759440518996105,0.000351642155518137,0.012177763851373823,0.03728884652588807,168.28398850372955,287.61637340266043,3000.0,22.943508680614315,2.943508680614314,268.37542054025727,0.013795977472391155,100.09143203652772,100.09143203652772,4.362516362682491,0.0,127.94696814350502,1.0
4.081076860198035,0.8755216397063005,37625.372022271935,0.04983271236877209,3088837.719234813,0.022758753258553505,0.00035131497454412176,0.012219628319686735,0.03732969655278436,168.54524643324405,287.682011439235,3000.0,22.943300822449118,2.943300822449116,268.35709003561044,0.013795400564932832,99.8118436023664,99.8118436023664,4.350369825805728,0.0,127.61984388066733,1.0
4.096143752968517,0.8757208437569779,37642.495480662204,0.049809592374772754,3089540.5105281994,0.022758068100114326,0.0003509890634903244,0.012261405710446736,0.03737046287405139,168.8060975816081,287.74746661405504,3000.0,22.943092972964386,2.943092972964385,268.3388105981255,0.013794825214980173,99.53271301651742,99.53271301651742,4.338243023022418,0.0,127.29305516468932,1.0
4.0977191813338125,0.8757416408819855,37644.28341339339,0.049807179465433865,3089613.8827228565,0.022757996579591624,0.00035095505862356663,0.012265769008272458,0.037374720646487655,168.8333491815344,287.7543002072902,3000.0,22.943071240252767,2.943071240252766,268.33690220447005,0.01379476514494193,99.50355302293565,99.50355302293565,4.336976160731278,0.0,127.25890494174149,1.0
4.111336220750695,0.8759211455025434,37659.717224083484,0.049786359731784836,3090247.174485859,0.022757379354725035,0.0003506617168291489,0.012303442825007673,0.03741148389656186,169.0687085373447,287.813282473362,3000.0,22.942883399923687,2.9428833999236885,268.32043043354673,0.01379424664456746,99.25172189620204,99.25172189620204,4.32603523132285,0.0,126.96388675260556,1.0
4.126543352206849,0.8761210757874739,37676.91095738381,0.04976318490330846,3090952.5279315114,0.022756692075065522,0.00035033533692129,0.012345431250935414,0.037452458662922225,169.33115402136218,287.8789762768135,3000.0,22.94267363339504,2.9426736333950396,268.30208435507944,0.013793669097069501,98.97093033371726,98.97093033371726,4.313835951083598,0.0,126.63475064614931,1.0
4.141750483662995,0.8763204419505976,37694.06008442849,0.04974009009688354,3091655.891157122,0.022756006922011983,0.0003500102351686771,0.012387330079537478,0.03749334723671814,169.59317802086335,287.9444847191172,3000.0,22.942463875637223,2.9424638756372223,268.2837900417708,0.013793093129386038,98.69061202090748,98.69061202090748,4.301657073794406,0.0,126.30596886317711,1.0
4.14769136647203,0.8763981741516729,37700.74752904176,0.049731089463468665,3091930.1301293997,0.022755739833805858,0.00034988357561569963,0.01240367405420448,0.03750929746362604,169.69542644014697,287.97002624195886,3000.0,22.942381933154593,2.9423819331545915,268.27665715011887,0.01379286854803838,98.58123070997189,98.58123070997189,4.296904785091637,0.0,126.17762270724839,1.0
4.15704419223555,0.8765203751511335,37711.26190563174,0.04971694425651106,3092361.2548890226,0.022755320008068413,0.00034968456643311705,0.012429376793834632,0.037534381368336166,169.85626634966275,288.0101794805887,3000.0,22.94225293250987,2.942252932509871,268.26544369576067,0.013792515473603592,98.40917734609792,98.40917734609792,4.289429535782387,0.0,125.97567675710091,1.0
4.172393408114472,0.8767204622556731,37728.4808970971,0.04969379526743073,3093067.1615937864,0.022754632753566637,0.0003493590050058118,0.012471484422810885,0.037575476181383335,170.11987623703777,288.07592481238464,3000.0,22.94204123265149,2.942041232651492,268.247083227153,0.013791937323095072,98.12720699011521,98.12720699011521,4.277178564671872,0.0,125.64455452224334,1.0
4.187742623993394,0.8769199775679772,37745.65459493926,0.049670727021213903,3093771.0510172583,0.022753947650427958,0.0003490347299548185,0.012513499914839743,0.03761648229522252,170.38304973505404,288.14148226265604,3000.0,22.941829541654975,2.9418295416549762,268.22877522756085,0.013791360774912184,97.8457254925068,97.8457254925068,4.264948674422433,0.0,125.31380571573676,1.0
4.197663551610247,0.8770486300326915,37756.7306972883,0.04965585975481582,3094224.9365269467,0.022753505977970944,0.00034882581754228797,0.012540607372891194,0.03764293916840443,170.5529180203022,288.1837553466635,3000.0,22.94169272040785,2.941692720407852,268.2169697714066,0.013790988975814166,97.66405175110438,97.66405175110438,4.257055176413685,0.0,125.10022764724432,1.0
4.203142747236864,0.8771195809478974,37762.83978374794,0.04964766314923387,3094475.251143015,0.022753262432025884,0.00034871066691648993,0.01255556188413814,0.03765753498308051,170.6466552260343,288.20706865049766,3000.0,22.941617157443233,2.941617157443233,268.2104591466748,0.013790783922410147,97.56380392064048,97.56380392064048,4.252699504619998,0.0,124.9823393389132,1.0
4.218635910542786,0.8773198114320168,37780.08289382425,0.049624541423130546,3095181.663690506,0.022752575248814542,0.0003483859420641416,0.012597783827980243,0.03769874501885893,170.9114054166761,288.2728610944654,3000.0,22.94140349906099,2.9414034990609905,268.1920855212159,0.013790205207508564,97.28068010453981,97.28068010453981,4.240397938535957,0.0,124.64925799542488,1.0
4.234129073848698,0.8775194623934263,37797.280016313525,0.049601501162207816,3095886.0316836145,0.022751890241863484,0.00034806251178691385,0.012639911076480164,0.03773986383013057,171.1757041157985,288.33846311680185,3000.0,22.941189849632277,2.941189849632277,268.1737650741392,0.013789628117635452,96.99806095834072,96.99806095834072,4.22811814008398,0.0,124.31656951029004,1.0
4.247635736748464,0.877693042509365,37812.23468210175,0.04958148133286686,3096498.4218120878,0.022751294836537025,0.0003477816031166911,0.012676559392508712,0.03777563583216243,171.40574488216055,288.39549868809377,3000.0,22.94100360116381,2.941003601163811,268.15783694985083,0.01378912634486074,96.75209206769028,96.75209206769028,4.217430664750081,0.0,124.02686133828152,1.0
4.248314699142838,0.8777017565626217,37812.98551285124,0.04958047658790709,3096529.1649658447,0.022751264949777732,0.00034776750800444734,0.012678399747569563,0.03777743220535174,171.41729960324224,288.3983619826773,3000.0,22.940994238874122,2.9409942388741235,268.1570373275982,0.013789101153915824,96.73973772435593,96.73973772435593,4.216893858960476,0.0,124.01230609627264,1.0
4.249637873584152,0.8777187354834104,37814.44849248161,0.04957851896909782,3096589.066547468,0.022751206717863005,0.00034774004627670244,0.012681985740147355,0.03778093250428707,171.4398151417545,288.40394097680263,3000.0,22.940975993520382,2.9409759935203823,268.1554793014433,0.01378905207027779,96.71566415968877,96.71566415968877,4.215847843047561,0.0,123.98394278305734,1.0
4.265277863051987,0.8779191082488518,37831.71564237749,0.04955542449480937,3097295.9810630362,0.022750519609619643,0.00034741615587942983,0.012724319694012057,0.03782225545951114,171.70569761971018,288.4697801720727,3000.0,22.940760337423317,2.940760337423317,268.13709261991187,0.01378847279395622,96.43139500020169,96.43139500020169,4.203496029854465,0.0,123.64890922856411,1.0
4.280917852519822,0.8781188936238974,37848.93609794827,0.04953241222017772,3098000.82326705,0.02274983470296115,0.0003470935684019483,0.01276655636284672,0.03786348463420982,171.97111324390244,288.53542636051935,3000.0,22.94054469037323,2.940544690373231,268.1187598387203,0.013787895165774746,96.14764659481784,96.14764659481784,4.191166682941284,0.0,123.31428834622088,1.0
4.296557841987658,0.8783180926809416,37866.10991709906,0.04950948187215842,3098703.5969429137,0.022749151992469498,0.0003467722784137235,0.012808695496190209,0.03790461976707343,172.23605981590177,288.6008798945137,3000.0,22.940329052344367,2.9403290523443686,268.10048085946295,0.0137873191830728,95.86442104356118,95.86442104356118,4.178859894503754,0.0,122.98008417856028,1.0
4.297607921886681,0.878331446067933,37867.26131012514,0.049507945240688994,3098750.707652173,0.022749106233348963,0.00034675075312578477,0.012811521247055174,0.03790737823352992,172.2538316580993,288.60526759786103,3000.0,22.940314574577904,2.940314574577906,268.0992555209124,0.013787280570071059,95.84542386281308,95.84542386281308,4.178034418456819,0.0,122.95766050300601,1.0
4.312334708763086,0.878518442135016,37883.38684619838,0.04948643357179049,3099410.429216049,0.02274846552663793,0.00034644948564996147,0.012851104353103661,0.037946019365391555,172.50284770709558,288.666711430052,3000.0,22.940111536218843,2.940111536218845,268.082096317038,0.01378673982393938,95.57924860994243,95.57924860994243,4.166468347768831,0.0,122.64338140219449,1.0
4.328121427012133,0.8787183217144238,37900.62718280593,0.049463453767468996,3100115.6037727697,0.022747780857933317,0.0003461278018135669,0.012893439855034529,0.037987348514781416,172.76932004664562,288.73238857250266,3000.0,22.939893893406612,2.9398938934066114,268.06375489143005,0.013786161773528705,95.29443484478443,95.29443484478443,4.154092224122012,0.0,122.30690095202833,1.0
4.343908145261178,0.878917607245134,37917.82018515433,0.04944055659796129,3100818.6825274676,0.02274709841011663,0.0003458074233530513,0.012935675251666856,0.038028581085136536,173.03530793793217,288.79787052032145,3000.0,22.939676259706726,2.939676259706726,268.0454679771435,0.013785585391350176,95.01016003921134,95.01016003921134,4.141739358636703,0.0,121.97085722693092,1.0
4.347580107024899,0.8789638756571589,37921.81246723145,0.0494352425742294,3100981.9173463346,0.022746939991772488,0.00034573309044809273,0.012945484752665546,0.03803815783488613,173.09710656162028,288.813073559554,3000.0,22.939625639810007,2.939625639810006,268.04122227760945,0.01378545156475408,94.94411571598917,94.94411571598917,4.138869448297393,0.0,121.89275710099838,1.0
4.359809700653795,0.8791177430242259,37935.0904649246,0.04941757612423152,3101524.760955906,0.02274641323749786,0.0003454860284467801,0.012978116445833621,0.03807001571177826,173.3027388032891,288.8636318457747,3000.0,22.939457052061865,2.939457052061866,268.02710304204317,0.013785006500049664,94.72436423875408,94.72436423875408,4.129320237343629,0.0,121.63281455067094,1.0
4.375746062986258,0.8793177144698223,37952.35049117087,0.049394628896625055,3102230.259616265,0.02274572881440499,0.000345165247604572,0.013020548172098245,0.03811144223410781,173.57025760714464,288.92933917394413,3000.0,22.939237373815086,2.9392373738150868,268.00875318657523,0.013784428034040806,94.4384955794306,94.4384955794306,4.116897786987078,0.0,121.29448456311273,1.0
4.391682425318722,0.8795170840048973,37969.56247299918,0.049371765023296876,3102933.63473811,0.022745046637324833,0.0003448457801569475,0.013062877194067506,0.038152769611549286,173.83727631403985,288.99484872421556,3000.0,22.939017704773477,2.9390177047734762,267.9904585638484,0.013783851259408798,94.15318224980854,94.15318224980854,4.1044993060106405,0.0,120.95661168994438,1.0
4.397552292163116,0.8795903666674149,37975.89009665699,0.049363364483398654,3103192.1757517,0.022744795934756458,0.00034472844004230786,0.013078442387984635,0.038167966762783404,173.93550131955834,289.018928201867,3000.0,22.938936796024354,2.9389367960243535,267.9837339724374,0.013783639240696055,94.04823265287905,94.04823265287905,4.099938610458134,0.0,120.83227839150597,1.0
4.407714535936073,0.8797170452160424,37986.82945489274,0.049348847599086185,3103639.097291355,0.02274436262208853,0.00034452571289492477,0.013105356683108253,0.03819424501809171,174.10539259927637,289.0605526895126,3000.0,22.938796725185217,2.9387967251852154,267.972109647518,0.01378327272312004,93.86671704824161,93.86671704824161,4.092050606350351,0.0,120.6171740507806,1.0
4.423802478265999,0.8799170928215836,38004.10782489086,0.04932593458417347,3104344.8646437707,0.022743678497988386,0.00034420585577431707,0.01314787918145744,0.038235763535220145,174.37392961914438,289.12628504258726,3000.0,22.938574985346982,2.9385749853469827,267.95375280343245,0.013782693886822803,93.57982318428807,93.57982318428807,4.079583114647107,0.0,120.2770273702422,1.0
4.4398904205959235,0.8801165306029456,38021.33743429498,0.04930310564319987,3105048.480538311,0.022742996645132407,0.0003438873200242611,0.01319029636105997,0.038277180326216645,174.64195070597285,289.1918170174662,3000.0,22.938353254807243,2.9383532548072435,267.93545191826394,0.013782116765216715,93.29350121229109,93.29350121229109,4.067140311946297,0.0,119.93735851455226,1.0
4.447524477301333,0.8802109549025491,38029.49619650067,0.04929230217394582,3105381.609184138,0.022742673884919448,0.00034373662894713415,0.013210387273192884,0.03829679778705947,174.768951093736,289.2228432893557,3000.0,22.93824804238962,2.938248042389622,267.9267873199498,0.013781843508242827,93.15783622621382,93.15783622621382,4.061244610053008,0.0,119.77634701076329,1.0
4.45605904205348,0.8803163553442477,38038.60438962616,0.0492802466312526,3105753.4616263597,0.02274231365523594,0.00034356851243900387,0.013232819938857757,0.0383187021065327,174.91079401851985,289.25747614101726,3000.0,22.938130421655817,2.938130421655818,267.917115524731,0.013781538473948645,93.00632150621115,93.00632150621115,4.054660070221075,0.0,119.59647163117967,1.0
4.472300518652758,0.8805164628378045,38055.899705949356,0.04925736951792202,3106459.440263515,0.022741629885317416,0.0003432496004219989,0.013275427617353884,0.0383603071030933,175.18031997656823,289.3232281723089,3000.0,22.93790659382677,2.9379065938267708,267.89875318517863,0.013780959314343777,92.7184332086104,92.7184332086104,4.042148869573107,0.0,119.25454254999829,1.0
4.488541995252036,0.8807159525464932,38073.14553986808,0.04923457719775475,3107163.2393575083,0.02274094841196349,0.00034293201769940884,0.013317927348617229,0.03840180777828013,175.44931398437967,289.38877720965337,3000.0,22.937682775390005,2.937682775390005,267.88044753503516,0.013780381892900498,92.43113355065549,92.43113355065549,4.0296630856638,0.0,118.91311231940834,1.0
4.49749666243955,0.8808256765798819,38082.632819642655,0.04922204690616333,3107550.3454182465,0.02274057366453973,0.00034275748623716263,0.013341313155208067,0.03842464430598496,175.59739443962377,289.42483072243584,3000.0,22.93755937807891,2.9375593780789098,267.8703789967594,0.013780064276300895,92.27298455713566,92.27298455713566,4.022790002903256,0.0,118.72508100341932,1.0
4.498314699142838,0.8808356908766329,38083.49876386794,0.04922090350369399,3107585.675827151,0.022740539464869005,0.0003427415622669561,0.013343447881660373,0.03842672890879634,175.61091394771603,289.42812125564694,3000.0,22.937548105492414,2.9375481054924153,267.86946006107115,0.013780035287308486,92.25854611335512,92.25854611335512,4.022162512272344,0.0,118.70791139806944,1.0
4.504849908031532,0.8809156379612778,38090.41220505085,0.04921177665903543,3107867.728902021,0.022740266455540243,0.00034261446752655863,0.013360492123823233,0.038443373046890036,175.71887110902998,289.45439055280224,3000.0,22.9374580508397,2.9374580508397004,267.86212392643483,0.013779803855133601,92.14325281740486,92.14325281740486,4.0171518837516365,0.0,118.57079127626372,1.0
4.521248174255424,0.8811158042606131,38107.72438059357,0.049188935388303406,3108573.915005786,0.022739583042970034,0.0003422964975523123,0.0134031826072618,0.038485062147784146,175.98937693173272,289.52016190670554,3000.0,22.937232090701208,2.9372320907012086,267.8437561907244,0.013779224375271407,91.85437925899166,91.85437925899166,4.004597367972292,0.0,118.22708859258819,1.0
4.537646440479317,0.8813153446675017,38124.9863382358,0.04916617964304673,3109277.8929628767,0.022738901952742724,0.00034197986495517873,0.013445762483709165,0.03852664430140707,176.25933451790578,289.5857276026447,3000.0,22.937006140050727,2.937006140050725,267.8254458883934,0.01377864665747897,91.56611137048762,91.56611137048762,3.992069008980311,0.0,117.88390618667253,1.0
4.547468847577767,0.8814345683015962,38135.30207118552,0.049152589996797336,3109698.513586416,0.02273849509564302,0.0003417908430238904,0.013471214387026758,0.03855150032569367,176.4207732261282,289.6249025279828,3000.0,22.93687080226987,2.93687080226987,267.81450564416275,0.013778301452421274,91.39373241803455,91.39373241803455,3.984577199126486,0.0,117.67859390436399,1.0
4.554107351293978,0.8815150191915122,38142.26381085931,0.049143422675918445,3109982.3440847714,0.022738220589944,0.0003416633618824372,0.013488393604920209,0.03856827755674665,176.52977007598497,289.6513373672643,3000.0,22.936779335737853,2.9367793357378513,267.8071232791565,0.013778068501528932,91.27735320317151,91.27735320317151,3.9795191760402058,0.0,117.53993987944094,1.0
4.570661834775165,0.881715195371178,38159.58861960855,0.04912062264240544,3110688.5650463128,0.022737537701190122,0.0003413464067901323,0.01353115430672696,0.03861003841470721,176.8011818991012,289.7171119676817,3000.0,22.93655125173086,2.9365512517308634,267.7887546368034,0.013777488842978138,90.98757273770218,90.98757273770218,3.966924745534095,0.0,117.19455478366912,1.0
4.587216318256361,0.8819147377045194,38176.86248539164,0.04909790883871683,3111392.5497999233,0.022736857159900082,0.00034103079667504606,0.013573801764160181,0.03865168972073531,177.07202919558446,289.78267829662155,3000.0,22.936323177305038,2.9363231773050393,267.7704441576966,0.013776910969996796,90.69841496211214,90.69841496211214,3.954357211527963,0.0,116.84971154248731,1.0
4.5974410327159845,0.8820376670179539,38187.50610517524,0.049083922821842985,3111826.244049061,0.022736438000117473,0.00034083653246920833,0.013600085905507101,0.038677360438093784,177.23903254341238,289.82307084724494,3000.0,22.936182314144943,2.9361823141449435,267.7591638715159,0.013776554942907278,90.52013132810353,90.52013132810353,3.9466084672809294,0.0,116.63699483708479,1.0
4.6038317925033665,0.8821143792130917,38194.148848266654,0.04907519774561283,3112096.884443451,0.022736176465259925,0.0003407153701722359,0.013616492312371853,0.038693384147804016,177.34330483012653,289.84827721291117,3000.0,22.9360942722017,2.936094272201701,267.75212457803474,0.013776332759960852,90.40881974790821,90.40881974790821,3.9417704982788955,0.0,116.50414648170542,1.0
4.620545787433048,0.8823145630404582,38211.48609758587,0.0490524389953393,3112803.1323860576,0.022735494107133606,0.00034039942817497233,0.013659320574139194,0.038735214109447774,177.61561145162108,289.91405432623725,3000.0,22.93586401949396,2.935864019493959,267.7337552339105,0.01377575292917902,90.1181437822894,90.1181437822894,3.9291366440651623,0.0,116.15709079886781,1.0
4.637259782362728,0.8825141049267105,38228.771665643035,0.049029767191483886,3113507.115562339,0.0227348141220271,0.0003400848389012331,0.013702032925073373,0.03877693188600171,177.88733699569826,289.97962050827095,3000.0,22.935633776462385,2.9356337764623843,267.7154447958296,0.013775174907887572,89.82810780013136,89.82810780013136,3.9165304379910855,0.0,115.81059894232457,1.0
4.647413217854202,0.8826350100098284,38239.247122980756,0.04901603681715887,3113933.6683329893,0.02273440219976247,0.0003398943897687245,0.013727923213469828,0.038802219803001026,178.05212063606083,290.019347930104,3000.0,22.935493912891285,2.935493912891284,267.7043502578373,0.013774824652866438,89.65222962177646,89.65222962177646,3.908885937328164,0.0,115.60038858091885,1.0
4.654037186029114,0.8827137596440582,38246.07091996795,0.04900709649821497,3114211.496806386,0.0227341339370526,0.00033977041046235175,0.013744790598615794,0.038818694946130744,178.1595071916381,290.04522376474694,3000.0,22.935402669646933,2.935402669646933,267.6971240040991,0.013774596509904759,89.53761681246101,89.53761681246101,3.903904287277087,0.0,115.46336338703202,1.0
4.670912724088427,0.8829139325487105,38263.41900156174,0.04898438092981592,3114917.7062136903,0.0227334521720238,0.0003394555054863681,0.0137876802626376,0.03886058794014777,178.4326750801093,290.1109972890488,3000.0,22.935170220815348,2.935170220815347,267.67875566226905,0.013774016560680618,89.24608058215975,89.24608058215975,3.8912325360098,0.0,115.11467745921364,1.0
4.687788262147739,0.8831134553799905,38280.71465866788,0.04896175302257642,3115621.6221640864,0.02273277280562224,0.0003391419609066418,0.013830451339216643,0.038902366105745524,178.70524517292924,290.176557209932,3000.0,22.934937781755245,2.934937781755247,267.6604469727178,0.013773438444997772,88.95520179978857,88.95520179978857,3.878589192012218,0.0,114.76657763555929,1.0
4.697385402992419,0.883226634863648,38290.527371008175,0.04894892347991588,3116020.91904301,0.022732387516362876,0.00033896425214698165,0.013854722360398303,0.03892607412890816,178.8599888254621,290.21374612684235,3000.0,22.93480559770079,2.9348055977007923,267.65006135410687,0.01377311048628459,88.79007252864477,88.79007252864477,3.8714116040968736,0.0,114.56887565314165,1.0
4.704734358219997,0.8833131597487058,38298.02996576955,0.048939118390581814,3116326.1785780094,0.022732093005508217,0.0003388284680822857,0.013873281783245015,0.03894420325683552,178.97835159879682,290.24217678103076,3000.0,22.934704380650018,2.9347043806500177,267.6421216248597,0.013772859753446725,88.6637700260629,88.6637700260629,3.865921642350377,0.0,114.41761587704985,1.0
4.72177349059789,0.8835133025754252,38315.38721732749,0.048916447954791775,3117032.2818704564,0.022731411897883278,0.00033851462467323994,0.013916226548726025,0.038986153071282545,179.25234612482302,290.3079404222185,3000.0,22.93446970801357,2.93446970801357,267.6237560430523,0.013772279741305772,88.37140991822929,88.37140991822929,3.8532135708091517,0.0,114.06734162517752,1.0
4.738812622975782,0.8837127871649051,38332.69129672147,0.04889386589232255,3117736.062903897,0.02273073321452342,0.00033820214924918583,0.013959050041785269,0.03902798540555787,179.52572597810408,290.3734877774752,3000.0,22.934235045244186,2.9342350452441877,267.60545086265967,0.013771701586870423,88.07972488455559,88.07972488455559,3.8405346727629555,0.0,113.71767605252597,1.0
4.747357588130637,0.8838125794713925,38341.34914057817,0.04888257436725906,3118088.1298619113,0.022730393771677817,0.0003380459588143688,0.013980479928735188,0.039048919659227375,179.66259146601882,290.4062778881412,3000.0,22.934117367770117,2.934117367770116,267.59629368326637,0.01377141234602742,87.93370221724754,87.93370221724754,3.8341873291719937,0.0,113.54255234873398,1.0
4.748314699142838,0.8838237468072353,38342.318064165636,0.04888131099455449,3118127.528189275,0.02273035578892299,0.00033802848540901505,0.013982878362198189,0.03905126263653019,179.67791193805297,290.40994729103426,3000.0,22.934104187015198,2.9341041870151963,267.5952689419686,0.013771379977530428,87.91735700391561,87.91735700391561,3.8334768293977035,0.0,113.52294656858237,1.0
4.755930495373624,0.8839125323198964,38350.02189282321,0.04887126812731777,3118440.7632116796,0.02273005382884983,0.0003378896009807198,0.014001949200715501,0.039069892630546055,179.79974852780322,290.43912075027345,3000.0,22.933999307971668,2.9339993079716677,267.58712177215585,0.013771122627377848,87.78737324435264,87.78737324435264,3.8278266282949818,0.0,113.36701119204604,1.0
4.773136891512692,0.8841126440379091,38367.38822080082,0.04884864270858269,3119146.7567527024,0.022729373381113388,0.00033757681498751196,0.014044946640702416,0.039111896836803314,180.07455959874534,290.5048741696518,3000.0,22.93376236157363,2.9337623615736312,267.56875904495735,0.013770542555360163,87.49419944621201,87.49419944621201,3.815082674476988,0.0,113.01515933532411,1.0
4.790343287651769,0.8843120891981995,38384.70061434287,0.04882610638938085,3119850.39868008,0.02272869538376868,0.00033726540474063657,0.014087820092240043,0.03915378088074936,180.34873884325754,290.5704085691253,3000.0,22.93352542514034,2.933525425140338,267.5504574826808,0.013769964365679148,87.20171863942329,87.20171863942329,3.802368673061947,0.0,112.66393914966402,1.0
4.797329773268854,0.8843928820049739,38391.714765578574,0.04881698109781525,3120135.435460087,0.022728420787516603,0.0003371393509638941,0.01410519301493448,0.03917075315341498,180.45988586625543,290.5969557566631,3000.0,22.933429222300752,2.9334292223007523,267.54304374257043,0.01376973013391632,87.083157876315,87.083157876315,3.7972148444173475,0.0,112.52151082598974,1.0
4.807648375383175,0.8845120076099734,38402.05800636429,0.04880353033237426,3120555.710237272,0.02272801596176954,0.00033695358947335747,0.014130814302503679,0.03919578385374658,180.62385181877917,290.6360984712528,3000.0,22.933287139716768,2.9332871397167675,267.53211249372265,0.013769384754110908,86.90826067494348,86.90826067494348,3.789612023146579,0.0,112.31134517160015,1.0
4.825020930181822,0.8847120304769296,38419.42839408959,0.048780956219266106,3121261.3903120346,0.02272733636917575,0.00033664194524560135,0.014173849798330869,0.03923782811275223,180.89939130209754,290.7018226956353,3000.0,22.933047935366062,2.9330479353660612,267.5137579197084,0.013768804789668054,86.61436661761084,86.61436661761084,3.776836243560936,0.0,111.95802644390292,1.0
4.842393484980469,0.8849113786879103,38436.74410116713,0.04875847189534863,3121964.690202538,0.022726659252196708,0.0003363316839173475,0.01421675862971852,0.03927974956583258,181.1742818903805,290.7673252391601,3000.0,22.932808741074254,2.9328087410742554,267.49546525373114,0.01376822673158988,86.32118336335063,86.32118336335063,3.7640911908336543,0.0,111.60536243416321,1.0
4.847301958407071,0.884967580882208,38441.626619376424,0.04875213535411225,3122162.9713754724,0.022726468385842802,0.00033624427178075846,0.014228859208922529,0.03929157186654609,181.2518321978592,290.7857923558704,3000.0,22.932741160499262,2.9327411604992637,267.49030800670886,0.013768063750828735,86.23847580884967,86.23847580884967,3.7604957560586794,0.0,111.50583920874215,1.0
4.859887913913862,0.8851114452664676,38454.1261291552,0.04873592022222302,3122670.524491698,0.022725979879181755,0.0003360206369201991,0.014259840402431695,0.03932184091853365,181.45044363742429,290.8330638264558,3000.0,22.932567878888015,2.932567878888014,267.47710666863645,0.013767646540453194,86.02666303121217,86.02666303121217,3.751287840312436,0.0,111.25088953852686,1.0
4.877430338037108,0.8853113770731839,38471.5003734309,0.04871339740132476,3123375.883306207,0.022725301147879993,0.00033571013149338635,0.014302911241298684,0.039363922520672064,181.72669919444883,290.89875812994114,3000.0,22.932326366082034,2.9323263660820325,267.4587604505265,0.013767066690135273,85.73206125607766,85.73206125607766,3.7384807754558786,0.0,110.89611792740381,1.0
4.894972762160354,0.8855106259766334,38488.8191768555,0.04869096507235317,3124078.8328400385,0.022724624917877054,0.00033540101627795846,0.01434585271148997,0.03940587864564499,182.00228852368093,290.96422804264444,3000.0,22.932084863431093,2.932084863431095,267.4404768972445,0.013766488770655522,85.43818837356355,85.43818837356355,3.7257052240290855,0.0,110.54202448584081,1.0
4.897274143545288,0.8855367147526084,38491.087113441004,0.048688028882792105,3124170.87396344,0.022724536388810716,0.0003353605664216742,0.014351476578044482,0.039411373533276874,182.0383934315668,290.97280038535774,3000.0,22.93205318157719,2.932053181577187,267.4380829291104,0.013766413096741204,85.39968949754362,85.39968949754362,3.7240315475175483,0.0,110.49562165516242,1.0
4.912664624001794,0.885710882266976,38506.229469749815,0.048668432942823005,3124785.336431808,0.022723945452860494,0.00033509066915166536,0.014389028899361198,0.03944806502137336,182.27954926207363,291.0300289661127,3000.0,22.931841313755143,2.9318413137551422,267.42210090374516,0.013765907879222343,85.14255164167153,85.14255164167153,3.712852817911343,0.0,110.18560498678461,1.0
4.930379050781119,0.8859107015054056,38523.605689302596,0.04864596356870583,3125490.298105739,0.02272326765447291,0.0003347813294386513,0.014432128209811941,0.039490177193723504,182.5564817774033,291.0956862815104,3000.0,22.93159746372516,2.9315974637251627,267.4037650151688,0.013765328205563386,84.84728323776551,84.84728323776551,3.700016249281499,0.0,109.82942894233383,1.0
4.947246328683505,0.8861003224753896,38540.0986952838,0.048624653495681264,3126159.280319178,0.02272262461882802,0.0003344880820063453,0.014473043649575591,0.03953015635040996,182.81953526217595,291.15799261362383,3000.0,22.93136528475105,2.9313652847510476,267.3863649439611,0.013764778070795014,84.56682968178515,84.56682968178515,3.6878235827511148,0.0,109.49093844146543,1.0
4.948101806176519,0.8861099230346062,38540.933834364085,0.048623574885013676,3126193.151063302,0.0227225920661574,0.0003344732426857131,0.01447511561456933,0.039532180923412444,182.83286031568187,291.1611471994857,3000.0,22.931353509305126,2.9313535093051275,267.385483973813,0.013764750216131811,84.55262365813113,84.55262365813113,3.687205974292848,0.0,109.47378783130866,1.0
4.965990389663886,0.8863103088546052,38558.36717909744,0.04860106890864866,3126900.1116353106,0.02272191271341215,0.00033416368483095687,0.014518371142181843,0.039574447540424953,183.11112950083617,291.2269906842687,3000.0,22.931107282625053,2.931107282625054,267.3670960943644,0.013764168798730578,84.25596659352823,84.25596659352823,3.674308682745955,0.0,109.11553491979258,1.0
4.983878973151253,0.8865099934261633,38575.74343727287,0.04857865518560235,3127604.5982049233,0.022721235921378577,0.0003338555383075931,0.014561491911195929,0.0396165833708821,183.38869871717745,291.2926037503472,3000.0,22.93086106632795,2.930861066327951,267.3487725631405,0.013763589366029096,83.96007384596308,83.96007384596308,3.6614444439354883,0.0,108.75800457457038,1.0
4.997218513821722,0.8866584431194596,38588.663848304954,0.04856200106844405,3128128.328277679,0.022720732898543806,0.000333626667576021,0.014593559398220098,0.03964791896433993,183.59522606396982,291.3413818780693,3000.0,22.93067746924236,2.930677469242361,267.335150466205,0.01376315857129819,83.73992440223518,83.73992440223518,3.6518731081782545,0.0,108.49186600725149,1.0
4.998314699142838,0.8866706247974486,38589.72418424338,0.04856063477279615,3128171.3052010913,0.022720691625328755,0.0003336078946160334,0.014596191231702645,0.039650490751647435,183.61218022511608,291.3453845771091,3000.0,22.93066238228934,2.9306623822893396,267.3340326464593,0.013763123219360076,83.72185242134324,83.72185242134324,3.651087396673129,0.0,108.47001388938821,1.0
5.001807503116639,0.8867094221180536,38593.101336062224,0.04855628360252779,3128308.182031835,0.022720560179158505,0.00033354811287198967,0.014604573735562107,0.0396586820275926,183.6661841214661,291.35813273857525,3000.0,22.93061431059452,2.9306143105945224,267.33047251204357,0.013763010626041867,83.66428839057747,83.66428839057747,3.6485846936914577,0.0,108.40040416375517,1.0
5.019874366949304,0.8869096806864653,38610.535394532046,0.04853383239308409,3129014.6936606253,0.02271988180848445,0.0003332397355941088,0.014647850994652224,0.03970097253873078,183.94509664848115,291.42393441057953,3000.0,22.930365661408853,2.9303656614088536,267.3120963095032,0.013762429427700566,83.36699966102205,83.36699966102205,3.6356594086646563,0.0,108.04078549248675,1.0
5.037941230781968,0.8871092295008233,38627.91157945656,0.048511474153037366,3129718.7012792425,0.0227192060248892,0.00033293277702621494,0.014690990736121123,0.03974312953803654,184.22329124233963,291.48950286907484,3000.0,22.930117022705446,2.930117022705445,267.29378523568295,0.013761850239336952,83.07049399334332,83.07049399334332,3.6227679915931854,0.0,107.681913893072,1.0
5.047190698959939,0.8872111159407025,38636.78508966145,0.04850006354173971,3130078.1563335834,0.022718861050913527,0.0003327761740869371,0.014713023228966018,0.03976466045396648,184.36543681479148,291.522981077532,3000.0,22.92998973427772,2.9299897342777186,267.2844358936288,0.013761554495793395,82.91899907883734,82.91899907883734,3.616181256064101,0.0,107.49847704205828,1.0
5.056094273330484,0.8873090172006461,38645.31248200715,0.04848910251946698,3130423.551685063,0.022718529615012688,0.0003326257761445721,0.014734197744564144,0.0397853531357214,184.50208849643482,291.55514982140505,3000.0,22.92986720851931,2.929867208519308,267.2754522411642,0.013761270307711241,82.77336374472938,82.77336374472938,3.6098492412540426,0.0,107.32208617280192,1.0
5.074337717548737,0.8875090817417968,38662.741423197775,0.04846671326762797,3131129.378786258,0.0227178524509671,0.00033231867526842767,0.014777480046223456,0.03982765117245898,184.78154145289216,291.62088773924245,3000.0,22.92961616085292,2.9296161608529183,267.2570938430268,0.013760689522454114,82.47555239013462,82.47555239013462,3.5969006987104644,0.0,106.96123292539727,1.0
5.092581161766988,0.8877084283238454,38680.111726430405,0.04844441765519051,3131832.672929895,0.02271717789918601,0.0003320129997359925,0.014820622131750597,0.0398698130306726,185.06025870459686,291.68638974752696,3000.0,22.92936512376349,2.929365123763489,267.23880132652425,0.013760110771626062,82.17854262192739,82.17854262192739,3.5839868299170377,0.0,106.60115119038457,1.0
5.097162884098157,0.8877583803507573,38684.46496738664,0.04843883292329972,3132008.9035310363,0.02271700889929254,0.000331936454416631,0.014831434958335155,0.03988038031204433,185.13014100808013,291.7028031620284,3000.0,22.929302079088977,2.9293020790889774,267.23421760972695,0.0137599657411506,82.10407660164682,82.10407660164682,3.5807490484642335,0.0,106.51084058845608,1.0
5.110959960119116,0.8879085299072856,38697.55174097218,0.04842205091822601,3132538.6307161767,0.022716500975405132,0.00033170649040038374,0.014863942537115692,0.03991215000292121,185.34029877977838,291.7521398368515,3000.0,22.92911223480443,2.9291122348044283,267.2204395292982,0.013759529778856427,81.8801407495198,81.8801407495198,3.5710122533759834,0.0,106.23918119909042,1.0
5.129384152094613,0.8881083983082336,38714.975356211995,0.04839972353821553,3133243.765835325,0.022715825023177084,0.00033140066157901155,0.01490722714413956,0.03995445282889566,185.62027879699562,291.81781330624415,3000.0,22.928858731935836,2.9288587319358363,267.20209912945234,0.013758949413130765,81.58182033245672,81.58182033245672,3.5580410384241103,0.0,105.87710946009106,1.0
5.147135069236374,0.8883002759058379,38731.70605924756,0.04837830128780406,3133920.7094242405,0.02271517626746153,0.0003311073633402936,0.01494879480020279,0.03999507843100461,185.88931459274673,291.88086112907973,3000.0,22.928614502913163,2.928614502913163,267.1844919847269,0.01375839220360168,81.29517739198016,81.29517739198016,3.545577399875222,0.0,105.52902211003588,1.0
5.14781503103062,0.8883076125331926,38732.34584575971,0.04837748242934751,3133946.5930235456,0.022715151464991,0.0003310961546883697,0.01495038444126141,0.039996632060940784,185.89960627799513,291.8832718241658,3000.0,22.928605147739358,2.9286051477393586,267.1838187583511,0.013758370897236973,81.28421248035596,81.28421248035596,3.5451006267762506,0.0,105.51570310853889,1.0
5.166422211940439,0.8885079970734663,38749.822311369484,0.048355123922022125,3134653.5490806876,0.022714474132721756,0.0003307901815472569,0.014993809494780838,0.04003907380904985,186.18083947349874,291.94911488845213,3000.0,22.928349148660665,2.928349148660664,267.16543099633304,0.01375778893267907,80.98459152283431,80.98459152283431,3.5320725010664336,0.0,105.15165121710132,1.0
5.185029392850258,0.8887076448768852,38767.23844292548,0.04833286081716907,3135357.905932415,0.02271379947301827,0.00033048565451560485,0.015037088833893838,0.04008137396142771,186.46130177792793,292.0147158731248,3000.0,22.928093160391246,2.9280931603912457,267.14711083904103,0.013757209057829472,80.6858090611131,80.6858090611131,3.51908065344481,0.0,104.78841777266413,1.0
5.1971072543745915,0.8888368422877019,38778.510970913965,0.048318460777619095,3135813.7140103183,0.022713362979678433,0.000330288757519295,0.01506510335016835,0.04010875508736608,186.6429359022152,292.05716801745893,3000.0,22.927927004992465,2.927927004992464,267.1352553773363,0.013756833778797887,80.49231947512109,80.49231947512109,3.5106671203896544,0.0,104.55308357420833,1.0
5.203701579319209,0.8889072516312113,38784.6549053531,0.0483106154329667,3136062.1179630654,0.02271312513382376,0.0003301815099484811,0.015080372945305518,0.04012367958907776,186.7419679674409,292.0803033697407,3000.0,22.927836288634825,2.9278362886348255,267.1287944485115,0.013756629252362424,80.38682648107059,80.38682648107059,3.5060799226361277,0.0,104.42474111364403,1.0
5.222494012339939,0.8891073989468007,38802.12246110502,0.04828832297308328,3136768.2370922323,0.02271244915085427,0.0003298768622113268,0.015123787757953144,0.04016611377101874,187.02365583956947,292.14606848589733,3000.0,22.92757777356755,2.9275777735675477,267.1104284547947,0.01375604782666455,80.08677261522524,80.08677261522524,3.4930324261097763,0.0,104.05956064320914,1.0
5.241286445360659,0.8893068011082599,38819.52889528828,0.04826612659309777,3137471.7273198627,0.022711775866150575,0.0003295736671990894,0.015167054119424565,0.040208403652774234,187.30455449187406,292.211588756662,3000.0,22.927319269406787,2.9273192694067856,267.09213083819327,0.013755468515801254,79.78757634631921,79.78757634631921,3.480022038720605,0.0,103.69522404110944,1.0
5.247079439512809,0.8893681193036402,38824.88233578239,0.04825930360147005,3137688.057729274,0.022711568860666047,0.00032948049546180694,0.015180361574297923,0.04022141093042578,187.39098561035192,292.2317369071872,3000.0,22.927239584574234,2.927239584574234,267.0865041347435,0.013755290361812113,79.69551852439159,79.69551852439159,3.476018917602791,0.0,103.58308350081877,1.0
5.248314699142838,0.8893811852616077,38826.02311876305,0.048257849886804566,3137734.1543897986,0.022711524753216143,0.00032946064588344645,0.015183197344082794,0.04022418274318239,187.4094058944179,292.2360301660845,3000.0,22.9272225932428,2.9272225932427984,267.0853051713638,0.013755252399347743,79.67589927694593,79.67589927694593,3.475165775222522,0.0,103.55918181234911,1.0
5.260204072334306,0.8895067812070412,38836.98969974554,0.048243878969290256,3138177.2565086316,0.022711100811954033,0.00032926991209647927,0.015210458855582394,0.040250829579632906,187.58652645484997,292.2772989281257,3000.0,22.92705905408387,2.927059054083868,267.07378018868854,0.013754887475938829,79.48725373383857,79.48725373383857,3.4669624894467197,0.0,103.32931550535787,1.0
5.27918637824898,0.8897066903840714,38854.44823574686,0.04822165230851322,3138882.535485676,0.022710426179159932,0.0003289665830561824,0.01525386094139407,0.040293253703610185,187.86865683320846,292.3429857958683,3000.0,22.926797960118613,2.926797960118614,267.0554360471323,0.013754306592139765,79.18677921392381,79.18677921392381,3.453896150333334,0.0,102.96302133932608,1.0
5.297051624651026,0.8898941468665175,38870.822813058054,0.048200822035296485,3139543.8813935723,0.02270979373566702,0.00032868243751370203,0.015294570793796102,0.04033304696697683,188.13344665969257,292.4045809129753,3000.0,22.92655224091106,2.9265522409110614,267.03823459444914,0.013753761847199085,78.90478793475657,78.90478793475657,3.4416333998077433,0.0,102.61907704739963,1.0
5.298179718713433,0.8899059613655484,38871.854941089405,0.04819950958493708,3139585.5629107226,0.022709753881088455,0.0003286645385031848,0.015297136907538377,0.04033555532713002,188.1501426773381,292.40846296304835,3000.0,22.92653672539335,2.9265367253933516,267.037150467918,0.013753727513019147,78.88700779057993,78.88700779057993,3.4408602021082824,0.0,102.59738473068855,1.0
5.3173495358548495,0.8901063209353074,38889.36066693261,0.04817725893635304,3140292.4308719635,0.02270907809246125,0.0003283611615087758,0.015340661561291526,0.04037810081526155,188.43342307805668,292.4742978224342,3000.0,22.926273074536592,2.926273074536591,267.0187649972538,0.013753145220394638,78.58534191919713,78.58534191919713,3.427741685868652,0.0,102.22923655796025,1.0
5.336519352996276,0.8903059162919844,38906.80354069331,0.048155106126199096,3140996.602691742,0.02270840506290599,0.0003280592576543764,0.015384032201159198,0.040420496521719564,188.71587806253845,292.5398815739701,3000.0,22.926009434821456,2.926009434821456,267.0004496525996,0.013752565098826663,78.28457159006118,78.28457159006118,3.4146619285237523,0.0,101.86198102160095,1.0
5.347023809789243,0.8904149649663364,38916.33508509035,0.04814300842402228,3141381.3260878245,0.022708037430527322,0.0003278944458621882,0.015407732668075656,0.04044366454446517,188.87030417776734,292.5757131748805,3000.0,22.925864973260943,2.9258649732609414,266.99044308687536,0.013752248129080333,78.12013890910802,78.12013890910802,3.4075110797442827,0.0,101.66111611075043,1.0
5.355776040814929,0.8905056490074545,38924.26233334978,0.048132951000578614,3141701.259112932,0.022707731751405235,0.0003277574611190061,0.015427444433548836,0.040462933646073077,188.99878128200083,292.6055104593463,3000.0,22.925744611562067,2.9257446115620653,266.98212170357584,0.013751984528142242,77.98334042157501,77.98334042157501,3.401561944568026,0.0,101.49396268342542,1.0
5.375138036346003,0.8907057011127115,38941.75296981111,0.048110773383430984,3142407.0423403312,0.02270705754485345,0.00032745549729823,0.015470937620772882,0.04050545066292456,189.28239043757756,292.67124429095355,3000.0,22.925478351332607,2.925478351332607,266.9637644465857,0.013751402979053732,77.68137400900812,77.68137400900812,3.388429799306355,0.0,101.1248454421782,1.0
5.394500031877077,0.8909049805642539,38959.17995894417,0.04808869426502925,3143110.0996477427,0.022706386122900445,0.0003271550128454064,0.015514274061862638,0.04054781519760849,189.5651555070769,292.7367242412578,3000.0,22.925212102341835,2.9252121023418347,266.94547809013795,0.013750823626288412,77.38032258306106,77.38032258306106,3.375337259154805,0.0,100.75664701548878,1.0
5.39699599492746,0.8909306136618155,38961.42185645082,0.048085855181154005,3143200.533139068,0.022706299771712023,0.000327116384510086,0.015519849182411992,0.040553265338634105,189.60154542181297,292.7451468555388,3000.0,22.925177780887164,2.9251777808871657,266.9431259361389,0.013750749101171019,77.34158051432595,77.34158051432595,3.3736523770300275,0.0,100.7092493923198,1.0
5.414031483894908,0.8911052236574414,38976.69514540846,0.04806652126219003,3143816.5566799887,0.02270571163570634,0.00032685338948964274,0.015557831114746172,0.040590396139942156,189.8495395413468,292.8025208283579,3000.0,22.924943534479254,2.924943534479253,266.927103307641,0.013750241421951078,77.07756376629422,77.07756376629422,3.362170277556806,0.0,100.38615966949087,1.0
5.433588013365308,0.8913049408829022,38994.16825526776,0.04804441932179309,3144521.158452472,0.022705039100953745,0.00032655287124732117,0.015601284573904048,0.04063287654610512,190.1334269681215,292.86814462397183,3000.0,22.92467463315979,2.924674633159788,266.9087767800174,0.013749660696607876,76.77534981189586,76.77534981189586,3.349026803671309,0.0,100.0161386698992,1.0
5.446968180065677,0.8914411330641757,39006.08585232776,0.048029354789231496,3145001.6440595705,0.022704580586347348,0.00032634811926208465,0.01563092263415219,0.04066185133976162,190.3271597127996,292.91289513483775,3000.0,22.924490663058307,2.9244906630583056,266.8962794615388,0.013749264656829477,76.56911974873921,76.56911974873921,3.3400576210893353,0.0,99.76352247816087,1.0
5.453206732045721,0.8915045084101709,39011.63217943135,0.048022346720029724,3145225.232090182,0.022704367250908655,0.0003262528898609003,0.015644715987758868,0.04067533612852842,190.4173502185063,292.9337192312218,3000.0,22.924404888131065,2.9244048881310634,266.8904639890559,0.013749080356709718,76.47311377054959,76.47311377054959,3.3358821807471633,0.0,99.64589070920503,1.0
5.472960174353563,0.8917046546922518,39029.15067660571,0.048000222899834855,3145931.3475731337,0.022703693633705807,0.00032595235071132924,0.01568828367897563,0.04071792966339277,190.70234544863874,292.99948400778453,3000.0,22.92413330221816,2.9241333022181575,266.8720980901763,0.01374849828376343,76.16975264153754,76.16975264153754,3.3226884365642424,0.0,99.27406376611336,1.0
5.492713616661407,0.8919040090484678,39046.60376694457,0.0479781993235853,3146634.669144009,0.022703022862163295,0.00032565331086707353,0.01573168902074874,0.04076036519377911,190.98645949409422,293.06498857053253,3000.0,22.92386172778092,2.923861727780922,266.8538048602976,0.01374791846411399,75.86734536620338,75.86734536620338,3.3095359877459662,0.0,98.9032061328321,1.0
5.496940365203895,0.8919465633371315,39050.32981833598,0.04797349979853909,3146784.8005467965,0.02270287970220816,0.0003255895176877007,0.015740955622693648,0.04076942484258951,191.04713839283767,293.0789712099134,3000.0,22.92380361904821,2.9238036190482113,266.8498999775571,0.013747794689059647,75.8027615847194,75.8027615847194,3.3067270529979664,0.0,98.82397788894606,1.0
5.498314699142838,0.8919603921481409,39051.54070660971,0.04797197272413866,3146833.5885505658,0.02270283318147103,0.0003255687899314909,0.015743967073597386,0.04077236904499991,191.06685953588732,293.08351512977396,3000.0,22.923784725015025,2.923784725015026,266.8486310129678,0.013747754465555971,75.7817714770805,75.7817714770805,3.3058141308745355,0.0,98.79822628954716,1.0
5.512618980627668,0.8921040980516579,39064.1250972772,0.04795610730822198,3147340.5825472064,0.022702349799624336,0.00032535347962297763,0.015775264146165733,0.04080296742541305,191.27186686157543,293.1307345261938,3000.0,22.923588076256415,2.9235880762564155,266.8354442174653,0.013747336457764884,75.56357735588986,75.56357735588986,3.2963241663793643,0.0,98.53047922860779,1.0
5.532574499713427,0.8923038891017633,39081.62425805394,0.04793406087537539,3148045.4447728135,0.02270167792006846,0.00032505440468635026,0.015818783966678827,0.04084551629143364,191.55709443936362,293.19638257937174,3000.0,22.923313746824107,2.9233137468241073,266.8171109155167,0.013746755268114762,75.26001647615308,75.26001647615308,3.2831211624706715,0.0,98.15780602001527,1.0
5.546912550342112,0.8924469446795035,39094.15651880519,0.04791828282770557,3148550.144422064,0.022701196947764013,0.00032484044911031357,0.01584995103592748,0.04087598843280181,191.76147475833895,293.243388289437,3000.0,22.923116648136073,2.923116648136072,266.8039837954542,0.013746339090564046,75.04250903711525,75.04250903711525,3.273660828455328,0.0,97.89065516222622,1.0
5.552586031977418,0.892503437010972,39099.106034206445,0.04791205389466242,3148749.4491980677,0.022701007038344653,0.0003247560020986271,0.01586226014106553,0.04088802318150881,191.84221846834848,293.2619507404499,3000.0,22.923038659000003,2.923038659000002,266.7987999247551,0.013746174735918524,74.95658145640661,74.95658145640661,3.2699234412789027,0.0,97.78508738064231,1.0
5.57274053251818,0.8927035994540394,39116.645574900416,0.047889991782540525,3149455.621696931,0.02270033427135759,0.000324456989505505,0.015905879316966392,0.04093067057782949,192.12846409631527,293.327720827247,3000.0,22.92276161758641,2.922761617586411,266.7804325429049,0.013745592365857623,74.65196844658965,74.65196844658965,3.2566742913435194,0.0,97.41072102669968,1.0
5.592895033058943,0.8929029505468621,39134.117929069675,0.04786803165191145,3150158.931754565,0.022699664411298455,0.000324159495854598,0.015949330512290597,0.04097315441944365,192.41379083717882,293.3932243176976,3000.0,22.922484587886903,2.9224845878869026,266.762139612483,0.01374501230659732,74.34834877530417,74.34834877530417,3.243468154171761,0.0,97.03737563023297,1.0
5.596884735480329,0.8929423172994936,39137.56873433361,0.04786369656520061,3150297.8175397897,0.0226995321522532,0.0003241007846086282,0.015957912035099373,0.0409815449719612,192.47016398151786,293.40615958516247,3000.0,22.922429749606565,2.9224297496065645,266.7585272256301,0.013744897753821098,74.28836324411222,74.28836324411222,3.2408590212993142,0.0,96.96359095066717,1.0
5.613213306642617,0.893103102953587,39151.66444020949,0.0478459958225949,3150865.0688452423,0.022698992039186447,0.0003238611138688144,0.015992964984950522,0.04101581813800578,192.70050581758323,293.45899110671763,3000.0,22.922205318887492,2.9222053188874924,266.7437731515915,0.013744429865712761,74.04326733400825,74.04326733400825,3.230198242443885,0.0,96.6620321212927,1.0
5.633572001746005,0.8933028318962007,39169.17774834873,0.04782401914099728,3151569.711955806,0.022698321269841636,0.00032356366962612475,0.016036515507768426,0.04105840044723619,192.98685422168103,293.52461875239527,3000.0,22.92192550615129,2.921925506151288,266.725445548774,0.013743848607150328,73.73859132709299,73.73859132709299,3.2169457713011336,0.0,96.2869870004839,1.0
5.646856920618546,0.8934327214087338,39180.56926106983,0.04780973376870863,3152027.96176649,0.022697885145690138,0.0003233703969896252,0.0160648420442113,0.041086097586891066,193.17320306043115,293.5672983099707,3000.0,22.92174292274974,2.921742922749739,266.71352657816965,0.013743470571104902,73.5403235177385,73.5403235177385,3.2083216256975824,0.0,96.04281908352927,1.0
5.654002506313303,0.8935024412357229,39186.68448167599,0.047802068089843205,3152273.9331070203,0.022697651081954533,0.00032326670869453145,0.016080048060987836,0.0411009658516369,193.27326968642814,293.5902070984641,3000.0,22.92164471832821,2.9216447183282104,266.70712892102074,0.013743267646806051,73.4338592345926,73.4338592345926,3.2036906660487015,0.0,95.91167280617282,1.0
5.6745678727805515,0.8937025372422824,39204.237823901574,0.047780076000038155,3152979.871218084,0.022696979440382115,0.0003229693292966175,0.01612369464493035,0.041143643414609084,193.56062176417637,293.65595535531736,3000.0,22.92136208898559,2.9213620889855876,266.68876763554255,0.013742685220001124,73.12814587136617,73.12814587136617,3.190392682052105,0.0,95.5349493462726,1.0
5.69513323924781,0.8939018023549833,39221.722182401914,0.04775818761747824,3153682.8779381057,0.022696310767091856,0.0003226734881182719,0.016167167600683468,0.041186151855893596,193.84701670248907,293.72143059411405,3000.0,22.92107947159642,2.92107947159642,266.6704825948611,0.013742105161937452,72.82346589237201,72.82346589237201,3.177139452904657,0.0,95.15929958794865,1.0
5.6968291057567635,0.8939181972087089,39223.16090932524,0.047756387265333516,3153740.718932883,0.022696255758898505,0.00032264916077313146,0.01617074473799867,0.04118964965767031,193.87059075858429,293.72681767340845,3000.0,22.921056166860986,2.921056166860987,266.66897816408914,0.013742057434527319,72.79838740550485,72.79838740550485,3.1760485588249625,0.0,95.12837064235713,1.0
5.715890529779358,0.8941020873757375,39239.29995987908,0.047736199625018606,3154389.4828906814,0.02269563885152048,0.00032237643710722203,0.01621087047892814,0.041228885767555845,194.13511387736557,293.7872409579231,3000.0,22.920794228782782,2.920794228782783,266.6521039649909,0.013741522084884666,72.51699008762532,72.51699008762532,3.163807910136121,0.0,94.78123485999231,1.0
5.736665069183086,0.8943016970405819,39256.82238363361,0.04771429813413355,3155093.705189632,0.022694969381310916,0.0003220806906941892,0.016254433144200556,0.04127148321620566,194.42247433532415,293.8528294108874,3000.0,22.920508761031602,2.9205087610316034,266.6337873073852,0.01374094092402789,72.21131297206105,72.21131297206105,3.150510912516541,0.0,94.40395504406322,1.0
5.746801290894981,0.8943987848907481,39265.346503375484,0.047703649950363934,3155436.230833856,0.022694643823498915,0.0003219369521572741,0.016275624033100563,0.041292204808756755,194.56232756450177,293.8847308816854,3000.0,22.920369481241046,2.9203694812410452,266.6248782953364,0.013740658236040457,72.0625507308346,72.0625507308346,3.1440396626159757,0.0,94.22027401092535,1.0
5.748314699142838,0.894413263658935,39266.61778965412,0.047702062229656714,3155487.3118845993,0.022694595276504678,0.00032191552245704544,0.01627878438094555,0.04129529517990728,194.58318868084382,293.8894883667849,3000.0,22.920348686047443,2.920348686047443,266.6235496891307,0.013740616077604349,72.04036100828688,72.04036100828688,3.1430743918891952,0.0,94.19287166678318,1.0
5.7575419802107595,0.8945014448695013,39274.360851439895,0.04769239380138399,3155798.4149310254,0.02269429962718774,0.00032178504165285163,0.016298032867422565,0.041314117536263156,194.71026724536,293.9184632622945,3000.0,22.920221898705837,2.920221898705838,266.6154579715154,0.013740359311016087,71.90519072615541,71.90519072615541,3.137194353699318,0.0,94.0259256111364,1.0
5.778531448951626,0.8947014181812898,39291.923040851776,0.047670477051880926,3156503.9201753046,0.022693629296773182,0.0003214893608900675,0.0163416884842845,0.041356807141947755,194.99861801241124,293.9841712036639,3000.0,22.91993350197912,2.9199335019791213,266.5971079448013,0.013739776991463653,71.59848993239004,71.59848993239004,3.123852428551224,0.0,93.64698109651964,1.0
5.796773476033198,0.8948745246210065,39307.12887994515,0.04765151478765896,3157114.6391754863,0.022693049171946957,0.0003212336490062156,0.016379484076187938,0.04139376689714111,195.24841563027994,294.04105113273965,3000.0,22.919682865196037,2.9196828651960374,266.5812232861697,0.013739272867482956,71.33280765588975,71.33280765588975,3.1122947064948243,0.0,93.31855495328166,1.0
5.799548539789494,0.894900802201468,39309.43738550363,0.047648637116729405,3157207.3464005496,0.02269296112069422,0.0003211948516321931,0.016385221863876125,0.04139937783620254,195.28635010212128,294.049685513502,3000.0,22.919644737944058,2.919644737944059,266.5788119928869,0.01373919633811905,71.29246189076565,71.29246189076565,3.1105395701330028,0.0,93.26866793195569,1.0
5.820749031443017,0.8951010649162563,39327.03284515307,0.04762671318996384,3157913.872657744,0.0226922901797345,0.0003208993454941695,0.016428953296333305,0.04144214282156197,195.57558143005105,294.1154885479375,3000.0,22.919353466413824,2.919353466413826,266.56043540986514,0.013738613075751256,70.98485397981409,70.98485397981409,3.097157783435548,0.0,92.88820082140114,1.0
5.841949523096541,0.8953004657572831,39344.55649067631,0.04760489578944366,3158617.358226892,0.022691622305261866,0.00032060541020091963,0.016472502452230652,0.04148473016769344,195.86379714999336,294.1810083848298,3000.0,22.91906220722295,2.919062207222951,266.5421379144297,0.013738032273735119,70.67834076443634,70.67834076443634,3.0838234184888265,0.0,92.5088876356142,1.0
5.846745661171416,0.895345456517334,39348.510885976626,0.04759997481090299,3158776.085493427,0.022691471637598465,0.0003205391308498811,0.016482329230543834,0.041494339998992186,195.92885869881113,294.1957916086368,3000.0,22.91899631803761,2.918996318037611,266.5380094552796,0.01373790122064985,70.6091507564685,70.6091507564685,3.080813390632555,0.0,92.42323670729893,1.0
5.8633177928992914,0.8955005756037255,39362.14636879541,0.04758301298947805,3159323.3451650213,0.022690952235469335,0.00032031072909888215,0.016516212162053255,0.04152747512662147,196.1532665112702,294.246761189241,3000.0,22.91876865547515,2.9187686554751524,266.52377535897097,0.013737449356571573,70.37050884770076,70.37050884770076,3.0704314837127904,0.0,92.1277418421137,1.0
5.88473511597109,0.8957002724986987,39379.703866959535,0.04756118747300848,3160027.8752116044,0.022690283727550813,0.00032001695435280724,0.01655983712876494,0.04157013781066857,196.44236600313909,294.312378304591,3000.0,22.91847444231846,2.9184744423184603,266.50545069692123,0.013736867592394288,70.06308469378214,70.06308469378214,3.057057085981788,0.0,91.74690047959318,1.0
5.896717846309633,0.8958116206455026,39389.495378096966,0.047549023122803104,3160420.711139601,0.02268991105470988,0.0003198532788562088,0.016584164067091685,0.04159392840065777,196.60366205935267,294.34896547433056,3000.0,22.918309839082813,2.918309839082814,266.4952331261357,0.013736543187306148,69.89157106678303,69.89157106678303,3.0495953478906315,0.0,91.53434004139422,1.0
5.906249103603121,0.8958999946270519,39397.26749929389,0.0475393712793399,3160732.4942814778,0.022689615314023744,0.0003197234397870718,0.016603472818371823,0.04161281157218264,196.73172826883902,294.3780037112147,3000.0,22.918178913782832,2.9181789137828336,266.48712371939655,0.013736285704812763,69.75539545055753,69.75539545055753,3.0436709527826893,0.0,91.36553043434597,1.0
5.92788586339833,0.8960999741341785,39414.85768905866,0.04751753904113477,3161438.0213828906,0.022688946218255002,0.0003194298441723635,0.016647169718921762,0.041655545781349126,197.02168907183324,294.44371368827035,3000.0,22.91788171137686,2.917881711376861,266.46877312418343,0.013735703017368758,69.44708405235019,69.44708405235019,3.0302575485357957,0.0,90.98318855295068,1.0
5.94669003144785,0.8962730570080618,39430.085221436966,0.04749865289508606,3162048.657242884,0.02268836725846335,0.00031917597581452797,0.016684993354036393,0.041692536588314275,197.27283249301328,294.5005858740008,3000.0,22.917623427654057,2.917623427654056,266.45289062800873,0.013735198659221862,69.18005813499545,69.18005813499545,3.0186401462342647,0.0,90.65188332496525,1.0
5.949551695422594,0.8962993389335692,39432.39771705071,0.04749578589857281,3162141.379797255,0.022688279357523322,0.0003191374463515976,0.016690737018659765,0.04169815382253469,197.31098227163358,294.5092216824738,3000.0,22.917584122240466,2.917584122240465,266.45047893601424,0.013735122071225814,69.13949666438066,69.13949666438066,3.0168754392084436,0.0,90.60154461658672,1.0
5.9714105235188395,0.8964995871003993,39450.01939117669,0.047473948381777466,3162847.854729297,0.022687609721149277,0.0003188440490710775,0.016734501859369002,0.04174095562958936,197.60178107922556,294.5750199366895,3000.0,22.917283894950987,2.9172838949509887,266.4321036879477,0.013734538500913777,68.83032260872213,68.83032260872213,3.0034240935456777,0.0,90.2177310533721,1.0
5.993269351615085,0.896698942093161,39467.56637695545,0.04745222018986622,3163551.178545904,0.022686943249844854,0.0003185522545387346,0.01677807573060053,0.04178357123498412,197.8915045419579,294.64052470859593,3000.0,22.916983680389748,2.916983680389747,266.4138103996581,0.013733957483696614,68.52230585770019,68.52230585770019,2.990022893647007,0.0,89.83515413264148,1.0
5.996662216586067,0.8967298055443287,39470.28328942933,0.047448857367327645,3163660.0647090655,0.022686840084954744,0.00031850710610356755,0.01678482204915638,0.0417901692402147,197.93637823493637,294.6506659310503,3000.0,22.91693708307911,2.916937083079109,266.4109782959721,0.013733867528174593,68.47460006103572,68.47460006103572,2.987947290373042,0.0,89.77588257715878,1.0
5.998314699142838,0.8967448297163731,39471.60590253056,0.047447220465136275,3163713.0699429815,0.022686789866349547,0.00031848513061181544,0.016788106157237546,0.04179338115419891,197.95822443033444,294.65560262688734,3000.0,22.916914388138764,2.916914388138765,266.4095996422112,0.013733823737849916,68.45137521187678,68.45137521187678,2.986936812370584,0.0,89.74702538150017,1.0
6.015312716429811,0.8968990789522261,39485.18610614155,0.04743041870969201,3164257.260784484,0.022686274343481368,0.00031825961005353383,0.016821824506716616,0.04182635846025152,198.1825857534263,294.70628638891066,3000.0,22.916680944188776,2.9166809441887773,266.39544536545685,0.013733374137735357,68.21285961203054,68.21285961203054,2.976559292253357,0.0,89.45060089188368,1.0
6.0374000145274405,0.8970987104853962,39502.76526452366,0.04740868414689616,3164961.5602348223,0.022685607304453303,0.00031796799767530863,0.016865466581037523,0.04186904188316613,198.47315200334657,294.7718820274472,3000.0,22.9163776174916,2.9163776174916025,266.3771267011616,0.013732792214750872,67.90397469781504,67.90397469781504,2.963119906262381,0.0,89.06654478766501,1.0
6.046634401724284,0.8971819061175274,39510.092462477114,0.04739962984716139,3165255.0741754817,0.02268532937122469,0.00031784655567836204,0.01688365528950303,0.04188683121640609,198.59430891844525,294.79921874387884,3000.0,22.91625080469114,2.916250804691138,266.36949247208145,0.013732549685989547,67.7751835536362,67.7751835536362,2.9575162242404014,0.0,88.90635153986497,1.0
6.059617468838651,0.8972986087545715,39520.37183132449,0.047386932386205366,3165666.8007289874,0.02268493955262348,0.0003176762883711818,0.016909170487180217,0.04191178632817488,198.76432557653922,294.8375653110481,3000.0,22.916072516286423,2.9160725162864236,266.3587835605361,0.013732209464283563,67.59445798399688,67.59445798399688,2.949652822749517,0.0,88.68150252862377,1.0
6.081928436042098,0.8974984338080549,39537.97587009577,0.04736520039905853,3166371.782918411,0.022684272223758118,0.0003173849779353079,0.016952861663952042,0.04195451886564547,199.0556105461642,294.9032245371768,3000.0,22.915766143915324,2.9157661439153224,266.3404471383567,0.013731626877300026,67.2848365921925,67.2848365921925,2.9361809755620243,0.0,88.29612941401545,1.0
6.096606586862501,0.8976293984940984,39549.51562593068,0.047350963711322296,3166833.825938015,0.02268383495531583,0.000317194212068621,0.016981498379597025,0.04198252754698148,199.2466355082491,294.9462573790848,3000.0,22.915564591828826,2.9155645918288267,266.32842950727377,0.01373124502460243,67.08179399902465,67.08179399902465,2.9273463339822974,0.0,88.04330176568584,1.0
6.104318131771844,0.8976980461692669,39555.56508492271,0.04734350329131889,3167076.0147301387,0.022683605783178507,0.0003170942683530549,0.016996509366190526,0.04199720941772209,199.34680206094018,294.9688138761232,3000.0,22.91545870348814,2.9154587034881425,266.32213023332594,0.013731044860549347,66.97532817238576,66.97532817238576,2.9227138343161734,0.0,87.91069661990362,1.0
6.126859224983843,0.8978980831218881,39573.19563747843,0.04732177177332616,3167781.7444990845,0.022682938103398442,0.000316803231239761,0.017040252705977386,0.04203999404061559,199.63882905212498,295.03454272882357,3000.0,22.915149197305183,2.9151491973051846,266.3037743667776,0.013730461555801723,66.66494531465261,66.66494531465261,2.909208434152041,0.0,87.52397404545735,1.0
6.146578772000718,0.8980723223418271,39588.55566972059,0.047302852404708766,3168396.4599444936,0.022682356676267182,0.0003165499643507784,0.017078356783945096,0.042077263424563055,199.89337026153748,295.09179487085,3000.0,22.914878443836248,2.9148784438362463,266.28778576153854,0.013729953436067449,66.39441550000106,66.39441550000106,2.8974369496539985,0.0,87.18674266936407,1.0
6.149429467017743,0.8980974522914161,39590.77124257067,0.04730012445830697,3168485.11833128,0.022682272830114147,0.00031651345465241986,0.017083852560275697,0.042082638845042264,199.9300953357344,295.1000521589823,3000.0,22.914839304030874,2.9148393040308735,266.2854797775942,0.013729880148495908,66.35538444185983,66.35538444185983,2.8957385893684826,0.0,87.13807556723418,1.0
6.172203427695341,0.8982976850174452,39608.42690286233,0.04727839505322412,3169191.5387882227,0.022681604853586015,0.0003162227125297363,0.0171276435770856,0.04212547114320135,200.22283734289525,295.1658453396047,3000.0,22.914526626935096,2.914526626935097,266.2671059464123,0.01372929617281269,66.04426860351705,66.04426860351705,2.882200871035437,0.0,86.75003763137461,1.0
6.194977388372939,0.8984969813174108,39626.003901493044,0.04725677884820486,3169894.655536821,0.022680940178373226,0.00031593361759167817,0.017171231856412776,0.04216810565237768,200.51442229196263,295.2313308260237,3000.0,22.914213963108214,2.9142139631082133,266.2488180439133,0.013728714878400989,65.73439575195064,65.73439575195064,2.8687170268106397,0.0,86.36334992974963,1.0
6.1965509571389354,0.8985107172209089,39627.21548736911,0.04725528944020706,3169943.1157631683,0.02268089437413228,0.0003159137031306007,0.017174236118217303,0.042171044195480185,200.53452667939914,295.235844218004,3000.0,22.91419236006281,2.9141923600628097,266.24755760473823,0.013728674812585965,65.7130309253391,65.7130309253391,2.8677873473677593,0.0,86.33668159237158,1.0
6.217970704485812,0.8986972510092667,39643.67067653445,0.04723506866296279,3170601.206409089,0.022680272434983714,0.00031564339883400597,0.01721503485385588,0.042210950687673596,200.80764336066807,295.29713615300875,3000.0,22.913898301148578,2.913898301148576,266.23044082065917,0.013728130694814851,65.4227974599911,65.4227974599911,2.8551578871549643,0.0,85.97430797892618,1.0
6.240980301942105,0.8988967145930382,39661.270254455616,0.04721345737847854,3171304.9133344516,0.022679607556799826,0.00031535463461782384,0.01725866311752498,0.04225362530894263,201.0998943130175,295.3626766061351,3000.0,22.913582429087107,2.9135824290871066,266.2121375678003,0.013727548812765448,65.11224325478281,65.11224325478281,2.8416439662498,0.0,85.58636923243053,1.0
6.246523142277153,0.8989446225839399,39665.49797578937,0.04720826839759103,3171473.932582679,0.02267944788996756,0.0003152853205137381,0.0172691421425765,0.0422638753530578,201.17011947188738,295.3784183840211,3000.0,22.91350633986327,2.9135063398632703,266.2077414166088,0.013727409046509053,65.03762194472145,65.03762194472145,2.8383967508095287,0.0,85.49312384967986,1.0
6.248314699142838,0.8989600956942417,39666.86347460213,0.047206592624616336,3171528.5216694213,0.022679396323664152,0.0003152629372635199,0.01727252662746914,0.04226718588839681,201.19280305087992,295.38350259358594,3000.0,22.913481746469785,2.9134817464697846,266.2063215672057,0.013727363904810424,65.01351851632577,65.01351851632577,2.8373478651424167,0.0,85.4630021956734,1.0
6.264164909613548,0.899096740082627,39678.923334147265,0.04719179671305377,3172010.6026618546,0.022678940983365172,0.00031506534318740797,0.017302415624738627,0.04229642195129121,201.3931780696833,295.42840169227156,3000.0,22.913264168023822,2.913264168023821,266.1937827531271,0.01372696524152701,64.8006046834438,64.8006046834438,2.828082642798448,0.0,85.19687508125617,1.0
6.287417247486737,0.8992963908130869,39696.54725654383,0.04717018807319432,3172714.969840173,0.022678275836224494,0.0003147768788643712,0.017346087254201257,0.042339139969290125,201.68612047108192,295.4940036387218,3000.0,22.912944990767922,2.912944990767923,266.1754623272429,0.01372638271373475,64.48934185616096,64.48934185616096,2.814537453921571,0.0,84.80764997735409,1.0
6.2964953274153705,0.8993740777649987,39703.406034123545,0.047161782923586575,3172989.0491735386,0.022678017065857356,0.00031466471009218057,0.017363080752818536,0.042355762528768076,201.80016450775133,295.5195302934325,3000.0,22.91282038259775,2.912820382597749,266.1683335877617,0.013726156030371873,64.36816908001038,64.36816908001038,2.8092643334688687,0.0,84.65607279721544,1.0
6.310814029569553,0.899496316299452,39714.199353841985,0.0471485611107322,3173420.306356502,0.022677609951263365,0.00031448830222711907,0.017389819837555377,0.04238191809104586,201.9796732879197,295.55969586544364,3000.0,22.912623844412764,2.9126238444127646,266.1571166891033,0.01372579933431385,64.17744340118361,64.17744340118361,2.8009643870111915,0.0,84.41742922965199,1.0
6.334303322744344,0.8996960621078843,39731.83950533832,0.04712696495074337,3174125.0089696236,0.02267694484208896,0.00031420026865542407,0.01743351372827326,0.042424658839017644,202.27316832726981,295.6253290529519,3000.0,22.912301441939583,2.9123014419395825,266.1387875386382,0.013725216429259458,63.8656192113684,63.8656192113684,2.787394333703477,0.0,84.02710070221983,1.0
6.346467512553588,0.899799121961228,39740.942561918084,0.047115826732732076,3174488.6038231477,0.022676601744963835,0.0003140517669415895,0.017456057970063762,0.042446711481969185,202.42467875366953,295.65919282577477,3000.0,22.91213448763184,2.912134487631837,266.1293305213738,0.013724915656949943,63.70465176770426,63.70465176770426,2.7803892213574675,0.0,83.8255299136844,1.0
6.357910314432533,0.8998958334588844,39749.48583013561,0.0471053773500702,3174829.801696846,0.022676279825070724,0.0003139124811256375,0.01747721357485428,0.04246740588105065,202.56690579737284,295.69097063332777,3000.0,22.9119774377567,2.911977437756699,266.1204560443264,0.013724633399747865,63.553550246953534,63.553550246953534,2.77381340914833,0.0,83.63626511671261,1.0
6.381643725016088,0.9000956931232093,39767.14387628833,0.04708379149289034,3175534.905993214,0.022675614691316574,0.00031362484868060846,0.017520932866264844,0.04251017240626202,202.8609770742773,295.75664123200977,3000.0,22.911651712324975,2.9116517123249754,266.1021164461738,0.013724050062540944,63.24113937189651,63.24113937189651,2.760217384846021,0.0,83.2448004988718,1.0
6.396439697691805,0.900219794232595,39778.110458903204,0.04707039360634074,3175972.7343349536,0.022675201771516478,0.000313446387593549,0.017548079934613478,0.04253672809372351,203.04368024069578,295.79741881551064,3000.0,22.91144865433647,2.9114486543364717,266.09072863320955,0.0137236878192624,63.04704839251377,63.04704839251377,2.7517704944676558,0.0,83.00149484647805,1.0
6.405470151086155,0.9002953503599109,39784.787952829865,0.04706223872825039,3176239.296125535,0.022674950408175354,0.0003133377887286976,0.01756460776077068,0.04255289595767473,203.15495309459044,295.822245316304,3000.0,22.91132472420938,2.911324724209378,266.0837954232614,0.013723467266276964,62.92884232867095,62.92884232867095,2.7466260936966616,0.0,82.85327793708308,1.0
6.429450564754353,0.9004953049789131,39802.462231674755,0.04704066506693513,3176944.73542172,0.02267428531276031,0.0003130505820792027,0.017608347348843638,0.04259568324368315,203.44956882468958,295.8879471155313,3000.0,22.91099563679194,2.9109956367919425,266.06544711184176,0.013722883551983193,62.615878287152185,62.615878287152185,2.733005552434378,0.0,82.46071822336442,1.0
6.446411882830022,0.9006361334949452,39814.91262418167,0.047025477392183726,3177441.578003943,0.022673816990824044,0.00031284847001775,0.017639152898525055,0.04262581835936685,203.6571880214916,295.9342210497469,3000.0,22.910762882087877,2.9107628820878757,266.05252435225856,0.013722472410594773,62.39533633076695,62.39533633076695,2.7234071886601803,0.0,82.1839654701077,1.0
6.453504129802359,0.9006948731107839,39820.10626199122,0.04701914424234991,3177648.811192465,0.022673621679575085,0.00031276421004085997,0.01765200179403305,0.042638387683649,203.7438154083457,295.9535219214436,3000.0,22.910665559532763,2.910665559532762,266.04713426540053,0.013722300916067822,62.30331885705482,62.30331885705482,2.7194023977680297,0.0,82.06846549444174,1.0
6.477734461757777,0.9008949032307466,39837.79506059604,0.04699758471950934,3178354.516855812,0.022672956687159445,0.00031247745445200887,0.017695756452679238,0.042681190594290694,204.03894286051107,296.0192485290448,3000.0,22.9103330707079,2.9103330707078983,266.0287790258332,0.013721716881392924,61.989836165322146,61.989836165322146,2.7057588370279744,0.0,81.67485304745689,1.0
6.496384067968239,0.9010481785199925,39851.35195603193,0.04698107200346353,3178895.271616606,0.02267244724926354,0.00031225791359501916,0.017729283219885303,0.04271398838274386,204.26522213839016,296.06961226823114,3000.0,22.910077170267563,2.910077170267563,266.01471412073596,0.013721269324501519,61.7494919823458,61.7494919823458,2.6952982970517265,0.0,81.37293793041748,1.0
6.498314699142838,0.9010640118854097,39852.75251723782,0.046979366607099296,3178951.1316823144,0.022672394630161755,0.0003122352443019345,0.017732746500299715,0.0427173763747634,204.28860346189774,296.07481485170194,3000.0,22.910050679601884,2.9100506796018837,266.01326121346665,0.013721223090118103,61.72465775156891,61.72465775156891,2.6942174251288704,0.0,81.34173497731227,1.0
6.502014122301974,0.9010943336125771,39855.43473427187,0.046976100876649156,3179058.1066448274,0.022672293864912464,0.0003121918362793235,0.017739378841641916,0.04272386454283371,204.3333833859337,296.08477807255935,3000.0,22.90999991915521,2.90999991915521,266.0104788196633,0.01372113454796791,61.67709543372962,61.67709543372962,2.692147344014653,0.0,81.28197181414741,1.0
6.526502238836503,0.9012944597111806,39873.13986919614,0.046954553122213284,3179764.1509205312,0.022671628907330935,0.00031190549960737307,0.017783152078594534,0.04276668648553285,204.62904863756538,296.15053621716334,3000.0,22.909663921574978,2.909663921574979,265.99211477286764,0.013720550133049835,61.36306613530226,61.36306613530226,2.6784795423172545,0.0,80.88727064838218,1.0
6.546356253106456,0.9014559679261326,39887.43135090146,0.04693717141876281,3180333.951418527,0.022671092394299895,0.0003116746191036317,0.01781847735525364,0.04280124436865717,204.86780357855645,296.203605160333,3000.0,22.90939151826235,2.90939151826235,265.97729439492616,0.013720078454835308,61.109490816369714,61.109490816369714,2.667442772002737,0.0,80.56840670627409,1.0
6.551037838916332,0.9014939545600451,39890.79307067653,0.04693308429153572,3180467.9681490497,0.02267096622351664,0.00031162034236211416,0.017826785675965698,0.04280937224184445,204.92397715019771,296.21608694348504,3000.0,22.909327286797478,2.9093272867974775,265.9738086510494,0.013719967511666467,61.049831500851695,61.049831500851695,2.664846101178815,0.0,80.49336770434256,1.0
6.575776874080701,0.9016940751011344,39908.50556472828,0.04691155907076063,3181173.9928178606,0.022670301638054627,0.00031133456704725217,0.017870554309833173,0.04285219051493505,205.22002603512982,296.2818432619813,3000.0,22.9089878752748,2.9089878752748004,265.9554451142244,0.013719383012941832,60.735419079094584,60.735419079094584,2.6511611691341925,0.0,80.09778242067046,1.0
6.596328438244674,0.9018595401621206,39923.15370176859,0.04689376968274671,3181757.753056797,0.022669752274529418,0.00031109848871586996,0.017906741850718277,0.04288759261396356,205.46495421913232,296.336212359681,3000.0,22.908705925464453,2.9087059254644543,265.9402616466797,0.013718899695797171,60.475307427547364,60.475307427547364,2.639839527571276,0.0,79.770364684968,1.0
6.600559723145407,0.90189351931938,39926.162109647696,0.04689011745544367,3181877.6314217066,0.022669639474687413,0.0003110500320378641,0.01791417297367408,0.042894862480399365,205.51526796761635,296.3473773519143,3000.0,22.908647877101338,2.908647877101336,265.9371436383922,0.013718800439733642,60.42187567077582,60.42187567077582,2.6375138329823193,0.0,79.7030899577027,1.0
6.62555760514622,0.9020936536629675,39943.88367577437,0.0468686124967438,3182583.70478569,0.022668975196680503,0.00031076478710530205,0.017957940268114325,0.04293768025190013,205.81172463473916,296.41313820568445,3000.0,22.908304943460358,2.9083049434603585,265.9187788350171,0.01371821580066454,60.10705420027796,60.10705420027796,2.623810637610564,0.0,79.30658738219526,1.0
6.646300623382891,0.9022589335082108,39958.52189804966,0.04685086090505647,3183166.811584042,0.022668426739665227,0.0003105294259707967,0.017994083336941885,0.042973039502577914,206.05669679874148,296.46744644453725,3000.0,22.90802039127136,2.908020391271362,265.9036123633095,0.01371773294193564,59.84691556456801,59.84691556456801,2.6124874407467993,0.0,78.97880320258477,1.0
6.650600062364397,0.9022931019740704,39961.5484067222,0.04684719201894974,3183287.357829124,0.022668313371642317,0.0003104807928201759,0.018001554999974422,0.042980349164436916,206.10735644069612,296.47867364046306,3000.0,22.907961412930245,2.907961412930246,265.90047698361457,0.013717633115810791,59.793120542918444,59.793120542918444,2.6101458556311616,0.0,78.91100235918263,1.0
6.675859829606641,0.902493228433142,39979.27712494514,0.046825709461703016,3183993.403376559,0.022667649472745747,0.00031019610587025147,0.01804531524127973,0.04302316081989573,206.40418430516323,296.54443190351094,3000.0,22.90761491610192,2.9076149161019202,265.88211290374153,0.01371704839974533,59.4779285985783,59.4779285985783,2.596426071261171,0.0,78.51363047336335,1.0
6.696272808521108,0.9026541860709808,39993.53882494908,0.04680843925987835,3184561.26144015,0.022667115640543956,0.000309967335756291,0.01808050852299158,0.04305759149929183,206.64305488028702,296.5973199360963,3000.0,22.90733491508577,2.9073349150857686,265.8673430480654,0.013716578088164313,59.224288167778354,59.224288167778354,2.5853853530894955,0.0,78.19371209621865,1.0
6.701170435816543,0.9026927022442822,39996.95193920793,0.04680430763226149,3184697.146384049,0.02266698791471711,0.000309912618568334,0.018088929753955003,0.04306583028724045,206.700233306501,296.60997571718246,3000.0,22.907267736674182,2.9072677366741817,265.86380871239487,0.013716465540688791,59.16357540589388,59.16357540589388,2.5827425638883117,0.0,78.11711534098247,1.0
6.726695157994516,0.9028927985688455,40014.68583709035,0.04678284966456138,3185403.085617029,0.022666324468338002,0.0003096285177712253,0.018132677107138267,0.043108630093247495,206.99739480583645,296.6757240785265,3000.0,22.906917635171045,2.9069176351710446,265.84544739773594,0.013715880812652877,58.84805259189949,58.84805259189949,2.569007909713038,0.0,77.71892356488479,1.0
6.746244993659325,0.9030453357833207,40028.20736326886,0.046766498984991925,3185941.2364522456,0.022665818829115326,0.00030941212428445855,0.018166024191460406,0.0431412551448602,207.22405282201845,296.72584529848206,3000.0,22.906649496315577,2.906649496315576,265.83145022013514,0.013715435029764283,58.60739739811669,58.60739739811669,2.5585320719882407,0.0,77.41507974527362,1.0
6.748314699142838,0.9030614481611728,40029.63576410303,0.04676477223583788,3185998.080872987,0.022665765424853795,0.0003093892759946803,0.018169546492138193,0.04314470119298667,207.24800086875814,296.7311395608502,3000.0,22.90662110945322,2.90662110945322,265.8299717100211,0.013715387940392619,58.581970841262944,58.581970841262944,2.5574252335752408,0.0,77.38297011726274,1.0
6.752273101298641,0.9030922443758896,40032.3659931043,0.046761472023749064,3186106.7298261514,0.022665663354391973,0.0003093456100405027,0.01817627873518449,0.04315128769961697,207.29377707177673,296.7412586905126,3000.0,22.90656681861019,2.9065668186101905,265.82714577611176,0.013715297935740797,58.53336870433503,58.53336870433503,2.5553095393055685,0.0,77.32158984336225,1.0
6.778071472448968,0.9032923314105137,40050.10691554999,0.04674003620211862,3186812.6362842536,0.022665000290962745,0.00030906206218952944,0.01822001678906024,0.043194079142212516,207.5912985317207,296.80700399933545,3000.0,22.906212993813725,2.906212993813724,265.8087853139197,0.01371471313485339,58.21748678219902,58.21748678219902,2.5415587813630216,0.0,76.92254208976158,1.0
6.7962171787975425,0.9034324203967773,40062.530388542364,0.04672503438162776,3187306.8698076713,0.02266453615845729,0.00030886369907803774,0.018250637192074745,0.04322403704961007,207.79971573785812,296.8530349362319,3000.0,22.905964134373907,2.905964134373906,265.795930415347,0.013714303662408927,57.996214677488894,57.996214677488894,2.5319263724182948,0.0,76.64289312736307,1.0
6.803948628957624,0.9034919475135359,40067.80999869945,0.04671866131001348,3187516.881297076,0.022664338963746092,0.00030877944975608726,0.018263647909312154,0.04323676632281434,207.88830455768303,296.8725945677791,3000.0,22.905858103591477,2.9058581035914752,265.79046806553157,0.013714129660470682,57.90216350784854,57.90216350784854,2.5278321050443378,0.0,76.52399908799063,1.0
6.830012598297381,0.9036919145696105,40085.548128393086,0.04669725927830215,3188222.364471216,0.022663676649598053,0.0003084966080094917,0.01830735150047361,0.04327952475808115,208.18601671968503,296.93830045362387,3000.0,22.905500666561135,2.905500666561134,265.7721186128566,0.01371354511028317,57.58610189317159,57.58610189317159,2.5140730487170417,0.0,76.12432158813655,1.0
6.84618936393576,0.9038154774671461,40096.51076956971,0.0466840398150346,3188658.294003162,0.022663267482813654,0.00030832196896641065,0.018334354433981216,0.04330594388576128,208.37006944821704,296.9789011895625,3000.0,22.90527882867918,2.9052788286791813,265.76078018749183,0.013713183882208373,57.390710739274795,57.390710739274795,2.5055669991415774,0.0,75.87713788723929,1.0
6.856180643542964,0.9038915848413116,40103.263848507435,0.046675899384289496,3188926.800590975,0.02266301549388639,0.000308214452358227,0.018350985753112628,0.04332221569935725,208.483469603193,297.00390882100453,3000.0,22.90514181753664,2.905141817536641,265.75379639382163,0.013712961377757623,57.270326790628644,57.270326790628644,2.5003262257377217,0.0,75.7248053485923,1.0
6.882518970658729,0.9040914516361264,40121.000924737855,0.04665452879459222,3189631.930043691,0.02266235386293524,0.00030793228460917457,0.018394658231434602,0.04336494437897902,208.78139682362672,297.0695817626482,3000.0,22.904780648776615,2.9047806487766152,265.7354561413583,0.013712377020755869,56.954059317731605,56.954059317731605,2.4865577274486417,0.0,75.32446494183527,1.0
6.896161549073977,0.9041945443567624,40130.15136843483,0.04664350971332955,3189995.640852924,0.022662012657576364,0.00030778684405913427,0.018417182881835484,0.04338698238347098,208.93514045619673,297.1034563351228,3000.0,22.904593578654996,2.904593578654997,265.725996108113,0.01371207558570521,56.790855651916274,56.790855651916274,2.479452667732127,0.0,75.11779837177383,1.0
6.90899108779086,0.9042912243691084,40138.73357228636,0.04663317853344097,3190336.727646542,0.02266169271873494,0.000307650514305132,0.01843830519441454,0.04340764842745461,209.07936422748907,297.13522379712066,3000.0,22.904417660864624,2.9044176608646253,265.7171245202326,0.013711792888832106,56.63776029274351,56.63776029274351,2.472787613784959,0.0,74.92388338777684,1.0
6.935606972796217,0.904490966401458,40156.46741168252,0.046611841764666824,3191041.4169376544,0.02266103185134329,0.0003073690509191902,0.018481940247853063,0.04345034115011555,209.37746501053235,297.20085574387025,3000.0,22.90405271714209,2.904052717142089,265.6987957162698,0.013711208796766065,56.32133070573744,56.32133070573744,2.4590115732481195,0.0,74.52293534014387,1.0
6.946133734212194,0.9045696582308818,40163.45504000064,0.04660343856697717,3191319.041475868,0.02266077153928765,0.0003072582357280583,0.018499129550745456,0.043467159325761166,209.49495591561035,297.2267125848046,3000.0,22.903908383730055,2.9039083837300534,265.69157476683813,0.013710978669887373,56.19661885122778,56.19661885122778,2.453582065982565,0.0,74.36485767606992,1.0
6.96239259416563,0.9046908584855474,40174.218494304696,0.0465904991334031,3191746.6356108543,0.02266037066279402,0.00030708763906305475,0.018525602631252847,0.04349306093310992,209.6759679495439,297.2665369951537,3000.0,22.903685461731172,2.9036854617311705,265.6804531432025,0.013710624215951121,56.00448519365861,56.00448519365861,2.445217180756093,0.0,74.12125889314052,1.0
6.989289270322971,0.9048904506942759,40191.946860721546,0.04656919861089805,3192450.796324681,0.022659710641041397,0.00030680691093037775,0.018569193831327536,0.043535711383299314,209.97419981535313,297.33211971232544,3000.0,22.903316699369533,2.903316699369532,265.66213808741156,0.013710040462247155,55.68793827205843,55.68793827205843,2.431435542852681,0.0,73.71975994863449,1.0
6.996105919350412,0.9049408560576714,40196.4246317266,0.04656382092791173,3192628.6262955773,0.02265954398563029,0.0003067360565849883,0.018580201502146357,0.04354648154436164,210.04954360497672,297.34868208573954,3000.0,22.903223243338157,2.9032232433381573,265.6575127713803,0.01370989303219051,55.60796916640359,55.60796916640359,2.4279538550355895,0.0,73.61829768165717,1.0
6.998314699142838,0.9049571732786625,40197.874228907844,0.04656208020157399,3192686.1934022987,0.022659490038337993,0.0003067131231769729,0.01858376482310667,0.043549967984621636,210.07393628625405,297.35404365619416,3000.0,22.903192961256185,2.9031929612561846,265.6560154643726,0.013709845305461129,55.58207917811856,55.58207917811856,2.4268266556607667,0.0,73.58544654019134,1.0
7.016391107176355,0.9050904271938646,40209.713283070894,0.046547867131889416,3193156.3128155093,0.02265904952367533,0.0003065259034638173,0.018612863024724192,0.043578438451863336,210.27318185680517,297.39782870115357,3000.0,22.902945140023387,2.9029451400233874,265.6437877681773,0.013709455534619736,55.37060591137211,55.37060591137211,2.417619462163003,0.0,73.31706328592617,1.0
7.043578166050331,0.9052898905186297,40227.43802442242,0.04652660036136913,3193860.0188271,0.02265839027744115,0.00030624587658860023,0.018656413994464546,0.043621050148494295,210.57157096905323,297.4633690691747,3000.0,22.902572428187568,2.9025724281875687,265.62548453908533,0.013708872058187969,55.05391357003211,55.05391357003211,2.403830999450261,0.0,72.91497787413603,1.0
7.046078104488629,0.905308174601894,40229.06298292839,0.04652465140932485,3193924.5250180224,0.02265832985543889,0.00030622022046837246,0.018660405838437116,0.043624955914344385,210.59893189267618,297.469376918224,3000.0,22.902538156918226,2.9025381569182263,265.6238067481175,0.01370881857051872,55.02487485544131,55.02487485544131,2.402566670926812,0.0,72.87809910673784,1.0
7.071020417987536,0.9054900721428255,40245.230522272344,0.04650526695599747,3194566.258996927,0.022657728832377707,0.0003059651008792626,0.018700115369129484,0.043663809302386454,210.8712085026099,297.5291454585751,3000.0,22.902196233909844,2.9021962339098435,265.60711539712923,0.013708286430527449,54.73590689451933,54.73590689451933,2.389985062370364,0.0,72.51102193570829,1.0
7.096050289626846,0.9056716504122372,40261.37292347364,0.04648592468611759,3195206.8665868663,0.02265712900873233,0.00030571064243894275,0.0187397496963668,0.043702589347538075,211.1431496931188,297.5888090915557,3000.0,22.90185312391436,2.90185312391436,265.5904533432551,0.013707755183283913,54.44730365013629,54.44730365013629,2.377419126545783,0.0,72.14424156875653,1.0
7.098514315841614,0.9056894738938097,40262.957614568186,0.04648402651228371,3195269.747776402,0.02265707013861856,0.00030568567659827094,0.018743639845985666,0.0437063956612025,211.16985071910514,297.59466559446446,3000.0,22.901819347710497,2.9018193477104957,265.58881781819395,0.013707703034537768,54.4189670990888,54.4189670990888,2.3761853271508357,0.0,72.10822022035313,1.0
7.126273105985386,0.9058896284587709,40280.755558530764,0.04646271570440541,3195975.892481331,0.022656409133041087,0.0003054054549421868,0.018787321731273645,0.04374913631925692,211.46979191673938,297.6604330926454,3000.0,22.901438846594864,2.901438846594863,265.5704511592576,0.013707117385997843,54.10065924251819,54.10065924251819,2.3623257737171492,0.0,71.70347803893942,1.0
7.146022474765063,0.906031319824548,40293.35727389203,0.04644763549372868,3196475.7791948672,0.022655941306693617,0.00030520723875418406,0.01881824024402744,0.043779388789475245,211.68222644723392,297.7069905450963,3000.0,22.901168143775717,2.901168143775716,265.5574492225295,0.013706702769398584,53.87522277529558,53.87522277529558,2.352509812471652,0.0,71.41670361425608,1.0
7.1541167452801995,0.9060892217120917,40298.50750642868,0.04644147440237497,3196680.056880476,0.022655750155679524,0.00030512627510790094,0.01883087397723212,0.043791750408019546,211.7690619044672,297.726016153053,3000.0,22.901057198701572,2.901057198701571,265.5521360076123,0.013706533329943057,53.78307410314511,53.78307410314511,2.348497435576663,0.0,71.29945347696727,1.0
7.182169602831661,0.9062891328493595,40316.291647298385,0.046420208959431934,3197385.342773232,0.022655090303376493,0.00030484690586265616,0.018874488199285822,0.043834425408524974,212.06897747542075,297.7917036648975,3000.0,22.900672699488506,2.9006726994885073,265.5337916861801,0.013705948293734938,53.46481421075936,53.46481421075936,2.334639462881521,0.0,70.89436893279452,1.0
7.19599465990328,0.9063872189595703,40325.01884499966,0.04640977862754447,3197731.3902759003,0.022654766611668202,0.0003047099268507124,0.018895884676774815,0.04385536121529373,212.2161920953184,297.8239331475282,3000.0,22.900483215956434,2.900483215956435,265.5247910714153,0.013705661228284673,53.308598976096874,53.308598976096874,2.327837298164647,0.0,70.695462759139,1.0
7.210373332646236,0.9064889296592783,40334.069537511255,0.04639896530340136,3198090.225319445,0.022654431002925985,0.0003045679505925813,0.018918069849107818,0.04387706880262639,212.3688893024758,297.8573536106554,3000.0,22.90028614888015,2.9002861488801503,265.5154578556973,0.013705363542155466,53.14656855322153,53.14656855322153,2.3207818543271985,0.0,70.48910090984474,1.0
7.238723664013947,0.9066885695050145,40351.837375267125,0.04637774788402906,3198794.554096491,0.022653772394583622,0.0003042894672953443,0.018961609399853033,0.043919671261732005,212.66873187943236,297.92295198056445,3000.0,22.89989760557352,2.8998976055735213,265.49713842862127,0.013704779200092897,52.82840654918891,52.82840654918891,2.3069276316908596,0.0,70.08373807965751,1.0
7.245966845041497,0.9067393837229367,40356.36043772599,0.046372348942093196,3198973.8265049313,0.022653604787154905,0.00030421862532405055,0.018972690213765953,0.04393051362624491,212.74507705382067,297.93964869685175,3000.0,22.899798339915645,2.899798339915645,265.49247559512617,0.013704630459875775,52.7473985413055,52.7473985413055,2.303400132976883,0.0,69.980495523692,1.0
7.248314699142838,0.906755838308771,40357.82514353657,0.046370600796040544,3199031.878234408,0.02265355051517801,0.0003041956888726143,0.01897627827361653,0.04393402447766716,212.76980132658556,297.94505540313463,3000.0,22.89976616349936,2.89976616349936,265.4909656831938,0.013704582294343607,52.72116435660823,52.72116435660823,2.3022577601967877,0.0,69.94705795701168,1.0
7.267290911474674,0.9068885310552462,40369.637766665044,0.04635650577578647,3199500.0178460334,0.022653112899360905,0.0003040107875482299,0.019005210992348816,0.04396233467925795,212.9692231654248,297.98865605727974,3000.0,22.89950610612369,2.899506106123691,265.4787894811755,0.013704193866431276,52.5095663157507,52.5095663157507,2.293043617290454,0.0,69.67730935611098,1.0
7.2959390301797145,0.9070878498000208,40387.38484248558,0.046335341350780025,3200203.2137798504,0.022652455697814017,0.00030373325391572985,0.019048664093497397,0.044004853045227145,213.26891218495345,298.0541489186938,3000.0,22.89911351511746,2.899113515117459,265.4604995190874,0.013703610364634378,52.19158733413397,52.19158733413397,2.2791968474971007,0.0,69.2717774774177,1.0
7.2959493868921905,0.9070879216385546,40387.391239596116,0.046335333724373755,3200203.4672259823,0.022652455460976433,0.00030373315393187586,0.01904867975335194,0.044004868368260244,213.26902022830245,298.0541725236545,3000.0,22.899113373193106,2.899113373193108,265.46049292701275,0.013703610154319494,52.1914726987103,52.1914726987103,2.2791918555156094,0.0,69.27163124189785,1.0
7.324905028899719,0.9072881561794324,40405.22378509377,0.04631408143975214,3200909.894085705,0.022651795414358668,0.0003034545957526749,0.019092323887781256,0.0440475738978926,213.57024966417666,298.11996630060634,3000.0,22.898716584859166,2.898716584859164,265.442118929296,0.013703023921490835,51.87186926511933,51.87186926511933,2.2652740852479685,0.0,68.86382546086188,1.0
7.3459112153179325,0.9074326526448299,40418.09483802037,0.04629875082624227,3201419.677182289,0.022651319209495053,0.0003032537335087141,0.01912381356816454,0.04407838651116831,213.78772875783824,298.16744546265807,3000.0,22.89842874103104,2.89842874103104,265.42885958995504,0.013702600843586535,51.6411308321168,51.6411308321168,2.2552259552893483,0.0,68.56928329548906,1.0
7.353945204308917,0.9074877468894741,40423.00290915519,0.046292906777203734,3201614.0495121684,0.02265113766398205,0.0003031771820766137,0.019135818854694592,0.04409013370075326,213.87067234207083,298.18554852533424,3000.0,22.898318655134915,2.8983186551349154,265.4238040110281,0.013702439523714215,51.55313166895726,51.55313166895726,2.251393757130572,0.0,68.45692284485455,1.0
7.383208756573805,0.9076876354191581,40440.812481855086,0.0462717097432063,3202319.2556454376,0.02265047910610464,0.0003028996023703671,0.019179369639801384,0.04413274834827639,214.17170403138542,298.2512286086985,3000.0,22.89791768165275,2.8979176816527503,265.4054617641215,0.013701854203984848,51.23375773273611,51.23375773273611,2.2374854537007884,0.0,68.04900608876135,1.0
7.39588340045615,0.9077738274839983,40448.49319158782,0.04626257239917259,3202623.340991707,0.02265019518921495,0.00030277998610292586,0.019198145901429986,0.04415112107674786,214.30155843285664,298.2795499036372,3000.0,22.897744017130474,2.8977440171304742,265.3975525752492,0.013701601798312292,51.095994142392584,51.095994142392584,2.231485953557965,0.0,67.87298678382103,1.0
7.412648870685861,0.907887483631432,40458.62238359509,0.046250526142731285,3203024.3195390045,0.02264982085501338,0.00030262232558807804,0.01922290231137642,0.04417534549197788,214.4728346309739,298.3168954444249,3000.0,22.897514306125224,2.897514306125224,265.38712321683636,0.013701268952349504,50.914288585862465,50.914288585862465,2.223572738296863,0.0,67.64076581539864,1.0
7.442223885689764,0.9080869960671144,40476.40627283458,0.04622938719687837,3203728.198813763,0.022649163883303784,0.00030234575986756197,0.019266352294484416,0.04421786193765576,214.77361731655958,298.3824519494857,3000.0,22.89710909953992,2.897109099539921,265.3688154812099,0.013700684634195659,50.5951981646503,50.5951981646503,2.2096762497265177,0.0,67.23280808512004,1.0
7.445855585594367,0.9081114093156948,40478.58265869902,0.04622680115767816,3203814.3286815397,0.022649083505153083,0.00030231193479802966,0.01927166836519394,0.044223063805145055,214.81043323889818,298.3904737414539,3000.0,22.8970593428947,2.8970593428947002,265.3665752634547,0.013700613130950993,50.55614202455652,50.55614202455652,2.2079753241433098,0.0,67.18286091382505,1.0
7.472075265853013,0.9082871081487223,40494.24753785695,0.046208193740077154,3204434.193637548,0.022648505110996135,0.00030206860789127834,0.019309923044511217,0.04426049676339863,215.07546145026967,298.4482054883355,3000.0,22.896700123951845,2.896700123951844,265.35045272064707,0.013700098509823936,50.2749912703774,50.2749912703774,2.1957308694358795,0.0,66.82322074495174,1.0
7.495827770732584,0.9084454329096177,40508.36598295588,0.046191432246543436,3204992.7629191787,0.0226479840266429,0.00030184950377516517,0.01934438823670994,0.04429422176712801,215.31438555276387,298.50022840085916,3000.0,22.896374717807507,2.8963747178075065,265.33592446402145,0.013699634744203382,50.02153891125758,50.02153891125758,2.1846925344191566,0.0,66.49887785428969,1.0
7.498314699142838,0.9084619636833712,40509.8402393097,0.04618968249193054,3205051.0834394065,0.022647929626227588,0.000301826635787211,0.019347986397273687,0.044297742659288486,215.33933737077965,298.5056601412393,3000.0,22.89634064785687,2.89634064785687,265.33440756090437,0.013699586320376746,49.99507019012472,49.99507019012472,2.1835397611803233,0.0,66.46499853219768,1.0
7.502019195072481,0.9084865715343095,40512.03487959439,0.04618707790472303,3205137.8998637185,0.022647848647505162,0.00030179259737917613,0.019353342519635355,0.044302983764519695,215.37648282459907,298.5137458763417,3000.0,22.896289897928643,2.896289897928644,265.33214948597396,0.013699514235621836,49.95566666137489,49.95566666137489,2.1818236440959033,0.0,66.41456040958313,1.0
7.532235931333187,0.9086865711843456,40529.87396474237,0.04616591416448828,3205843.4980292562,0.022647190592720128,0.0003015160872775142,0.01939686842967621,0.04434557510967385,215.67846841069172,298.57946247202614,3000.0,22.895875952181324,2.8958759521813255,265.3137970423996,0.01369892834060937,49.635328631707864,49.635328631707864,2.1678720104604268,0.0,66.00440105351215,1.0
7.545799955870801,0.9087759328028546,40537.845895521845,0.04615646086692768,3206158.765551365,0.022646896624177303,0.0003013926182845673,0.019416312794905816,0.04436460203736769,215.81344807283588,298.608825230172,3000.0,22.89569014135753,2.8956901413575307,265.305597007744,0.01369866654134574,49.4921489349081,49.4921489349081,2.1616360384572193,0.0,65.82100901112135,1.0
7.562625912615896,0.9088864272952752,40547.704169380224,0.046144774405248265,3206548.589789257,0.022646533183812385,0.00030124001700972055,0.019440352556171225,0.04438812575699333,215.98039101933745,298.6451319031209,3000.0,22.89545965091192,2.8954596509119215,265.295457770315,0.013698342816110362,49.315066750977564,49.315066750977564,2.1539234198782884,0.0,65.59413702322125,1.0
7.5931570060350895,0.909085916215104,40565.50552532358,0.04612368217275231,3207252.3861001553,0.02264587715571669,0.00030096469342525886,0.019483746036172256,0.044430587885314204,216.2819110026106,298.71068068125896,3000.0,22.895041434459912,2.8950414344599107,265.27715219255913,0.013697758317556293,48.99524118994853,48.99524118994853,2.1399935584394507,0.0,65.1842303431812,1.0
7.595772141009018,0.9091029432901762,40567.02511409748,0.04612188227663874,3207312.457569946,0.022645821169432454,0.00030094120464088816,0.019487449315597906,0.04443421168967125,216.30765378480208,298.7162754980899,3000.0,22.89500561303831,2.8950056130383115,265.27558974765265,0.013697708426260344,48.96793596285056,48.96793596285056,2.138804278561267,0.0,65.14922507800328,1.0
7.623986222908746,0.9092860436731661,40583.36778662331,0.04610253106864504,3207958.4351720246,0.02264521920131707,0.0003006887277744594,0.01952726737447987,0.0444731753035714,216.5845475980573,298.7764392725587,3000.0,22.89461915234723,2.8946191523472278,265.2587880210163,0.013697171898078543,48.674240422959,48.674240422959,2.1260122345371606,0.0,64.77261504029498,1.0
7.645744326147235,0.9094264984286238,40595.90634317271,0.046087691788965456,3208453.959128062,0.022644757535244617,0.00030049519019986586,0.019557805069917285,0.04450305779536177,216.797035949437,298.82259039519664,3000.0,22.89432113234817,2.894321132348171,265.2458995585924,0.013696760303424054,48.44886360915538,48.44886360915538,2.116195685780799,0.0,64.48349605707944,1.0
7.654940616542564,0.9094856679279743,40601.18905177955,0.04608144169013324,3208662.708944324,0.02264456307438282,0.0003004136935045348,0.019570668025405507,0.04451564479329286,216.88657320172194,298.84203251954517,3000.0,22.894195173760526,2.8941951737605263,265.2404700246009,0.013696586903191523,48.35389682287894,48.35389682287894,2.112059255889382,0.0,64.36164040031011,1.0
7.686127556817448,0.909685466640938,40619.02980869443,0.046060342342772946,3209367.5982044726,0.022643906547058654,0.0003001386551583371,0.019614095106000255,0.044558140308217246,217.1890115279358,298.90768309061235,3000.0,22.89376802826365,2.893768028263649,265.22213601949016,0.013696001347145298,48.03312449155436,48.03312449155436,2.0980873236880337,0.0,63.9499136652551,1.0
7.695716511285452,0.9097466320374187,40624.492273864365,0.046053884772000786,3209583.389539824,0.022643705595602588,0.0003000545033416128,0.01962738732181276,0.04457114742075696,217.28162808381728,298.9277810339321,3000.0,22.893636698790136,2.8936366987901345,265.2165233372309,0.013695822077910513,47.93489525341363,47.93489525341363,2.093808680730347,0.0,63.82379128859574,1.0
7.717545511648977,0.9098854085929958,40636.88727905048,0.04603923626050504,3210072.9928117166,0.022643249722257782,0.000299863655041138,0.01965754156066238,0.0446006549379613,217.49181447429117,298.97338072769,3000.0,22.893337737127972,2.89333773712797,265.2037888704195,0.013695415321315414,47.71197439612831,47.71197439612831,2.084098655424541,0.0,63.53749963364739,1.0
7.74568869642367,0.910063377697958,40652.78558376399,0.04602045664796985,3210700.867280301,0.022642665225640006,0.0002996190734541587,0.019696203325666184,0.04463848762476035,217.7614639431462,299.03185844859104,3000.0,22.892952311871937,2.8929523118719356,265.1874580020594,0.013694893655392129,47.425994058913176,47.425994058913176,2.0716416743819788,0.0,63.17007947974018,1.0
7.748314699142838,0.9100799293937587,40654.2643349715,0.046018710416448554,3210759.261613449,0.022642610872557263,0.0002995963359855568,0.01969979850386468,0.044642005712407506,217.78654808106268,299.0372970636118,3000.0,22.89291634910767,2.8929163491076686,265.1859391790855,0.013694845136779576,47.39939109802282,47.39939109802282,2.070482867940518,0.0,63.13589252654552,1.0
7.7490891300001925,0.910084808863591,40654.70027863262,0.04601819563500205,3210776.4763683835,0.022642594849396645,0.0002995896332435115,0.019700858352887967,0.04464304283552813,217.79394312054637,299.0389003771479,3000.0,22.892905743402547,2.8929057434025465,265.18549142732815,0.013694830833339512,47.39154830678177,47.39154830678177,2.070141241045359,0.0,63.12581364151758,1.0
7.7809559835029,0.9102848961500589,40672.57857478333,0.045997090737668625,3211482.38371499,0.02264193789327718,0.0002993149002393553,0.01974431214350004,0.04468556493701657,218.0972581271267,299.1046457687225,3000.0,22.892469341590846,2.8924693415908465,265.16713094202635,0.013694244281569108,47.06987281489964,47.06987281489964,2.056129118818278,0.0,62.71231987874521,1.0
7.795660881561887,0.9103767687505402,40680.788936495475,0.04598740289290187,3211806.5099739665,0.022641636301638478,0.0002991888309216552,0.019764260323288034,0.04470508545584817,218.23657749808237,299.13483359424725,3000.0,22.892267971106005,2.8922679711060053,265.1587004936928,0.01369397494215154,46.92212299561041,46.92212299561041,2.049693069067435,0.0,62.52232873965821,1.0
7.81300181721559,0.9104847411669886,40690.43914662597,0.04597601952790408,3212187.436335392,0.02264128190555998,0.0002990407314886897,0.01978770083231764,0.044728023469366315,218.400350055493,299.17031155451133,3000.0,22.892030507514004,2.892030507514003,265.14879268795363,0.013693658390018583,46.74844263246064,46.74844263246064,2.0421273952573182,0.0,62.298938890766436,1.0
7.845201006747858,0.9106841715631496,40708.26657144111,0.04595500004909686,3212891.026174966,0.022640627451049777,0.00029876736099999587,0.01983098681971964,0.04477038163176941,218.7029555965464,299.2358411027347,3000.0,22.89158959223659,2.8915895922365893,265.1304924804687,0.013693073664221383,46.42753688392233,46.42753688392233,2.02814822871312,0.0,61.88603050990828,1.0
7.845633066700104,0.9106868382859074,40708.50498081118,0.045954719036836164,3212900.4343648576,0.02264061870104786,0.00029876370711968904,0.01983156553987773,0.04477094794804529,218.70700290463674,299.2367173439743,3000.0,22.891583676009525,2.8915836760095246,265.13024777564584,0.013693065845108335,46.4232448710091,46.4232448710091,2.0279612598258483,0.0,61.880506624692174,1.0
7.877740737851155,0.9108843239531651,40726.162462201144,0.04593391243245825,3213597.1632066923,0.02263997080012582,0.0002984932299569353,0.019874416533643063,0.044812880563725815,219.00679850850162,299.30160788626426,3000.0,22.89114403286116,2.89114403286116,265.11212602111056,0.013692486771531714,46.10532751260894,46.10532751260894,2.0141119834999457,0.0,61.471241976059794,1.0
7.8956052518383215,0.9109936191502835,40735.93635089562,0.045922400662674806,3213982.756334355,0.02263961230246234,0.0002983436343931411,0.01989812618300164,0.044836082119857124,219.17277449496348,299.3375204905012,3000.0,22.8908994261043,2.8908994261043013,265.102096833871,0.013692166271806128,45.9293223389075,45.9293223389075,2.00644463478489,0.0,61.24458015509663,1.0
7.910442578990529,0.911084077613459,40744.026623034006,0.04591287468176431,3214301.8935211566,0.022639315629942935,0.0002982198725272054,0.01991774652197941,0.04485528202444955,219.31017659854453,299.36724365376506,3000.0,22.890696272922916,2.8906962729229155,265.09379615013995,0.013691900998046815,45.78361955159542,45.78361955159542,2.000097288685457,0.0,61.05689632577222,1.0
7.943336062073275,0.9112835994091214,40761.87395829042,0.045891869091890435,3215005.8058178974,0.022638661392302063,0.00029794705792379685,0.01996101280131714,0.04489762125154301,219.61334141789493,299.43280323436136,3000.0,22.890245908243923,2.8902459082439225,265.0754875556195,0.01369131585467469,45.462146137724545,45.462146137724545,1.9860925181826619,0.0,60.642650670945365,1.0
7.945577436976539,0.911297143946133,40763.085666289604,0.04589044340548229,3215053.590903855,0.022638616985610698,0.00029792854604005376,0.019963949440722665,0.04490049497237342,219.6339267621196,299.4372537464616,3000.0,22.890215220916698,2.8902152209166965,265.0742446766884,0.01369127613041217,45.44031791456882,45.44031791456882,1.9851415758225905,0.0,60.614515839990176,1.0
7.976558593257961,0.9114836987305905,40779.7768785633,0.04587081037450226,3215711.755623952,0.0226380054335531,0.000297673678633348,0.02000439061030616,0.04494006972249261,219.91752194283922,299.4985525804394,3000.0,22.889791057836334,2.8897910578363333,265.05712596595725,0.013690728967562868,45.13960402311804,45.13960402311804,1.972040894085159,0.0,60.22682500221184,1.0
7.995549622114756,0.9115974450321552,40789.95553174822,0.04585884295187516,3216113.052234752,0.02263763263134924,0.00029751837629683834,0.02002904247964381,0.04496419348728989,220.0904943440973,299.5359277443918,3000.0,22.889531059977624,2.889531059977624,265.04668833478706,0.013690395329719168,44.95619399068977,44.95619399068977,1.9640504592641364,0.0,59.99027970331173,1.0
7.998314699142838,0.911613967909394,40791.43419656764,0.04585710475749873,3216171.3448960995,0.022637578482451078,0.0002974958229599215,0.020032623051428704,0.044967697356839705,220.11562412432343,299.54135689010707,3000.0,22.889493205047003,2.889493205047005,265.04517215627294,0.01369034686387733,44.92954803194951,44.92954803194951,1.9628895943420364,0.0,59.95590874709359,1.0
8.009947785837582,0.911683375178833,40797.64588253054,0.045849803724051376,3216416.213534531,0.022637351033286932,0.00029740110027482277,0.020047662822924413,0.044982414956486166,220.22119636029214,299.56416297733,3000.0,22.88933394523975,2.889333945239747,265.0388031801482,0.013690143270802771,44.81760681985605,44.81760681985605,1.9580127113823986,0.0,59.81149923615512,1.0
8.04356147278355,0.9118829591094565,40815.51051848451,0.045828814257226805,3217120.3450432275,0.02263669710807868,0.0002971288695911716,0.02009090084312503,0.04502472682079488,220.52486533752537,299.6297429744526,3000.0,22.888873778901218,2.888873778901217,265.0204888839759,0.013689557795578927,44.4956235464505,44.4956235464505,1.9439848363123142,0.0,59.395989134973924,1.0
8.045521807252973,0.9118945545207496,40816.54853687474,0.04582759503967796,3217161.2536194962,0.022636659121663166,0.0002971130603271028,0.02009341244248128,0.04502718462447155,220.54251200442758,299.6335530358983,3000.0,22.888846942822543,2.888846942822542,265.01942486145657,0.013689523779154503,44.47691285702899,44.47691285702899,1.9431696567386942,0.0,59.371837314491884,1.0
8.077505934657124,0.9120830556959723,40833.42496749744,0.045807778252008644,3217826.285200375,0.022636041675572267,0.00029685616037775954,0.02013423548876458,0.04506713332471461,220.82944885379248,299.69549142187,3000.0,22.88840910420365,2.888409104203651,265.0021275452795,0.01368897076647019,44.17267869148702,44.17267869148702,1.9299147656083417,0.0,58.979035050839485,1.0
8.09549399239119,0.912188504270664,40842.86725532479,0.04579669545807342,3218198.307455652,0.02263569633968371,0.00029671253421703023,0.02015706644467128,0.04508947531857202,220.99001460584165,299.73014008924144,3000.0,22.888162868991493,2.8881628689914938,264.99245133326275,0.013688661388803544,44.0024367274211,44.0024367274211,1.9224975363590617,0.0,58.75915382869004,1.0
8.111642732081377,0.9122828251881645,40851.314053024966,0.04578678389724865,3218531.0713697295,0.022635387486594036,0.0002965841159519064,0.020177484633729394,0.04510945623627534,221.1336676163123,299.7611323914722,3000.0,22.887941816597806,2.887941816597806,264.98379622153635,0.013688384647006346,43.85012860522406,43.85012860522406,1.9158615902031417,0.0,58.562387745521704,1.0
8.145466177529407,0.912479325892363,40868.914245150976,0.04576614004648361,3219224.3252648455,0.022634744169663854,0.0002963167349544457,0.02022001157380693,0.04515107247842523,221.43303710368284,299.8256992911002,3000.0,22.887478838028994,2.8874788380289935,264.965764849554,0.013687808069395627,43.53272774587114,43.53272774587114,1.902032462987525,0.0,58.152193999949866,1.0
8.145978467229694,0.9124822911599815,40869.17986753054,0.04576582857568361,3219234.7867201106,0.022634734463048988,0.0002963127016802245,0.020220653209366165,0.04515170037409538,221.43755566965004,299.826673629271,3000.0,22.88747182590813,2.887471825908129,264.9654927495446,0.013687799368258308,43.52793707989454,43.52793707989454,1.9018237318209104,0.0,58.14600126863611,1.0
8.180678241997404,0.9126823868134718,40887.10600586708,0.045744814157307225,3219940.7235855465,0.02263407955010288,0.0002960406467571571,0.02026394290085594,0.04519406309771598,221.74253384545904,299.8924217701115,3000.0,22.886996872552928,2.886996872552929,264.9471314964649,0.013687212191875736,43.204597651005884,43.204597651005884,1.887735550959012,0.0,57.72792809355222,1.0
8.195438362667625,0.9127670507494928,40894.69204880073,0.045735924693857205,3220239.4176979256,0.02263380249696688,0.00029592560041331986,0.020282254888297692,0.04521198298567789,221.87161453378985,299.9202409470528,3000.0,22.886794849483948,2.886794849483949,264.9393625323276,0.013686963732301462,43.067747998537754,43.067747998537754,1.8817727987590558,0.0,57.550922201916656,1.0
8.215592757597577,0.9128822244318625,40905.01295033652,0.04572383378127896,3220645.7501039254,0.022633425653648783,0.0002957691571954172,0.020307161370309756,0.04523635618115396,222.04724824993653,299.9580851248621,3000.0,22.886519000420122,2.886519000420121,264.9287939212997,0.013686625722705032,42.88154567136317,42.88154567136317,1.8736595840798684,0.0,57.31002340416379,1.0
8.245410547805841,0.9130517099588787,40920.203192985035,0.04570604533811597,3221243.6945349593,0.0226328712080599,0.00029553906934049075,0.020343803415778985,0.04527221369317938,222.3057819985368,300.0137752815763,3000.0,22.886110902909664,2.886110902909663,264.9132415262296,0.013686128289534815,42.60745952769284,42.60745952769284,1.8617169036909573,0.0,56.955302451076655,1.0
8.248314699142838,0.9130681594250308,40921.67763644408,0.04570431913450225,3221301.7282022126,0.02263281740276024,0.0002955167462113742,0.020347359115910933,0.04527569326488255,222.33087894624555,300.0191803056158,3000.0,22.886071156392006,2.8860711563920067,264.91173208409145,0.0136860800091037,42.58085313784591,42.58085313784591,1.8605575787503925,0.0,56.920860812621434,1.0
8.250708929506857,0.9130817129330014,40922.89252143322,0.0457028968663626,3221349.544937686,0.02263277307085467,0.0002954983541853632,0.02035028874790169,0.045278560172941726,222.3515581779049,300.0236337654256,3000.0,22.88603838881131,2.886038388811311,264.91048838196383,0.013686040228275216,42.558930204058925,42.558930204058925,1.8596023252703027,0.0,56.892480815184705,1.0
8.286171420411698,0.913281649643507,40940.81618412555,0.0456819196211573,3222054.9210527493,0.022632119193486757,0.0002952271539213387,0.020393497153555613,0.045320843500963715,222.65667876989716,300.0893296802154,3000.0,22.88555305815298,2.8855530581529774,264.89214171387044,0.013685453368412802,42.23546294397329,42.23546294397329,1.8455076369206163,0.0,56.473632655720984,1.0
8.29538273294406,0.9133333343886149,40945.45018837812,0.04567649796580306,3222237.2646784894,0.02263195019051373,0.000295157081345139,0.02040466415117536,0.04533177142303423,222.73557465033488,300.1063124374187,3000.0,22.88542699786382,2.8854269978638203,264.88739899873036,0.013685301653759746,42.15182434839548,42.15182434839548,1.8418631364112206,0.0,56.36529843349051,1.0
8.321908680491248,0.9134816021516647,40958.74518778931,0.0456609473201702,3222760.3529018816,0.022631465436228793,0.0002949561420408831,0.020436692840648682,0.045363114418918354,222.96194932908097,300.1550307858539,3000.0,22.885063988047982,2.8850639880479823,264.8737935961469,0.013684866412170872,41.91184426706596,41.91184426706596,1.8314060336014335,0.0,56.05438497315974,1.0
8.345354918082277,0.9136119546516883,40970.43552891845,0.045647278612187356,3223220.236131043,0.022631039333017442,0.00029477957689428815,0.02046484405386468,0.04539066296377641,223.16102766867218,300.19786247350413,3000.0,22.884743133908525,2.884743133908526,264.8618321407092,0.013684483738310962,41.70080447203705,41.70080447203705,1.8222098551872579,0.0,55.78087354044127,1.0
8.357875996180642,0.9136812989177706,40976.65517739943,0.045640008312787674,3223464.882493822,0.022630812686505276,0.000294685684545122,0.02047981693525083,0.04540531530630123,223.2669538232882,300.2206478588603,3000.0,22.884571790693997,2.8845717906939967,264.8554689459224,0.01368428015673832,41.58851512263419,41.58851512263419,1.8173167277504465,0.0,55.63530924117646,1.0
8.39409626086894,0.9138808472704087,40994.55576693265,0.045619091203713144,3224168.8884834927,0.02263016059288852,0.0002944156337567886,0.020522892422613234,0.04544746864925854,223.5718545609543,300.28621616564203,3000.0,22.884076153068442,2.884076153068443,264.83715791447065,0.013683694287179048,41.265303353516344,41.265303353516344,1.8032322160395902,0.0,55.21618279662414,1.0
8.395327103220493,0.9138876011115746,40995.16169218476,0.04561838336017949,3224192.716014872,0.02263013852535392,0.0002944064972930734,0.02052435004749197,0.04544889507013897,223.58217625577828,300.2884353667713,3000.0,22.884059310610194,2.8840593106101937,264.8365381659416,0.013683674457178989,41.25436191016331,41.25436191016331,1.802755418092966,0.0,55.201990878445386,1.0
8.430694218504104,0.914080905367258,41012.50600739756,0.04559812689566906,3224874.692849212,0.022629507005001742,0.0002941450978188429,0.020566061088274478,0.045489713191095064,223.8776562629494,300.35195196598795,3000.0,22.8835753685677,2.8835753685677017,264.81880010767765,0.013683106871021193,40.94114384472826,40.94114384472826,1.7891060809039472,0.0,54.79562375262901,1.0
8.445299288358711,0.9141603038842844,41019.63113945643,0.045589808339615456,3225154.8105791686,0.022629247658387086,0.00029403778466991794,0.020583189019073796,0.0455064744621308,223.99905562724393,300.3780410128459,3000.0,22.883375527539467,2.8833755275394686,264.8115143109107,0.013682873725005722,40.81245868366676,40.81245868366676,1.7834981834104926,0.0,54.628613286169404,1.0
8.467543137121902,0.9142807516559973,41030.44116617867,0.04557719088718838,3225579.7499565543,0.022628854280450167,0.0002938750511773516,0.02060916695495797,0.045531896286585494,224.1832550125554,300.41761816967255,3000.0,22.8830711717026,2.8830711717026007,264.8004617369006,0.013682520026795092,40.61720672434521,40.61720672434521,1.7749893106381975,0.0,54.3751496156747,1.0
8.495271473496928,0.9144300928383627,41043.846315592506,0.04556154972675591,3226106.6252000723,0.022628366624056047,0.00029367338196463174,0.020641367817717627,0.04556340782373831,224.4117009998616,300.4666892260407,3000.0,22.882691784271227,2.8826917842712283,264.78675783480776,0.013682081457085986,40.37505683494615,40.37505683494615,1.7644365101617359,0.0,54.06070335515657,1.0
8.498314699142838,0.9144464290835236,41045.31282097166,0.04555983895971868,3226164.259424008,0.022628313285732015,0.0002936513283991896,0.020644889638350306,0.04556685425248151,224.43669444728715,300.47205704752463,3000.0,22.88265014668306,2.882650146683058,264.785258782097,0.013682033480801221,40.34856433480985,40.34856433480985,1.763281965863493,0.0,54.026294344940105,1.0
8.504636745388598,0.9144803321016203,41048.35637986166,0.04555628868698117,3226283.86917018,0.022628202595023145,0.0002936055643355298,0.020652198186836633,0.04557400634619531,224.48856649880423,300.4831970216813,3000.0,22.88256364854946,2.8825636485494615,264.7821477605202,0.013681933913352436,40.293581261715985,40.293581261715985,1.7608857941173135,0.0,53.9548768444303,1.0
8.542055569301933,0.9146800553621978,41066.28832776414,0.04553537735743663,3226988.492234536,0.022627550614098827,0.000293336083490415,0.020695242668083938,0.04561612936567318,224.79421451127877,300.54882280033524,3000.0,22.88205169766273,2.88205169766273,264.7638206790999,0.013681347330621815,39.969606167821155,39.969606167821155,1.7467667102554365,0.0,53.53394670698819,1.0
8.545243658635146,0.9146969975935055,41067.80964878848,0.04553360374393279,3227048.264375781,0.02262749531537372,0.0002933132329185381,0.02069889325309889,0.045619701801391147,224.82014757768295,300.5543897389006,3000.0,22.88200808038457,2.8820080803845696,264.762266019659,0.013681297569373096,39.94211844197608,39.94211844197608,1.7455687587234165,0.0,53.49822345300452,1.0
8.579833142517638,0.9148800686609061,41084.250240901245,0.04551444136655983,3227694.1385525484,0.022626897857552123,0.0002930664087837252,0.020738331828631183,0.045658296094967035,225.1004234806548,300.6145438807489,3000.0,22.881534860673987,2.8815348606739857,264.7454669830909,0.013680759846049809,39.645043502436124,39.645043502436124,1.732621685731984,0.0,53.11204924966372,1.0
8.595215843773362,0.9149610475150429,41091.52354996347,0.04550596665961662,3227979.831707092,0.0226266336264392,0.0002929572820701363,0.02075577209310319,0.045675363001612526,225.22443053206698,300.64115220039014,3000.0,22.881324415462842,2.8813244154628403,264.738036170832,0.013680521978496582,39.51360563876503,39.51360563876503,1.7268932917214508,0.0,52.941135754846094,1.0
8.617886739398504,0.9150799056178124,41102.200240024744,0.04549352939704294,3228399.1627372117,0.022626245847508327,0.000292797167298734,0.020781364937764047,0.04570040795257111,225.40647824608763,300.6802070181466,3000.0,22.881014269737914,2.8810142697379155,264.72712946862504,0.01368017282945778,39.32065122253741,39.32065122253741,1.7184837507200155,0.0,52.6901694180801,1.0
8.64518802891158,0.9152222717196703,41114.99041315913,0.045478634787372046,3228901.4299176177,0.02262578145241334,0.00029260547473655615,0.0208120110639453,0.0457303979910952,225.6245849992597,300.7269861777765,3000.0,22.880640789093533,2.8806407890935333,264.71406561650934,0.013679754601746797,39.08948061724965,39.08948061724965,1.7084084741141667,0.0,52.38940225060824,1.0
8.656224902553289,0.9152795877090903,41120.14024444701,0.04547263904514276,3229103.640556403,0.022625594513389954,0.0002925283276821859,0.020824346422881824,0.045742469263953964,225.71241015133123,300.7458192692458,3000.0,22.88048980830013,2.88048980830013,264.7088061649976,0.013679586217884142,38.996396013666384,38.996396013666384,1.7043514514064313,0.0,52.26826424680757,1.0
8.694858535629745,0.915479147304953,41138.07315424362,0.045451766767513106,3229807.6862121364,0.022624943749172836,0.0002922598439825405,0.020867283048033973,0.04578448664118935,226.01826729296846,300.81139127036624,3000.0,22.879961327526605,2.879961327526604,264.6904941018408,0.013678999916337949,38.672226808872324,38.672226808872324,1.690222560050669,0.0,51.846267567966834,1.0
8.695160214049798,0.91548069907797,41138.21261565284,0.04545160448514491,3229813.1608626875,0.02262493868950512,0.00029225775699942357,0.020867616849644284,0.04578481329614883,226.02064607339275,300.81190115745824,3000.0,22.87995720086821,2.879957200868209,264.690351707458,0.01367899535706899,38.669705634065224,38.669705634065224,1.6901126734886485,0.0,51.84298475855005,1.0
8.733907218824145,0.9156791694738154,41156.051555086146,0.045430851234787045,3230513.3638240267,0.022624291647301474,0.00029199092753287706,0.020910300404896588,0.04582658297973094,226.32494540486877,300.8771152653666,3000.0,22.879427192083064,2.8794271920830647,264.67213959188535,0.013678412205774069,38.347194187016584,38.347194187016584,1.6760556925256331,0.0,51.42294277772826,1.0
8.745132399188014,0.9157363582144119,41161.19251784653,0.04542487215480989,3230715.1255293437,0.022624105234966177,0.0002919140756942039,0.0209225960910034,0.045838615401663785,226.41264879592896,300.8959065449654,3000.0,22.879273650382498,2.8792736503824963,264.6668918170283,0.013678244163064695,38.25424302109931,38.25424302109931,1.6720042605224827,0.0,51.30184494368178,1.0
8.748314699142838,0.9157525458598309,41162.647759134496,0.0454231798106958,3230772.2354938365,0.0226240524722776,0.0002918923250610452,0.020926076181325654,0.0458420209786643,226.4374754533935,300.90122553901807,3000.0,22.879230122182406,2.8792301221824075,264.66540640018326,0.013678196596738674,38.22793094678977,38.22793094678977,1.6708573995995666,0.0,51.26756223995416,1.0
8.773253102986788,0.9158790180410964,41174.01827480699,0.04540995882724777,3231218.4289700566,0.022623640282087333,0.00029172243198027963,0.0209532613925961,0.045868624106663716,226.63146806496295,300.9427822177425,3000.0,22.878889014429998,2.8788890144299963,264.6538010120239,0.01367782495530957,38.02233294706096,38.02233294706096,1.6618959479666957,0.0,50.99963701544259,1.0
8.795104584326232,0.915989277506409,41183.93246307236,0.04539843424182094,3231607.424033017,0.02262328098708865,0.00029157437840097994,0.02097695538443411,0.04589181074992374,226.80062814395487,300.97901166464914,3000.0,22.878590137236078,2.878590137236078,264.64368334124134,0.013677500938995907,37.843055197286475,37.843055197286475,1.6540816094998338,0.0,50.76594433776388,1.0
8.81292669025188,0.9160788213123102,41191.984841842794,0.0453890759667652,3231923.3343116976,0.022622989234982772,0.0002914541825377359,0.020996193381466407,0.045910636798986916,226.93803061238626,301.00843428657566,3000.0,22.878346377711974,2.8783463777119738,264.6354665886373,0.013677237788003728,37.69743597625106,37.69743597625106,1.6477342966087707,0.0,50.57608059250592,1.0
8.845076769464448,0.916239485079555,41206.434777056595,0.04537228723524833,3232490.1556007145,0.022622465845215465,0.00029123861344029995,0.02103070128000617,0.04594440573866194,227.18461901289572,301.061225758117,3000.0,22.87790666103272,2.877906661032721,264.62072369922583,0.013676765604800455,37.43610468633011,37.43610468633011,1.6363430990866812,0.0,50.235244367023626,1.0
8.852913571257048,0.9162784792966879,41209.94225928868,0.0453682129369116,3232627.7270818176,0.02262233883147626,0.00029118631104188244,0.021039074671877947,0.04595259981439609,227.24447820185546,301.074038616544,3000.0,22.877799479380712,2.8777994793807133,264.6171454971163,0.013676650997773574,37.37266729526087,37.37266729526087,1.6335778853619238,0.0,50.15248747947446,1.0
8.89324904770485,0.9164781397381145,41227.9038111613,0.045347354130248284,3233332.1285203984,0.022621688590014885,0.00029091861688750433,0.021081936774362636,0.045994543981265026,227.55103621173865,301.13964375385814,3000.0,22.877247836998905,2.8772478369989063,264.59882418013075,0.013676064150456742,37.0477879683921,37.0477879683921,1.619416296591213,0.0,49.728546103375784,1.0
8.895048954602666,0.9164870088134172,41228.701768334286,0.04534642766677718,3233363.4185914677,0.022621659709716364,0.0002909067298557898,0.021083840281810658,0.04599640672138282,227.56465621570783,301.1425579861363,3000.0,22.87722322138017,2.8772232213801705,264.59801033268644,0.013676038081076342,37.033354116978614,37.033354116978614,1.6187871123436288,0.0,49.70970635702828,1.0
8.934002539105489,0.9166781112277897,41245.8972676994,0.04532646714972198,3234037.627336267,0.02262103750591739,0.0002906506845150278,0.02112484564676182,0.04603653383719424,227.85817742518574,301.2053510965111,3000.0,22.87669050163126,2.876690501631261,264.580474320618,0.0136754763389162,36.722296895432265,36.722296895432265,1.6052276832968353,0.0,49.303601937181654,1.0
8.945021139740883,0.9167318763444354,41250.73572840614,0.045320852110003466,3234227.310506555,0.022620862481973477,0.0002905786774007115,0.021136378847740243,0.04604782000711444,227.9407744779229,301.22301742958666,3000.0,22.876539817890077,2.8765398178900754,264.5755407056376,0.013675318289074522,36.63476622771469,36.63476622771469,1.6014120369316214,0.0,49.18929154324909,1.0
8.975098454217127,0.9168779884717033,41263.886166883385,0.045305594162262174,3234742.7936533717,0.022620386898969707,0.00029038305495571144,0.021167714047982202,0.04607848400190762,228.16527823167277,301.2710274715568,3000.0,22.876128507507897,2.876128507507896,264.5621331093206,0.01367488875442297,36.396854877647826,36.396854877647826,1.59104084704291,0.0,48.87851720392118,1.0
8.9949933248791,0.9169741150659263,41272.53893163684,0.045295557180026265,3235081.9279895118,0.0226200740643764,0.00029025440652843303,0.021188323388687626,0.04609865185959246,228.3130084285203,301.3026130894613,3000.0,22.87585645017799,2.8758564501779897,264.5533123044034,0.013674606150700205,36.240303875883086,36.240303875883086,1.5842162655117162,0.0,48.6739610873752,1.0
8.998314699142838,0.9169901228281373,41273.97994669934,0.045293885830011725,3235138.4033265854,0.022620021972503304,0.0002902329868666971,0.02119175495729391,0.04610200991666391,228.33761193635044,301.3078729768503,3000.0,22.87581103177122,2.8758110317712196,264.55184339406946,0.01367455908816616,36.21423145771902,36.21423145771902,1.5830796734342074,0.0,48.639889172688726,1.0
9.016535196118879,0.9170777345958685,41281.86718343144,0.045284738834381576,3235447.4973803973,0.02261973688882836,0.0002901157749405115,0.021210533861406228,0.0461203865251751,228.4722805176959,301.3366607628097,3000.0,22.875561876856867,2.875561876856868,264.54380392988315,0.01367430150546102,36.07152341218725,36.07152341218725,1.5768584660943648,0.0,48.453372422635866,1.0
9.044965510017319,0.9172137521275018,41294.11363510247,0.04527053953310547,3235927.366824089,0.02261929436031931,0.0002899338683838395,0.021239680267658,0.04614890849636115,228.68139259016198,301.38135388667627,3000.0,22.87517311786336,2.875173117863358,264.531322637671,0.013673901588515863,35.84993004750902,35.84993004750902,1.5671981961751187,0.0,48.163676094488345,1.0
9.058352201145189,0.9172775084255271,41299.854611646224,0.0452638843985108,3236152.2988523203,0.022619086958433714,0.00028984862941351056,0.021253338908236358,0.04616227449608358,228.77942702773873,301.40230315763205,3000.0,22.874990070821628,2.8749900708216276,264.52547220812363,0.013673714125126586,35.7460451803849,35.7460451803849,1.5626693200615218,0.0,48.02783133285205,1.0
9.094937695155535,0.9174508144309653,41315.46207812221,0.04524579586667497,3236763.72191977,0.022618523274209566,0.00028961701479938854,0.021290455798165707,0.046198596087174665,229.045961364258,301.4592486607217,3000.0,22.874489820569536,2.874489820569538,264.5095692368668,0.013673204525754509,35.463607872608804,35.463607872608804,1.5503562331133915,0.0,47.658397637402146,1.0
9.100527745673984,0.917477174037779,41317.836210803005,0.04524304485516936,3236856.7185335574,0.02261843754980394,0.00028958179758182417,0.02129609983514223,0.046204119182527995,229.08650743777355,301.46790999399434,3000.0,22.874413386882182,2.8744133868821824,264.50715041665086,0.01367312701309399,35.42064297887731,35.42064297887731,1.5484831186617458,0.0,47.60218519514196,1.0
9.143100807427224,0.9176768829980251,41335.82562875703,0.045222204192278743,3237561.2911463873,0.02261778816981146,0.0002893150743031699,0.021338848870002078,0.04624595211411671,229.39375351499712,301.5335310737946,3000.0,22.873831292521864,2.8738312925218654,264.488824647463,0.013672539723713031,35.095071132465876,35.095071132465876,1.5342891483133172,0.0,47.17611259493503,1.0
9.144909880293753,0.9176853286361061,41336.586482682804,0.045221322918385966,3237591.0873322086,0.022617760711444262,0.00028930379827883695,0.021340656244788807,0.0462477207545119,229.40674903150148,301.53630617156585,3000.0,22.873806557923704,2.8738065579237033,264.4880496556252,0.01367251488630393,35.08130062412374,35.08130062412374,1.5336887865728341,0.0,47.158086759487034,1.0
9.186116959432564,0.9178768109517103,41353.83869504601,0.045201343890456026,3238266.636367414,0.022617138247574997,0.0002890482227461729,0.021381623326687815,0.046287809797008986,229.7014343870976,301.5992241112373,3000.0,22.87324316514066,2.873243165140661,264.47047878291625,0.013671951740360212,34.76904439581864,34.76904439581864,1.5200749690278923,0.0,46.749239674070694,1.0
9.194882065431969,0.9179173211638931,41357.48905363119,0.04519711746541658,3238409.5562745063,0.022617006578395302,0.0002889941719844902,0.021390287823198628,0.046296288573578426,229.76378974866242,301.61253510070463,3000.0,22.87312332955677,2.873123329556768,264.4667614694953,0.013671832594698513,34.70297172083286,34.70297172083286,1.5171942729828025,0.0,46.662704482633075,1.0
9.22952542683297,0.9180766844193643,41371.85077461567,0.04518049228629963,3238971.7893618853,0.022616488672245035,0.0002887816054983565,0.021424364425376693,0.046329634703120084,230.00912800559277,301.6648992454662,3000.0,22.872649699448388,2.87264969944839,264.45213791813734,0.013671363867270463,34.44300991254457,34.44300991254457,1.505860071532299,0.0,46.32215147441395,1.0
9.244854250570187,0.9181468181964795,41378.17197858165,0.0451731763241047,3239219.2211172204,0.02261626078240494,0.00028868808972868645,0.02143935669953919,0.046344305571672816,230.1171175407141,301.68794405116296,3000.0,22.87244013510339,2.87244013510339,264.44570227594033,0.013671157576120396,34.32858473522623,34.32858473522623,1.5008711153009235,0.0,46.17221182166301,1.0
9.248314699142838,0.9181626185680657,41379.59614322591,0.04517152816471477,3239274.964780792,0.02261620944420393,0.0002886670243379115,0.021442733920724197,0.04634761038926604,230.1414480133692,301.69313579340354,3000.0,22.87239282684609,2.872392826846093,264.4442523962633,0.013671111100135224,34.302804382894124,34.302804382894124,1.4997470812337472,0.0,46.13842645902663,1.0
9.273327617558046,0.9182764759196229,41389.85938690063,0.04515965203635228,3239676.653175633,0.02261583953287908,0.00028851525634993074,0.021467066069216636,0.046371420858445644,230.3167906682227,301.73054744655707,3000.0,22.872050876651837,2.8720508766518376,264.4338045748816,0.013670776185323868,34.11701390665891,34.11701390665891,1.4916464680255725,0.0,45.8949085971335,1.0
9.294826435708403,0.9183738456769228,41398.637427798916,0.0451494963496159,3240020.1733873794,0.02261552323178237,0.00028838550596581856,0.021487868989778898,0.04639177772752709,230.46676629275174,301.7625415474028,3000.0,22.87175697420195,2.871756974201951,264.4248696943637,0.013670489756401475,33.958103401611936,33.958103401611936,1.4847177433685903,0.0,45.68656979900683,1.0
9.317557374107004,0.9184763038955548,41407.875206668614,0.04513881057181988,3240381.645675446,0.022615190444506553,0.0002882490145755198,0.021509753338245615,0.04641319279732769,230.62460343537543,301.7962076329543,3000.0,22.871446234569863,2.871446234569862,264.4154678845313,0.013670188346140007,33.79086444915589,33.79086444915589,1.4774257868346552,0.0,45.46725941334018,1.0
9.344798620846621,0.9185984293056546,41418.88755378966,0.04512607443593782,3240812.503756029,0.02261479383581091,0.00028808637578860835,0.021535830758399935,0.04643871096999946,230.8127697371215,301.83633603416337,3000.0,22.871073846494582,2.8710738464945833,264.40426136643265,0.013669829062034938,33.59149162931115,33.59149162931115,1.4687325944889846,0.0,45.2057394660262,1.0
9.36220030656309,0.9186760664901088,41425.889049979254,0.04511797829666885,3241086.407509953,0.02261454173786532,0.000287983013011305,0.02155240423629325,0.04645492898716988,230.93240808565972,301.86184633610605,3000.0,22.870835970414067,2.8708359704140682,264.39713719373185,0.013669600649365274,33.464729108072135,33.464729108072135,1.4632053306386539,0.0,45.03942352132651,1.0
9.394770805984837,0.9188205945462238,41438.92449173147,0.04510290751496936,3241596.3020584937,0.02261407250472514,0.0002877906549129022,0.021583248019099773,0.04648511117873781,231.15516145505507,301.909335878348,3000.0,22.87039075162707,2.87039075162707,264.38387495555145,0.013669175420159498,33.22871350049638,33.22871350049638,1.4529141133337387,0.0,44.72968190410261,1.0
9.407274463714346,0.9188758077392142,41443.904885276526,0.04509715039213825,3241791.0940377824,0.022613893269762365,0.0002877171900079596,0.021595027937798456,0.04649663839756878,231.24027110807242,301.92747802549445,3000.0,22.87021983795227,2.8702198379522708,264.37880846164137,0.013669012965479522,33.13853735356895,33.13853735356895,1.4489820206527615,0.0,44.61130836727865,1.0
9.444742991123055,0.9190403666287156,41458.75035969447,0.0450799925558474,3242371.6573064383,0.02261335914969573,0.0002874982996655992,0.021630126735022022,0.04653098418438335,231.49397487494892,301.9815493701477,3000.0,22.869707689248777,2.8697076892487763,264.36370814654737,0.013668528758550423,32.86973327159845,32.86973327159845,1.4372607520056218,0.0,44.25835823033975,1.0
9.45279000072886,0.9190755344508359,41461.92332555532,0.045076325916506364,3242495.729277413,0.022613245017968853,0.0002874515334775037,0.021637625659554707,0.046538322211001064,231.54820166550172,301.9931049381048,3000.0,22.86959769888305,2.869597698883051,264.3604810635451,0.013668425274465637,32.81227939804336,32.81227939804336,1.4347554263993856,0.0,44.1829009952578,1.0
9.494715176261273,0.9192577705497565,41478.36725855675,0.045057326564616466,3243138.6576878866,0.0226126536828254,0.00028720926697704585,0.02167647281828535,0.0465763357680878,231.8292432655918,302.052984723043,3000.0,22.86902465901265,2.869024659012647,264.34375864567056,0.013667889005620652,32.51451538007876,32.51451538007876,1.4217709703358443,0.0,43.79172961026638,1.0
9.498314699142838,0.9192733394973364,41479.77226162507,0.04505570345472823,3243193.5848882576,0.022612603169906913,0.0002871885749457934,0.021679790743077573,0.04657958248793028,231.85325683691127,302.0581004231612,3000.0,22.8689754612159,2.868975461215899,264.34233000201084,0.013667843188723803,32.48907316509957,32.48907316509957,1.4206615079979708,0.0,43.75829834348842,1.0
9.498739284528952,0.9192751751471667,41479.93791945429,0.04505551208325596,3243200.0610553543,0.022612597214271404,0.0002871861353175344,0.021680181932170715,0.04657996528175966,231.85608818132724,302.05870358750525,3000.0,22.868969658050567,2.868969658050568,264.3421615584164,0.013667837786683006,32.486073377089184,32.486073377089184,1.4205306956473707,0.0,43.75435651659861,1.0
9.54468736139949,0.9194728310724787,41497.7772719174,0.04503490658390905,3243897.3905670936,0.02261195601714512,0.0002869235143736444,0.021722292129531067,0.046621171661049836,232.16099972952884,302.1236500737916,3000.0,22.868341660575194,2.868341660575195,264.3240241805972,0.013667256090421914,32.16302445106834,32.16302445106834,1.4064432361755854,0.0,43.32975727031796,1.0
9.54518671667837,0.9194749683578484,41497.97019267008,0.04503468378009178,3243904.9309034683,0.022611949084681237,0.0002869206753538271,0.02172274734798744,0.04662161710802251,232.1642972499355,302.124352350613,3000.0,22.868334835760287,2.8683348357602885,264.3238280582082,0.013667249800179438,32.159530808272734,32.159530808272734,1.4062908838462242,0.0,43.325164301633244,1.0
9.592116820351286,0.9196748034377176,41516.01016467619,0.04501385229144087,3244609.9484659503,0.02261130098829733,0.0002866552975642016,0.02176529805790247,0.046663254343764005,232.4726569983092,302.1900148712472,3000.0,22.867693444134645,2.8676934441346464,264.3054907159837,0.013666661640508062,31.832833717674504,31.832833717674504,1.3920439241256024,0.0,42.895563126342346,1.0
9.594659546537708,0.9196855727234892,41516.98246574092,0.04501272969292538,3244647.9424738567,0.02261126606662008,0.0002866409999743505,0.0217675904768595,0.046665497543453935,232.48927719199835,302.1935534814334,3000.0,22.867658693596514,2.867658693596515,264.30450250070726,0.013666629942654718,31.815225308708904,31.815225308708904,1.3912760258931938,0.0,42.87240251647515,1.0
9.639530894685482,0.9198746431786778,41534.05447790688,0.044993021236416866,3245314.982472749,0.0226106530457696,0.0002863900480778226,0.021807825888527824,0.04670486898237525,232.78110872369723,302.25567892343923,3000.0,22.86704546599248,2.8670454659924807,264.2871529460465,0.013666073417163254,31.50604422234926,31.50604422234926,1.3777925210847448,0.0,42.4656344293012,1.0
9.644631731675924,0.9198960197985226,41535.98488878637,0.0449907930065688,3245390.399123454,0.022610583746127524,0.0002863616824764863,0.021812373616641092,0.046709319045245105,232.81410840345626,302.26270292914717,3000.0,22.866975757740196,2.8669757577401955,264.2851913765665,0.01366601049265275,31.471082973110242,31.471082973110242,1.3762678242424629,0.0,42.41962673389418,1.0
9.68743449098564,0.9200744682188934,41552.101383810696,0.04497219236537659,3246019.964615363,0.022610005319781665,0.00028612494915948594,0.021850326478839215,0.04674645674778037,233.08962121412296,302.32133814520836,3000.0,22.866390826041904,2.8663908260419055,264.26881652508456,0.013665485187139859,31.179195310961603,31.179195310961603,1.3635381091909125,0.0,42.035421452033454,1.0
9.694603916814142,0.9201041963660223,41554.786572851845,0.04496909367479209,3246124.8454292803,0.022609908971441526,0.0002860855211443298,0.021856647253907027,0.046752641746492886,233.13552593910183,302.33110632542747,3000.0,22.866292852673247,2.866292852673249,264.26608859959737,0.013665397671373338,31.130562660495542,31.130562660495542,1.3614171243702995,0.0,41.97139139066397,1.0
9.735838731337084,0.9202742815484276,41570.15115165366,0.04495136509055288,3246724.9054427287,0.02260935780052719,0.00028585999329498263,0.021892800227172396,0.04678801802099457,233.39819774628472,302.3869935190402,3000.0,22.86572937287393,2.865729372873931,264.2504811787225,0.013664896941645856,30.852283432437787,30.852283432437787,1.3492805293601728,0.0,41.604919385009325,1.0
9.744576101952358,0.9203101262671456,41573.3895326975,0.04494762888230082,3246851.3655028697,0.022609241659229267,0.00028581247580232916,0.02190041704200103,0.04679547117703263,233.4535621930675,302.3987715040866,3000.0,22.86560997806611,2.86560997806611,264.24719198207845,0.013664791410398417,30.793629789010936,30.793629789010936,1.3467224280721046,0.0,41.527658048977486,1.0
9.748314699142838,0.9203254429467931,41574.77335228178,0.044946032376889836,3246905.402702732,0.02260919203295841,0.00028579217248169775,0.021903671514445573,0.04679865571988569,233.47722056948552,302.4038043131112,3000.0,22.86555889099964,2.8655588909996412,264.2457864871242,0.013664746315725182,30.768565917638654,30.768565917638654,1.3456292961966392,0.0,41.494640714722976,1.0
9.784750942831282,0.9204740692611999,41588.202524157445,0.04493054057690425,3247429.755894235,0.022608710532942625,0.00028559519526591106,0.021935243942051444,0.046829549670259984,233.7068154962235,302.45264047562534,3000.0,22.8650610069555,2.865061006955502,264.2321481830155,0.013664308721634396,30.525332686792012,30.525332686792012,1.3350208283943032,0.0,41.17415984437231,1.0
9.794548287090576,0.9205138331159256,41591.795765984054,0.04492639584824718,3247570.0426544575,0.02260858172704701,0.00028554250682826464,0.02194368858228637,0.046837812816161645,233.76824937302223,302.4657062243074,3000.0,22.864927133592623,2.864927133592622,264.22849935713,0.013664191641935016,30.460249984107747,30.460249984107747,1.3321822460285146,0.0,41.08838837569391,1.0
9.834194582657886,0.9206738814795699,41606.26002998316,0.044909713306639606,3248134.692801417,0.022608063354560774,0.000285330484909718,0.021977668029532303,0.04687106186900279,234.015550560379,302.5182954843469,3000.0,22.86438540836729,2.8643854083672906,264.2138129386166,0.013663720379534382,30.198262378237615,30.198262378237615,1.320755482331332,0.0,40.74303633416927,1.0
9.844520472228794,0.9207153402966743,41610.00725296335,0.04490539182619885,3248280.959383828,0.022607929093345032,0.0002852755751499717,0.021986467423289382,0.04687967209178438,234.07961949068297,302.5319181697902,3000.0,22.86424431893005,2.8642443189300515,264.21000857895183,0.013663598298823887,30.130389088268856,30.130389088268856,1.3177950982321742,0.0,40.65354415859918,1.0
9.884169396946797,0.9208736704564463,41624.31935414972,0.04488888795399802,3248839.547712679,0.022607416419952387,0.00028506592164244415,0.022020062109417152,0.046912544451011985,234.32432783336006,302.5839428562959,3000.0,22.863702581205914,2.8637025812059145,264.1954798269124,0.01366313205593546,29.87115199355233,29.87115199355233,1.306487953447513,0.0,40.311653444183406,1.0
9.89449265736701,0.9209146709695117,41628.02595690442,0.044884614103320106,3248984.197399815,0.02260728367744625,0.00028501164223211764,0.022028759061588927,0.0469210543812673,234.3877043650463,302.5974149505695,3000.0,22.863561533759004,2.8635615337590026,264.1917175223163,0.013663011314524114,29.80401315727002,29.80401315727002,1.303559513825663,0.0,40.22308730482549,1.0
9.934691266177872,0.9210734524423528,41642.3819646849,0.04486806251289368,3249544.37795982,0.022606769676378174,0.0002848014799628015,0.022062429393384382,0.04695400054972536,234.6331710794026,302.64958793112714,3000.0,22.863012309124258,2.8630123091242594,264.17714735671626,0.013662543702995647,29.543976277313675,29.543976277313675,1.292217135601294,0.0,39.87997773013956,1.0
9.944464842505228,0.921111848074056,41645.85382435534,0.04486405999973988,3249679.8376333225,0.022606645399531007,0.00028475067006543376,0.022070568942332062,0.04696196501192851,234.69253562295174,302.6622041042266,3000.0,22.86287877776335,2.862878777763348,264.1736240822295,0.013662430623103211,29.481088459277743,29.481088459277743,1.2894740310634603,0.0,39.79697984294625,1.0
9.985772286427734,0.9212732267285965,41660.447797082474,0.044847236734899154,3250249.181042574,0.02260612312603342,0.00028453715672001545,0.02210476949168781,0.046995429774441246,234.9420778583478,302.71523047597583,3000.0,22.862314427507854,2.862314427507854,264.1588155930595,0.013661955322807524,29.2167377347117,29.2167377347117,1.2779431333320403,0.0,39.44801233263136,1.0
9.994437027643444,0.921306894329431,41663.492785073475,0.04484372686828524,3250367.9602373503,0.022606014180633703,0.0002844926211606589,0.0221119024589858,0.04700240926078016,234.9941446941102,302.72629309589195,3000.0,22.862196050630228,2.8621960506302293,264.15572617393053,0.013661856159237968,29.16158147982034,29.16158147982034,1.2755371975307885,0.0,39.37518393278216,1.0
9.998314699142838,0.9213219408194665,41664.853665909104,0.04484215824916494,3250421.044209072,0.022605965493057937,0.00028447271858826904,0.022115090037951854,0.04700552824959806,235.01741472099116,302.7312371250538,3000.0,22.86214307452591,2.862143074525909,264.1543454722177,0.013661811841286621,29.136930751226544,29.136930751226544,1.2744619197004459,0.0,39.34263317439563,1.0
10.037421805622333,0.9214729804704723,41678.51568894922,0.04482641162635292,3250953.9116448597,0.022605476810372834,0.00028427296468371373,0.02214707944525253,0.04703682922030908,235.25102695404922,302.7808662702831,3000.0,22.861608809306897,2.861608809306897,264.14048571460273,0.013661366953212226,28.88945876055351,28.88945876055351,1.2636669186987703,0.0,39.01578666728323,1.0
10.044409212781662,0.9214998322345832,41680.94475198505,0.04482361209419009,3251048.644588115,0.022605389942638644,0.0002842374585422289,0.022152764953172813,0.04704239235435369,235.2925628067624,302.7896893183493,3000.0,22.861513352050043,2.861513352050042,264.1380217328627,0.013661287858214391,28.845458926100292,28.845458926100292,1.2617475703336873,0.0,38.957661874291354,1.0
10.089661183190863,0.9216727454200835,41696.58851201463,0.04480558353304172,3251658.681788002,0.022604830626568505,0.0002840088575161858,0.022189365739125683,0.04707820522321038,235.56006612916568,302.84650574726794,3000.0,22.860895163399597,2.8608951633995976,264.12215480769754,0.013660778500688234,28.562088678531865,28.562088678531865,1.2493862761883403,0.0,38.58323362944838,1.0
10.094381397919879,0.921690684066061,41698.21162091641,0.044803713095055674,3251721.969277214,0.022604772608284036,0.00028398514574521874,0.022193161713987726,0.047081919468016986,235.58782097955796,302.85240009130615,3000.0,22.86083068171645,2.8608306817164486,264.1205087148767,0.013660725655935145,28.532687735318717,28.532687735318717,1.24810371646462,0.0,38.54437612173263,1.0
10.142494280624048,0.9218724844152171,41714.662903763114,0.044784755974241426,3252363.360363825,0.02260418469473106,0.00028374487986468133,0.02223162026754611,0.04711954984214185,235.8691365410414,302.91213669603826,3000.0,22.860173437731813,2.8601734377318135,264.10382628243696,0.013660190074710725,28.234689741395556,28.234689741395556,1.2351039163505577,0.0,38.15043530088179,1.0
10.144353583058097,0.9218794718833971,41715.29527101404,0.04478402732007673,3252388.0121306097,0.022604162101141502,0.00028373564680302967,0.022233097978939832,0.047120995726884364,235.87995002534063,302.914432663162,3000.0,22.860148039326297,2.8601480393262975,264.1031850957375,0.013660169488904505,28.223235070396868,28.223235070396868,1.234604212616841,0.0,38.13528928108786,1.0
10.194325768196315,0.9220662175328608,41732.197565019116,0.044764552249432606,3253046.850221875,0.022603558345600978,0.0002834889262372393,0.02227257893456364,0.04715962620640186,236.16898055256183,302.9757942122418,3000.0,22.859465424579554,2.859465424579555,264.0860488707795,0.013659619294218165,27.917068318217673,27.917068318217673,1.2212476451089687,0.0,37.730364110753406,1.0
10.195954598802611,0.9220722703400482,41732.74546010439,0.04476392098187138,3253068.204507481,0.02260353877910823,0.0002834809307992294,0.022273858202709138,0.0471608779126166,236.17834963227452,302.9777830651354,3000.0,22.859443175388105,2.8594431753881038,264.0854934507957,0.01365960146055691,27.907143818521178,27.907143818521178,1.2208146805853846,0.0,37.71723529004616,1.0
10.24429795333453,0.9222509426474682,41748.920349204505,0.044745285394048075,3253698.5598722287,0.02260296126686766,0.00028324494905219955,0.022311609716251825,0.04719781593217169,236.45494296103817,303.03649184679875,3000.0,22.858782837179305,2.8587828371793065,264.06909805490557,0.013659075009564009,27.614155093867396,27.614155093867396,1.208032610072028,0.0,37.329563530131004,1.0
10.248314699142838,0.922265703698326,41750.256781274744,0.04474374569784141,3253750.6368153873,0.022602913561574782,0.00028322545633172963,0.022314727602857156,0.04720086662076367,236.47779620586996,303.0413420853413,3000.0,22.858727972234384,2.858727972234383,264.0677435457706,0.013659031514916913,27.589947339900647,27.589947339900647,1.20697649376698,0.0,37.297525305441226,1.0
10.250045446744672,0.9222720600057838,41750.832273526,0.04474308267836081,3253773.0618490353,0.02260289301931488,0.0002832170626400207,0.022316070161458798,0.0472021802434137,236.48763723450097,303.04343066343216,3000.0,22.858704331914552,2.858704331914554,264.06716027588016,0.013659012785451676,27.57952304137919,27.57952304137919,1.2065217101073218,0.0,37.28372871478373,1.0
10.294270138472749,0.9224336686474218,41765.46545335198,0.04472622429531698,3254343.2166520776,0.0226023707909578,0.0002830036807292169,0.022350195408193756,0.04723556987988077,236.7378674385064,303.09653260515915,3000.0,22.858100276831742,2.8581002768317414,264.0523306825471,0.013658536573221611,27.314463244040695,27.314463244040695,1.194957713599926,0.0,36.93285062706698,1.0
10.304818113065021,0.922471984371836,41768.93520376231,0.044722227006956335,3254478.3944129045,0.02260224699215871,0.00028295309757422454,0.022358283542744793,0.047243483632477726,236.79720079739607,303.10912252203764,3000.0,22.857956207530705,2.857956207530705,264.0488147405432,0.013658423663474577,27.251613943147134,27.251613943147134,1.192215686114969,0.0,36.84963269570316,1.0
10.344242323610965,0.9226144167382142,41781.8346905188,0.044707366525057225,3254980.8953743386,0.02260178684470192,0.0002827650872237125,0.022388341042835363,0.047272892974761,237.01778395368615,303.15592345509907,3000.0,22.857417743246163,2.8574177432461636,264.03574480783755,0.013658003924068615,27.017960854151397,27.017960854151397,1.182021572062075,0.0,36.54018867017037,1.0
10.36022821837494,0.9226718231706923,41787.0343072796,0.04470137653579998,3255183.4250959614,0.02260160140938474,0.00028268932134888514,0.022400451585294846,0.04728474231602847,237.10669792449087,303.1747862646698,3000.0,22.857199409185775,2.8571994091857764,264.03047705705563,0.013657834743674803,26.92377913256476,26.92377913256476,1.177912422715476,0.0,36.41542698018832,1.0
10.394214508749183,0.9227932079158425,41798.029857449554,0.044688709684780586,3255611.670112825,0.022601209355725252,0.00028252913495376366,0.022426051601853562,0.04730979009253258,237.29472226048176,303.2146712955579,3000.0,22.856735236134917,2.8567352361349156,264.01933850413434,0.013657477001566139,26.724616243652576,26.724616243652576,1.169222811900223,0.0,36.151541105432955,1.0
10.416309092722592,0.9228716397414137,41805.135317430206,0.04468052423631743,3255888.377358226,0.022600956066159233,0.00028242564501670654,0.02244258743391245,0.047325969145088395,237.41622529667364,303.2404427035025,3000.0,22.856433482418197,2.8564334824181983,264.0121414132746,0.013657245839434201,26.59591611660096,26.59591611660096,1.1636074428260768,0.0,35.98097577619982,1.0
10.4441866938874,0.92297006297059,41814.052734859564,0.044670251405107636,3256235.614215594,0.022600638252432758,0.00028229579079054525,0.022463332016838054,0.04734626606006136,237.56871190009164,303.27278295788074,3000.0,22.856052755213312,2.856052755213312,264.0031098636717,0.013656955745748373,26.43439796358004,26.43439796358004,1.1565600695225264,0.0,35.76687155573581,1.0
10.473074924287886,0.9230714253804819,41823.237444214494,0.04465967058023318,3256593.220493711,0.02260031099044495,0.000282162074570809,0.02248468902191098,0.04736716208692674,237.7257680424158,303.3060889787026,3000.0,22.855658234249123,2.855658234249123,263.99380860785567,0.013656656976423926,26.26804056543986,26.26804056543986,1.1493014244532802,0.0,35.54629971586385,1.0
10.494158879025617,0.9231450024870359,41829.90508737803,0.04465198934555323,3256852.800304979,0.022600073464006516,0.00028206502205351165,0.02250018716918861,0.047382325655248636,237.8397821973945,303.3302652058218,3000.0,22.85537030019964,2.8553703001996404,263.9870569975596,0.013656440097223298,26.147274800165093,26.147274800165093,1.1440319914631485,0.0,35.386143828367615,1.0
10.498314699142838,0.92315946528775,41831.215785737644,0.04465047938912342,3256903.8250225256,0.022600026776916863,0.0002820459456943762,0.022503233139797088,0.04738530586240833,237.8621945524298,303.3350174442723,3000.0,22.855313546579755,2.8553135465797532,263.98572985656716,0.013656397465222665,26.123535304137363,26.123535304137363,1.1429961462089278,0.0,35.35465790550506,1.0
10.530533965871205,0.9232711491508581,41841.33788176708,0.04463881834588125,3257297.8453566357,0.022599666281936104,0.00028189864512612444,0.0225267496069846,0.04740831453404683,238.03527681889707,303.371714924868,3000.0,22.854873552777033,2.854873552777032,263.975481479655,0.013656068245864874,25.940204660757928,25.940204660757928,1.13499663871936,0.0,35.11146790415209,1.0
10.544131064163835,0.9233180468445886,41845.58866353962,0.04463392119426553,3257463.300279473,0.02259951492040136,0.0002818367965050395,0.02253662189013483,0.04741797360704123,238.10796225825902,303.3871247357195,3000.0,22.854687870815148,2.854687870815147,263.97117803573497,0.013655929997171828,25.863215777475943,25.863215777475943,1.1316372344993872,0.0,35.00932192121165,1.0
10.588719379809458,0.9234708643999733,41859.44146275432,0.04461796149523047,3258002.440156577,0.022599021768258953,0.0002816352804315623,0.022568780196497832,0.04744943724518835,238.3448328966716,303.43733807108725,3000.0,22.854078985957813,2.854078985957813,263.9571551333855,0.013655479490529927,25.612322236713936,25.612322236713936,1.1206893199437555,0.0,34.6763659402987,1.0
10.594103249302051,0.9234892162158712,41861.10519558225,0.044616044667976994,3258067.1853080294,0.02259896255234756,0.0002816110823477931,0.022572640960315103,0.04745321459501046,238.3732809636326,303.44336817596604,3000.0,22.85400546678405,2.8540054667840473,263.95547112711,0.013655425387353289,25.582190163477406,25.582190163477406,1.119374465918392,0.0,34.636370033441594,1.0
10.64407543444027,0.9236585305717542,41876.45639984869,0.04459835751131664,3258664.525847818,0.022598416291332083,0.00028138784821406986,0.02260824911076566,0.047488053250311815,238.63576697404505,303.499002088661,3000.0,22.85332308783345,2.853323087833449,263.9399344391103,0.013654926210091286,25.304167465065234,25.304167465065234,1.107242363301491,0.0,34.267252561506034,1.0
10.647666484276158,0.9236706267519499,41877.553230468766,0.044597093728700375,3258707.201135272,0.02259837726987424,0.00028137190107824033,0.022610792246391242,0.047490541417343726,238.6545211378312,303.50297669453204,3000.0,22.853274052376968,2.8532740523769675,263.9388244648455,0.013654890546426168,25.28430332701427,25.28430332701427,1.1063755359107703,0.0,34.24087415079838,1.0
10.694047619578486,0.9238260096851328,41891.6439770755,0.044580857496249245,3259255.391657556,0.022597876069583977,0.00028116706315680517,0.02264345102365268,0.047522494156393466,238.89544873227433,303.5540329708525,3000.0,22.852640733693292,2.8526407336932933,263.92456615732766,0.01365443240826321,25.02911742505333,25.02911742505333,1.0952396143939331,0.0,33.90193409765004,1.0
10.70742483933121,0.9238705338414488,41895.68204275454,0.04457620432986982,3259412.4727475126,0.02259773247194213,0.0002811083720987871,0.022652806006734097,0.04753164685077502,238.96449161142783,303.56866287634625,3000.0,22.852458076228896,2.852458076228896,263.92048051484613,0.013654301125632855,24.9559889034183,24.9559889034183,1.0920483398404086,0.0,33.80478087029583,1.0
10.744019804716704,0.9239916731309388,41906.66961234187,0.044563542421882915,3259839.8517975425,0.02259734182007194,0.0002809486966452758,0.022678251332221046,0.04755654184893826,239.1523544602759,303.60846725454127,3000.0,22.85195840409635,2.8519584040963526,263.9093644855201,0.013653943925300928,24.7570100252442,24.7570100252442,1.0833649172408066,0.0,33.5403794364869,1.0
10.748314699142838,0.924005827091666,41907.95349815196,0.044562062825436156,3259889.786928541,0.022597296180168633,0.00028093004086659145,0.02268122367686943,0.04755944989790466,239.17430576628917,303.6131180132515,3000.0,22.851899761938334,2.851899761938334,263.90806568441934,0.0136539021886804,24.733759918130175,24.733759918130175,1.082350271784678,0.0,33.50947987325298,1.0
10.767938791865035,0.9240703304341951,41913.804754395205,0.04455531943964396,3260117.354527541,0.02259708819768113,0.00028084502342400124,0.02269476758605536,0.047572700807160494,239.2743471924701,303.6343127507448,3000.0,22.851631818363412,2.8516318183634124,263.9021467042916,0.013653711980688696,24.627799511821536,24.627799511821536,1.077726076963607,0.0,33.368644410925356,1.0
10.79399198985492,0.9241555402867435,41921.53497507297,0.04454641011422342,3260417.9746317915,0.022596813476500083,0.00028073271856017193,0.02271265462087717,0.04759020081593743,239.40651215712808,303.6623113068785,3000.0,22.851276098778218,2.8512760987782175,263.8943276455553,0.013653460705189604,24.487815488427202,24.487815488427202,1.0716169802760593,0.0,33.18255358010389,1.0
10.829260828078516,0.9242701218694768,41931.930916872916,0.04453442750385821,3260822.218112049,0.022596444107184043,0.00028058170938377515,0.02273669889066366,0.04761372470723148,239.58424981423624,303.69996093048536,3000.0,22.85079456304774,2.850794563047739,263.8838133669983,0.013653122801020597,24.299563552762066,24.299563552762066,1.0634012522285394,0.0,32.93223667156844,1.0
10.843964174993138,0.924317630331384,41936.24171886489,0.044529458426122825,3260989.827823183,0.02259629097331,0.00028051909919116116,0.02274666542486573,0.047623475497366896,239.65794959400208,303.71557142971466,3000.0,22.850593817477304,2.850593817477305,263.8794538775377,0.013652982692472424,24.22150428353561,24.22150428353561,1.0599945225497713,0.0,32.82842174734199,1.0
10.891370341241673,0.9244697718982453,41950.04816462413,0.04451354220790688,3261526.582814804,0.022595800639429276,0.00028031860246722866,0.02277857111536755,0.04765469035726405,239.8939866908971,303.76556264637134,3000.0,22.849946592563896,2.849946592563897,263.86549300550297,0.013652533988478342,23.971506314605875,23.971506314605875,1.0490836911805723,0.0,32.4958571698387,1.0
10.893936360131354,0.9244779622498072,41950.79148187463,0.04451268523663246,3261555.478350552,0.022595774245662986,0.00028030780922698364,0.022780288231260055,0.047656370286150024,239.90669431887426,303.768253861191,3000.0,22.84991155993479,2.849911559934787,263.8647414393634,0.013652509832236948,23.95804712048914,23.95804712048914,1.0484962735040675,0.0,32.47794936928476,1.0
10.943908545269572,0.9246365548368166,41965.18588711184,0.0444960884504665,3262114.9925219086,0.02259526322942572,0.00028009881974699403,0.022813527479727657,0.04768888952890037,240.15277365962945,303.8203647769709,3000.0,22.849229325894534,2.8492293258945325,263.85018860637655,0.013652042070104635,23.697414946747102,23.697414946747102,1.0371209728238553,0.0,32.13110208697065,1.0
10.954409822450753,0.9246696624591636,41968.19115960018,0.04449262299676702,3262231.796114261,0.022595156563481593,0.0002800551920158396,0.022820464099167062,0.0476956758546645,240.20414901058635,303.8312433971658,3000.0,22.849085962529607,2.849085962529606,263.8471505722055,0.013651944416602321,23.643001561619172,23.643001561619172,1.0347460550672143,0.0,32.058672483608966,1.0
10.99388073040779,0.9247934266970842,41979.426542392655,0.04447966599782962,3262668.4359744815,0.02259475786116811,0.00027989210221733053,0.02284638756251887,0.047721037525904314,240.3962147214556,303.8719102902436,3000.0,22.848547115103106,2.848547115103105,263.83579367136815,0.013651579352231456,23.439578949912544,23.439578949912544,1.0258673705523604,0.0,31.787845757131638,1.0
10.998314699142838,0.9248072632469942,41980.682725144514,0.04447821720588909,3262717.251281069,0.022594713291169122,0.00027987386921990345,0.022849285028557324,0.04772387218894635,240.4176884135406,303.8764567529796,3000.0,22.848486584517573,2.8484865845175733,263.834523996639,0.013651538537704977,23.41683558309842,23.41683558309842,1.0248746890293368,0.0,31.75756136071407,1.0
11.01830685819017,0.9248694842621263,41986.33183424925,0.04447170160817984,3262936.766835857,0.02259451287605385,0.0002797918779850719,0.022862312740488642,0.04773661749452757,240.51425553238346,303.89690155522686,3000.0,22.84821366262389,2.848213662623891,263.82881444830156,0.013651354997571048,23.3145589159181,23.3145589159181,1.020410578270155,0.0,31.621360306575376,1.0
11.043852915546006,0.9249485962458064,41993.51504035287,0.044463415834185956,3263215.8736770274,0.022594258078159103,0.00027968762848638314,0.022878872824598388,0.04775281853124387,240.63704438532366,303.9228964519397,3000.0,22.847864927309754,2.8478649273097525,263.82155494451604,0.013651121625306526,23.184510559192375,23.184510559192375,1.0147342271566142,0.0,31.448146456369788,1.0
11.0830875064504,0.9250692432148615,42004.470721027494,0.044450776787910505,3263641.5158220385,0.02259386955787121,0.0002795286446390858,0.022904118063858597,0.04777751626636889,240.8243139760928,303.96253906173683,3000.0,22.847329338129313,2.847329338129312,263.81048409168403,0.013650765714007716,22.98617011559122,22.98617011559122,1.0060768930760848,0.0,31.18390958285962,1.0
11.093825100684224,0.9251020817075354,42007.45295829626,0.04444733594020692,3263757.369925711,0.02259376381836834,0.00027948537078254757,0.02291098756340176,0.04778423675255265,240.87528930371357,303.9733292503474,3000.0,22.84718276226641,2.8471827622664097,263.8074707534919,0.013650668836556124,22.932181449778312,22.932181449778312,1.003720313720792,0.0,31.11197048919991,1.0
11.14379728582244,0.9252539011208281,42021.24185857205,0.04443142432116306,3264292.9883605083,0.02259327502044925,0.00027928530170502223,0.022942736029816217,0.04781529635197049,241.11097590545396,304.0232146126398,3000.0,22.846500619727635,2.8465006197276352,263.7935394430348,0.013650220933730575,22.68256353758082,22.68256353758082,0.992824411717335,0.0,30.779284383169298,1.0
11.148786093227965,0.9252689667318423,42022.61030638404,0.04442984499963353,3264346.1397909857,0.022593226520443817,0.0002792654475834201,0.02294588558667498,0.04781837755470222,241.13436545577514,304.02816492464075,3000.0,22.846432521515247,2.8464325215152484,263.7921569867355,0.013650176485077187,22.657791530960367,22.657791530960367,0.9917430876624947,0.0,30.74626207917336,1.0
11.193769470960659,0.9254040723419431,42034.88328886708,0.04441567900641186,3264822.7919782456,0.022592791623725086,0.0002790873942158558,0.02297412242896596,0.0478460014469069,241.34413039916365,304.07255840608974,3000.0,22.84581849945055,2.845818499450552,263.7797593746121,0.013649777865093882,22.43562897544848,22.43562897544848,0.9820453128430511,0.0,30.450054885908575,1.0
11.215506132429379,0.9254688831999586,42040.771337845894,0.04440888159272156,3265051.444490959,0.022592583028566513,0.00027900197720313115,0.022987662792289826,0.04785924779805947,241.44476316954274,304.09385418811434,3000.0,22.845521800929948,2.845521800929947,263.7738121761319,0.01364958663692815,22.329049006589173,22.329049006589173,0.9773928212784463,0.0,30.307918614242126,1.0
11.243741656098875,0.9255526130448527,42048.37878216429,0.04440009804924321,3265346.843132644,0.022592313568187052,0.0002788916216365315,0.023005150920231702,0.047876356110055286,241.57477877104682,304.12136643807395,3000.0,22.84513640119485,2.8451364011948486,263.76612892641805,0.013649339579424224,22.191350155371225,22.191350155371225,0.9713818191171129,0.0,30.124248970137444,1.0
11.248314699142838,0.9255661254446592,42049.606543060385,0.044398680349679295,3265394.5148386382,0.02259227008516308,0.0002788738118462197,0.02300797266091521,0.04787911655792451,241.5957615468064,304.1258063904171,3000.0,22.845073982268612,2.8450739822686115,263.76488899647336,0.013649299708233933,22.169127449666973,22.169127449666973,0.970411716192021,0.0,30.09460373497647,1.0
11.283142578818783,0.9256685928677376,42058.91750034311,0.044387927754439074,3265756.0195999634,0.02259194036886439,0.00027873875134029657,0.023029365904288834,0.04790004502449352,241.7548850337472,304.1594755003983,3000.0,22.844598611372607,2.8445986113726076,263.75548634201914,0.013648997349021736,22.00060130827194,22.00060130827194,0.9630548420894336,0.0,29.869757322637295,1.0
11.293713841237093,0.9256995407219323,42061.729856763435,0.04438467952666307,3265865.203536751,0.02259184079449016,0.0002786979576438058,0.02303582561741787,0.04790636436955184,241.802946783812,304.1696444562992,3000.0,22.844454324722765,2.844454324722764,263.75264649331064,0.013648906026012484,21.949699709498645,21.949699709498645,0.9608327429272059,0.0,29.801833837053323,1.0
11.34368602637531,0.9258448726829714,42074.93801615017,0.044369421539341,3266377.9342594533,0.022591373243954566,0.00027850637626763845,0.023066150588574922,0.04793603020879713,242.02865997305295,304.2173981484777,3000.0,22.843772269799096,2.8437722697990964,263.7393104869024,0.013648477154665653,21.71065051384946,21.71065051384946,0.9503969071934893,0.0,29.48277692328813,1.0
11.351817996731647,0.9258683727507229,42077.07396024132,0.04436695366731003,3266460.8424280053,0.022591297649659867,0.0002784753955174763,0.023071052558132972,0.04794082560331032,242.06515975506227,304.22511988424424,3000.0,22.843661281069526,2.843661281069527,263.737154064792,0.013648407804013014,21.671994309729712,21.671994309729712,0.9487093177873912,0.0,29.43117231054118,1.0
11.393658211513527,0.9259886260596236,42088.00474936007,0.04435432221103921,3266885.0957411723,0.022590910858549473,0.00027831685188264285,0.023096129856961762,0.04796535756739388,242.2519436521473,304.264633143789,3000.0,22.843090236191138,2.843090236191137,263.7261193351521,0.013648052915694249,21.474175683004773,21.474175683004773,0.9400731451378875,0.0,29.16704589576535,1.0
11.42157344287658,0.9260682480000064,42095.243008201556,0.04434595587437386,3267166.0017080605,0.022590654790166344,0.00027821186671951056,0.02311272772078674,0.04798159437767259,242.37562502989022,304.2907956038873,3000.0,22.84270925091954,2.8427092509195395,263.71881303652657,0.013647817927619734,21.343188006636353,21.343188006636353,0.934354492376038,0.0,28.99210962573059,1.0
11.443630396651745,0.9261308178090345,42100.931531269154,0.04433937968812426,3267386.747806668,0.022590453580879667,0.00027812935920061446,0.023125767401839237,0.047994350341919526,242.47282291594777,304.3113550140723,3000.0,22.842408223668617,2.8424082236686163,263.7130714820317,0.013647633259902092,21.24024856608392,21.24024856608392,0.9298603001094873,0.0,28.85460864822442,1.0
11.492317361375129,0.9262678666736038,42113.39264727258,0.04432497052953316,3267870.2557898653,0.02259001292205585,0.00027794861878933106,0.023154317806252572,0.048022279347097754,242.68573271536036,304.35638701697974,3000.0,22.841743771693885,2.8417437716938854,263.7004955522563,0.013647228758561511,21.014762836895954,21.014762836895954,0.9200156978793372,0.0,28.55334429244036,1.0
11.493602581789961,0.9262714647138561,42113.71982255665,0.0443245921394286,3267882.9496650845,0.022590001354183768,0.00027794387326748394,0.023155067158513502,0.04802301238596476,242.6913226389225,304.3575692738311,3000.0,22.841726232003705,2.841726232003704,263.70016538752503,0.01364721813858675,21.008842748602547,21.008842748602547,0.9197572256674239,0.0,28.54543330558138,1.0
11.498314699142838,0.9262846478822303,42114.91859900896,0.04432320568071623,3267929.459843573,0.022589958970125494,0.00027792648555293955,0.023157812686251947,0.04802569814193038,242.71180414895684,304.3619010461403,3000.0,22.84166192480199,2.841661924801988,263.6989556686397,0.013647179227011724,20.987151519682868,20.987151519682868,0.9188101806591642,0.0,28.516446828016786,1.0
11.54357476692818,0.9264105833829563,42126.37106973183,0.04430995775604816,3268373.7599124596,0.022589554122330244,0.0002777603694594972,0.023184033018528772,0.04805134751031852,242.90746747443754,304.40328138046607,3000.0,22.841044260970996,2.841044260970995,263.687399527563,0.013646807503537937,20.779932053125464,20.779932053125464,0.9097627856110151,0.0,28.239488226644827,1.0
11.564294383796254,0.92646782088477,42131.57671563225,0.04430393450017029,3268575.6936472063,0.022589370141424845,0.00027768486010891594,0.023195945918686012,0.04806300092021977,242.9964012544491,304.4220886821988,3000.0,22.84076150609969,2.8407615060996907,263.6821472782607,0.013646638549202667,20.68574602381159,20.68574602381159,0.9056504538295452,0.0,28.113576274341533,1.0
11.593546952066395,0.9265481902505835,42138.88670502088,0.04429547475129055,3268859.2365287724,0.02258911182981847,0.00027757882348131147,0.023212668829542874,0.04807935948284266,243.12128185169735,304.448496734001,3000.0,22.840362310347516,2.840362310347517,263.6747723941,0.013646401307040448,20.553490542402642,20.553490542402642,0.8998758541186171,0.0,27.936742010129677,1.0
11.63732459678094,0.9266675099067213,42149.74058455792,0.044282910059826805,3269280.195917792,0.02258872837940213,0.00027742137183910603,0.023237486734858773,0.04810363648610001,243.3066958875589,304.48770321060334,3000.0,22.8397649107617,2.8397649107617013,263.6638233386582,0.013646049072695643,20.357127451099274,20.357127451099274,0.8913019696409987,0.0,27.674128229627307,1.0
11.643519137204613,0.9266843015806157,42151.26814671713,0.04428114136013937,3269339.436892933,0.022588674421763415,0.000277399211358054,0.023240978396264635,0.0481070520293861,243.3327899806471,304.4932206784788,3000.0,22.839680379912668,2.8396803799126675,263.6622824947236,0.013645999501862063,20.32949251407652,20.32949251407652,0.8900953155174693,0.0,27.6371634893405,1.0
11.693491322342831,0.926818933470109,42163.51679946828,0.04426695583878936,3269814.4177953117,0.022588241843882667,0.00027722150942830436,0.023268965481247107,0.04813442883455808,243.54201585584397,304.5374585031273,3000.0,22.838998469448164,2.8389984694481627,263.64992835232994,0.01364560204124356,20.107912496485966,20.107912496485966,0.8804200641015154,0.0,27.34072172827989,1.0
11.711611171128451,0.9268673884426644,42167.92561198041,0.044261848381043474,3269985.366793173,0.02258808617448594,0.00027715754228004486,0.023279034621350322,0.04814427833811631,243.6173217125002,304.5533800101887,3000.0,22.838751214499506,2.838751214499505,263.64548200880097,0.013645458986797436,20.02816029630077,20.02816029630077,0.8769376271144635,0.0,27.23400125382514,1.0
11.743463507481048,0.9269521018493123,42175.63405424315,0.04425291646452216,3270284.2354377746,0.02258781404249485,0.0002770456943413744,0.023296633804948008,0.048161493541784235,243.7489832548904,304.58121544236434,3000.0,22.838316578738038,2.8383165787380373,263.6377085051213,0.013645208878899057,19.88872525023089,19.88872525023089,0.870849004201424,0.0,27.04738602544624,1.0
11.748314699142838,0.9269649522024029,42176.8034254437,0.04425156127138326,3270329.5714449408,0.022587772764833248,0.00027702872620886395,0.023299302948906274,0.04816410443994838,243.76895581514916,304.58543785704506,3000.0,22.838250383306544,2.8382503833065442,263.6365293261579,0.013645170938726907,19.86757351100877,19.86757351100877,0.8699253742104006,0.0,27.019073894431703,1.0
11.787054378140576,0.9270670821985522,42186.0977446201,0.04424078789451603,3270689.885765072,0.022587444729201225,0.0002768938531566606,0.023320511532001827,0.04818485011435972,243.92769560810973,304.61899609408687,3000.0,22.83772177961353,2.8377217796135303,263.6271576348012,0.013644869396505561,19.699462026691492,19.699462026691492,0.8625843775834304,0.0,26.79402111280686,1.0
11.793435692619266,0.9270838224823864,42187.62128836304,0.04423902153551751,3270748.9454362364,0.022587390964515796,0.00027687174305380554,0.023323987045940294,0.048188249753509896,243.9537157380155,304.6244966760338,3000.0,22.837634707568633,2.837634707568631,263.6256215065408,0.013644819969014394,19.671905768525335,19.671905768525335,0.8613810502015717,0.0,26.757125915978158,1.0
11.843407877757482,0.9272141109666995,42199.47986540429,0.04422526937080239,3271208.6028181636,0.02258697255745933,0.0002766996328276176,0.023351028840830148,0.048214701031117094,244.15623664549358,304.6673073291744,3000.0,22.836952855728594,2.836952855728593,263.613665925337,0.013644435266249571,19.45742927984341,19.45742927984341,0.8520151266574324,0.0,26.469911176848917,1.0
11.863839686394824,0.9272669722807461,42204.29166349723,0.04421968734467225,3271395.097375591,0.02258680281931477,0.0002766297882736811,0.02336199637831551,0.048225428985903956,244.23840846220364,304.68467668758035,3000.0,22.836674076834047,2.8366740768340475,263.6088152454326,0.01364427917660969,19.370406783228958,19.370406783228958,0.8482148809435724,0.0,26.35334969249304,1.0
11.8933800628957,0.9273429827368788,42211.211135534235,0.044211658309749026,3271663.2620368754,0.022586558769422765,0.0002765293412229357,0.023377762785165065,0.04824085089581077,244.35656910250728,304.7096524733508,3000.0,22.836271023008827,2.836271023008828,263.60184034519165,0.013644054725727248,19.245271242684368,19.245271242684368,0.842750168067881,0.0,26.18571182144993,1.0
11.9418389243321,0.9274666132747325,42222.46682560115,0.044198592644281276,3272099.4302036613,0.022586161875048284,0.0002763659225170955,0.02340339649070193,0.048265924288267315,244.54876644820118,304.7502754347855,3000.0,22.835609856512775,2.835609856512776,263.5904957129904,0.013643689642314953,19.04172926478921,19.04172926478921,0.8338612099452408,0.0,25.912970627604295,1.0
11.943352248033916,0.9274704530682679,42222.81643579403,0.044198186711632476,3272112.9769837395,0.022586149549074428,0.00027636084609139596,0.023404192434219196,0.04826670282938502,244.55473602313728,304.7515371277897,3000.0,22.83558920920244,2.835589209202441,263.5901433644029,0.013643678303022915,19.035407341265596,19.035407341265596,0.833585118688095,0.0,25.90449809537895,1.0
11.993324433172134,0.9275965370769413,42234.29709006873,0.04418485295551966,3272557.8009882183,0.022585744845652227,0.00027619412557372276,0.02343032130306607,0.04829226027429202,244.7507601090448,304.79296625938446,3000.0,22.83490741410474,2.83490741410474,263.5785735958838,0.013643305954165273,18.827813486839034,18.827813486839034,0.8245189325886826,0.0,25.626240479748542,1.0
11.998314699142838,0.927609052380226,42235.43676358363,0.044183528943095414,3272601.954940674,0.022585704677735297,0.00027617757334143586,0.023432914170800845,0.048294796421877575,244.77021843436265,304.7970785822094,3000.0,22.83483933047155,2.8348393304715485,263.5774251618875,0.013643268993128585,18.807206727524857,18.807206727524857,0.8236189646593183,0.0,25.598614643437276,1.0
12.02129986654567,0.9276665217359747,42240.670258283586,0.04417744803665736,3272804.7066554073,0.02258552023795286,0.0002761015588420633,0.023444818741707705,0.04830644053850263,244.85957113659273,304.815962067332,3000.0,22.83452573960202,2.8345257396020203,263.5721516371166,0.013643099268240559,18.712580500523842,18.712580500523842,0.8194862776620111,0.0,25.4717460219874,1.0
12.043296618310352,0.9277212497204244,42245.65440912225,0.04417165544009296,3272997.786820419,0.022585344608959942,0.0002760291580965112,0.023456152866800122,0.04831752663385658,244.9446638492958,304.833944782932,3000.0,22.834225637513224,2.8342256375132235,263.5671296670963,0.013642937635634463,18.622465817800503,18.622465817800503,0.8155505736619582,0.0,25.350909692846987,1.0
12.093268803448568,0.9278446057971022,42256.889690513504,0.04415859258360111,3273432.9866889995,0.02258494878936783,0.00027586592237062267,0.02348169056048903,0.048342505272227485,245.13646951819013,304.8744775609383,3000.0,22.833543879227584,2.8335438792275838,263.55581022010534,0.013642573304364239,18.419340701915218,18.419340701915218,0.806679015720897,0.0,25.07847669461849,1.0
12.102102550515001,0.9278662718649099,42258.863191940436,0.04415629730740719,3273509.4245112496,0.022584879274755262,0.00027583724518725496,0.023486174633518084,0.0483468911534606,245.1701590811672,304.88159667448645,3000.0,22.833423364468416,2.8334233644684153,263.5538220901919,0.013642509311826255,18.383663009024673,18.383663009024673,0.8051207528360328,0.0,25.030617044598742,1.0
12.143240988586786,0.927966619950076,42268.004218918,0.04414566282338875,3273863.4522547764,0.02258455733779892,0.0002757043973843371,0.02350693778004874,0.048367199515231996,245.32619918004897,304.9145694048856,3000.0,22.832862139049652,2.832862139049654,263.54461391122516,0.013642212917730911,18.218414731176182,18.218414731176182,0.7979032422754543,0.0,24.808912681209407,1.0
12.184376550504545,0.9280660615124317,42277.06364302997,0.04413511822648969,3274214.2817885466,0.022584238350360282,0.0002755727040607766,0.023527504916446743,0.0483873159708678,245.48083641789344,304.94724426679846,3000.0,22.83230096500587,2.8323009650058704,263.5354889169477,0.013641919188769518,18.05465249905427,18.05465249905427,0.7907504603555241,0.0,24.589148566342164,1.0
12.193213173725002,0.9280873066705201,42278.99926640507,0.044132864615476164,3274289.2346425694,0.022584170205716993,0.0002755445623971601,0.023531897883015056,0.04839161265112921,245.51387469327003,304.9542250763354,3000.0,22.83218041678336,2.8321804167833586,263.53353941071117,0.013641856433543827,18.019664717441145,18.019664717441145,0.7892222463429444,0.0,24.54218908052365,1.0
12.24318535886322,0.9282066802976976,42289.87609241111,0.04412019643445967,3274710.384441255,0.022583787345125277,0.00027538639693765974,0.023556574188624974,0.04841574793068791,245.69951770922415,304.9934492869337,3000.0,22.831498712234712,2.8314987122347133,263.5225854027584,0.013641503810045658,17.823067693534256,17.823067693534256,0.7806350304977312,0.0,24.278277555099216,1.0
12.248314699142838,0.9282188595294032,42290.985891747325,0.044118903421145196,3274753.3527341876,0.022583748286654475,0.00027537025589165735,0.023559091131448464,0.0484182096739946,245.71845866718832,304.997451182165,3000.0,22.831428740412036,2.8314287404120346,263.52146780748956,0.013641467832225312,17.803009140301242,17.803009140301242,0.7797588728553635,0.0,24.251346663495053,1.0
12.26817381354044,0.9282658847221519,42295.271071086754,0.04411391003966017,3274919.257473178,0.02258359748388843,0.0002753079265580729,0.023568808097411537,0.048427713507858045,245.79159242013426,305.0129028870969,3000.0,22.831157834322166,2.8311578343221653,263.5171526639564,0.013641328916636462,17.725560243822116,17.725560243822116,0.7763758795086254,0.0,24.147355186577357,1.0
12.293157544001437,0.9283247550196753,42300.635943777175,0.04410765677334739,3275126.951706292,0.02258340870856295,0.0002752298808005164,0.0235809699780441,0.048439608567407574,245.8831496722773,305.0322466986459,3000.0,22.830817025211815,2.830817025211815,263.5117505854362,0.01364115500591067,17.628600913158863,17.628600913158863,0.7721406068688561,0.0,24.0171500033613,1.0
12.343129729139655,0.9284415448728268,42311.28005467666,0.04409524414351209,3275538.985957963,0.022583034249105512,0.0002750749940450529,0.023605088494345602,0.04846319773749617,246.0647918179647,305.07062192359365,3000.0,22.830135355524842,2.830135355524842,263.50103367073336,0.01364080998024651,17.43624185276866,17.43624185276866,0.763737997223443,0.0,23.758778563488615,1.0
12.353512927505491,0.9284656514814636,42313.47727369715,0.04409268085605719,3275624.0340009397,0.022582956963918367,0.00027504301437009175,0.02361006533450765,0.04846806531279611,246.10228561356809,305.0785429587196,3000.0,22.829993720658827,2.8299937206588255,263.4988215909887,0.013640738761330371,17.396535977420626,17.396535977420626,0.762003537551503,0.0,23.705437531226515,1.0
12.393101914277871,0.9285570637454997,42321.80964692292,0.044082957074250355,3275946.536194317,0.02258266392035188,0.0002749217169888722,0.02362893294335016,0.04848651858069092,246.24446517767907,305.1085795252594,3000.0,22.829453702986008,2.8294537029860063,263.49043338422223,0.013640468692583714,17.245968206543154,17.245968206543154,0.7554262327480681,0.0,23.503135607968176,1.0
12.440455626475172,0.9286653692235989,42331.68292520328,0.04407142837671724,3276328.637596248,0.022582316766407345,0.0002747779392078907,0.023651277947918856,0.048508372653534096,246.41292604644082,305.1441669241042,3000.0,22.828807783746747,2.8288077837467465,263.4804950159538,0.013640148700931366,17.06756896951299,17.06756896951299,0.7476329526793973,0.0,23.263380921146666,1.0
12.443074099416089,0.9286713253812658,42332.225930239794,0.04407079411238378,3276349.650902635,0.022582297676412837,0.000274770030202044,0.023652506494379597,0.04850957420099448,246.42219058274756,305.1461240195549,3000.0,22.828772067409506,2.828772067409506,263.47994846475996,0.013640131102866451,17.057757882012396,17.057757882012396,0.7472043538585308,0.0,23.25019373899004,1.0
12.493046284554307,0.9287843433789392,42342.530102237855,0.044058753822169554,3276748.3780594906,0.022581935471909845,0.0002746199145051724,0.02367581228034347,0.04853236766675849,246.5979886635116,305.1832598748268,3000.0,22.828090448611523,2.828090448611524,263.46957766448696,0.013639797171452774,16.871589000975376,16.871589000975376,0.7390714102414799,0.0,22.99992579094597,1.0
12.498314699142838,0.9287961866042831,42343.609955330605,0.044057491541232646,3276790.160922987,0.02258189751933922,0.0002746041790389058,0.023678253862111115,0.048534755560489244,246.61641104768037,305.1871513638938,3000.0,22.82801858859732,2.82801858859732,263.468490901961,0.013639762177650094,16.852079854280618,16.852079854280618,0.7382191226486163,0.0,22.973695515133524,1.0
12.529151694057717,0.9288652337566342,42349.90587774004,0.044050130123282474,3277033.759069412,0.022581676263733447,0.0002745124213295475,0.02369248607576816,0.04854867476083116,246.72381679322558,305.20983912256435,3000.0,22.82759798246962,2.8275979824696202,263.4621549710368,0.01363955815689339,16.738338177811215,16.738338177811215,0.7332500857368072,0.0,22.820753336188957,1.0
12.543018469692523,0.928896131193278,42352.7233484537,0.04404683478514767,3277142.765133232,0.022581577261971693,0.00027447135096669026,0.02369885339796809,0.04855490201090648,246.77187984950402,305.21999151208723,3000.0,22.82740884641022,2.827408846410218,263.45931974876265,0.013639466859112864,16.687439899258635,16.687439899258635,0.7310264608452423,0.0,22.75230483134363,1.0
12.592990654830741,0.9290067021345706,42362.8068422878,0.04403503560009585,3277532.8590825144,0.022581223002234814,0.00027432432090151353,0.023721632907796553,0.04857718023093288,246.9438843679213,305.25632330487815,3000.0,22.826727260625724,2.8267272606257237,263.4491734962034,0.013639140127030571,16.5052891282821,16.5052891282821,0.723068573949819,0.0,22.507304164135885,1.0
12.61959163087817,0.9290650690290505,42368.130083000644,0.044028803112185426,3277738.7773112,0.022581036020153784,0.00027424667354650895,0.02373365314658664,0.04858893584028694,247.0346825131019,305.27550170646634,3000.0,22.826364448482153,2.8263644484821535,263.44381761114374,0.01363896764935559,16.409135098041844,16.409135098041844,0.7188676556477646,0.0,22.37794600994454,1.0
12.642962839968957,0.9291160693721155,42372.78174529805,0.044023354882616786,3277918.706368586,0.022580872648830998,0.00027417880586513165,0.023744153834991715,0.04859920528968785,247.11402224818536,305.29225958041445,3000.0,22.826045691080104,2.8260456910801057,263.43913769836286,0.01363881693679343,16.325115450177492,16.325115450177492,0.7151968269544371,0.0,22.264897324332242,1.0
12.692935025107175,0.9292242459373654,42382.64920746325,0.0440117912647597,3278300.3529663715,0.022580526158376375,0.00027403478764814683,0.023766419170069206,0.048620980116093726,247.2823133260135,305.32780462061714,3000.0,22.82536413759731,2.8253641375973126,263.4292111594441,0.013638497250383672,16.146897833430586,16.146897833430586,0.7074103061880122,0.0,22.025058073285408,1.0
12.711833592834244,0.9292648487155913,42386.35313772671,0.04400744835228844,3278443.5994461863,0.022580396119827244,0.00027398070894128356,0.023774773517198707,0.04862915034596724,247.34548072221267,305.34114602576386,3000.0,22.825106390667973,2.8251063906679734,263.4254853519428,0.013638377256140172,16.080004629730155,16.080004629730155,0.7044876091488648,0.0,21.935018985939625,1.0
12.742907210245392,0.9293312447239422,42392.410367161705,0.04400034339494032,3278677.8443645295,0.022580183487970334,0.0002738922482745504,0.0237884318689861,0.04864250760523099,247.44877724264836,305.3629626621183,3000.0,22.82468260000318,2.8246826000031797,263.41939269629773,0.013638181030178465,15.970615453649373,15.970615453649373,0.699708106944153,0.0,21.78776040086767,1.0
12.748314699142838,0.9293427529794784,42393.4602957308,0.043999111505034674,3278718.4454555484,0.02258014663487137,0.0002738769120136652,0.023790798838020044,0.048644822384905084,247.46668156408208,305.36674408561566,3000.0,22.824608851782656,2.824608851782655,263.418336671398,0.013638147018258214,15.9516551073159,15.9516551073159,0.6988796702235727,0.0,21.76223372954079,1.0
12.79287939538361,0.9294370784883252,42402.06635121182,0.04398900993779866,3279051.225567882,0.02257984459519234,0.00027375116999923965,0.02381019485336865,0.04866379061856023,247.61343344516038,305.3977378964873,3000.0,22.824001078125413,2.8240010781254137,263.4096811383587,0.013637868238948149,15.796247693198296,15.796247693198296,0.6920893334664914,0.0,21.552978526097508,1.0
12.805970588475041,0.9294646127157781,42404.57867928631,0.04398605966412279,3279148.366239762,0.022579756434787993,0.00027371445111022046,0.023815855176687252,0.04866932606258546,247.65627195464938,305.4067851907834,3000.0,22.823822542691868,2.8238225426918695,263.4071545321591,0.013637786859361924,15.750882577509714,15.750882577509714,0.690107125922827,0.0,21.49188548233512,1.0
12.842851580521828,0.9295417598495073,42411.61827481876,0.043977789574156136,3279420.5410961974,0.02257950943810211,0.0002736115353067865,0.0238317110105286,0.0486848319839375,247.7763011851733,305.43213447011755,3000.0,22.8233195717936,2.8233195717935997,263.4000753276783,0.013637558839857563,15.62377414250497,15.62377414250497,0.6845530990072868,0.0,21.320686900004517,1.0
12.892823765660044,0.9296453012922932,42421.06724185402,0.043966681000629365,3279785.8349958304,0.022579177975228085,0.00027347332690594935,0.023852983194228433,0.04870563449636247,247.9373995232828,305.46615648531065,3000.0,22.822638080839152,2.8226380808391527,263.3905741186212,0.013637252796456549,15.453174595338396,15.453174595338396,0.677098525621899,0.0,21.090860200332646,1.0
12.902090509172261,0.9296643775131908,42422.80821112689,0.04396463323242227,3279853.135845948,0.02257911691215577,0.0002734478532094946,0.023856901276679082,0.04870946604204435,247.96708031616544,305.4724246177583,3000.0,22.822511708176624,2.822511708176625,263.38882363922,0.01363719641030968,15.421743323054557,15.421743323054557,0.6757250700644578,0.0,21.048510503341564,1.0
12.942795950798262,0.9297477151703337,42430.41434511138,0.043955682929271135,3280147.1508504227,0.022578850165556788,0.00027333652772454185,0.023874014225391142,0.04872620091867247,248.09674733309032,305.49980800127304,3000.0,22.821956605095277,2.821956605095277,263.38117637758705,0.013636950072671244,15.284429044496733,15.284429044496733,0.6697247439811668,0.0,20.863473326767878,1.0
12.992768135936478,0.9298490137061403,42439.66066628783,0.04394479408749871,3280504.5317809586,0.02257852596853193,0.0002732011209078946,0.02389480689218929,0.04874653398162912,248.25436330056104,305.53309303412095,3000.0,22.821275144396964,2.8212751443969646,263.37188098300896,0.013636650632804316,15.117517682447925,15.117517682447925,0.6624308934007813,0.0,20.638501402833462,1.0
12.998314699142838,0.9298601888935166,42440.680776011264,0.04394359218217281,3280543.957808509,0.022578490205926567,0.0002731861768218578,0.023897100156062397,0.04874877653881082,248.27175159657327,305.5367650168988,3000.0,22.82119950794394,2.82119950794394,263.3708555212358,0.013636617598010395,15.09910392466253,15.09910392466253,0.6616262181751932,0.0,20.613678917021964,1.0
13.000258367526632,0.9298641017738662,42441.037960149726,0.04394317131588443,3280557.7624386474,0.02257847768412906,0.0002731809440087907,0.023897903092746826,0.048749561720884675,248.27783994440742,305.53805072502803,3000.0,22.821173002892696,2.8211730028926945,263.3704964660283,0.013636606031170014,15.09265652162091,15.09265652162091,0.6613444681264999,0.0,20.604987396221055,1.0
13.042740321074696,0.9299492089917546,42448.80727602468,0.04393401321796169,3280858.0204481254,0.022578205344051354,0.0002730670898165773,0.023915363950269032,0.04876663638413696,248.41026592442435,305.5660155571004,3000.0,22.820593698580986,2.8205936985809847,263.3626868252926,0.013636354441533226,14.952420900868248,14.952420900868248,0.65521612182237,0.0,20.41591977627807,1.0
13.092712506212912,0.9300483129884632,42457.855233861825,0.043923339078501385,3281207.6590513047,0.02257788825246713,0.00027293441802527294,0.02393568812277827,0.048786510793270677,248.56447351511085,305.5985795004935,3000.0,22.81991226748589,2.819912267485888,263.3535928068417,0.013636061463911326,14.789119291730827,14.789119291730827,0.6480795858624995,0.0,20.195704021541296,1.0
13.100645657537687,0.9300639462925167,42459.282605170694,0.0439216542798085,3281262.8133011214,0.022577838236096645,0.0002729134801484547,0.0239388933709109,0.048789645087156,248.58879947538415,305.6037163470905,3000.0,22.819804090730198,2.819804090730198,263.35215825767887,0.013636015246608511,14.763358782294716,14.763358782294716,0.646953791697618,0.0,20.160960475558273,1.0
13.14268469135113,0.9301463375299246,42466.80558850394,0.04391277044178926,3281553.489339609,0.02257757465457465,0.0002728030893176768,0.023955782101094798,0.048806159844987124,248.7170041990219,305.6307887526457,3000.0,22.81923085095196,2.8192308509519624,263.34459784177176,0.01363577166535887,14.627593642749872,14.627593642749872,0.6410204506143399,0.0,19.97782993456859,1.0
13.192656876489348,0.9302432943250869,42475.6593780682,0.04390230609498694,3281895.552622173,0.022577264511602527,0.00027267308768168024,0.02397564854551023,0.04882558614479444,248.86787592249775,305.66264716092485,3000.0,22.81854944882119,2.818549448821191,263.3357008556418,0.013635485011654602,14.467824933144044,14.467824933144044,0.6340378894632784,0.0,19.76227352803165,1.0
13.20327190345058,0.930263753370679,42477.52775167165,0.04390009658732545,3281967.7320736665,0.022577199072675243,0.0002726456422844191,0.02397983950062962,0.04882968421558928,248.89971196476682,305.66936966682437,3000.0,22.818404708101333,2.818404708101334,263.33382348495763,0.013635424522785636,14.434111520190811,14.434111520190811,0.6325644454481165,0.0,19.716781501712624,1.0
13.242629061627564,0.930339194958207,42484.41763006755,0.04389194483968155,3282233.8897682196,0.022576957785211724,0.00027254439730799135,0.02399529008531901,0.04884479226783873,249.0171064512906,305.6941585317272,3000.0,22.817868060937254,2.8178680609372546,263.32690078545284,0.013635201468935963,14.309794334162234,14.309794334162234,0.6271310841112144,0.0,19.549011032969215,1.0
13.248314699142838,0.9303500397466771,42485.40810152209,0.043890772455974975,3282272.1501494185,0.022576923101876284,0.00027252983780991024,0.023997510688242484,0.048846963627928675,249.03398211033067,305.6977219508584,3000.0,22.817790536215426,2.8177905362154276,263.32590564186916,0.013635169404181632,14.291923531538487,14.291923531538487,0.6263500188090058,0.0,19.524891159956805,1.0
13.292601246765782,0.9304340508894955,42493.081361451754,0.04388168549176318,3282568.541209337,0.02257665443749268,0.00027241700258804827,0.02401470931903579,0.048863780759116515,249.16471337103346,305.72532663068955,3000.0,22.81718668714552,2.8171866871455196,263.3181965795887,0.013634921003697393,14.15348320855523,14.15348320855523,0.6202992245546579,0.0,19.33801889898551,1.0
13.308263291228155,0.930463566963851,42495.777412486765,0.04387849084450036,3282672.6738311453,0.022576560053139356,0.0002723773393643933,0.02402075025571361,0.048869687648217364,249.21064422196784,305.7350251272832,3000.0,22.816973137090347,2.8169731370903484,263.31548811440365,0.013634833729759838,14.10484389243581,14.10484389243581,0.6181733136858345,0.0,19.272354330250852,1.0
13.342573431903999,0.930527873454884,42501.65157856834,0.04387152688138655,3282899.5469386578,0.02257635443096532,0.0002722908881129901,0.024033908814433205,0.048882554133511516,249.3107140863614,305.7561551826125,3000.0,22.81650532729304,2.8165053272930414,263.30958719783735,0.01363464358279125,13.998873111475945,13.998873111475945,0.613541509125437,0.0,19.129273796365872,1.0
13.392545617042217,0.9306206738689828,42510.12927741559,0.04386146785263266,3283226.946521294,0.022576057728568837,0.0002721660386689158,0.024052891109232092,0.04890111487646985,249.4551258250181,305.7866478724326,3000.0,22.815823981228522,2.8158239812285237,263.3010716111195,0.013634369173419295,13.845945786101396,13.845945786101396,0.6068571443000701,0.0,18.922752611029818,1.0
13.415723498133303,0.9306633722605417,42514.030234779355,0.043856835803783044,3283377.5863186633,0.02257592122477729,0.00027210855678881445,0.02406162236172547,0.04890965214329157,249.52157159909262,305.8006778616548,3000.0,22.815507966905553,2.8155079669055536,263.2971535051544,0.013634242911325221,13.775581906061802,13.775581906061802,0.6037815123837531,0.0,18.827713415619687,1.0
13.442517802180433,0.9307124632278897,42518.51544388215,0.04385150726318654,3283550.779104246,0.022575764293651955,0.00027204243923235785,0.024071658711759977,0.04891946544464429,249.5979656417481,305.816808346145,3000.0,22.81514264880228,2.815142648802279,263.29264880123077,0.01363409774312458,13.694683159482679,13.694683159482679,0.6002453445190975,0.0,18.718432439769202,1.0
13.49248998731865,0.9308032525092047,42526.81105373199,0.04384164398427946,3283871.083416452,0.0225754740899722,0.0002719200749690518,0.02409021410103726,0.04893760826597851,249.7392504178585,305.8466402108087,3000.0,22.814461329866226,2.814461329866227,263.2843177608404,0.013633829259791631,13.545067342981895,13.545067342981895,0.5937053322074345,0.0,18.516290591678693,1.0
13.498314699142838,0.9308137702462701,42527.77213405218,0.04384050061049018,3283908.189961277,0.02257544047271441,0.00027190589200490697,0.024092363203611786,0.0489397095683311,249.75561801944139,305.8500961662272,3000.0,22.814381916830335,2.8143819168303335,263.28335262827153,0.013633798155926002,13.527734608830144,13.527734608830144,0.5929476703837695,0.0,18.49286983918222,1.0
13.525748954358516,0.9308631283345672,42532.282478125686,0.04383513286794186,3284082.3251487664,0.022575282718291647,0.0002718393128621082,0.02410244722053239,0.04894956925168614,249.83242879143484,305.8663144222681,3000.0,22.814007885736416,2.814007885736414,263.2788234126941,0.013633652188520884,13.446394621259287,13.446394621259287,0.5893920388125284,0.0,18.382951432080727,1.0
13.542462172456867,0.9308930525726553,42535.017072645336,0.04383187690057499,3284187.8977709995,0.022575187081693183,0.0002717989312320198,0.02410855972698798,0.04895554573991318,249.87899686174524,305.8761470347514,3000.0,22.81378002427389,2.8137800242738895,263.2760774934342,0.013633563691644804,13.397080631688937,13.397080631688937,0.5872363377500102,0.0,18.31630458818975,1.0
13.592434357595085,0.9309818741599054,42543.134456185326,0.04382220491013293,3284501.260064446,0.02257490323338451,0.0002716789935606307,0.024126698010483606,0.04897328023742875,250.017221508165,305.9053323475072,3000.0,22.813098731880388,2.8130987318803884,263.2679270133313,0.013633301007249047,13.250705505166309,13.250705505166309,0.5808375995256173,0.0,18.118452164889362,1.0
13.638482375911295,0.9310628637778047,42550.536752986714,0.043813375678713684,3284786.99119351,0.02257464444212657,0.0002715695296454347,0.02414323045291662,0.048989444424688625,250.1432586601336,305.9319442039438,3000.0,22.812470950910097,2.8124709509100985,263.260495213364,0.013633061476820517,13.117236553230384,13.117236553230384,0.5750028824785014,0.0,17.938006328309843,1.0
13.642406542733303,0.9310697278973533,42551.16415003824,0.043812626924092817,3284811.2077866932,0.022574622510012198,0.00027156024767619293,0.024144631343996872,0.048990814101685265,250.15394072217813,305.9341996407359,3000.0,22.81241745254241,2.812417452542408,263.2598653454283,0.013633041175501827,13.10592462325016,13.10592462325016,0.5745083637240527,0.0,17.922711266622837,1.0
13.69237872787152,0.9311566242988271,42559.10709024464,0.043803141866368696,3285117.7780304938,0.022574344876929383,0.00027144267947770164,0.02416236209223316,0.04900814964864024,250.2891707029458,305.96275236910844,3000.0,22.81173618611816,2.811736186118159,263.25189152495125,0.013632784165625344,12.962720822005451,12.962720822005451,0.5682478841699816,0.0,17.729060042784223,1.0
13.742350913009737,0.9312425737656018,42566.96420318619,0.04379374867359717,3285421.007491517,0.022574070299875633,0.0002713262750407373,0.024179892592214248,0.04902528916713062,250.4229274833721,305.99099395031277,3000.0,22.81105493246738,2.811054932467377,263.24400459745436,0.013632529947166669,12.821077114082271,12.821077114082271,0.5620554223397097,0.0,17.53747684855589,1.0
13.748314699142838,0.9312527683951963,42567.89619839466,0.04379263375629553,3285456.974114153,0.022574037733786936,0.0002713124601691204,0.024181971453322557,0.04902732164727862,250.43879265199962,305.99434373793036,3000.0,22.810973631064254,2.810973631064255,263.2430691139955,0.01363249979321913,12.804276461995869,12.804276461995869,0.5613209093608724,0.0,17.514750020267723,1.0
13.754109400591208,0.9312626612260273,42568.800612850115,0.04379155168626124,3285491.8759916564,0.02257400613218398,0.00027129905264228855,0.024183988678103892,0.04902929386293016,250.45418815678917,305.9975943594378,3000.0,22.810894634882757,2.8108946348827564,263.24216132430894,0.013632470531815745,12.787973167519766,12.787973167519766,0.5606081380063107,0.0,17.49269542690468,1.0
13.792323098147953,0.9313275865869988,42574.73640562589,0.04378444629503172,3285720.9324704558,0.022573798744974394,0.0002712110206157074,0.024197225153480478,0.04904223491907058,250.55522693066538,306.01892776525057,3000.0,22.810373691451318,2.810373691451316,263.2362036187651,0.013632278489996178,12.680976688099719,12.680976688099719,0.5559302473353249,0.0,17.34794024481619,1.0
13.842295283286171,0.9314116729402314,42582.42460467983,0.043775233692508776,3286017.5888724895,0.02257353017873288,0.00027109690262698744,0.02421436205813908,0.04905898913949895,250.68608474574245,306.04655715798685,3000.0,22.809692462932745,2.8096924629327455,263.22848765499816,0.013632029764308157,12.542402909255713,12.542402909255713,0.5498716359125817,0.0,17.160428999696702,1.0
13.872780833386145,0.9314625191633549,42587.073922750336,0.04376965719163705,3286196.974195184,0.022573367793380365,0.00027102783728138286,0.024224721309784866,0.04906911694044662,250.76521325602567,306.0632643906569,3000.0,22.809276885301557,2.809276885301559,263.2238218846297,0.01363187935794419,12.458608628603997,12.458608628603997,0.546207961403301,0.0,17.04702336712947,1.0
13.892267468424388,0.93149484289305,42590.02969804493,0.04376610984015174,3286311.0122166104,0.022573264568033026,0.00027098390766882457,0.02423130556148218,0.04907555403718403,250.81551646700115,306.07388543661875,3000.0,22.80901124677592,2.809011246775919,263.22085578231287,0.013631783740613182,12.405339315311721,12.405339315311721,0.543878872306016,0.0,16.974922083850135,1.0
13.942239653562606,0.9315771064063265,42597.552574221794,0.04375707372408183,3286601.237644746,0.02257300188012263,0.0002708720225013386,0.024248057892591292,0.04909193179521526,250.9435374740151,306.100915874125,3000.0,22.808330042846535,2.8083300428465363,263.21330708667585,0.013631540389730624,12.269769612660753,12.269769612660753,0.5379512480576791,0.0,16.791398665811894,1.0
13.992211838700824,0.9316584733340723,42604.99411250301,0.043748124342371464,3286888.2999218167,0.022572742082614727,0.00027076123404953665,0.02426462125441758,0.04910812457108185,251.07016298724076,306.1276517083716,3000.0,22.80764885101174,2.8076488510117428,263.20584066385953,0.013631299682788795,12.13567767661877,12.13567767661877,0.5320880620310161,0.0,16.609838113077693,1.0
13.994515779311591,0.9316622032518748,42605.33525348691,0.0437477138112332,3286901.459060638,0.02257273017396498,0.00027075615244214244,0.02426538037817452,0.049108866704581644,251.07596758410023,306.128877298017,3000.0,22.807617445319536,2.807617445319538,263.2054983977306,0.013631288648412973,12.129530813630367,12.129530813630367,0.5318192854957556,0.0,16.601514359567158,1.0
13.998314699142838,0.9316683493217298,42605.89738046698,0.043747037292730336,3286923.1423766552,0.02257271055129993,0.00027074777851287195,0.02426663121505325,0.04911008954486605,251.08553225929285,306.1308967954893,3000.0,22.807565661181307,2.807565661181308,263.20493441974264,0.01363127046619293,12.119402160449795,12.119402160449795,0.5313764011683689,0.0,16.587798506690103,1.0
14.04218402383904,0.9317389534240109,42612.355183012565,0.04373926070494621,3287172.2334377645,0.022572485143485217,0.00027065152940170006,0.024280997823975047,0.04912413449686197,251.19540806860348,306.1540961423003,3000.0,22.80696767114012,2.8069676711401224,263.19845561938973,0.013631061591223393,12.003047550786249,12.003047550786249,0.5262886203839748,0.0,16.43021999190692,1.0
14.092156208977258,0.9318185563174571,42619.6366466819,0.043730481833553,3287453.072207117,0.02257223103107267,0.00027054289580859915,0.02429718975239174,0.04913996367927301,251.31928762101134,306.1802523438885,3000.0,22.8062865031017,2.806286503101698,263.19115106855645,0.01363082608677803,11.87186344754511,11.87186344754511,0.5205522365918938,0.0,16.252524068655617,1.0
14.119724626087471,0.9318620992896001,42623.61988783586,0.04372567467594609,3287606.691682254,0.02257209204199991,0.0002704834191779863,0.024306044184931378,0.049148619646109275,251.38704981691,306.19455984840016,3000.0,22.805910724580116,2.805910724580114,263.18715546186826,0.013630697261932277,11.80010564495825,11.80010564495825,0.51741435750865,0.0,16.155309046066073,1.0
14.142128394115474,0.9318972915518138,42626.83935546587,0.04372178676148319,3287730.8498778045,0.022571979714069833,0.00027043532067968297,0.024313199165493043,0.04915561420024256,251.44181639195955,306.20612344696997,3000.0,22.805605346767898,2.805605346767898,263.1839261361849,0.013630593141497008,11.742109744225331,11.742109744225331,0.5148782312805159,0.0,16.07673030521526,1.0
14.192100579253692,0.9319751685630485,42633.964152557055,0.043713174533298906,3288005.599739891,0.022571731161515205,0.0002703287915793209,0.02432902816437925,0.049171088117473775,251.56300897711213,306.2317125520484,3000.0,22.80492420201152,2.804924202011521,263.1767799564082,0.013630362727718151,11.613770979296078,11.613770979296078,0.5092659320600451,0.0,15.902818854467403,1.0
14.242072764391908,0.9320521966857112,42641.011872375486,0.04370464420479104,3288277.354725641,0.02257148534279245,0.00027022329622591933,0.02434467882550209,0.04918638746452046,251.68287982006532,306.2570227263034,3000.0,22.80424306870674,2.8042430687067377,263.1697116726659,0.013630134818072898,11.486831852600602,11.486831852600602,0.5037146735364997,0.0,15.730770061217674,1.0
14.248314699142838,0.9320617589502018,42641.88681634692,0.04370358440429399,3288311.0903660874,0.02257145482857847,0.0002702101910140319,0.024346621294347604,0.04918828631394011,251.69776052269205,306.26016472914813,3000.0,22.80415799038288,2.8041579903828793,263.168834216533,0.013630106524871363,11.471073693840964,11.471073693840964,0.5030255315139731,0.0,15.70940965002694,1.0
14.248330808814366,0.9320617836123058,42641.88907293271,0.043703581670711075,3288311.1773739164,0.022571454749879524,0.0002702101572116814,0.02434662630406761,0.04918829121115882,251.69779890160143,306.2601728327099,3000.0,22.80415777080634,2.804157770806341,263.1688319534797,0.01363010645190002,11.471033051878265,11.471033051878265,0.5030237541402809,0.0,15.709354558586368,1.0
14.292044949530126,0.9321283851534813,42647.98334060703,0.043696194842888385,3288546.1474114484,0.022571242227628158,0.00027011882249044133,0.024360153200848448,0.04920151425096705,251.80144321294586,306.28205700377015,3000.0,22.803561946729083,2.8035619467290815,263.1627204376537,0.013629909385484832,11.361277224707862,11.361277224707862,0.4982237972843322,0.0,15.560564461918664,1.0
14.342017134668344,0.9322037430990744,42654.87937418333,0.043687825525627784,3288812.010017506,0.022571001786091654,0.00027001535839568804,0.024375453317993272,0.049216470462480615,251.9187132960201,306.3068183853089,3000.0,22.80288083595545,2.8028808359554502,263.15580541333173,0.013629686403170102,11.237092117311647,11.237092117311647,0.4927926518649813,0.0,15.392182785805712,1.0
14.380789517864208,0.932261645355331,42660.17840988996,0.043681386510039506,3289016.2890039324,0.022570817055559536,0.00026993577077808763,0.024387205587656453,0.04922795841399408,252.00881864347568,306.3258441144186,3000.0,22.802352383857638,2.8023523838576394,263.1504921645806,0.013629515066986486,11.141673521104934,11.141673521104934,0.4886194780935149,0.0,15.262783323330867,1.0
14.39198931980656,0.9322782795565984,42661.700781486186,0.0436795353418952,3289074.9744161186,0.02257076398858698,0.0002699128921127563,0.024390581180649316,0.04923125806134905,252.03470406112834,306.3313098393787,3000.0,22.802199736264072,2.802199736264073,263.1489657707089,0.013629465844630612,11.114261709580575,11.114261709580575,0.4874205926678521,0.0,15.22560595051617,1.0
14.441961504944778,0.9323520034639237,42668.4483625536,0.04367132339116649,3289335.0721400683,0.022570528805844876,0.0002698114119575015,0.024405538769218086,0.049245878987020465,252.14942935514952,306.35553430281703,3000.0,22.80151864753448,2.801518647534479,263.1422006896249,0.01362924768364711,10.99277133447535,10.99277133447535,0.4821069817498316,0.0,15.060815057648446,1.0
14.491933690082995,0.9324249236627014,42675.12290907064,0.04366318878346985,3289592.334382671,0.02257029620892228,0.0002697109063897487,0.02442032804086244,0.049260335156174465,252.26290287981104,306.37949468084486,3000.0,22.8008375696475,2.800837569647497,263.1355093587488,0.013629031894279317,10.87260647893774,10.87260647893774,0.4768511878445802,0.0,14.897791393573048,1.0
14.498314699142838,0.9324341775136439,42675.96997176915,0.043662155589054744,3289624.981941045,0.02257026669304777,0.0002696981422965639,0.02442220448144413,0.049262169316788465,252.27730302089662,306.38253534407005,3000.0,22.800750602758896,2.800750602758895,263.1346602033765,0.0136290045093111,10.85735718247986,10.85735718247986,0.4761841998818283,0.0,14.87710099275308,1.0
14.517165041798469,0.9324614390813122,42678.46544196663,0.043659110660429615,3289721.1606700225,0.022570179742208714,0.0002696605269774137,0.024427731928622846,0.04926757219780897,252.31972529445434,306.3914930468453,3000.0,22.800493692114745,2.8004936921147445,263.13215861708727,0.013628923833392474,10.812433322632927,10.812433322632927,0.474219263347454,0.0,14.816144975970548,1.0
14.541905875221213,0.9324970488988858,42681.72520440688,0.04365513063930129,3289846.79199963,0.022570066169200154,0.0002696113640119309,0.024434950929680954,0.049274628462893044,252.3751381922936,306.40319384723904,3000.0,22.800156502485248,2.800156502485248,263.12889097553096,0.01362881845086447,10.75375278323736,10.75375278323736,0.47165258633488705,0.0,14.736516429088432,1.0
14.591878060359429,0.9325683878226623,42688.25602359938,0.04364714808959697,3290098.475508771,0.022569838658383336,0.0002695127735684347,0.02444940934676099,0.04928876077871276,252.48614870491608,306.4266346443081,3000.0,22.799475445931144,2.7994754459311446,263.1223447462099,0.013628607328017697,10.6361960412938,10.6361960412938,0.4665105592677995,0.0,14.5769718203939,1.0
14.641850245497647,0.9326389489906706,42694.7161335463,0.043639240275490744,3290347.415097894,0.02256961364849299,0.00026941512394230125,0.02446370518069647,0.04930273395313177,252.59594768840591,306.44981988362315,3000.0,22.798794399869863,2.7987943998698634,263.11586988560794,0.013628398500625555,10.519922197202021,10.519922197202021,0.4614244952032231,0.0,14.419139404885406,1.0
14.657750980915177,0.9326612392342543,42696.75698117763,0.043636739610155684,3290426.0550104105,0.022569542572208286,0.00026938424816381015,0.024468220203004497,0.049307147023376595,252.63063286707674,306.4571440910657,3000.0,22.79857769883593,2.7985776988359308,263.11382447984073,0.01362833253084489,10.483191612763989,10.483191612763989,0.4598177900062269,0.0,14.369274597092144,1.0
14.691822430635865,0.932708740868272,42701.10629320451,0.043631406348069085,3290593.6406327696,0.02256939111185894,0.0002693184041519025,0.024477840298112907,0.049316549814123756,252.70454827524162,306.4727523467628,3000.0,22.798113364187312,2.798113364187312,263.10946561692344,0.013628191943839445,10.404917341681823,10.404917341681823,0.4563937890591645,0.0,14.263001196833784,1.0
14.741794615774081,0.9327777718295682,42707.4272535818,0.0436236454683369,3290837.181657202,0.02256917102111923,0.00026922260335022965,0.02449181654373587,0.04933021016820533,252.81196345950366,306.495434785319,3000.0,22.79743233877063,2.7974323387706295,263.103131171729,0.013627987633075683,10.29116771222533,10.29116771222533,0.4514178421191573,0.0,14.108539388084779,1.0
14.748314699142838,0.9327867229105654,42708.24691178179,0.04362263821702625,3290868.7610441167,0.022569142483906644,0.00026921017102429654,0.024493628462999694,0.049331981117930634,252.82589162783262,306.4983759633197,3000.0,22.7973434832415,2.797343483241502,263.1023097992471,0.013627961140147032,10.276418171414491,10.276418171414491,0.45077261650984746,0.0,14.088508806677567,1.0
14.7917668009123,0.9328460501578971,42713.67975777282,0.043615956807139596,3291078.067394783,0.02256895334921811,0.00026912771082364693,0.02450563574055568,0.04934371680059744,252.9182060974744,306.5178699210604,3000.0,22.79675132350818,2.7967513235081793,263.0968657899257,0.013627785544014136,10.178659692451276,10.178659692451276,0.44649606200489483,0.0,13.955736347670417,1.0
14.802789889762252,0.9328610107958635,42715.049820974935,0.04361427044804777,3291130.848480662,0.02256890565712842,0.0002691069002203024,0.024508663078848563,0.04934667563619729,252.94148499595883,306.5227857406443,3000.0,22.79660110346145,2.796601103461452,263.09549296620287,0.013627741262987625,10.154007970244038,10.154007970244038,0.4454176271348735,0.0,13.922251929799577,1.0
14.841738986050515,0.9329135840457806,42719.864540945135,0.0436083395451368,3291316.326748705,0.022568738069405837,0.000269033715991289,0.02451929968988023,0.04935707147527736,253.0232889073915,306.540060445915,3000.0,22.79607031828955,2.79607031828955,263.0906687197482,0.01362758565259852,10.067379812356677,10.067379812356677,0.441627862688224,0.0,13.804574622633464,1.0
14.891711171188733,0.9329803815970217,42725.98233052215,0.04360079287257591,3291551.988309161,0.022568525155231573,0.000268940608401994,0.024532810171822104,0.049370275935455676,253.12722447255388,306.56200902265914,3000.0,22.795389323005526,2.795389323005527,263.08453921757234,0.013627387935030292,9.957314745018465,9.957314745018465,0.4368126643474064,0.0,13.655036934007168,1.0
14.94168335632695,0.9330464508288709,42732.03384637281,0.04359331598905986,3291785.080360986,0.022568314580536108,0.00026884837773117324,0.024546168945798356,0.049383331904065644,253.2300252445434,306.5837182856295,3000.0,22.794708337548062,2.794708337548063,263.0784765477162,0.01362719236776235,9.848451303172794,9.848451303172794,0.4320498932179868,0.0,13.50710617261548,1.0
14.952608727268375,0.9330607992424554,42733.3481252253,0.043591690543936766,3291835.701521082,0.0225682688518892,0.00026882832923853453,0.024549069523843964,0.0493861667049717,253.25235052487596,306.58843293835054,3000.0,22.794559455648663,2.794559455648663,263.0771599031588,0.013627149895227916,9.82480937828285,9.82480937828285,0.431015541116246,0.0,13.474976604947159,1.0
14.991655541465168,0.9331117996720446,42738.019800804585,0.043585908103516556,3292015.6308837244,0.022568106319451484,0.00026875701378017514,0.0245593777505946,0.04939624108382626,253.33170354310602,306.60519084072905,3000.0,22.794027361810276,2.7940273618102762,263.0724799824383,0.013626998927499096,9.740776439332308,9.740776439332308,0.42733898159884925,0.0,13.360765399682661,1.0
14.998314699142838,0.9331204539089192,42738.812560390754,0.04358492611658119,3292046.1630054647,0.022568078740462988,0.00026874490376963266,0.02456112668876113,0.049397950332993754,253.34516881791745,306.60803448063314,3000.0,22.793936617561062,2.7939366175610623,263.07168584907913,0.013626973309539329,9.726517031161677,9.726517031161677,0.42671510386091477,0.0,13.3413835793053,1.0
15.041627726603384,0.9331764359711971,42743.94089859834,0.04357856843412637,3292243.6675532935,0.022567900346399033,0.0002686665064751376,0.024572438304520536,0.04940900515739471,253.4322715567464,306.6264292655822,3000.0,22.79334639568645,2.7933463956864473,263.0665488018945,0.013626807591195132,9.634277245148098,9.634277245148098,0.4226793678251364,0.0,13.215997846405772,1.0
15.091599911741602,0.933240367484884,42749.797836996644,0.04357129620829781,3292469.217741853,0.022567696636089242,0.0002685768458664391,0.024585352305461633,0.049421625787417316,253.53174134253481,306.64743610952263,3000.0,22.792665439072017,2.7926654390720165,263.06068229414143,0.013626618336055498,9.528940951606614,9.528940951606614,0.4180704962777963,0.0,13.072786914657092,1.0
15.107532837676924,0.9332606042167434,42751.65186218835,0.043568991617145635,3292540.6128711645,0.022567632157593415,0.00026854843526095403,0.024589439213418843,0.04942561980627321,253.56322692368084,306.65408556678585,3000.0,22.792448327648845,2.7924483276488465,263.05882532349415,0.013626558428610793,9.495598399813304,9.495598399813304,0.4166116014967323,0.0,13.027450729198518,1.0
15.14157209687982,0.9333036018875389,42755.59130587681,0.04356409066245557,3292692.3085247823,0.022567495163515028,0.0002684880221258421,0.02459812143133715,0.049434104616978024,253.63012482905646,306.6682138942431,3000.0,22.79198449186356,2.7919844918635577,263.0548797549546,0.01362643113952989,9.424754925898128,9.424754925898128,0.4135118172470959,0.0,12.93111617314063,1.0
15.191544282018036,0.9333661467715435,42761.32198793263,0.04355695104182072,3292912.9666879815,0.022567295903944854,0.0002684000255435465,0.02461074734057538,0.049446443270063783,253.72743381950897,306.6887651144753,3000.0,22.791303553958752,2.7913035539587514,263.0491404876391,0.013626245979306674,9.321706668130105,9.321706668130105,0.4090027867893043,0.0,12.790969353325629,1.0
15.241516467156254,0.9334280096472448,42766.9905586682,0.04354987660038322,3293131.2187279323,0.02256709883292232,0.00026831284652761975,0.024623231672173555,0.04945864335162349,253.82367999161033,306.7090922379958,3000.0,22.790622625256383,2.790622625256383,263.04346380302763,0.013626062833312887,9.219783811417301,9.219783811417301,0.40454286673151313,0.0,12.652330349974651,1.0
15.248314699142838,0.9334363732009768,42767.756950124705,0.043548919187082286,3293160.7253204174,0.02256707219110095,0.00026830104932016945,0.024624919193742607,0.04946029243416373,253.83669186076872,306.7118403642,3000.0,22.790529992204362,2.7905299922043643,263.04269634344496,0.013626038072516243,9.206004482676235,9.206004482676235,0.40393990336447655,0.0,12.633585491218275,1.0
15.267886369817274,0.9334603817931778,42769.957007611956,0.043546169498373595,3293245.4275617013,0.022566995714122896,0.00026826716921067687,0.024629763033609493,0.049465025916943066,253.8740438217679,306.71972919273713,3000.0,22.790263308570676,2.7902633085706774,263.04049325792164,0.013625966993169616,9.166449436153727,9.166449436153727,0.40220901847617196,0.0,12.579774053921378,1.0
15.29148865229447,0.933489197943404,42772.59768643152,0.04354286660083464,3293347.090853281,0.022566903926264432,0.0002682264756029407,0.02463557604584419,0.049470706447711565,253.91887489818248,306.7291977057733,3000.0,22.78994170565634,2.7899417056563385,263.03784901943936,0.013625881679713047,9.118974121256883,9.118974121256883,0.40013152464508517,0.0,12.515183220689515,1.0
15.341460837432688,0.933549719007173,42778.14403240493,0.04353592031454541,3293560.6089847577,0.022566711160061325,0.00026814090341069726,0.024647782062065447,0.04948263412553747,254.01302996700446,306.7490839319611,3000.0,22.789260795059604,2.7892607950596027,263.03229546268227,0.013625702496909291,9.019265495677814,9.019265495677814,0.39576823385307286,0.0,12.37951218650612,1.0
15.391433022570904,0.9336095801059572,42783.630250768496,0.04352903702136662,3293771.798761748,0.022566520510670065,0.0002680561207057273,0.024659851302511276,0.04949442793388707,254.10615650360785,306.76875330450906,3000.0,22.788579893368233,2.7885798933682344,263.02680246588176,0.013625525263535956,8.920645962273909,8.920645962273909,0.3914524733008892,0.0,12.245301628229866,1.0
15.434081132277257,0.9336601512271132,42788.265324772976,0.04352321184981499,3293950.2135255253,0.022566359460014087,0.00026798438153963536,0.024670044639509652,0.04950438848106338,254.18482908820496,306.7853701431971,3000.0,22.78799879366985,2.787998793669848,263.02216193952415,0.0136253755319128,8.83733285131919,8.83733285131919,0.3878064472152799,0.0,12.131904825078685,1.0
15.441405207709122,0.9336687884293918,42789.056988874116,0.04352221600942198,3293980.685549263,0.02256633195470802,0.0002679721183537439,0.024671785330503092,0.04950608940356486,254.19826569425206,306.7882081858131,3000.0,22.787899000485343,2.787899000485342,263.02136936930003,0.013625349958453836,8.823103675047975,8.823103675047975,0.3871837274186645,0.0,12.11253608250283,1.0
15.49137739284734,0.9337273510893589,42794.42488724009,0.04351545657508291,3294187.2944379994,0.022566145469052508,0.0002678888873308227,0.024683585691065577,0.04951762004744891,254.28936860585358,306.8074509127207,3000.0,22.787218116315078,2.787218116315079,263.0159955203337,0.013625176560750187,8.726626914480136,8.726626914480136,0.3829614861250698,0.0,11.98120024226213,1.0
15.498314699142838,0.9337354303133623,42795.16546154193,0.04351452303601817,3294215.7979160543,0.02256611974284975,0.0002678773933891993,0.024685213376854996,0.04951921051309395,254.30193689193388,306.81010561285234,3000.0,22.787123594374947,2.7871235943749455,263.0152541515232,0.013625152638704788,8.713317259589331,8.713317259589331,0.3823789880062016,0.0,11.963079919678822,1.0
15.541349577985557,0.9337852751204127,42799.734579583404,0.04350875802290627,3294391.6502458453,0.02256596103083918,0.0002678064187224314,0.024695253911064072,0.04952902136062569,254.37947618655554,306.8264837966707,3000.0,22.786537240762645,2.786537240762643,263.01068027347543,0.013625005049737583,8.631204086919894,8.631204086919894,0.37878524480146136,0.0,11.851278956268809,1.0
15.591321763123775,0.9338425674797676,42804.986692811886,0.04350211966561304,3294593.7775178323,0.022565778617461757,0.00026772470372296965,0.024706791499253287,0.049540294820438015,254.46859926561922,306.8453091236893,3000.0,22.785856373734273,2.785856373734272,263.00542299031457,0.013624835404954029,8.536823724695353,8.536823724695353,0.37465450429749597,0.0,11.722757229609266,1.0
15.606607801378706,0.9338599675875042,42806.58186173011,0.043500100970554914,3294655.1650457447,0.022565723219846186,0.0002676998570258095,0.0247102948811109,0.0495437179579829,254.49566622034357,306.8510265129186,3000.0,22.785648104373067,2.7856481043730668,263.00382631504357,0.013624783881782095,8.508160094700003,8.508160094700003,0.3733999601734874,0.0,11.68372085055728,1.0
15.64129394826199,0.9338992350490539,42810.18184717869,0.04349554082390296,3294793.7005323316,0.022565598206566163,0.0002676437336332918,0.02471819994668124,0.049551441886880696,254.55674855607236,306.863929154967,3000.0,22.785175515137222,2.785175515137222,263.00022303937646,0.013624667606157837,8.4434744833041,8.4434744833041,0.37056877080866546,0.0,11.595620220205019,1.0
15.691266133400209,0.9339552846362024,42815.32065644869,0.043489020826257524,3294991.443307701,0.022565419776044263,0.0002675634998580935,0.024729480727117965,0.04956246400302032,254.64393465756123,306.88234612747794,3000.0,22.78449466487974,2.784494664879742,262.99507979594915,0.013624501633322137,8.35114513838792,8.35114513838792,0.36652755574432216,0.0,11.469853235017824,1.0
15.741238318538425,0.9340107229754612,42820.40372789385,0.04348255900891766,3295187.029602349,0.022565243304033537,0.000267483993905452,0.024740635297107377,0.04957336259504637,254.73016805629882,306.9005622539853,3000.0,22.783813822871075,2.7838138228710734,262.9899926420821,0.013624337466634896,8.259824585783264,8.259824585783264,0.3625303757306779,0.0,11.345441730447563,1.0
15.748314699142838,0.934018524376854,42821.11905277009,0.04348164863903742,3295214.5529230665,0.02256521847152449,0.00026747279369884324,0.024742204737219848,0.049574896002443185,254.74230284991785,306.9031256661763,3000.0,22.783717411955436,2.7837174119554375,262.98927676693506,0.013624314364439805,8.246973917017215,8.246973917017215,0.3619678811803438,0.0,11.327932996998019,1.0
15.785862016635908,0.9340597166028638,42824.89614297507,0.04347683743341321,3295359.8789728954,0.02256508735737195,0.0002674136057216473,0.024750490504042485,0.04958299146713609,254.8063752045746,306.91666075417044,3000.0,22.78320585779158,2.783205857791577,262.9854968703032,0.013624192381139521,8.179121665728616,8.179121665728616,0.3589978388810219,0.0,11.235479794560522,1.0
15.791210503676643,0.9340655567278001,42825.43166232418,0.04347615471582569,3295380.482916157,0.022565068768915526,0.00026740520738593055,0.024751665096096432,0.04958413907239789,254.8154591256185,306.9185797231742,3000.0,22.783132989021446,2.7831329890214445,262.98496096654867,0.013624175086497804,8.169501840930167,8.169501840930167,0.358576752585644,0.0,11.222371311847969,1.0
15.841182688814861,0.9341197924809066,42830.405054081406,0.04346980729860576,3295571.826490466,0.022564896149315627,0.0002673271320121599,0.024762571546481506,0.04959479482780929,254.899818125896,306.9364006996504,3000.0,22.78245216324207,2.7824521632420702,262.97998416484717,0.013624014473526366,8.080166038951177,8.080166038951177,0.3546662133230756,0.0,11.100627733951882,1.0
15.891154873953077,0.9341734367508392,42835.324491184765,0.04346351611639019,3295761.0833139117,0.022564725424097536,0.0002672497595965288,0.0247733560539875,0.049605331237681564,254.98325520705524,306.95402732448355,3000.0,22.78177134544513,2.7817713454451303,262.9750616390485,0.013623855608545071,7.99180643199324,7.99180643199324,0.3507982900368755,0.0,10.980196897550252,1.0
15.941127059091295,0.9342264959838266,42840.190555490226,0.043457280535633074,3295948.2761287685,0.022564556572357303,0.0002671730820487213,0.024784020008074996,0.04961574966248102,255.0657804113024,306.97146171579834,3000.0,22.781090535543743,2.7810905355437443,262.9701927976314,0.013623698472582147,7.904412386329,7.904412386329,0.3469725197745164,0.0,10.861064845833903,1.0
15.972537764901604,0.934259550520222,42843.222128016496,0.04345338925263553,3296064.892434043,0.02256445138788697,0.00026712523738322934,0.02479066189730165,0.049622238522571846,255.11719050143552,306.98232289282265,3000.0,22.78066260709819,2.78066260709819,262.9671596347535,0.013623600579141656,7.849969133317984,7.849969133317984,0.34458914864364065,0.0,10.786841306081582,1.0
15.991099244229511,0.9342789765562831,42845.00382268645,0.04345109993009007,3296133.427431009,0.022564389573423074,0.00026709709137530337,0.02479456478198813,0.04962605144678651,255.14740367308826,306.98870596877975,3000.0,22.78040973345197,2.7804097334519726,262.96537705548093,0.013623543046869567,7.817973382392665,7.817973382392665,0.3431884445393594,0.0,10.743217764738855,1.0
15.998314699142838,0.934286506760838,42845.69447922743,0.04345021202137461,3296159.9939700956,0.022564365612410226,0.00026708617540712,0.024796077569611667,0.049627529357429014,255.1591152728752,306.9911802701501,3000.0,22.780311433471837,2.7803114334718377,262.96468606600075,0.013623520745240852,7.805570793125554,7.805570793125554,0.3426454820831194,0.0,10.726307246504302,1.0
16.04107142936773,0.9343308847751917,42849.76486232435,0.043444973680764616,3296316.5594716473,0.022564224406853566,0.0002670217796788993,0.02480499173287556,0.04963623791940803,255.22813481964258,307.00576215579855,3000.0,22.779728939084812,2.7797289390848103,262.9606138338533,0.013623389312842016,7.732479014210725,7.732479014210725,0.3394456112664079,0.0,10.626641982459297,1.0
16.091043614505946,0.9343822268781067,42854.47423781208,0.04343890117588966,3296497.6942567592,0.022564061052437908,0.00026694713915780785,0.02481530220183467,0.049646310393430385,255.30798357092215,307.0226323264126,3000.0,22.779048152358186,2.7790481523581865,262.95590256037576,0.013623237252136915,7.647918989453615,7.647918989453615,0.33574357182531656,0.0,10.511323969804232,1.0
16.141015799644162,0.9344330090347133,42859.13250655278,0.043432881810765114,3296676.8535529743,0.022563899490190425,0.0002668731621038488,0.02482549751426752,0.049656270166561794,255.38695954198263,307.0393185078789,3000.0,22.778367373188946,2.778367373188945,262.9512426689032,0.0136230868465899,7.5642831269205715,7.5642831269205715,0.3320818829107145,0.0,10.397250337038543,1.0
16.16714709984692,0.9344593429700054,42861.54822927413,0.04342975514170948,3296769.7595977103,0.022563815713537612,0.0002668347398767957,0.024830783401790246,0.049661433855204655,255.42791307837135,307.04797140591177,3000.0,22.77801138523692,2.7780113852369195,262.94882620436715,0.013623008850011819,7.520913125995804,7.520913125995804,0.3301830435851974,0.0,10.338090349453138,1.0
16.19098798478238,0.9344832373485402,42863.74022009658,0.043426914987581444,3296854.058893523,0.022563739700344962,0.0002667998409000429,0.024835578980266722,0.04966611852151173,255.46507224559272,307.0558227057166,3000.0,22.77768660149482,2.7776866014948194,262.94663359936146,0.013622938078229795,7.48156135376874,7.48156135376874,0.32846010592128133,0.0,10.284407830366726,1.0
16.240960169920598,0.9345329178569767,42868.29792413721,0.04342100011540139,3297029.331578297,0.022563581663354648,0.0002667271680202394,0.024845547894659942,0.049675856726034834,255.54233109221,307.07214690371256,3000.0,22.777005837194434,2.777005837194435,262.9420747977452,0.01362279092927863,7.399743705535201,7.399743705535201,0.3248778069614205,0.0,10.172783332229997,1.0
16.24831469914284,0.9345401835774578,42868.9645037195,0.0434201339592585,3297054.9650183655,0.022563558551461232,0.0002667165268525928,0.024847005620616338,0.04967728069893017,255.55362995084965,307.07453429996616,3000.0,22.776905648059614,2.7769056480596155,262.94140807795276,0.01362276940864532,7.387778127103104,7.387778127103104,0.324353897814582,0.0,10.156457314148215,1.0
16.290932355058814,0.9345820565316331,42872.806158540145,0.04341513661011012,3297202.69267512,0.022563425359890497,0.0002666551360283583,0.02485540553712289,0.04968548603304175,255.61874539049433,307.08829306403976,3000.0,22.7763250802073,2.7763250802073016,262.9375657160854,0.013622645382150645,7.318820325591048,7.318820325591048,0.3213345568179972,0.0,10.062363860821836,1.0
16.340904540197034,0.9346306592783525,42877.265457338886,0.043409323894398014,3297374.163019789,0.022563270770841224,0.00026658373757803644,0.024865153172221665,0.04969500768064093,255.69432434728031,307.10426312726105,3000.0,22.775644330453815,2.7756443304538143,262.9331058124477,0.013622501419452294,7.238781465167392,7.238781465167392,0.3178299309621839,0.0,9.953136570381298,1.0
16.370432848125766,0.9346591288660336,42879.87764782945,0.043405912830990316,3297474.6036397493,0.022563180223103947,0.0002665418434307215,0.02487086180143773,0.0497005838679724,255.7385946341211,307.1136177655447,3000.0,22.775242082283533,2.7752420822835315,262.93049337536894,0.01362241709036309,7.191898741247826,7.191898741247826,0.3157770492741449,0.0,9.889149914589723,1.0
16.39087672533525,0.9346787319386767,42881.67634886477,0.043403561397608724,3297543.7632212453,0.02256311787730833,0.0002665129654106218,0.02487479204974618,0.049704422892465135,255.76907706981535,307.120059012811,3000.0,22.774963587855236,2.7749635878552352,262.92869455079847,0.013622359023977997,7.1596174809831155,7.1596174809831155,0.3143635094460035,0.0,9.845088748199535,1.0
16.440848910473466,0.9347262802914794,42886.039355892244,0.043397848555572105,3297711.513667338,0.02256296666060076,0.0002664428123529855,0.02488432340507627,0.04971373287803002,255.84301256826114,307.1356826195325,3000.0,22.77428285233367,2.7742828523336684,262.9243314008544,0.013622218178705316,7.08131883259324,7.08131883259324,0.31093487678658654,0.0,9.738207811237118,1.0
16.490821095611683,0.9347733100529837,42890.35499563598,0.04339218481058761,3297877.4345248854,0.022562817102234612,0.00026637327131718566,0.024893748459222882,0.04972293883277468,255.91613975567995,307.15113582568233,3000.0,22.77360212381206,2.7736021238120627,262.92001583808127,0.013622078866795001,7.0038760824013195,7.0038760824013195,0.30754362196738616,0.0,9.632481306381582,1.0
16.49831469914284,0.9347803180605986,42890.998097140684,0.04339133969998471,3297902.158754734,0.022562794816988384,0.0002663628955923992,0.024895152707187316,0.0497243104197681,255.92703643150872,307.1534385417266,3000.0,22.773500045431568,2.7735000454315677,262.91937276663447,0.013622058107385725,6.992336335125742,6.992336335125742,0.3070382822656382,0.0,9.61672580971443,1.0
16.540793280749902,0.934819826877101,42894.62377977763,0.04338656961137817,3298041.545740869,0.022562669183931926,0.0002663043352997707,0.024903068418933354,0.04973204193816505,255.98846744852554,307.16642048904293,3000.0,22.772921402214205,2.7729214022142052,262.9157473436629,0.013621941071590036,6.927279895137332,6.927279895137332,0.3041893384159221,0.0,9.527896909969146,1.0
16.583183976268693,0.93485888849168,42898.20857380884,0.043381843968694954,3298179.3549999595,0.022562544979184924,0.000266246326998606,0.024910892909033724,0.04973968421521725,256.0492017431732,307.1792554931622,3000.0,22.77234396111423,2.7723439611142324,262.9121629570034,0.013621825358607799,6.862961213830147,6.862961213830147,0.3013726310101961,0.0,9.440065712524412,1.0
16.59076546588812,0.9348658363554498,42898.84621446321,0.04338100241307393,3298203.8670425033,0.022562522887620392,0.0002662359973814526,0.024912284476731925,0.04974104336173377,256.0600043666355,307.18153844692813,3000.0,22.77224068746472,2.7722406874647207,262.9115254044988,0.013621804776615596,6.851521037863279,6.851521037863279,0.30087162400469397,0.0,9.424442428024618,1.0
16.640737651026335,0.9349113440187348,42903.02280042545,0.04337548267707021,3298364.4179420974,0.02256237819542882,0.00026616825072523756,0.02492139781123206,0.04974994425738612,256.13075913534385,307.1964915166365,3000.0,22.771559979489055,2.771559979489056,262.90734951307854,0.013621669965575078,6.776590377734692,6.776590377734692,0.2975900809535467,0.0,9.322105793423992,1.0
16.690709836164555,0.9349563553383032,42907.15403312257,0.04337000987086925,3298523.217742548,0.022562235089682,0.00026610108857436283,0.024930409587483708,0.049758745765740076,256.2007402878714,307.2112814959628,3000.0,22.770879278213457,2.7708792782134553,262.90321916733825,0.013621536622345495,6.702478879466867,6.702478879466867,0.2943443157190514,0.0,9.220875062646474,1.0
16.74068202130277,0.9350008757261604,42911.24040273567,0.04336458346806524,3298680.2855373933,0.02256209355290049,0.00026603450425199347,0.024939320957010822,0.04976744901416331,256.2699562653182,307.22591016320297,3000.0,22.770198583564962,2.770198583564962,262.8991338706594,0.013621404730977506,6.6291776053411695,6.6291776053411695,0.2911339389954186,0.0,9.12073841599995,1.0
16.74831469914284,0.9350076328248752,42911.86063003733,0.043363758699421884,3298704.124561395,0.02256207207180878,0.00026602438471143666,0.02494067329933313,0.04976876975585335,256.2804613789915,307.2281304347092,3000.0,22.770094615847338,2.7700946158473383,262.89851382320995,0.013621384712898508,6.618052444218449,6.618052444218449,0.2906466817934289,0.0,9.105539268195255,1.0
16.790654206440987,0.9350449105352934,42915.28239419446,0.04335920294830131,3298835.6402119566,0.022561953567799428,0.0002659684911605788,0.02494813305791046,0.04977605511687047,256.3384154171381,307.24037927726044,3000.0,22.769517895471413,2.7695178954714144,262.8950931318392,0.013621274275694492,6.556677714701095,6.556677714701095,0.28795856569300227,0.0,9.021684157143767,1.0
16.80641466521914,0.9350586985644311,42916.54804789756,0.04335751544993795,3298884.2843374046,0.022561909737768695,0.00026594778908908416,0.024950891848553224,0.049778749375411005,256.35985072008924,307.2449097968687,3000.0,22.76930321826176,2.7693032182617627,262.89382790949156,0.013621233427482896,6.5339771894023215,6.5339771894023215,0.2869643013125605,0.0,8.990666626391183,1.0
16.840626391579203,0.9350884650596901,42919.280487175274,0.04335386779725461,3298989.30044341,0.02256181511728831,0.0002659030427815539,0.024956847014890288,0.04978456517496015,256.40612600114076,307.2546905776527,3000.0,22.768837213861445,2.768837213861445,262.89109646508876,0.013621145240892567,6.484970463948002,6.484970463948002,0.28481781493874514,0.0,8.923700713292234,1.0
16.890598576717423,0.9351315445356398,42923.23515621654,0.0433485775065032,3299141.2847053674,0.022561678184466666,0.00026583815267359605,0.02496546393956184,0.049792980276702106,256.4730961854884,307.26884578493815,3000.0,22.768156538664464,2.768156538664462,262.8871433899137,0.013621017611136757,6.414047204425344,6.414047204425344,0.28171130998388594,0.0,8.826776632520948,1.0
16.94057076185564,0.9351741541432143,42927.14687085119,0.043343331573376165,3299291.611273105,0.022561542752619235,0.00026577381447067587,0.02497398493076919,0.0498013014978591,256.53933405097666,307.28284660120323,3000.0,22.76747586981063,2.767475869810632,262.8832334309783,0.013620891371156655,6.343899380001631,6.343899380001631,0.2786386780984165,0.0,8.730900580654737,1.0
16.990542946993855,0.9352162990062843,42931.016095604486,0.04333812950094021,3299440.298223626,0.022561408805215736,0.0002657100218817873,0.02498241107462405,0.04980952990172158,256.6048475910362,307.2966947100677,3000.0,22.766795207230878,2.766795207230877,262.879366118104,0.013620766505846439,6.274518527067755,6.274518527067755,0.2755995505715679,0.0,8.636061341459413,1.0
16.99831469914284,0.9352228120097683,42931.61405530927,0.04333732437580296,3299463.276080385,0.022561388105832504,0.0002657001493822987,0.02498371306868919,0.049810801323903996,256.6149717868241,307.29883477589567,3000.0,22.76668935008452,2.7666893500845204,262.8787684694135,0.013620747209151782,6.263796682589373,6.263796682589373,0.2751298876297146,0.0,8.621404239024988,1.0
17.040515132132075,0.9352579841928237,42934.84329001847,0.04333297079795951,3299587.3634367255,0.022561276325909763,0.0002656467686903504,0.02499074344459769,0.04981766653919781,256.66964471218256,307.3103917767843,3000.0,22.766114550856873,2.766114550856872,262.87554098624145,0.013620643000263997,6.205896274058887,6.205896274058887,0.2725935626914127,0.0,8.542247816178559,1.0
17.041064985990094,0.9352584403251503,42934.88516931823,0.04333291427513921,3299588.972670205,0.02256127487631903,0.0002656460756801782,0.024990834609700224,0.049817755561699435,256.67035373216754,307.31054165436495,3000.0,22.76610706149414,2.766107061494141,262.8754991304543,0.013620641648815329,6.2051453982867315,6.2051453982867315,0.27256067018949914,0.0,8.541221231471676,1.0
17.09048731727029,0.9352992147149333,42938.62890865067,0.043327854978881954,3299732.8245950793,0.02256114529853858,0.00026558404875394004,0.024998983101556658,0.04982571244884918,256.7337332340325,307.3239394482469,3000.0,22.765433900621044,2.7654339006210438,262.87175757546834,0.013620520839630912,6.138024341435823,6.138024341435823,0.26962035374464693,0.0,8.449449023696653,1.0
17.140459502408508,0.9353399955300634,42942.37340118301,0.04332278156371447,3299876.6991885584,0.022561015707119055,0.0002655218560026572,0.02500713109403733,0.04983366865715905,256.79712089118647,307.3373393533923,3000.0,22.764753256456554,2.7647532564565553,262.8680154308773,0.013620400009328876,6.070894539690812,6.070894539690812,0.2666795669295902,0.0,8.357654097990155,1.0
17.190431687546724,0.9353803315424265,42946.07721254812,0.04331775007788105,3300019.0045192097,0.022560887535843052,0.00026546018443729066,0.025015188458557734,0.049841536178838075,256.8598153354069,307.35059310366387,3000.0,22.764072618297284,2.764072618297286,262.8643141024461,0.013620280494895547,6.004498767039195,6.004498767039195,0.26377084925537025,0.0,8.266852285142752,1.0
17.240403872684944,0.9354202276030112,42949.740782927576,0.04331276005221057,3300159.7577013066,0.022560760769077252,0.00026539902812907197,0.02502315621964943,0.04984931601685576,256.92182413562335,307.36370229301684,3000.0,22.76339198607783,2.7633919860778313,262.86065314503645,0.013620162282024551,5.938829009413098,5.938829009413098,0.2608938515422177,0.0,8.177032943512897,1.0
17.24831469914284,0.935426503313999,42950.317082341186,0.043311973878729725,3300181.8983908505,0.022560740829062814,0.00026538939365720285,0.02502440940472176,0.04985053962744178,256.93157804693266,307.3657643884332,3000.0,22.763284239411263,2.763284239411263,262.86007727086985,0.013620143686778982,5.9284992239371945,5.9284992239371945,0.260441294919688,0.0,8.162903508466528,1.0
17.28852586129489,0.9354582351903624,42953.23108416364,0.04330799353289767,3300293.8483554986,0.022560640008829184,0.0002653406176290645,0.02503074523497444,0.049856725861432694,256.98089604310996,307.3761909611242,3000.0,22.762736559498116,2.7627365594981175,262.85716547842236,0.013620049662887775,5.876269435312395,5.876269435312395,0.2581530309395259,0.0,8.091457871470965,1.0
17.29037605782316,0.93545968850987,42953.36454777494,0.04330781102289965,3300298.9756623623,0.022560635391362133,0.0002653383812191269,0.025031035389943435,0.049857009162524696,256.98315477836144,307.37666849801224,3000.0,22.7627113597335,2.7627113597335002,262.8570321183677,0.013620045356564667,5.873877340006288,5.873877340006288,0.25804822840204295,0.0,8.088185543282783,1.0
17.340348242961376,0.9354987190081457,42956.94893781529,0.043302902531499654,3300436.6751432284,0.022560511387411688,0.00026527823791822384,0.025038826970203727,0.04986461659553364,257.043814667769,307.38949327782603,3000.0,22.762030739200313,2.762030739200313,262.85345058701427,0.013619929704519787,5.809635919245238,5.809635919245238,0.2552336382377342,0.0,8.000299666588802,1.0
17.390320428099596,0.9355373237912235,42960.49437914785,0.04329803412479992,3300572.872702153,0.02256038874210969,0.0002652185925052531,0.025046531949584845,0.04987213928419979,257.10381112739327,307.4021781746273,3000.0,22.76135012441499,2.7613501244149887,262.8499081202999,0.013619815312045562,5.746096992906644,5.746096992906644,0.25244974316102126,0.0,7.9133650051060425,1.0
17.440292613237812,0.9355755075020725,42964.00129336636,0.04329320535469347,3300707.5847195177,0.022560267440505315,0.0002651594393254938,0.025054151305926715,0.04987957818575753,257.1631514022546,307.4147247140195,3000.0,22.760669515314923,2.7606695153149223,262.8464042921747,0.013619702165445415,5.683252889920141,5.683252889920141,0.24969620889649413,0.0,7.827371357196397,1.0
17.490264798376028,0.9356132747332628,42967.47009755761,0.04328841577816587,3300840.827397895,0.022560147467812902,0.0002651007727903915,0.025061686005784442,0.04988693424638774,257.2218426588585,307.4271344050455,3000.0,22.75998891183819,2.7599889118381897,262.8429386812137,0.013619590251170594,5.621096022355175,5.621096022355175,0.24697270478156805,0.0,7.742308628049409,1.0
17.49831469914284,0.9356193199251323,42968.0253428647,0.04328764787239207,3300862.15481668,0.022560128264986944,0.0002650913674746834,0.025062891900285066,0.04988811153274669,257.2312368776065,307.4291207556708,3000.0,22.759879275560305,2.7598792755603063,262.8423839600296,0.01361957233750578,5.611147082423145,5.611147082423145,0.24653676825291548,0.0,7.72869245847852,1.0
17.540236983514244,0.9356506300272347,42970.90120432347,0.04328366495726066,3300972.6167630004,0.022560028809411055,0.00026504258737705135,0.02506913700450814,0.04989420840129624,257.27989198560323,307.43940874027646,3000.0,22.75930831392354,2.7593083139235413,262.8395108705915,0.013619479555819344,5.559618884988254,5.559618884988254,0.2442789037480118,0.0,7.658166829244611,1.0
17.55023150050783,0.9356580521090884,42971.58294342738,0.04328271939801029,3300998.8018455217,0.022560005233982,0.00026503100745501473,0.025070617255230746,0.04989565349666776,257.29142552982853,307.44184751430544,3000.0,22.759172193913628,2.759172193913626,262.8388298027076,0.013619457561675133,5.547404272879078,5.547404272879078,0.24374367510443076,0.0,7.64144797601962,1.0
17.590209168652464,0.9356875778763293,42974.295021780854,0.043278952459067224,3301102.968663801,0.022559911450842376,0.0002649848776280059,0.025076505246274708,0.04990140157474509,257.3373063928146,307.4515491958218,3000.0,22.7586277215104,2.7586277215104,262.83612044808035,0.013619370066136895,5.498814055265768,5.498814055265768,0.2416144823208538,0.0,7.574936078853943,1.0
17.64018135379068,0.9357241227238697,42977.651953658344,0.043274277855611575,3301231.8987763273,0.022559795377809937,0.00026492763814979774,0.025083791664328645,0.04990851468028838,257.39409281441783,307.46355723168455,3000.0,22.757947134538853,2.7579471345388518,262.8327670059503,0.013619261769012285,5.438674191532471,5.438674191532471,0.23897912054107928,0.0,7.492606599160752,1.0
17.690153538928897,0.9357602689654414,42980.97239941111,0.043269640723728936,3301359.422608191,0.022559680576173104,0.00026487086361133994,0.025090997181261964,0.04991554862104641,257.4502581099191,307.47543429218166,3000.0,22.757266552949623,2.757266552949623,262.8294501408521,0.013619154651474591,5.379192030932984,5.379192030932984,0.23637250187394646,0.0,7.411168713925878,1.0
17.740125724067116,0.9357960209489057,42984.25675421961,0.04326504064505384,3301485.555498635,0.02255956703194738,0.00026481454874371793,0.025098122709041024,0.04992250428973213,257.50580906441706,307.48718180594886,3000.0,22.756585976684086,2.756585976684084,262.82616945381545,0.013619048700692917,5.320360389398388,5.320360389398388,0.23379431320891086,0.0,7.330612848512524,1.0
17.74831469914284,0.9358018423492886,42984.791548857414,0.043264290332071347,3301506.093381728,0.02255954854433589,0.0002648053638652102,0.025099282808213,0.0499236367164141,257.5148541139133,307.48909462237236,3000.0,22.756474450704378,2.7564744507043777,262.82563526827045,0.013619031448857552,5.31078115435713,5.31078115435713,0.23337451351972258,0.0,7.317495563736454,1.0
17.790097909205333,0.9358313829746556,42987.50540901055,0.04326047720598781,3301610.312619432,0.02255945473130349,0.0002647586883397185,0.025105169149081293,0.049929382568724506,257.56075238899217,307.49880118602465,3000.0,22.755905405684246,2.755905405684244,262.8229245502262,0.01361894390397569,5.262172161234048,5.262172161234048,0.23124424484202677,0.0,7.250929529461213,1.0
17.827856136854095,0.9358578459412643,42989.93660126342,0.04325705319226932,3301703.673886265,0.022559370695099952,0.00026471677934731484,0.02511044142110115,0.04993452889554842,257.60186777202995,307.507496481626,3000.0,22.755391179982617,2.7553911799826154,262.8204962454696,0.013618865478937679,5.218628473439651,5.218628473439651,0.22933591570292827,0.0,7.191295018291536,1.0
17.84007009434355,0.9358663592956474,42990.718750457236,0.043255949997688135,3301733.708974998,0.022559343660567152,0.00026470327725361826,0.02511213739227693,0.0499361843300977,257.6150947207464,307.5102938298604,3000.0,22.75522483989275,2.7552248398927497,262.81971503982294,0.01361884024877058,5.2046203190765254,5.2046203190765254,0.2287219904745646,0.0,7.172109384569032,1.0
17.890042279481765,0.9359009541184181,42993.89716107071,0.04325145861596551,3301855.7594059845,0.02255923380621579,0.00026464831039985803,0.02511902831922656,0.04994291043584221,257.6688426243798,307.5216611196551,3000.0,22.754544279252876,2.7545442792528747,262.8165405366037,0.013618737722661515,5.147697912223919,5.147697912223919,0.22622724714014525,0.0,7.094143140732484,1.0
17.940014464619985,0.9359351716043031,42997.04101930915,0.04324700266116343,3301976.4785935706,0.02255912515487453,0.0002645937827514962,0.025125842800498212,0.04994956173812424,257.72200259407714,307.53290442275505,3000.0,22.7538637237085,2.7538637237085,262.8134006587148,0.01361863631336512,5.091398064637644,5.091398064637644,0.22375971511742146,0.0,7.017021621335408,1.0
17.9899866497582,0.9359690158694507,43000.15069957698,0.04324258173814905,3302095.8810595134,0.022559017693316072,0.00026453968934002744,0.025132581696654204,0.049956139079310305,257.7745810535244,307.5440250916589,3000.0,22.753183173204118,2.7531831732041168,262.81029502844825,0.013618536008730678,5.035713974923851,5.035713974923851,0.22131909792974777,0.0,6.940735746352696,1.0
17.99831469914284,0.9359746201457073,43000.665642787666,0.04324184835306032,3302115.6529293405,0.02255899989919266,0.00026453071634116566,0.025133697470575218,0.04995722808610904,257.78328736455074,307.54586656466546,3000.0,22.753069757432872,2.7530697574328733,262.80978076672955,0.013618519399134976,5.026493402178801,5.026493402178801,0.22091495590553306,0.0,6.928103027135875,1.0
18.039958834896417,0.936002490985062,43003.22657224458,0.04323819545628324,3302213.9811670003,0.022558911408459822,0.000264486025254949,0.02513924585832047,0.049962643292035244,257.8265843562753,307.55502446409645,3000.0,22.75250262768482,2.752502627684819,262.8072232722212,0.013618436796739476,4.980638915945917,4.980638915945917,0.21890510232863655,0.0,6.865276531945094,1.0
18.089931020034637,0.9360356009774247,43006.26900364911,0.0432338434294101,3302330.7931207605,0.022558806287371717,0.00026443278564356544,0.025145836126214557,0.04996907519922984,257.87801878579796,307.56590386303947,3000.0,22.751822087096308,2.7518220870963077,262.8041850205719,0.0136183386655047,4.926166234773916,4.926166234773916,0.21651743829202105,0.0,6.790635090514633,1.0
18.123502022874632,0.9360576410224486,43008.29429256633,0.04323093880965154,3302408.550333508,0.022558736314791043,0.0002643972555665766,0.025150222348076085,0.04997335591843371,257.912255775259,307.5731458593502,3000.0,22.751364906908115,2.7513649069081154,262.8021625736196,0.013618273342565929,4.8899067983606415,4.8899067983606415,0.2149280633653717,0.0,6.740946254097488,1.0
18.139903205172853,0.9360683498288696,43009.27835618038,0.04322952527576093,3302446.330970446,0.022558702317261054,0.00026437996570974874,0.025152353331357017,0.04997543561432782,257.9288905569595,307.5766645970165,3000.0,22.751141551384876,2.7511415513848747,262.8011799080722,0.013618241603268676,4.87228935111267,4.87228935111267,0.21415581895564667,0.0,6.716802628667315,1.0
18.18987539031107,0.9361007414789295,43012.25498838505,0.04322524061784015,3302560.608614716,0.022558599485476758,0.00026432756071247923,0.02515879829532235,0.04998172534151159,257.9792058178228,307.58730796049315,3000.0,22.75046102049739,2.7504610204973887,262.7982075732211,0.013618145598399396,4.81900175539829,4.81900175539829,0.2118199605298782,0.0,6.643770444716917,1.0
18.239847575449286,0.9361327798243535,43015.199254965926,0.04322098908241689,3302673.639801291,0.022558497779507237,0.0002642755659656805,0.025165171830261776,0.0499879451757347,258.02897064966487,307.5978352338771,3000.0,22.749780494381294,2.7497804943812945,262.7952676584437,0.013618050639390575,4.766297008778849,4.766297008778849,0.20950958229931152,0.0,6.571529928775069,1.0
18.24831469914284,0.9361381735707524,43015.69494051285,0.04322027197119232,3302692.6689224103,0.022558480657429353,0.0002642667964577832,0.025166244722167646,0.049988992176054785,258.0373485394627,307.5996075302349,3000.0,22.749665188729768,2.7496651887297676,262.7947727154455,0.013618034652645602,4.7574241759828055,4.7574241759828055,0.20912062382085708,0.0,6.559367553014896,1.0
18.289819760587505,0.936164468719333,43018.11150680073,0.04321677030049712,3302785.4381277445,0.02255839718697958,0.00026422397683781805,0.02517147473896798,0.049994095902785377,258.0781910673253,307.60824768359225,3000.0,22.74909997298461,2.74909997298461,262.79235981007025,0.013617956714860944,4.71416874274496,4.71416874274496,0.2072244066069958,0.0,6.500072562358215,1.0
18.33979194572572,0.9361958119755354,43020.99209094315,0.04321258390731388,3302896.01704163,0.022558297695659358,0.00026417278875171945,0.025177707814901047,0.05000017829931212,258.1268730192545,307.6185465620899,3000.0,22.748419456255924,2.7484194562559257,262.78948367833306,0.013617863813554221,4.6626106590785525,4.6626106590785525,0.2049641588526412,0.0,6.429389918429921,1.0
18.389764130863938,0.9362268133630062,43023.8413507038,0.04320842954223729,3303005.389843655,0.022558199293447694,0.0002641219971834154,0.025183871842386907,0.05000619313301802,258.1750223889145,307.62873310814484,3000.0,22.747738944144395,2.747738944144393,262.7866389172839,0.013617771924336438,4.611616528369382,4.611616528369382,0.2027285674278621,0.0,6.359473659472128,1.0
18.43959899428926,0.9362573928097445,43026.65192338207,0.043204318134601676,3303113.2740400415,0.022558102234358283,0.00026407173562364295,0.025189950938793896,0.050012124908775824,258.22251484783243,307.63878101141466,3000.0,22.74706030660301,2.7470603066030117,262.78383287451976,0.013617681284588254,4.561318026687331,4.561318026687331,0.20052340677020464,0.0,6.290504547734631,1.0
18.439736316002158,0.9362574766112687,43026.65962574939,0.04320430684866644,3303113.5696915677,0.02255810196837768,0.0002640715976607612,0.025189967596854497,0.050012141162892945,258.22264499648696,307.63880854721725,3000.0,22.74705843659971,2.747058436599709,262.7838251846926,0.013617681036192712,4.56118018820564,4.56118018820564,0.20051736363708297,0.0,6.290315535105394,1.0
18.489708501140374,0.9362878054093398,43029.44725210231,0.043200215474021794,3303220.5696002073,0.022558005708614253,0.00026402158576328767,0.025195995844857065,0.050018023139234605,258.2697465988954,307.6487740914573,3000.0,22.746377933572116,2.746377933572117,262.7810421420464,0.01361759113822722,4.511295543150993,4.511295543150993,0.1983302816969653,0.0,6.22190738216259,1.0
18.49831469914284,0.9362929951357993,43029.924267136674,0.04319951399422696,3303238.8789395927,0.02255798923745475,0.0002640130115327147,0.025197027269743322,0.05001902951873079,258.27780625279917,307.65047935021846,3000.0,22.74626073795268,2.74626073795268,262.78056592040303,0.013617575755179542,4.502759667603868,4.502759667603868,0.19795603855410424,0.0,6.210201256437265,1.0
18.53968068627859,0.9363178034059425,43032.204562158346,0.0431961550697192,3303326.4024422597,0.022557910502453447,0.0002639719571218287,0.025201957344132265,0.050023839803707545,258.3163328901338,307.65863093977543,3000.0,22.745697435012403,2.745697435012402,262.77828945452967,0.013617502219662595,4.461956564395848,4.461956564395848,0.1961670587215131,0.0,6.154241124312916,1.0
18.589652871416806,0.9363474742095403,43034.931884688034,0.04319212529116068,3303431.0809483705,0.022557816338322195,0.00026392270741835484,0.02520785284362651,0.050029591889367064,258.3624095013183,307.6683802778534,3000.0,22.745016940871892,2.745016940871892,262.77556679102133,0.013617414269839851,4.413157289703008,4.413157289703008,0.1940274347201184,0.0,6.087308772088915,1.0
18.639625056555026,0.9363768213891852,43037.62954491285,0.04318812579765024,3303534.617710147,0.022557723204775594,0.00026387383238489194,0.025213683083680768,0.050035280120841255,258.407982002005,307.67802327842287,3000.0,22.744336451102445,2.744336451102446,262.77287382401664,0.01361732727821588,4.364891822011657,4.364891822011657,0.1919111525366169,0.0,6.0211024210663355,1.0
18.689597241693242,0.9364058484755642,43040.29786459975,0.0431841562522914,3303637.025183842,0.022557631090493475,0.0002638253278022169,0.025219448796255286,0.050040905214550985,258.45305590181727,307.6875611016097,3000.0,22.74365596565644,2.7436559656564397,262.7702102295313,0.013617241234360379,4.317154327714036,4.317154327714036,0.1898179577739419,0.0,5.955614249591095,1.0
18.73956942683146,0.9364345589610147,43042.93716206084,0.043180216321980124,3303738.3156904094,0.022557539984280322,0.00026377718949972167,0.0252251507049491,0.05004646787872914,258.49763665046817,307.69699489493837,3000.0,22.742975484486767,2.7429754844867653,262.76757568710025,0.013617156127955833,4.269939036632081,4.269939036632081,0.18774759879351116,0.0,5.8908365188422085,1.0
18.74831469914284,0.9364395510832725,43043.39608612625,0.043179529843392045,3303755.9278827636,0.022557524143254782,0.00026376880251287186,0.0252261420484212,0.05004743499418886,258.5053881059432,307.6986352242088,3000.0,22.742856398813046,2.7428563988130477,262.7671175980884,0.013617141329717803,4.261729492145207,4.261729492145207,0.18738760942832264,0.0,5.87957270617611,1.0
18.77937272016796,0.936457202907255,43045.01883179409,0.043177099101013715,3303818.203464837,0.02255746813121758,0.0002637391062210337,0.025229647154044414,0.05005085439148303,258.5327963794525,307.70443532325663,3000.0,22.742433478164816,2.7424334781648168,262.765497824736,0.013617089003847676,4.232701445283453,4.232701445283453,0.18611471148623132,0.0,5.839743664066897,1.0
18.789541611969675,0.9364629562997244,43045.54775217016,0.043176305677380844,3303838.5014162147,0.02255744987506452,0.0002637294133550705,0.025230789525055947,0.05005196881347554,258.54172963807116,307.70632579339826,3000.0,22.74229500754683,2.742295007546829,262.7649698797589,0.013617071948796926,4.2232402416877335,4.2232402416877335,0.18569982670114377,0.0,5.826761572471716,1.0
18.839513797107895,0.9364910439077666,43048.129946365305,0.04317242399291764,3303937.5944131543,0.022557360751898237,0.00026368199529404394,0.025236365963587172,0.050057408710779454,258.58534019519425,307.7155549194548,3000.0,22.74161453479055,2.7416145347905507,262.7623924940403,0.013616988686790472,4.177052298846036,4.177052298846036,0.18367439534497002,0.0,5.763381836618292,1.0
18.88948598224611,0.936518825163897,43050.68405271915,0.04316857094669542,3304035.6066014674,0.022557272603954782,0.00026363493128952884,0.025241880719445622,0.05006278825468993,258.6284735941002,307.72468338331157,3000.0,22.740934066172354,2.740934066172353,262.75984321990165,0.013616906331953066,4.131369625801426,4.131369625801426,0.18167106125807428,0.0,5.700689818189811,1.0
18.939458167384327,0.9365463034105495,43053.210376029805,0.04316474622040286,3304132.549773251,0.02255718542052541,0.00026358821736028584,0.025247334483638577,0.05006810812152428,258.67113505029494,307.7337122832374,3000.0,22.740253601647147,2.740253601647148,262.75732175063354,0.013616824874408153,4.086186700338601,4.086186700338601,0.17968958358681741,0.0,5.638678102695662,1.0
18.989430352522547,0.9365734819538514,43055.70921782055,0.04316094949930586,3304228.435592514,0.022557099191019166,0.00026354184957082466,0.025252727939295675,0.050073368979885666,258.7133297225511,307.74264270557137,3000.0,22.739573141170336,2.739573141170337,262.7548277828576,0.013616744304385997,4.0414980603064805,4.0414980603064805,0.17772972409008364,0.0,5.577339354296768,1.0
18.99831469914284,0.9365782827849379,43056.150621983754,0.04316027740442859,3304245.3729101894,0.02255708395970937,0.000263533641978081,0.025253680556641473,0.05007429815832892,258.7207828554161,307.744220179709,3000.0,22.73945216535734,2.7394521653573385,262.7543872471786,0.01361673007236214,4.0336043917625375,4.0336043917625375,0.17738353423956163,0.0,5.566504098471405,1.0
19.039402537660763,0.936600364063811,43058.18087635562,0.04315718047222526,3304323.275595833,0.022557013904962314,0.0002634958240310877,0.025258061761720827,0.050078571490714235,258.75506271320154,307.75147572478437,3000.0,22.73889268469781,2.7388926846978077,262.75236101651024,0.013616664612223163,3.997298303308696,3.997298303308696,0.17579124712606112,0.0,5.516666315464056,1.0
19.08937472279898,0.9366269529743543,43060.625646642104,0.043153438831528515,3304417.08119249,0.022556929551998065,0.0002634501368963042,0.025263336618413988,0.05008371630730836,258.79633906819555,307.76021240349127,3000.0,22.738212232185933,2.738212232185934,262.74992115483866,0.013616585788362386,3.9535820866431095,3.9535820866431095,0.1738739196499721,0.0,5.456651806978223,1.0
19.139346907937195,0.9366532518840722,43063.04382049733,0.04314972427305593,3304509.863667106,0.022556846121884206,0.0002634047843660476,0.025268553169233526,0.05008880407548378,258.83716377826363,307.7688537926965,3000.0,22.737531783591567,2.7375317835915665,262.74750790433256,0.013616507823350431,3.910344126068935,3.910344126068935,0.1719775111602402,0.0,5.397288726314063,1.0
19.146497800478464,0.9366569916580919,43063.387696683465,0.04314919492655292,3304523.057578632,0.02255683425813123,0.00026339832168066206,0.02526929491392136,0.05008952749373326,258.84296904075853,307.7700826209328,3000.0,22.737434413446984,2.7374344134469855,262.7471647337737,0.01361649673645074,3.90419569301514,3.90419569301514,0.1717078374817076,0.0,5.388846887408732,1.0
19.189319093075415,0.9366792639571699,43065.43568663467,0.04314603649602857,3304601.634182987,0.022556763604490025,0.0002633597626830686,0.025273712066598387,0.05009383543377148,258.8775417803936,307.7774009321059,3000.0,22.736851338872018,2.7368513388720186,262.74512097463696,0.013616430707835235,3.867579194243376,3.867579194243376,0.17010179363011343,0.0,5.338570045567626,1.0
19.23929127821363,0.9367049923234803,43067.80153066349,0.0431423752030423,3304692.403782171,0.02255668198979618,0.0002633150681331825,0.02527881395550431,0.05009881101343368,258.9174779578536,307.7858548501309,3000.0,22.73617089798507,2.736170897985067,262.742760078551,0.013616354432565944,3.825282120697409,3.825282120697409,0.16824654150697002,0.0,5.280488811500441,1.0
19.24831469914284,0.9367096080663825,43068.225976760485,0.04314171688753141,3304708.6881092875,0.02255666734817,0.0002633070322719095,0.025279729170964698,0.05009970355140661,258.92464247048275,307.7873715073352,3000.0,22.73604803194926,2.73604803194926,262.742336527004,0.013616340748475689,3.8176940565212476,3.8176940565212476,0.1679137047545171,0.0,5.270068558218306,1.0
19.289263463351848,0.9367304400786404,43070.1416351041,0.04313874010004707,3304782.183386059,0.022556601267894126,0.0002632706970449757,0.025283859473572125,0.050103731438511226,258.9569771404676,307.79421656394703,3000.0,22.73549046088895,2.7354904608889505,262.74042493201154,0.01361627898839235,3.7834477915439493,3.7834477915439493,0.16641153169985398,0.0,5.223038145214012,1.0
19.339235648490067,0.9367556102841289,43072.45627938982,0.04313513089633902,3304870.9837955385,0.02255652142898592,0.0002632266457896705,0.02528884925106825,0.05010859732584384,258.99604410467504,307.80248707950585,3000.0,22.734810027542366,2.7348100275423657,262.7381152540901,0.013616204366264838,3.7420711494150396,3.7420711494150396,0.1645965435770812,0.0,5.16621124213833,1.0
19.389207833628284,0.9367805059679687,43074.74573993042,0.0431315473044914,3304958.815693464,0.02255644246338193,0.0002631829107802434,0.025293783911056803,0.05011340928521898,259.0346835746251,307.81066739176583,3000.0,22.734129597904463,2.7341295979044626,262.7358307669281,0.013616130557232296,3.701147192302983,3.701147192302983,0.16280135891563402,0.0,5.110001370509574,1.0
19.4391800187665,0.9368051301256287,43077.010290193764,0.04312798904026724,3305045.6896478417,0.02255636436149796,0.00026313948847032155,0.025298664069590946,0.050118167919559226,259.0729002235814,307.81875848498885,3000.0,22.73344917193483,2.733449171934829,262.7335711956542,0.013616057552439475,3.660670972072751,3.660670972072751,0.16102576183608627,0.0,5.0544018693930735,1.0
19.489152203904716,0.9368294857200377,43079.25020070589,0.04312445582261397,3305131.6161118755,0.022556287113855107,0.00026309637535408044,0.02530349033572779,0.05012287382493698,259.1106986739446,307.8267613327445,3000.0,22.73276874959349,2.7327687495934905,262.73133626838285,0.013615985343126948,3.6206375944382216,3.6206375944382216,0.15926953880190975,0.0,4.999406148720691,1.0
19.49831469914284,0.9368339224614478,43079.658240693505,0.04312381069561862,3305147.2689222647,0.02255627304228329,0.0002630885037507719,0.025304369441944294,0.05012373098797836,259.11758408526794,307.82821917300254,3000.0,22.732643993252903,2.732643993252904,262.7309291424385,0.01361597218902413,3.6133450571705907,3.6133450571705907,0.15894961704599955,0.0,4.989387563898046,1.0
19.539124389042936,0.9368535756817511,43081.46573906518,0.04312094737364397,3305216.605424555,0.02255621071107923,0.00026305356796597066,0.025308263311573636,0.05012752759061884,259.14808349751473,307.8346768979652,3000.0,22.73208833084091,2.73208833084091,262.72912571619946,0.013615913920630633,3.581042218684729,3.581042218684729,0.15753247860762024,0.0,4.945007688977621,1.0
19.54581334912184,0.9368567802106057,43081.76046182604,0.043120479619605925,3305227.9109927444,0.022556200547899107,0.00026304786105511775,0.02530889818013879,0.050128146589093016,259.15305644959284,307.8357298534432,3000.0,22.73199725456804,2.7319972545680398,262.7288316610101,0.013615904419711916,3.5757752114172376,3.5757752114172376,0.15730140961101333,0.0,4.937771230193972,1.0
19.589096574181152,0.9368774029089864,43083.65716994446,0.04311746341862731,3305300.667810784,0.022556135143900747,0.000263011062880594,0.025312983592302662,0.050132129799084005,259.185059215547,307.84250613295745,3000.0,22.731407915637988,2.7314079156379862,262.72693927315675,0.013615843276381708,3.541880057609717,3.541880057609717,0.1558143723765167,0.0,4.891200041188456,1.0
19.63906875931937,0.9369009702682854,43085.824755150796,0.043114003685926876,3305383.8133837143,0.022556060403152528,0.00026296885671187726,0.025317651766299912,0.05013668102616432,259.2216302997852,307.85024997961983,3000.0,22.730727503946046,2.730727503946045,262.72477667621393,0.013615773401904669,3.503146376428731,3.503146376428731,0.1541150135129017,0.0,4.837976825476516,1.0
19.689040944457588,0.936924280595371,43087.96875370313,0.04311056790691566,3305466.0521477656,0.022555986479767094,0.00026292694611202897,0.025322268415342197,0.05014118184122132,259.2578011737949,307.85790936972415,3000.0,22.730047095726828,2.7300470957268272,262.7226376651584,0.013615704288814772,3.464836491363485,3.464836491363485,0.1524341976403059,0.0,4.785331729183352,1.0
19.739013129595804,0.9369473366951607,43090.08942183251,0.04310715581597182,3305547.39399868,0.022555913364776563,0.00026288532777144657,0.025326834114612003,0.050145632807160015,259.29357621298834,307.86548522492023,3000.0,22.729366690942488,2.7293666909424887,262.72052198260417,0.013615635928818055,3.426945769615827,3.426945769615827,0.15077172260067606,0.0,4.73325850689626,1.0
19.74831469914284,0.9369516004002134,43090.48159723624,0.043106523300402315,3305562.4363373187,0.02255589984404654,0.00026287761314310943,0.025327678372231925,0.05014645582942158,259.30019185011724,307.86688620827704,3000.0,22.729240044216784,2.729240044216784,262.72013073488756,0.013615623287107368,3.4199388847703176,3.4199388847703176,0.15046428644852494,0.0,4.723628492345258,1.0
19.78898531473402,0.9369701413419237,43092.18701299549,0.04310376715046046,3305627.8487240695,0.022555841049312075,0.00026284399841846164,0.025331349432739396,0.05015003448046994,259.3289597448699,307.8729784567873,3000.0,22.7286862895556,2.7286862895556,262.7184293739777,0.013615568313710842,3.3894696291077935,3.3894696291077935,0.14912738844327045,0.0,4.681750980152442,1.0
19.838957499872237,0.9369926972793161,43094.261777876265,0.043100401650726906,3305707.426003546,0.022555769524603673,0.00026280295481922577,0.02533581493181978,0.05015438741124268,259.3639560490937,307.8803899668456,3000.0,22.728005891529143,2.728005891529142,262.71635958751466,0.01361550143537968,3.3524035384209583,3.3524035384209583,0.14750099742232195,0.0,4.63080303741677,1.0
19.888929685010456,0.9370150072210032,43096.31396444293,0.04309705906003589,3305786.135410911,0.02255569878197825,0.00026276219377693774,0.02534023116754754,0.05015869214330273,259.39856935843335,307.8877206467609,3000.0,22.727325496826502,2.727325496826502,262.7143123742026,0.013615435285799487,3.3157430157692716,3.3157430157692716,0.1458923539521736,0.0,4.580408632726281,1.0
19.938901870148673,0.9370370738514746,43098.343818021545,0.04309373912449303,3305863.9864170374,0.022555628812856953,0.00026272171213085526,0.02534459868938775,0.05016294921437556,259.43280386005335,307.8949713786124,3000.0,22.72664510541146,2.72664510541146,262.71228748770636,0.013615369857031165,3.2794836276530077,3.2794836276530077,0.14430126454837486,0.0,4.530561783893527,1.0
19.983507557542694,0.9370565673959361,43100.13701968614,0.043090794647672,3305932.7595834373,0.022555567004150713,0.00026268581125155185,0.025348456479238314,0.05016670929464058,259.46304533109253,307.90137663671965,3000.0,22.72603778377107,2.7260377837710688,262.71049871370235,0.013615312057097127,3.2474533826098195,3.2474533826098195,0.14289571343267168,0.0,4.48652566181171,1.0
19.98887405528689,0.937058899826057,43100.3515812962,0.04309044159304039,3305940.9883899097,0.022555559608755087,0.00026268150675621134,0.025348918040588628,0.05016715915609993,259.4666636955299,307.90214303489677,3000.0,22.72596471724819,2.7259647172481882,262.7102846843669,0.013615305141221567,3.2436209888369945,3.2436209888369945,0.14272753782703898,0.0,4.481256572533903,1.0
19.99831469914284,0.9370629963339653,43100.7284227457,0.04308982112576853,3305955.4408575245,0.022555546620082165,0.00026267394201106545,0.02534972867801057,0.0501679492401038,259.4730186868567,307.90348908002176,3000.0,22.725836180058714,2.7258361800587156,262.70990877905797,0.013615292994672304,3.2368900922012926,3.2368900922012926,0.14243216692029018,0.0,4.4720022792681915,1.0
20.03884624042511,0.9370804877710627,43102.33749432185,0.04308716621743943,3306017.150595148,0.022555491161281617,0.00026264157456397705,0.025353189758220884,0.05017132249406648,259.5001529610858,307.909236478577,3000.0,22.725284332301253,2.725284332301252,262.7083037231876,0.013615241130603058,3.208150762101809,3.208150762101809,0.14117098449420978,0.0,4.432487143779086,1.0
20.088818425563325,0.9371018402838229,43104.30179452642,0.04308391275226478,3306092.4821961313,0.02255542346213899,0.00026260191250075644,0.02535741437319393,0.05017543974783367,259.5332757076439,307.91625256309345,3000.0,22.724603950535606,2.7246039505356054,262.706344365831,0.013615177817493452,3.1730686581871055,3.1730686581871055,0.13963141734368129,0.0,4.3842477062543965,1.0
20.13879061070154,0.937122959933275,43106.24471676387,0.04308068095484704,3306166.9922560607,0.022555356503121297,0.0002625625175480615,0.025361592410381568,0.05017951143105093,259.56603594174373,307.9231921325566,3000.0,22.723923571916586,2.723923571916587,262.7044063765655,0.013615115194294258,3.138370434821752,3.138370434821752,0.13810865121463067,0.0,4.336532530796038,1.0
20.188762795839757,0.9371438492607355,43108.166493384495,0.0430774705851985,3306240.689740696,0.022555290276111712,0.000262523386721379,0.02536572438878427,0.05018353805161736,259.5984376267461,307.9300560220014,3000.0,22.723243196409907,2.723243196409907,262.70248952219373,0.013615053253488421,3.1040518954476397,3.1040518954476397,0.13660250293576295,0.0,4.289335948744484,1.0
20.238734980977977,0.9371645107799136,43110.067354235245,0.04307428140600898,3306313.583518393,0.022555224773082482,0.0002624845170700925,0.02536981082154086,0.05018752011169343,259.6304846828568,307.9368450573912,3000.0,22.722562823981647,2.7225628239816477,262.7005935720518,0.013614991987640272,3.070108889195012,3.070108889195012,0.1351127913245237,0.0,4.242652351962341,1.0
20.24831469914284,0.9371684458004217,43110.42938107971,0.04307367243800787,3306327.4662589445,0.02255521229811865,0.0002624770953076601,0.025370589034784733,0.050188278428211046,259.636587952483,307.9381380404124,3000.0,22.7224323962515,2.7224323962514982,262.70023248521073,0.0136149803193976,3.0636445327277215,3.0636445327277215,0.1348290746035239,0.0,4.233761191346791,1.0
20.288707166116193,0.9371849469770501,43111.947526671735,0.04307111318263,3306385.682360603,0.02255515998609439,0.0002624459056772634,0.02537385221596488,0.050191458107736536,259.6621809873456,307.943560055664,3000.0,22.721882454598262,2.7218824545982625,262.69871829799627,0.013614931389395131,3.036537310650658,3.036537310650658,0.13363933717719542,0.0,4.196476192565741,1.0
20.33867935125441,0.9372051603109522,43113.8072355605,0.04306796568306871,3306456.9949419913,0.022555095907296666,0.00026240754965953114,0.025377849073560256,0.050195352530516456,259.69353037460286,307.9502018247433,3000.0,22.721202088226576,2.7212020882265744,262.69686347440125,0.013614871451479245,3.0033330997983967,3.0033330997983967,0.1321819632665752,0.0,4.1508019828924905,1.0
20.38865153639263,0.9372251532135427,43115.646703328806,0.04306483867793455,3306527.5298423725,0.022555032528925167,0.000262369446166437,0.02538180189013849,0.050199203865230094,259.7245366369966,307.95677116371894,3000.0,22.72052172483377,2.7205217248337688,262.6950288781076,0.01361481216669812,2.9704922411110033,2.9704922411110033,0.13074049430230397,0.0,4.105624294298882,1.0
20.438623721530846,0.9372449280905972,43117.46615003166,0.04306173194036859,3306597.2955493173,0.02255496984330003,0.0002623315923795388,0.025385711155972806,0.05020301259165238,259.7552035260221,307.96326886308924,3000.0,22.719841364387385,2.719841364387384,262.6932142883557,0.013614753527934377,2.9380107623335903,2.9380107623335903,0.12931475687760863,0.0,4.060937755529564,1.0
20.467797660573556,0.937256372886117,43118.5191802088,0.043059927496525256,3306637.672753588,0.02255493356444877,0.00026230960753649416,0.025387973458319776,0.05020521663030504,259.7729515464415,307.96702943466886,3000.0,22.719444168893453,2.719444168893455,262.6921640866981,0.013614719590273078,2.9192125402565807,2.9192125402565807,0.12848961086175906,0.0,4.035074543326467,1.0
20.48859590666906,0.9372644873217566,43119.265793352155,0.04305864524603974,3306666.30045819,0.022554907842825597,0.0002622939855123402,0.025389577355808764,0.050206779184146705,259.78553475232343,307.96969570476506,3000.0,22.71916100685531,2.7191610068553103,262.6914194867841,0.013614695528147723,2.905884734460699,2.905884734460699,0.12790457946857603,0.0,4.016737052732922,1.0
20.49831469914284,0.9372682664323329,43119.61351334821,0.043058047242469005,3306679.6331489696,0.022554895863666186,0.0002622867000229884,0.025390324308496432,0.05020750687218561,259.7913950156901,307.97093745834684,3000.0,22.719028688509354,2.7190286885093546,262.69107270660925,0.013614684321741689,2.899677690919134,2.899677690919134,0.12763211538113464,0.0,4.008196705676243,1.0
20.538568091807278,0.9372838332606575,43121.04584861274,0.043055578373130114,3306734.5528726145,0.022554846519989975,0.00026225662281008876,0.02539340096889812,0.05021050411169818,259.8155339858995,307.97605246211265,3000.0,22.71848065220579,2.71848065220579,262.6896442574174,0.01361463816037457,2.8741102715179068,2.8741102715179068,0.12650979242482277,0.0,3.9730169292060182,1.0
20.588540276945498,0.9373029682349662,43122.806528777604,0.043052531102329136,3306802.061004591,0.022554785867364868,0.0002622195015496801,0.02539718246901348,0.05021418783792803,259.84520485616014,307.9823398999649,3000.0,22.717800300407415,2.7178003004074136,262.6878883866635,0.013614581417727931,2.8426835305033364,2.8426835305033364,0.1251302279672014,0.0,3.9297721853593965,1.0
20.638512462083714,0.9373218945468964,43124.54804449955,0.04304950321678353,3306868.832976321,0.022554725877603952,0.0002621826190390261,0.025400922324558286,0.050217830821201265,259.8745509527333,307.9885587747914,3000.0,22.717119951429115,2.7171199514291167,262.68615166326566,0.013614525293395914,2.811600710532389,2.811600710532389,0.12376572015043277,0.0,3.886997677581636,1.0
20.68848464722193,0.9373406144739082,43126.270604183635,0.043046494502030505,3306934.8768226793,0.022554666543440603,0.00026214597261621855,0.02540462099871255,0.050221433514769376,259.90357582655537,307.994709834928,3000.0,22.71643960524017,2.716439605240168,262.68443387823885,0.013614469780639654,2.780858051683481,2.780858051683481,0.1224161048125693,0.0,3.8446883166901458,1.0
20.73845683236015,0.937359130268721,43127.97441398765,0.04304350474599409,3307000.2004912505,0.022554607857687817,0.00026210955964946247,0.025408278949442878,0.050224996366780156,259.9322829898941,308.00079382058135,3000.0,22.71575926181017,2.7157592618101702,262.6827348248681,0.013614414872793268,2.750451834974001,2.750451834974001,0.12108121957420424,0.0,3.802839067940533,1.0
20.74831469914284,0.9373627589124219,43128.30832305311,0.04304291718623628,3307013.0023353454,0.022554596356876164,0.00026210240391346084,0.025408995772876627,0.05022569453366625,259.93790875049297,308.00198613322254,3000.0,22.71562505277509,2.7156250527750876,262.6824018518916,0.013614404112145755,2.744493101398632,2.744493101398632,0.12081961623430419,0.0,3.79463749231587,1.0
20.788429017498366,0.9373774441594372,43129.65967783281,0.04304053373897141,3307064.811842775,0.022554549813237807,0.0002620733775368873,0.025411896629534022,0.05022851982030872,259.9606759165434,308.00681146386916,3000.0,22.715078921109058,2.715078921109058,262.6810542986975,0.013614360563263522,2.720378382154138,2.720378382154138,0.11976090382966259,0.0,3.7614449507839534,1.0
20.838401202636582,0.9373955583495738,43131.32659740603,0.04303758127362735,3307128.718651253,0.022554492403061878,0.00026203742370646077,0.025415474486602356,0.0502320043133707,259.988758041876,308.0127634888309,3000.0,22.714398583107098,2.714398583107097,262.67939209752706,0.01361430684552972,2.69063405565106,2.69063405565106,0.11845499874480976,0.0,3.720501038831288,1.0
20.8883733877748,0.93741347501855,43132.975372204106,0.04303464714494745,3307191.9286056706,0.022554435620208844,0.00026200169561539465,0.02541901296319923,0.05023545027902347,260.0165327636044,308.01865061158793,3000.0,22.713718247774878,2.7137182477748794,262.67774802136813,0.013614253713142288,2.661215257763729,2.661215257763729,0.11716334722186807,0.0,3.680002458782229,1.0
20.93834557291302,0.937431196322352,43134.606199594265,0.04303173115017467,3307254.4493123377,0.022554379457802896,0.00026196619074935384,0.025422512496948955,0.050238858145501206,260.0440034428168,308.02447354056176,3000.0,22.713037915083312,2.713037915083312,262.67612187238217,0.013614201159720785,2.6321184295653666,2.6321184295653666,0.11588579385135553,0.0,3.6399443889497287,1.0
20.988317758051235,0.9374487243935448,43136.21927481464,0.0430288330888059,3307316.2882949403,0.022554323909043543,0.00026193090662239495,0.025425973520557987,0.050242228336223924,260.0711734039993,308.03023297647826,3000.0,22.71235758500362,2.712357585003619,262.67451345488007,0.013614149178953913,2.6033400508807745,2.6033400508807745,0.11462218491134062,0.0,3.600322059267255,1.0
20.99831469914284,0.9374522078774843,43136.53985684187,0.04302825546645906,3307328.578015832,0.022554312869573958,0.00026192387430854305,0.02542666131388522,0.05024289805776772,260.0765729510568,308.0313775920093,3000.0,22.71222148520792,2.7122214852079205,262.67419380210856,0.013614138848383773,2.597620851051772,2.597620851051772,0.11437106021282674,0.0,3.5924474957315358,1.0
21.00965461354299,0.9374561500894067,43136.90265664722,0.043027601104421775,3307342.4861276723,0.022554300376414083,0.0002619159078346575,0.02542743966368813,0.050243655947936866,260.0826834888272,308.03267293801093,3000.0,22.712067102105063,2.712067102105063,262.67383205536623,0.013614127157398171,2.5911485665390614,2.5911485665390614,0.11408686646134915,0.0,3.583535909124042,1.0
21.03828994318945,0.9374660613413885,43137.81479098436,0.043025952762579256,3307377.45299494,0.022554268967205214,0.00026189584077679123,0.025429396461844275,0.05024556126982628,260.09804593521875,308.0359296124056,3000.0,22.711677257507336,2.711677257507337,262.672922575311,0.013614097764599153,2.5748766400922705,2.5748766400922705,0.11337236835915084,0.0,3.5611307510588337,1.0
21.08826212832767,0.9374832092518708,43139.39293910591,0.04302308997546892,3307437.950771696,0.02255421462563712,0.0002618609907829512,0.02543278174375021,0.05024885736017028,260.1246242881764,308.04156413376495,3000.0,22.710996932566317,2.7109969325663186,262.6713490422599,0.013614046910482671,2.5467247540835274,2.5467247540835274,0.11213619382915176,0.0,3.522365796998868,1.0
21.138234313465887,0.9375001701881629,43140.95390810655,0.04302024453364113,3307497.7889040695,0.02255416087776183,0.0002618263542388637,0.025436129784438988,0.05025211701643968,260.1509116789202,308.04713721848054,3000.0,22.710316610152724,2.710316610152723,262.6697926664052,0.013613996610497997,2.5188809874850335,2.5188809874850335,0.11091351259977411,0.0,3.484022580106998,1.0
21.188206498604103,0.9375169461912539,43142.497884896125,0.043017416245393916,3307556.9745926647,0.022554107717073172,0.00026179192876934614,0.025439440997425924,0.05025534064326845,260.1769112888332,308.0526495371878,3000.0,22.70963629023901,2.70963629023901,262.6682532604609,0.01361394685860413,2.491341971627719,2.491341971627719,0.10970417754768447,0.0,3.446096532339002,1.0
21.23817868374232,0.937533539279961,43144.02505436739,0.04301460492115417,3307615.5149598606,0.022554055137136216,0.0002617577120259906,0.025442715791586485,0.050258528640748694,260.20262626465234,308.05810175323677,3000.0,22.708955972797938,2.708955972797936,262.66673063917546,0.013613897648825531,2.4641043745231173,2.4641043745231173,0.10850804314715128,0.0,3.4085831345943554,1.0
21.24831469914284,0.9375368827743285,43144.33278109061,0.043014036743985205,3307627.310797962,0.022554044542455316,0.0002617507969898628,0.02544337562204089,0.05025917096148608,260.20780767168975,308.05920037049674,3000.0,22.70881798217198,2.7088179821719782,262.66642383218,0.013613887733052029,2.4586161604902372,2.4586161604902372,0.10826702483680234,0.0,3.401024110957161,1.0
21.28815086888054,0.9375499514510385,43145.535599405564,0.04301181037346569,3307673.417050203,0.0225540031315869,0.00026172370168700115,0.025445954571183795,0.0502616814044577,260.22805971864125,308.06349452272815,3000.0,22.70827565780256,2.7082756578025577,262.66522461932203,0.01361384897525179,2.4371649006807843,2.4371649006807843,0.10732496546224438,0.0,3.3714779164985096,1.0
21.338123054018755,0.9375661846792104,43147.02970089075,0.043009032416984186,3307730.68783051,0.022553951694131918,0.0002616898954571152,0.025449157735880794,0.05026479932546983,260.25321472864323,308.06882849452376,3000.0,22.707595345226228,2.7075953452262285,262.6637350196952,0.013613800832037557,2.4105202910519665,2.4105202910519665,0.10615480214459279,0.0,3.334776456358967,1.0
21.38809523915697,0.9375822409175992,43148.507537736936,0.04300627086843607,3307787.3341913945,0.0225539008185473,0.0002616562910670854,0.025452325680830612,0.050267882790445,260.27809433875115,308.07410431038755,3000.0,22.70691503504259,2.7069150350425915,262.66226166107185,0.013613753213401256,2.3841673223207067,2.3841673223207067,0.10499741240240364,0.0,3.2984743802194307,1.0
21.438067424295188,0.9375981220983278,43149.96928694675,0.04300352554656143,3307843.3629493774,0.022553850498676527,0.0002616228862729686,0.02545545879680083,0.05027093218175033,260.30270156024517,308.0793226051833,3000.0,22.706234727225574,2.7062347272255756,262.6608043661558,0.01361370611362332,2.358102805910619,2.358102805910619,0.10385265695695335,0.0,3.262567360520327,1.0
21.488039609433407,0.9376138301325301,43151.41512361211,0.04300079627211111,3307898.780846936,0.02255380072843045,0.00026158967885607477,0.025458557470181047,0.05027394787746757,260.32703937161295,308.08448400687814,3000.0,22.70555442174939,2.705554421749391,262.65936295957675,0.013613659527046155,2.332323587963799,2.332323587963799,0.10272039804188587,0.0,3.2270511161013746,1.0
21.49831469914284,0.9376170386700985,43151.71045452341,0.0430002370619742,3307910.100557855,0.0225537905624371,0.00026158287513792876,0.025459190373390058,0.05027456381096509,260.33201049578713,308.08553827955353,3000.0,22.705414540225384,2.7054145402253837,262.6590685365382,0.013613650011190932,2.3270580407510693,2.3270580407510693,0.10248912375629192,0.0,3.2197964503940666,1.0
21.538011794571624,0.9376293669104541,43152.8452209231,0.0429980828678356,3307953.594552858,0.022553751501786953,0.0002615566666228149,0.025461622083008537,0.05027693025141831,260.35111071871205,308.08958913657654,3000.0,22.70487411858853,2.7048741185885317,262.6579372678812,0.013613613448073856,2.306826549169159,2.306826549169159,0.10160049939587884,0.0,3.1919214119956667,1.0
21.58798397970984,0.9376447343014924,43154.25975017036,0.04299538515848041,3308007.8106623543,0.022553702812790826,0.0002615238474046299,0.025464653012979514,0.050279879673174974,260.3749185148204,308.09463860853015,3000.0,22.70419381771777,2.7041938177177705,262.6565271195291,0.013613567871172107,2.2816086047086515,2.2816086047086515,0.10049282626050095,0.0,3.157174059386115,1.0
21.624787315819965,0.9376559447896152,43155.29166170512,0.04299340829390678,3308047.361230833,0.022553667294847122,0.00026149979899376893,0.025466863901350844,0.05028203099519174,260.3922855528476,308.0983221905527,3000.0,22.7036927936164,2.7036927936164,262.6554984184755,0.013613534622706041,2.2632128656278496,2.2632128656278496,0.09968479076074344,0.0,3.1318255246492295,1.0
21.63795616484806,0.9376599341545864,43155.658880781746,0.04299270297074733,3308061.435698487,0.022553654655552494,0.00026149121905750335,0.025467650633533925,0.05028279650814392,260.3984656412667,308.0996330302707,3000.0,22.703513519112157,2.703513519112158,262.65513234485724,0.013613522790867003,2.256666703590554,2.256666703590554,0.09939724535107124,0.0,3.1228049147144876,1.0
21.687928349986276,0.9376749682987977,43157.04278037457,0.0429900361332403,3308114.476114177,0.022553607024246147,0.00026145877946128805,0.025470615313973283,0.050285681117680725,260.4217549483225,308.10457300279774,3000.0,22.702833222747014,2.7028332227470138,262.65375277602664,0.013613478201743344,2.2319978277041628,2.2319978277041628,0.09831362481524207,0.0,3.0888098784046965,1.0
21.737900535124492,0.9376898385433189,43158.41161475607,0.042987384476462796,3308166.9382922533,0.02255355991310971,0.0002614265265196596,0.025473547419467536,0.05028853385909691,260.4447892552202,308.1094591205822,3000.0,22.702152928597922,2.7021529285979233,262.6523882470214,0.013613434098444621,2.2075989918012056,2.2075989918012056,0.09724183423239526,0.0,3.055184894865894,1.0
21.74831469914284,0.9376929170193963,43158.69499706508,0.04298683376918699,3308177.799146622,0.022553550160153688,0.000261419828342052,0.025474154399818413,0.050289124388314156,260.4495577373661,308.1104706571907,3000.0,22.70201115610993,2.70201115610993,262.65210575873454,0.013613424968032287,2.202548021368443,2.202548021368443,0.09701995150221121,0.0,3.048223697234439,1.0
21.78787272026271,0.9377045466775698,43159.765547931864,0.04298474783280743,3308218.828545781,0.022553513316444528,0.00026139445815997553,0.025476447311078964,0.05029135508568347,260.4675713503067,308.114291971598,3000.0,22.70147263664074,2.7014726366407404,262.6510385936401,0.013613390475672732,2.183467243333439,2.183467243333439,0.09618174460670312,0.0,3.02192595229639,1.0
21.837844905400928,0.9377190944712286,43161.104742108364,0.042982126036551466,3308270.1531181815,0.022553467228615228,0.0002613625723332061,0.025479315345773027,0.05029414514672147,260.4901039910936,308.1190721373323,3000.0,22.700792346851586,2.700792346851585,262.6497036534929,0.013613347328187904,2.15959966239933,2.15959966239933,0.09513322836499356,0.0,2.989029082637879,1.0
21.887817090539144,0.9377334836746103,43162.429357727226,0.04297951892382058,3308320.9181845593,0.022553421644048516,0.00026133086701348016,0.025482151876497515,0.050296904387559516,260.51238990484774,308.1238001929098,3000.0,22.700112059206838,2.7001120592068384,262.6483832659668,0.013613304650807559,2.1359933611190627,2.1359933611190627,0.09409615932943091,0.0,2.956490360739068,1.0
21.93778927567736,0.9377477160192105,43163.73955351494,0.042976926332537524,3308371.129853627,0.02255337655723143,0.00026129934019744676,0.025484957252294375,0.05029963314972326,260.53443178944013,308.12847670727155,3000.0,22.699431773683134,2.6994317736831355,262.64707727217547,0.013613262438404713,2.1126454827353314,2.1126454827353314,0.09307041267811175,0.0,2.9243059031395746,1.0
21.98776146081558,0.9377617932177157,43165.035486483444,0.042974348102419645,3308420.794167736,0.0225533319627113,0.0002612679899042316,0.025487731818306093,0.050302331770921624,260.55623231336347,308.1331022431781,3000.0,22.698751490257365,2.698751490257366,262.64578551495885,0.013613220685907961,2.089553201595379,2.089553201595379,0.09205586494447704,0.0,2.8924718680712314,1.0
21.99831469914284,0.9377647463904931,43165.30735511656,0.042973805447668774,3308431.2129524383,0.022553322607590836,0.0002612613916693735,0.025488313849362888,0.0503028978486231,260.5608055786617,308.13407260718304,3000.0,22.698607826741302,2.698607826741302,262.6455145248009,0.013613211926865489,2.0847089461391874,2.0847089461391874,0.09184303116965549,0.0,2.8857935416165965,1.0
22.037733645953796,0.9377757169640945,43166.31731193807,0.04297178407496914,3308469.917103204,0.022553287855095444,0.0002612368141753059,0.02549047591579799,0.050305000585068746,260.57779411587694,308.1376773572396,3000.0,22.698071208906672,2.698071208906671,262.6445078388744,0.013613179388301205,2.066713722997463,2.066713722997463,0.09105239401075141,0.0,2.8609844552715935,1.0
22.087705831092013,0.9377894889336267,43167.5851834799,0.04296923409346885,3308518.504570412,0.02255324422905104,0.00026120581107442185,0.025493189882168275,0.05030763992229374,260.5991198070539,308.1422025999256,3000.0,22.697390929608446,2.697390929608445,262.6432440901943,0.01361313854062356,2.044124283140377,2.044124283140377,0.09005987910592154,0.0,2.8298399059395094,1.0
22.13767801623023,0.9378031107832598,43168.83925303814,0.04296669800294831,3308566.562415066,0.022553201079304003,0.0002611749786871875,0.025495874051022407,0.0503102501090136,260.6202119683383,308.14667851568174,3000.0,22.69671065234033,2.6967106523403284,262.6419941168732,0.013613098137968327,2.0217821485348964,2.0217821485348964,0.08907820078000704,0.0,2.799034501946351,1.0
22.18765020136845,0.9378165841521261,43170.07967091737,0.04296417565013494,3308614.096420021,0.022553158400637315,0.0002611443151204606,0.02549852875227903,0.050312831468036806,260.6410731533505,308.15110564309987,3000.0,22.696030377080206,2.6960303770802043,262.6407577685004,0.013613058175481437,1.9996846151499312,1.9996846151499312,0.08810724086663768,0.0,2.7685645646798154,1.0
22.237622386506665,0.9378299106615514,43171.30658579805,0.042961666883451814,3308661.1123053078,0.022553116187891003,0.00026111381850231,0.0255011543121758,0.05031538431856912,260.66170588790436,308.15548451492106,3000.0,22.695350103806195,2.6953501038061938,262.6395348962993,0.013613018648361449,1.9778290083949628,1.9778290083949628,0.08714688248247225,0.0,2.738426455043376,1.0
22.24831469914284,0.9378327431528033,43171.567363432674,0.04296113184456043,3308671.10532595,0.02255310721584928,0.0002611073147892015,0.025501712337140024,0.050315926867778506,260.6660911471022,308.1564152249615,3000.0,22.695204549199815,2.6952045491998162,262.6392749801651,0.013613010247016468,1.973183833062933,1.973183833062933,0.08694276488168966,0.0,2.7320206957205735,1.0
22.28759457164488,0.9378430919151425,43172.52014474413,0.042959171553008484,3308707.615728447,0.022553074435961818,0.0002610834869818916,0.02550375105329038,0.05031790897623409,260.6821126701441,308.1598156580641,3000.0,22.694669832496658,2.6946698324966594,262.63832535311894,0.013612979551859283,1.956212682974865,1.956212682974865,0.08619701002099402,0.0,2.70861657327893,1.0
22.33599538445623,0.9378557217048871,43173.68294804957,0.042956767357387425,3308752.173588789,0.02255303443146788,0.0002610542649001312,0.02550623896719724,0.05032032766356525,260.7016646866481,308.1639655992568,3000.0,22.694010954129737,2.694010954129739,262.6371664135728,0.01361294209083282,1.9355017269247128,1.9355017269247128,0.08528689489208607,0.0,2.6800536109264885,1.0
22.3375667567831,0.9378561294988144,43173.720493205285,0.042956689510597106,3308753.612284542,0.022553033139803173,0.00026105331872938985,0.025506319294549707,0.050320405753082276,260.7022959705904,308.1640995936345,3000.0,22.6939895631302,2.6939895631302,262.6371289934321,0.013612940881278153,1.9348330228417012,1.9348330228417012,0.0852575091505783,0.0,2.679131358923181,1.0
22.387538941921317,0.9378690249811251,43174.90777504738,0.042954220609660476,3308799.107507461,0.02255299229442403,0.00026102331193561773,0.02550885935129969,0.050322874957659344,260.72225823266206,308.16833683703476,3000.0,22.69330929568565,2.6933092956856513,262.6359456733042,0.013612902631972583,1.9136874406421498,1.9136874406421498,0.08432826679033416,0.0,2.6499672900661317,1.0
22.437511127059533,0.9378817799137683,43176.08213259746,0.04295176470524572,3308844.1068715756,0.022552951894887357,0.0002609934648114426,0.025511371535405863,0.050325316895104666,260.742001873444,308.17252789812585,3000.0,22.692629030142076,2.6926290301420743,262.634775250348,0.013612864799346919,1.8927733769040174,1.8927733769040174,0.08340917107444412,0.0,2.621120882248136,1.0
22.48748331219775,0.9378943958315811,43177.24370664418,0.04294932165400231,3308888.615791784,0.022552911936310045,0.00026096377558775105,0.025513856155258596,0.05032773186715639,260.7615292837025,308.17667328122997,3000.0,22.69194876647876,2.6919487664787596,262.6336175837233,0.013612827378855354,1.8720883000208346,1.8720883000208346,0.08250011135166763,0.0,2.5925886884601743,1.0
22.49831469914284,0.9378971121276806,43177.49380377456,0.04294879380779033,3308898.198876277,0.022552903333030862,0.00026095736114912246,0.025514391087467708,0.050328251781647695,260.7657335348279,308.1775658114544,3000.0,22.691801320721652,2.6918013207216536,262.63336832993264,0.0136128193219335,1.8676347951047205,1.8676347951047205,0.08230438688881159,0.0,2.586445484135575,1.0
22.53745549733597,0.9379068742526255,43178.392636444994,0.04294689131417345,3308932.639623807,0.022552872413862703,0.0002609342425153337,0.02551631351579258,0.05033012017217062,260.7808428280132,308.1807734851574,3000.0,22.69126850467522,2.6912685046752225,262.6324725341291,0.013612790366001652,1.8516297061158866,1.8516297061158866,0.08160097817953121,0.0,2.5643672989770594,1.0
22.587427682474186,0.9379192166782171,43179.529059728455,0.04294447354559231,3308976.1836642795,0.02255283332276951,0.0002609048638648284,0.025518743918495897,0.050332482105130236,260.799944844808,308.1848290032156,3000.0,22.690588244711208,2.690588244711206,262.6313399638011,0.0136127537563391,1.8313951189931004,1.8313951189931004,0.08071166332234544,0.0,2.5364533413104517,1.0
22.6373998676124,0.9379314245932375,43180.65311272272,0.04294206820965214,3309019.2531518606,0.0225527946583072,0.0002608756379263472,0.02552114766147505,0.0503348179577086,260.81883764686336,308.18884032331243,3000.0,22.689907986566674,2.689907986566673,262.630219736483,0.013612717545469553,1.8113820896196557,1.8113820896196557,0.07983205972858355,0.0,2.508843479513757,1.0
22.68737205275062,0.9379434994666036,43181.76493019845,0.0429396751692623,3309061.8532688846,0.02255275641580362,0.00026084656300893116,0.025523525039550504,0.050337128018363056,260.8375235220311,308.19280792810974,3000.0,22.689227730221806,2.689227730221804,262.6291117173836,0.01361268172904207,1.7915881953524604,1.7915881953524604,0.07896206149696687,0.0,2.48153441313214,1.0
22.737344237888838,0.9379554427512752,43182.86464546916,0.042937294288846406,3309103.989141388,0.02255271859063764,0.0002608176374405184,0.025525876344261532,0.05033941257233969,260.8560047332528,308.1967322950262,3000.0,22.688547475656993,2.688547475656994,262.6280157731757,0.01361264630275289,1.7720110399229156,1.7720110399229156,0.07810156387596617,0.0,2.4545228772010868,1.0
22.74831469914284,0.9379580472044897,43183.10446050015,0.042936773225415295,3309113.1776445187,0.022552710342240226,0.0002608113071996082,0.02552638906771994,0.05033991071715978,260.8600347637634,308.19758807551807,3000.0,22.68839813869056,2.6883981386905575,262.62777678235426,0.013612638577374292,1.7677420185908659,1.7677420185908659,0.07791391916630433,0.0,2.448632505959311,1.0
22.787316423027054,0.9379672558843313,43183.95239039807,0.042934925434334276,3309145.6658393834,0.022552681178238908,0.0002607888595678365,0.025528201863884357,0.0503416719016911,260.8742835186803,308.2006138962624,3000.0,22.68786722285285,2.687867222852852,262.6269317719897,0.01361261126234519,1.7526482533094168,1.7526482533094168,0.07725046325835437,0.0,2.4278056420893455,1.0
22.83728860816527,0.9379789402869978,43185.0282954003,0.04293256847315832,3309186.8883769494,0.022552644174087776,0.0002607602277563485,0.025530501883440686,0.05034390628528481,260.89236209172066,308.2044531988097,3000.0,22.6871869717902,2.6871869717902013,262.6258595834103,0.013612576603609044,1.7334974916896613,1.7334974916896613,0.07640865717927631,0.0,2.4013795134520106,1.0
22.88726079330349,0.937990497364942,43186.092489469745,0.04293022327422556,3309227.6617132775,0.022552607573714353,0.000260731740389904,0.025532776684758764,0.05034611599886302,260.9102426414965,308.20825066454734,3000.0,22.686506722450076,2.6865067224500754,262.6247990784504,0.01361254232238052,1.7145564369538988,1.7145564369538988,0.07557604429496459,0.0,2.3752413315757552,1.0
22.937232978441706,0.9380019285087173,43187.14510021974,0.042927889707875894,3309267.990754235,0.022552571372697033,0.00026070339587022266,0.02553502654656383,0.050348301315131086,260.92792733353804,308.2120067503883,3000.0,22.685826474813712,2.6858264748137115,262.6237501295093,0.013612508414540364,1.695822795971253,1.695822795971253,0.07475252435056716,0.0,2.349387970381891,1.0
22.987205163579922,0.9380132350937718,43188.1862538836,0.042925567645880285,3309307.8803523993,0.02255253556666256,0.00026067519261686325,0.025537251744482774,0.0503504625037622,260.9454183097997,308.2157219082821,3000.0,22.68514622886255,2.6851462288625516,262.6227126103726,0.01361247487601401,1.6772943005728962,1.6772943005728962,0.07393799817956902,0.0,2.3238163374209453,1.0
22.99831469914284,0.9380157319238026,43188.416173249134,0.0429250529683933,3309316.68916126,0.022552527659695742,0.0002606689416640581,0.025537743114419493,0.050350939715779294,260.94928069911055,308.21654232556585,3000.0,22.684995000629975,2.6849950006299745,262.62248349531046,0.013612467469689013,1.6732027961999165,1.6732027961999165,0.07375812937818371,0.0,2.318169365210905,1.0
23.037177348718142,0.9380244184805188,43189.2160753209,0.042923256961433384,3309347.3353073047,0.02255250015128567,0.0002606471290671251,0.025539452551060816,0.050352599831413616,260.96271768877074,308.2193965852383,3000.0,22.68446598457824,2.6844659845782397,262.62168639620575,0.013612441702771347,1.6589687074350081,1.6589687074350081,0.07313236769879608,0.0,2.2985233737283073,1.0
23.08714953385636,0.9380354800143652,43190.23468801977,0.0429209575291499,3309386.360365541,0.022552465122289096,0.00026061920367599525,0.025541629235769896,0.05035471356173499,260.97982756552153,308.22303122333545,3000.0,22.68378574194262,2.683785741942623,262.6206713635508,0.013612408890826632,1.640843798029266,1.640843798029266,0.0723355359063952,0.0,2.2735060537730574,1.0
23.137121718994575,0.9380464210259875,43191.242214122096,0.042918669225038515,3309424.960221733,0.022552430475442628,0.000260591414915823,0.025543782065065704,0.050356803955424155,260.9967500121343,308.2266262598119,3000.0,22.683105500937746,2.683105500937747,262.6196673903018,0.0136123764362377,1.6229173781674717,1.6229173781674717,0.07154740686192101,0.0,2.248761384844777,1.0
23.179094142356636,0.9380555183908532,43192.07997307721,0.04291675575131745,3309457.0556976967,0.022552401667232304,0.00026056817916700396,0.025545572020285817,0.050358541866685126,261.0108201160105,308.2296155042859,3000.0,22.6825341570782,2.6825341570782015,262.61883259446415,0.013612349450388975,1.6080124784536451,1.6080124784536451,0.0708920999443026,0.0,2.22818645593794,1.0
23.18709390413279,0.9380572428317534,43192.23877446215,0.042916391926462204,3309463.1395200216,0.022552396206561767,0.0002605637612758297,0.025545911302473374,0.05035887127031097,261.0134870783608,308.2301821272045,3000.0,22.682425261545852,2.6824252615458515,262.6186743556657,0.0136123443351047,1.6051872773048785,1.6051872773048785,0.07076788565578114,0.0,2.2242864061059184,1.0
23.23706608927101,0.938067946733732,43193.22448856721,0.042914125512136574,3309500.9028541013,0.022552362311507725,0.0002605362412620803,0.025548017208592025,0.050360915761361834,261.0300407916389,308.2336992533517,3000.0,22.681745023749368,2.681745023749368,262.6176921401616,0.013612312583570069,1.5876513485226837,1.5876513485226837,0.06999687840861901,0.0,2.2000781885838387,1.0
23.24831469914284,0.9380703400294722,43193.444886870784,0.04291361683658518,3309509.3463942953,0.02255235473294347,0.00026053006485143935,0.025548488052041494,0.050361372849836404,261.0337419139871,308.2344856509703,3000.0,22.681591904195606,2.6815919041956073,262.6174725256521,0.013612305484194292,1.5837306116649756,1.5837306116649756,0.06982449108309807,0.0,2.194665466274365,1.0
23.287038274409227,0.9380785340197589,43194.19947466344,0.042911869862122885,3309538.2547674538,0.022552328786187154,0.0002605088533973905,0.025550100041110205,0.05036293768069475,261.0464131571967,308.23717806141514,3000.0,22.68106478753092,2.6810647875309206,262.6167206256145,0.013612281177818344,1.570307468417809,1.570307468417809,0.06923429226660897,0.0,2.176133835034268,1.0
23.337010459547443,0.9380890059634641,43195.16384967809,0.042909624857824756,3309575.1997534405,0.0225522956265521,0.00026048159622127874,0.02555216005481379,0.05036493727758717,261.0626061580965,308.2406189698886,3000.0,22.680384552873328,2.680384552873326,262.61575969515326,0.013612250114076085,1.553153537056744,1.553153537056744,0.0684800353995752,0.0,2.15245047989323,1.0
23.386982644685663,0.938099363824531,43196.11772926327,0.04290739038196348,3309611.742256222,0.022552262828599137,0.0002604544682896587,0.02555419750163952,0.05036691479852831,261.07862175564014,308.2440223926834,3000.0,22.679704319759587,2.6797043197595882,262.61480923318624,0.013612219388611102,1.5361874775460933,1.5361874775460933,0.06773401698220982,0.0,2.129025288698045,1.0
23.43695482982388,0.9381096088490974,43197.06122783263,0.042905166318540564,3309647.886672168,0.022552230388368094,0.00026042746817437696,0.025556212630756244,0.05036887048729872,261.09446188999374,308.24738873926,3000.0,22.679024088172895,2.679024088172895,262.61386912536483,0.01361218899773127,1.5194072353710908,1.5194072353710908,0.06699614716505642,0.0,2.1058554571866863,1.0
23.486927014962095,0.9381197422697655,43197.99445856198,0.04290295255283606,3309683.637349895,0.02255219830194205,0.00026040059446318494,0.02555820568856913,0.050370804584974366,261.1101284802037,308.250718414631,3000.0,22.678343858096614,2.6783438580966155,262.6129392585826,0.01361215893778451,1.5028107783789437,1.5028107783789437,0.06626633707392221,0.0,2.0829382112895454,1.0
23.49831469914284,0.9381220359912448,43198.205698736165,0.04290244950779486,3309691.729592395,0.022552191039168494,0.0002603944880088727,0.02555865680497017,0.05037124233214754,261.11367450779954,308.25147209378514,3000.0,22.67818884716837,2.678188847168372,262.6127287812442,0.013612152133633326,1.4990542734446421,1.4990542734446421,0.06610114606360269,0.0,2.0777508712141093,1.0
23.53689920010031,0.9381297653056629,43198.91753339483,0.04290074897140205,3309718.9985904824,0.02255216656544707,0.0002603738457596525,0.02556017691873417,0.05037271732994089,261.125623424295,308.2540118193819,3000.0,22.677663629514303,2.677663629514303,262.61201952096945,0.0136121292051586,1.4863960966744685,1.4863960966744685,0.06554449880542228,0.0,2.0602708069995463,1.0
23.58687138523853,0.9381396791624691,43199.83056304456,0.04289855546205953,3309753.974647564,0.022552135175052175,0.0002603472206831234,0.02556212656216543,0.05037460895790073,261.1409485993126,308.257269349679,3000.0,22.67698340240969,2.67698340240969,262.6111098018894,0.013612099796281113,1.4701612025768327,1.4701612025768327,0.06483054542521785,0.0,2.037850530326664,1.0
23.636843570376747,0.9381494850326595,43200.7336570167,0.042896371913875304,3309788.569728188,0.02255210412696851,0.0002603207178684269,0.025564054857085433,0.05037647970192237,261.15610586170277,308.26049139735017,3000.0,22.676303176766687,2.6763031767666887,262.6102099919181,0.013612070707618676,1.4541041302153417,1.4541041302153417,0.06412439095033637,0.0,2.015674696752355,1.0
23.686815755514964,0.9381591840958866,43201.6269236439,0.04289419821712629,3309822.787994167,0.022552073417448183,0.000260294335965438,0.025565962039102202,0.05037832979251582,261.17109704790755,308.26367835000985,3000.0,22.675622952569384,2.6756229525693844,262.60931998280773,0.013612041935675856,1.4382229349001818,1.4382229349001818,0.06342595032156399,0.0,1.9937406503719726,1.0
23.736787940653183,0.938168777518989,43202.51047008647,0.04289203426329807,3309856.633562101,0.022552043042784166,0.00026026807363905294,0.02556784834121312,0.05038015945763634,261.1859239743792,308.26683059106193,3000.0,22.674942729802034,2.6749427298020345,262.60843966748644,0.013612013476995134,1.4225156931072434,1.4225156931072434,0.06273513940291495,0.0,1.972045763887264,1.0
23.74831469914284,0.9381709754994826,43202.71290356922,0.04289153648966981,3309864.388030691,0.02255203608359818,0.00026026203271169645,0.025568280503022924,0.0503805786193328,261.18932088080794,308.2675528113028,3000.0,22.67478582744772,2.6747858274477223,262.6082379755686,0.013612006956717654,1.4189170947606726,1.4189170947606726,0.06257686866629983,0.0,1.9670752159355684,1.0
23.7867601257914,0.9381782664560492,43203.38440233764,0.04288987994507879,3309890.110503593,0.02255201299931016,0.00026024192956910835,0.025569713993818428,0.050381968922697695,261.2005884376724,308.269948499719,3000.0,22.674262508449072,2.6742625084490705,262.60756894005294,0.01361198532815673,1.4069805023805202,1.4069805023805202,0.062051874977465726,0.0,1.9505874384845348,1.0
23.836732310929616,0.938187652048419,43204.24882522562,0.042887735156356126,3309923.222845326,0.02255198328340047,0.000260215902450338,0.025571559224728223,0.05038375841057903,261.21509221448525,308.2730324510105,3000.0,22.673582288495094,2.6735822884950937,262.606707695774,0.013611957485778535,1.3916154812887385,1.3916154812887385,0.06137607474558021,0.0,1.9293631037877255,1.0
23.886704496067832,0.9381969354249494,43205.10384243467,0.04288559979219561,3309955.9745698855,0.0225519538914693,0.0002601899909921032,0.02557338425920962,0.05038552814167102,261.2294370620173,308.2760828158583,3000.0,22.672902069924874,2.672902069924875,262.6058558310637,0.013611929946515437,1.3764187690463814,1.3764187690463814,0.06070765730833248,0.0,1.9083702173464177,1.0
23.936676681206052,0.9382061177023518,43205.949556538144,0.0428834737488069,3309988.3696170235,0.02255192481996957,0.00026016419391797696,0.02557518932005979,0.050387278333947336,261.2436247185331,308.2790999611953,3000.0,22.67222185272335,2.6722218527233497,262.6050132434497,0.013611902707058228,1.361388524916606,1.361388524916606,0.06004654214130664,0.0,1.8876062638213864,1.0
23.986648866344268,0.9382151999852072,43206.78606899923,0.04288135692354217,3310020.4118837,0.0225518960653929,0.00026013850996571867,0.025576974627609557,0.05038900920296818,261.25765690337755,308.28208424996876,3000.0,22.671541636875617,2.671541636875616,262.6041798315733,0.01361187576413361,1.346522928195725,1.346522928195725,0.05939264959404368,0.0,1.8670687549754346,1.0
23.99831469914284,0.9382173059334861,43206.980035924695,0.04288086407429476,3310027.8416629126,0.02255188939799233,0.0002601325302887083,0.025577388580929374,0.05038941050921041,261.26091046721615,308.2827762299375,3000.0,22.671382843045333,2.6713828430453326,262.6039865847503,0.013611869516746204,1.3430761175341672,1.3430761175341672,0.059241032046096334,0.0,1.8623066822918402,1.0
24.036621051482484,0.9382241833660209,43207.61348017574,0.042879249214890613,3310052.105224271,0.022551867624269445,0.00026011293788720063,0.02557874039973614,0.05039072096189279,261.27153531706233,308.2850360411579,3000.0,22.670861422366936,2.6708614223669365,262.60335549518334,0.013611849114504016,1.3318201781210064,1.3318201781210064,0.05874590088610575,0.0,1.846755229557841,1.0
24.086593236620704,0.9382330689252464,43208.431889322244,0.04287715052247547,3310083.4534505703,0.02255183949316776,0.00026008747644836665,0.025580486851869567,0.050392413821485696,261.28526164130466,308.28795568978205,3000.0,22.670181209182736,2.670181209182735,262.60254013513503,0.013611822754967548,1.317278493830372,1.317278493830372,0.05810621810542908,0.0,1.8266632532605256,1.0
24.13656542175892,0.9382418577315023,43209.24139460981,0.042875060747033636,3310114.4603326838,0.022551811668694185,0.0002600621244289784,0.025582214197037146,0.05039408799016031,261.29883753936525,308.2908435469716,3000.0,22.669500997308596,2.6695009973085964,262.60173365336937,0.013611796682357324,1.3028961140041133,1.3028961140041133,0.057473524192649755,0.0,1.8067904182334718,1.0
24.186537606897136,0.9382505508419144,43210.04209315744,0.04287297979038372,3310145.129600148,0.022551784147491656,0.00026003688062222185,0.02558392264593249,0.05039574367404637,261.312264656582,308.2936999600808,3000.0,22.668820786730258,2.66882078673026,262.6009359528819,0.013611770893540483,1.288671296299924,1.288671296299924,0.056847742916309035,0.0,1.7871343423134696,1.0
24.21414629392576,0.9382553129630389,43210.48072221287,0.04287183384773412,3310161.9303491935,0.022551769071395066,0.0002600229798683665,0.025584858503932578,0.050396650555196015,261.31961967352754,308.2952647147615,3000.0,22.66844498380297,2.6684449838029694,262.60049896932117,0.013611756766282002,1.2808792957936248,1.2808792957936248,0.05650494759163397,0.0,1.7763668302077185,1.0
24.236509792035353,0.9382591493021252,43210.83408103268,0.04287090755542466,3310175.464941985,0.02255175692623977,0.00026001174383468535,0.025585612406918985,0.050397381076993444,261.32554462038473,308.2965252726905,3000.0,22.66814057743362,2.66814057743362,262.60014693772206,0.013611745385418149,1.274602317337326,1.274602317337326,0.05622879887229068,0.0,1.767692669013801,1.0
24.24831469914284,0.9382611668048259,43211.01991043439,0.04287041929532164,3310182.5826854627,0.022551750539215234,0.00026000582128043456,0.025586008872128325,0.050397765232623994,261.3286604289976,308.2971881908968,3000.0,22.667979892079117,2.6679798920791167,262.5999618068757,0.0136117394002976,1.2713013778781033,1.2713013778781033,0.05608357621326172,0.0,1.7631310233605206,1.0
24.286481977173572,0.9382676541463458,43211.617453256404,0.04286884394613018,3310205.470006889,0.022551730001654557,0.0002599867128862865,0.025587283686041795,0.050399000400582636,261.3386790403792,308.29931982462546,3000.0,22.667460369404726,2.667460369404726,262.5993665129881,0.013611720154925276,1.2606874726089359,1.2606874726089359,0.055616617480030606,0.0,1.7484630674123998,1.0
24.33645416231179,0.9382760663973783,43212.392303804605,0.04286678886754637,3310235.148403304,0.022551703370488403,0.00025996178661023725,0.025588936687033787,0.050400601844132434,261.351669508381,308.30208395196166,3000.0,22.66678016262978,2.6667801626297813,262.5985945848253,0.013611695199030584,1.2469250764443132,1.2469250764443132,0.05501112498104565,0.0,1.7294432321127189,1.0
24.386426347450005,0.9382843870668189,43213.15872562705,0.04286474222577242,3310264.503700138,0.022551677029529434,0.0002599369638528049,0.025590571611357197,0.05040218560473944,261.36451759873444,308.30481798709303,3000.0,22.66609995709514,2.6660999570951396,262.59783106040726,0.013611670514735967,1.2333134616728216,1.2333134616728216,0.05441224842418288,0.0,1.7106308827873122,1.0
24.43639853258822,0.9382926171553856,43213.91681067722,0.0428627039279302,3310293.539427919,0.02255165097560043,0.00025991224347293794,0.02559218865826938,0.05040375187734275,261.37722486882063,308.3075222588389,3000.0,22.6654197527873,2.6654197527873023,262.59707584790567,0.01361164609907552,1.219850979085038,1.219850979085038,0.05381991564197816,0.0,1.6920237634419515,1.0
24.48637071772644,0.938300757652924,43214.66664991288,0.04286067388216298,3310322.259078822,0.02255162520555883,0.0002598876243422452,0.02559378802482571,0.05040530085472679,261.3897928590704,308.3101970924464,3000.0,22.664739549692918,2.6647395496929174,262.59632885648983,0.013611621949115511,1.2065359974194507,1.2065359974194507,0.05323405525018698,0.0,1.6736196424074816,1.0
24.49831469914284,0.9383026901770167,43214.84465993745,0.042860189887488985,3310329.077018025,0.022551619087885402,0.00025988175492842446,0.025594167697222163,0.05040566854003599,261.3927763125542,308.3108320880798,3000.0,22.664576972767563,2.6645769727675632,262.5961515234827,0.013611616215991898,1.2033752109285274,1.2033752109285274,0.05309497778733894,0.0,1.6692506392409827,1.0
24.536342902864657,0.9383088095384585,43215.40833330047,0.04285865199763046,3310350.6661068406,0.022551599716296573,0.0002598631053449304,0.025595369905891,0.050406832727532505,261.4022230930429,308.31284280960676,3000.0,22.66405934779878,2.6640593477987795,262.59558999632225,0.013611598061954245,1.1933669032793546,1.1933669032793546,0.05265459664423527,0.0,1.6554163122347954,1.0
24.586315088002873,0.9383167737802134,43216.141949817065,0.04285663818450613,3310378.763927867,0.02255157450473999,0.00025983868537775545,0.025596934494145164,0.050408347684262916,261.41451707746063,308.3154597284626,3000.0,22.663379147091828,2.663379147091828,262.59485917855636,0.013611574434722003,1.1803421010957322,1.1803421010957322,0.05208146999769865,0.0,1.6374115896534076,1.0
24.636287273141093,0.9383246513358031,43216.8675874677,0.04285463235395944,3310406.5559203634,0.022551549567849227,0.0002598143633498192,0.02559848198012207,0.05040984591132112,261.4266763025057,308.31804816367026,3000.0,22.662698947559146,2.662698947559147,262.5941363153192,0.013611551064580467,1.1674600128134784,1.1674600128134784,0.05151460624857385,0.0,1.6196033151463856,1.0
24.68625945827931,0.9383324431525437,43217.58533331397,0.04285263441812676,3310434.0454264563,0.022551524902617248,0.0002597901381822,0.025600012552272084,0.050411327593071535,261.4387022423057,308.3206084265022,3000.0,22.662018749187958,2.6620187491879586,262.59342131968265,0.013611527948721804,1.154719077376967,1.154719077376967,0.0509539370766933,0.0,1.6019893522468722,1.0
24.736231643417526,0.9383401501674599,43218.29527347453,0.04285064429011034,3310461.2357519674,0.0225515005060698,0.00025976600880793895,0.025601526396964867,0.050412792911842606,261.4505963549445,308.3231408248493,3000.0,22.661338551965624,2.661338551965624,262.5927141056633,0.013611505084368656,1.1421177507187963,1.1421177507187963,0.0503993949033399,0.0,1.5845675875318954,1.0
24.74831469914284,0.938342001062803,43218.46577160432,0.042850164248392636,3310467.7657051873,0.02255149464709838,0.0002597601886936953,0.02560188994740787,0.05041314478319994,261.45345267019917,308.3237489986181,3000.0,22.661174083424374,2.661174083424373,262.5925442631044,0.013611499593317908,1.1390915929052312,1.1390915929052312,0.05026622136663366,0.0,1.5803837008310617,1.0
24.786203828555742,0.9383477733073303,43218.9974931292,0.04284866188397353,3310488.1301665693,0.022551476375265257,0.0002597419741719773,0.02560302369849965,0.05041424204793689,261.46236008253516,308.3256456632359,3000.0,22.660658355879644,2.6606583558796433,262.5920145882176,0.013611482468773991,1.1296545056824243,1.1296545056824243,0.04985091288794435,0.0,1.5673359305244063,1.0
24.83617601369396,0.9383553134887114,43219.69207652098,0.04284668711473825,3310514.731903869,0.022551452507294567,0.0002597180332311207,0.025604504639111157,0.05041567517963685,261.4739948512567,308.32812324282725,3000.0,22.659978160917653,2.6599781609176536,262.5913226832402,0.01361146009922105,1.1173278319835163,1.1173278319835163,0.04930842492649023,0.0,1.550292313648858,1.0
24.886148198832178,0.9383627716181138,43220.379106972214,0.04284471989836833,3310541.0441620345,0.022551428899280676,0.00025969418495383294,0.02560596939900566,0.05041709248324017,261.4855020716303,308.3305738614879,3000.0,22.65929796706743,2.6592979670674293,262.5906383075475,0.013611437973022798,1.1051362359172003,1.1051362359172003,0.048771865638705274,0.0,1.5334346918343553,1.0
24.936120383970394,0.9383701485922985,43221.05866691179,0.04284276015174199,3310567.0701048346,0.02255140554837756,0.0002596704283198982,0.02560741815642036,0.05041849413311782,261.49688313897997,308.3329978138787,3000.0,22.658617774316873,2.658617774316875,262.58996137885066,0.013611416087521092,1.0930782398706924,1.0930782398706924,0.048241170346660624,0.0,1.5167610418477115,1.0
24.986092569108614,0.9383774452982844,43221.730837875715,0.04284080779265072,3310592.8128616703,0.02255138245177025,0.0002596467623204027,0.025608851087626068,0.05041988030171672,261.5081394334454,308.33539539145954,3000.0,22.65793758265403,2.6579375826540272,262.5892918157546,0.013611394440086614,1.0811523823091989,1.0811523823091989,0.047716275074254064,0.0,1.5002693622825096,1.0
24.99831469914284,0.9383792178002441,43221.894121158686,0.04284033140237813,3310599.066243269,0.022551376841218804,0.00025964098780257655,0.025609199163181814,0.0504202169922032,261.5108736483423,308.33597780645187,3000.0,22.657771222453384,2.657771222453383,262.589129166759,0.013611389181522892,1.0782555184167109,1.0782555184167109,0.0475887724273684,0.0,1.4962633191764112,1.0
25.03606475424683,0.9383846626133913,43222.39570051092,0.04283886273979485,3310618.275527723,0.022551359606674638,0.00025962318595767705,0.025610268366936972,0.05042125115956929,261.5192723200498,308.3377668825033,3000.0,22.657257392067052,2.657257392067054,262.58862953775446,0.013611373028118769,1.0693572177046349,1.0693572177046349,0.04719711654416951,0.0,1.4839576734687663,1.0
25.086036939385046,0.9383918014052608,43223.05333457714,0.04283692491278128,3310643.4611640293,0.022551337010337444,0.00025959969824526435,0.025611670166715856,0.050422606875298565,261.5302831487335,308.3401125721026,3000.0,22.656577202544252,2.6565772025442533,262.58797446523334,0.013611351849045617,1.05769131649987,1.05769131649987,0.04668363217640373,0.0,1.4678240174317387,1.0
25.136009124523262,0.9383988625320241,43223.70381896229,0.04283499423210761,3310668.3727980754,0.02255131466003565,0.0002595762982077239,0.0256130566574082,0.050423947615651575,261.5411732546152,308.3424327422254,3000.0,22.655897014074053,2.6558970140740525,262.58732651944706,0.01361133090032339,1.046153264831844,1.046153264831844,0.046175760076149874,0.0,1.4518664575162143,1.0
25.185981309661482,0.9384058468425831,43224.34723170814,0.04283307061913618,3310693.0134247816,0.022551292553075652,0.0002595529848803124,0.025614428007598597,0.050425273545554566,261.55194395843006,308.3447276718068,3000.0,22.655216826645002,2.6552168266450025,262.5866856224984,0.013611310179435634,1.034741664068349,1.034741664068349,0.045673439013454074,0.0,1.4360830777521758,1.0
25.2359534947997,0.9384127551766164,43224.98365001094,0.04283115399609296,3310717.3860065327,0.02255127068679318,0.00025952975730896656,0.025615784384012977,0.05042658482811513,261.5625965665399,308.34699763675144,3000.0,22.65453664024578,2.6545366402457793,262.5860516973365,0.013611289683893217,1.023455130796549,1.023455130796549,0.04517660842280839,0.0,1.4204719828467567,1.0
25.24831469914284,0.9384144524087393,43225.140005296395,0.042830680966433256,3310723.373836373,0.02255126531473783,0.00025952402481831815,0.025616117608598613,0.050426906948154764,261.56521354416515,308.3475553193133,3000.0,22.65436838834376,2.6543683883437583,262.58589595528014,0.013611284648561123,1.02068241111499,1.02068241111499,0.0450545516704918,0.0,1.4166367580778176,1.0
25.285925679937915,0.938419588364621,43225.613150225035,0.04282924428606343,3310741.493473321,0.022551249058553203,0.0002595066145502492,0.025617125951527923,0.05042788162463138,261.5731323709989,308.34924290994695,3000.0,22.653856454865185,2.653856454865183,262.5854246677529,0.013611269411234186,1.0122922967539694,1.0122922967539694,0.044685208400204526,0.0,1.405031298096319,1.0
25.335897865076134,0.9384263472279321,43226.23580786465,0.042827341412990334,3310765.338722813,0.022551227665749844,0.0002594835556713184,0.025618452873175598,0.05042916409459676,261.5835526495849,308.3514637612705,3000.0,22.653176270492136,2.653176270492137,262.58480445837984,0.013611249359023731,1.0012518087949616,1.0012518087949616,0.04419917970175268,0.0,1.389759169347624,1.0
25.38587005021435,0.9384330325788806,43226.85169761832,0.042825445301658924,3310788.9246209096,0.022551206505805884,0.0002594605797497448,0.025619765310175777,0.0504304323957314,261.5938586660457,308.3536604576408,3000.0,22.652496087115686,2.652496087115687,262.58419099467613,0.013611229524853701,0.9903323286304158,0.9903323286304158,0.04371846373229033,0.0,1.3746537626443625,1.0
25.435842235352567,0.9384396452210597,43227.460893373325,0.042823555877672184,3310812.254002687,0.022551185576171924,0.00025943768587320757,0.02562106342198914,0.05043168668403428,261.60405167051374,308.3558332631053,3000.0,22.651815904724998,2.6518159047249963,262.58358420290205,0.01361120990634182,0.9795325323883048,0.9795325323883048,0.04324300252607923,0.0,1.3597132636249616,1.0
25.485814420490783,0.9384461859493324,43228.063468216315,0.04282167306744982,3310835.329672418,0.022551164874326332,0.00025941487313947865,0.025622347366319746,0.05043292711378556,261.6141328995179,308.35798243884284,3000.0,22.651135723309345,2.6511357233093458,262.582984010119,0.013611190501131664,0.9688511106010651,0.9688511106010651,0.04277273874634289,0.0,1.3449358775123015,1.0
25.49831469914284,0.9384478109260582,43228.213172395204,0.04282120311796636,3310841.062585433,0.022551159731192382,0.0002594091792369319,0.02562266634134541,0.050433235251774726,261.6166373324729,308.35851637946956,3000.0,22.650965579665442,2.650965579665441,262.5828348983897,0.013611185680098314,0.9661975659167865,0.9661975659167865,0.04265591073893007,0.0,1.3412646877650942,1.0
25.535786605629003,0.9384526555498686,43228.65949443666,0.04281979679822446,3310858.1544037075,0.02255114439777515,0.0002593921406563733,0.02562361729912339,0.05043415383755491,261.62410357604364,308.360108243176,3000.0,22.650455542858133,2.650455542858134,262.5823903441862,0.013611171306892563,0.9582867681425569,0.9582867681425569,0.04230761568257784,0.0,1.3303198290334002,1.0
25.55481478010503,0.9384551004782834,43228.884739929825,0.04281908406569767,3310866.7801038222,0.022551136659520486,0.00025938350560011296,0.02562409720702727,0.05043461737214787,261.6278713539651,308.3609116064423,3000.0,22.65019654718474,2.650196547184743,262.58216599173977,0.01361116405317906,0.9542946377746944,0.9542946377746944,0.04213184798580948,0.0,1.3247964445114553,1.0
25.58575879076722,0.9384590548001656,43229.24904352821,0.042817926998039456,3310880.7309395643,0.022551124144052,0.00025936948754171974,0.025624873374612476,0.0504353670062062,261.633964909564,308.3622109315776,3000.0,22.649775363360877,2.6497753633608765,262.58180313375874,0.013611152321319531,0.9478382241947543,0.9478382241947543,0.041847577249177176,0.0,1.315863362380248,1.0
25.635730975905435,0.9384653844691959,43229.83218620288,0.04281606359573497,3310903.061992921,0.022551104110717635,0.000259346912923187,0.02562611574528605,0.05043656676892687,261.6437180962711,308.3642907567193,3000.0,22.649095184807205,2.6490951848072046,262.5812223082738,0.013611133542132822,0.9375042120027501,0.9375042120027501,0.041392567974707396,0.0,1.3015647408768478,1.0
25.685703161043655,0.9384716453176599,43230.40899241384,0.042814206520924596,3310925.1502475254,0.022551084295359132,0.00025932441593799885,0.025627344561980247,0.050437753273277375,261.6533643194689,308.3663479685548,3000.0,22.64841500718686,2.6484150071868604,262.58064779792767,0.013611114967077193,0.9272834784587758,0.9272834784587758,0.040942532983633845,0.0,1.2874222464088418,1.0
25.73567534618187,0.938477838097993,43230.979531356046,0.042812355703994366,3310946.998357969,0.02255106469558985,0.0002593019957329177,0.02562855997387068,0.05043892666519345,261.6629047495856,308.368382814322,3000.0,22.647734830489696,2.6477348304896977,262.58007953367513,0.01361109659392189,0.917174784089525,0.917174784089525,0.04049741799585056,0.0,1.2734341794125474,1.0
25.74831469914284,0.9384793937273963,43231.12285160486,0.04281188856436288,3310952.486613839,0.02255105977214275,0.00025929633710582785,0.025628865278877862,0.05043922138812644,261.6653011643267,308.36889396855906,3000.0,22.647562795064843,2.6475627950648426,262.5799367854211,0.01361109197856889,0.9146356210944191,0.9146356210944191,0.04038560923181228,0.0,1.2699204775392596,1.0
25.785647531320087,0.9384839635544021,43231.54387146957,0.04281051107609911,3310968.6089498107,0.022551045309049337,0.00025927965146419797,0.0256297621284804,0.05044008708899394,261.67234054423045,308.370395538555,3000.0,22.647054654705684,2.647054654705683,262.579517447226,0.013611078420460521,0.907176902995559,0.907176902995559,0.040057169324094095,0.0,1.2595988587974252,1.0
25.835619716458304,0.9384900224228832,43232.10208044117,0.04280867256916038,3310989.984619641,0.022551026133403235,0.00025925738229755726,0.025630951171684242,0.05044123468738504,261.6816728482224,308.37238638309,3000.0,22.646374479824892,2.6463744798248907,262.57896147104356,0.013611060444511014,0.8972886228211792,0.8972886228211792,0.03962173387270231,0.0,1.2459146219107362,1.0
25.885591901596523,0.9384960154313615,43232.65422521707,0.04280684011585349,3311011.1279355804,0.02255100716634287,0.0002592351874080163,0.025632127247737217,0.05044236960148811,261.69090279380833,308.37435558711127,3000.0,22.64569430583751,2.645694305837507,262.5784115383316,0.013611042663915208,0.8875087445232452,0.8875087445232452,0.039191059127494585,0.0,1.2323798242231054,1.0
25.93556408673474,0.9385019432999315,43233.200372025014,0.04280501364958524,3311032.0414381176,0.02255098840558448,0.00025921306597962606,0.025633290499322347,0.050443491970886455,261.7000315010363,308.37630338723,3000.0,22.645014132733824,2.6450141327338224,262.5778675830125,0.013611025076538134,0.877836081976227,0.877836081976227,0.03876509313841837,0.0,1.218992838786653,1.0
25.985536271872956,0.9385078067408638,43233.74058637486,0.042803193104492945,3311052.727640142,0.022550969848869177,0.0002591910172054529,0.02563444106755289,0.05044460193362752,261.7090600777675,308.37823001748654,3000.0,22.644333960504234,2.6443339605042335,262.5773295397267,0.013611007680267998,0.8682694619591871,0.8682694619591871,0.03834378451905913,0.0,1.2057520562230073,1.0
25.99831469914284,0.9385092958274112,43233.87778040161,0.04280272851421938,3311057.9811330163,0.022550965136205473,0.00025918539066391045,0.025634733260847288,0.05044488378771667,261.7113528389647,308.3787193068356,3000.0,22.64416003326076,2.644160033260762,262.5771928976034,0.013611003262283356,0.8658400586387529,0.8658400586387529,0.03823679294648016,0.0,1.2023895253971741,1.0
26.035508457011176,0.9385136064586376,43234.274933061526,0.04280137841544111,3311073.189027055,0.02255095149396284,0.00025916904028753574,0.025635579091979537,0.05044569962622991,261.7179896197276,308.3801357093613,3000.0,22.643653789139243,2.643653789139242,262.5767973438295,0.013610990473016095,0.8588077241019505,0.8588077241019505,0.03792708244434771,0.0,1.192655884654605,1.0
26.085480642149392,0.9385193431499613,43234.80347616673,0.042799569518019394,3311093.4280568417,0.022550933338656078,0.0002591471344368574,0.02563670471059513,0.05044678518368807,261.7268212105384,308.3820206917811,3000.0,22.642973618629455,2.642973618629454,262.5762709313893,0.013610973452716727,0.8494497208508847,0.8494497208508847,0.03751493664913348,0.0,1.1797027496631305,1.0
26.135452827287608,0.9385250175039012,43235.32627907084,0.042797766348530455,3311113.447160524,0.022550915380763783,0.0002591252988731958,0.025637818059860713,0.0504478587394977,261.735555921919,308.3838851911618,3000.0,22.64229344896558,2.6422934489655803,262.57575023917565,0.013610956617326838,0.8401943172566462,0.8401943172566462,0.03710729741889423,0.0,1.1668910940007622,1.0
26.185425012425824,0.93853063020211,43235.843404473904,0.0427959688439688,3311133.2487429725,0.022550897618124427,0.0002591035328248641,0.025638919274751207,0.0504489204257005,261.7441948140422,308.38572943148336,3000.0,22.64161328013843,2.6416132801384298,262.57523520463855,0.013610939964825335,0.8310403905963426,0.8310403905963426,0.03670411557313118,0.0,1.1542193770714289,1.0
26.235397197564044,0.9385361819188343,43236.35491439617,0.04279417694201992,3311152.835182926,0.02255088004860002,0.00025908183552869753,0.025640008488757422,0.050449970372886135,261.7527389355452,308.387553634292,3000.0,22.640933112138914,2.6409331121389132,262.5747257659075,0.013610923493213065,0.8219868303622775,0.8219868303622775,0.03630534246495212,0.0,1.1416860749207691,1.0
26.24831469914284,0.9385376071661518,43236.48623068816,0.0427937146501598,3311157.863451189,0.022550875538138285,0.0002590762380018702,0.025640288108035793,0.05045023988417595,261.75493225045057,308.38802194712,3000.0,22.640757293040526,2.6407572930405254,262.5745949818238,0.013610919264583094,0.8196627313732279,0.8196627313732279,0.03620297328239906,0.0,1.1384686227369676,1.0
26.28536938270226,0.9385416733209452,43236.860870180986,0.042792390581057035,3311172.2088331054,0.022550862670076038,0.0002590602062300118,0.025641085833892952,0.050451008710199,261.7611893235796,308.38935801871065,3000.0,22.64025294495804,2.6402529449580396,262.5742218617888,0.013610907200512728,0.8130325382092565,0.8130325382092565,0.035910929978824196,0.0,1.1292896801685044,1.0
26.335341567840477,0.9385471050679566,43237.36133249626,0.042790609700139356,3311191.372020272,0.022550845480461316,0.0002590386441825785,0.02564215144069834,0.05045203556534224,261.7695470038385,308.39114280144474,3000.0,22.639572778586917,2.6395727785869183,262.573723431764,0.013610891084768815,0.8041764279254835,0.8041764279254835,0.035520830529368205,0.0,1.1170287019734884,1.0
26.385313752978696,0.9385524778121477,43237.85636134585,0.04278883423900047,3311210.3270456656,0.022550828477687707,0.00025901714864848263,0.025643205438265843,0.05045305106460203,261.77781299074917,308.3929081968225,3000.0,22.638892613016754,2.6388926130167554,262.57323041597823,0.013610875144047251,0.7954174252290613,0.7954174252290613,0.035134997052449365,0.0,1.104901665756568,1.0
26.435285938116913,0.9385577921987794,43238.34601608932,0.04278706413802843,3311229.0761857647,0.02255081165970937,0.0002589957188978783,0.025644247954282568,0.05045405533288982,261.7859882878088,308.394654416866,3000.0,22.638212448238853,2.6382124482388525,262.572742755221,0.013610859376434761,0.7867544674122087,0.7867544674122087,0.03475338298953964,0.0,1.092907112711891,1.0
26.48525812325513,0.9385630488661013,43238.83035544263,0.04278529933826475,3311247.621692312,0.022550795024502746,0.0002589743542089743,0.02564527911503241,0.05045504849374413,261.7940738875961,308.39638167129357,3000.0,22.637532284244607,2.637532284244606,262.5722603909249,0.013610843780038833,0.7781865033288113,0.7781865033288113,0.03437594228724382,0.0,1.0810435997947523,1.0
26.49831469914284,0.9385644128797385,43238.95603351443,0.042784839103144824,3311252.433928333,0.02255079070797456,0.0002589687827414955,0.025645546678001587,0.05045530616871764,261.79617181040294,308.39682986374135,3000.0,22.637354573256328,2.6373545732563284,262.57213522578934,0.013610839733040015,0.7759634153863999,0.7759634153863999,0.03427800774491202,0.0,1.0779653523451578,1.0
26.535230308393345,0.9385682484453808,43239.30943748068,0.04278353978140163,3311265.9657924166,0.022550778570066463,0.00025895305386799814,0.025646299045402537,0.050456030669337,261.80207077181734,308.39809016752935,3000.0,22.636852121025505,2.636852121025505,262.5717832651633,0.01361082835298764,0.769712493345935,0.769712493345935,0.03400262939523347,0.0,1.069309699659343,1.0
26.585202493531565,0.938573391560921,43239.78331963893,0.04278178540977999,3311284.110688619,0.022550762294421288,0.0002589318171691692,0.02564730786888741,0.05045700198047787,261.80997991133466,308.399780110709,3000.0,22.636171958573136,2.6361719585731347,262.5713113206487,0.013610813093430003,0.7613314093140389,0.7613314093140389,0.03363339926500669,0.0,1.057704000622409,1.0
26.63517467866978,0.9385784788301746,43240.25205872389,0.04278003616637878,3311302.058559289,0.02255074619560975,0.0002589106434145675,0.02564830570761179,0.050457962546636106,261.8178022663434,308.4014517037174,3000.0,22.635491796879172,2.6354917968791716,262.5708445007222,0.01361079799953503,0.7530422343788246,0.7530422343788246,0.03326820734165135,0.0,1.0462251064069326,1.0
26.685146863807997,0.9385835108639514,43240.71571093212,0.04277829199479593,3311319.8115593623,0.0225507302716955,0.00025888953191390034,0.02564929268237199,0.05045891248598139,261.82553878669495,308.4031051472565,3000.0,22.63481163593538,2.6348116359353826,262.57038274933456,0.013610783069491515,0.7448439626396066,0.7448439626396066,0.03290700954882614,0.0,1.0348716356725693,1.0
26.735119048946217,0.9385884882664229,43241.17433185065,0.0427765528392476,3311337.371820355,0.022550714520763265,0.00025886848198449094,0.02565026891263746,0.05045985191538521,261.83319041190475,308.4047406398472,3000.0,22.634131475733625,2.6341314757336236,262.56992601104525,0.013610768301507908,0.736735599140502,0.736735599140502,0.03254976228844331,0.0,1.023642222008131,1.0
26.74831469914284,0.9385897935566108,43241.29460249219,0.0427760944281902,3311341.976880223,0.02255071039020424,0.0002588629337328985,0.025650524917625407,0.05046009824156254,261.8351968480925,308.40516953673534,3000.0,22.633951872821775,2.633951872821774,262.56980623451307,0.013610764428698798,0.7346093864205727,0.7346093864205727,0.03245608148980256,0.0,1.0206975179455426,1.0
26.785091234084433,0.938593411635151,43241.62797645953,0.04277481864456535,3311354.7414504625,0.022550698940918795,0.00025884749295124215,0.025651234516556858,0.0504607809504269,261.8407580711971,308.4063583778385,3000.0,22.63345131626584,2.63345131626584,262.5694742310209,0.013610753693812264,0.7287161598237617,0.7287161598237617,0.032196422438678624,0.0,1.0125355138714445,1.0
26.83506341922265,0.938598281561105,43242.07669913343,0.042773089356194366,3311371.9225346236,0.02255068353028877,0.00025882656414661194,0.0256521896109621,0.05046169970539748,261.8482426835324,308.4079585554132,3000.0,22.632771157524065,2.632771157524066,262.56902735503246,0.01361073924465216,0.7207846715000414,0.7207846715000414,0.0318469473527294,0.0,1.0015501745526756,1.0
26.885035604360866,0.9386030986287683,43242.52055365133,0.04277136492018351,3311388.9171348936,0.02255066828702048,0.0002588056949104917,0.025653134311389648,0.050462608293320624,261.85564515777276,308.4095413646229,3000.0,22.632090999500424,2.632090999500424,262.5685853294466,0.013610724952294392,0.7129401716738357,0.7129401716738357,0.03150129485117274,0.0,0.9906848819364353,1.0
26.935007789499085,0.9386078634163358,43242.959593214706,0.042769645283167075,3311405.7272911426,0.022550653209281186,0.00025878488458998245,0.025654068732119926,0.0504635068259911,261.8629663929897,308.41110699545294,3000.0,22.631410842187123,2.6314108421871207,262.56814810120665,0.013610710815024398,0.7051817082169691,0.7051817082169691,0.031159423207608547,0.0,0.9799383280527356,1.0
26.9849799746373,0.9386125764957179,43243.393870447864,0.04276793039236418,3311422.3550210684,0.022550638295258125,0.0002587641325393858,0.02565499298617856,0.05046439541397607,261.87020727847084,308.4126556358237,3000.0,22.63073068557645,2.630730685576448,262.56771561783273,0.013610696831146222,0.6975083393618888,0.6975083393618888,0.030821291148431247,0.0,0.9693092190720163,1.0
26.99831469914284,0.9386138254801096,43243.50895597149,0.04276747358141485,3311426.761434256,0.022550634342999,0.00025875860476861625,0.02565523791273595,0.05046463086050357,261.87212598911776,308.4130660315532,3000.0,22.630549190708596,2.630549190708596,262.56760100805434,0.013610693125359393,0.6954750189365768,0.6954750189365768,0.030731689853205922,0.0,0.9664926036881109,1.0
27.034952159775518,0.9386172384325683,43243.82343740045,0.042766220195576105,3311438.8023202955,0.02255062354315842,0.00025874343812016946,0.025655907185342323,0.050465274166620916,261.87736869376334,308.41418747159963,3000.0,22.63005052966078,2.6300505296607812,262.56728782741925,0.013610682998982472,0.6899191336559056,0.6899191336559056,0.030486857850875834,0.0,0.958796275245882,1.0
27.084924344913734,0.9386218497862995,43244.24834554883,0.04276451464118455,3311455.0711624296,0.022550608951208976,0.00025872280070094383,0.02565681144014275,0.05046614319205267,261.8844515086985,308.41570268659456,3000.0,22.629370374432582,2.629370374432582,262.56686467863307,0.013610669316874229,0.6824131699345912,0.6824131699345912,0.030156082941910058,0.0,0.9483982308743983,1.0
27.134896530051954,0.9386264111101837,43244.668645805345,0.042762813678142324,3311471.1634994145,0.022550594517656255,0.00025870221965734757,0.025657705859886356,0.05046700259719996,261.8914565835492,308.41720146260457,3000.0,22.628690219884394,2.6286902198843927,262.5664461207046,0.013610655783180775,0.6749895371553976,0.6749895371553976,0.029828926490949415,0.0,0.9381138340791574,1.0
27.18486871519017,0.9386309229515392,43245.08438853542,0.042761117255956105,3311487.0812621857,0.022550580240765585,0.00025868169437183696,0.02565859055269162,0.05046785248782905,261.8983847693189,308.41868397946945,3000.0,22.628010066008837,2.628010066008838,262.5660321034107,0.013610642396279043,0.6676473340917823,0.6676473340917823,0.02950534899640616,0.0,0.9279418463824596,1.0
27.234840900328386,0.9386353858517359,43245.495623558105,0.0427594253246857,3311502.8263606955,0.022550566118821207,0.0002586612242336747,0.02565946562549073,0.050468692968545614,261.90523690775245,308.4201504150745,3000.0,22.627329912798622,2.6273299127986216,262.5656225770739,0.013610629154563592,0.6603856693214425,0.6603856693214425,0.02918531138523378,0.0,0.917881042694966,1.0
27.24831469914284,0.938636580858127,43245.60573804416,0.04275896989834446,3311507.0423396593,0.022550562337479034,0.0002586557143136168,0.025659699934982804,0.050468917986775455,261.9070715138132,308.42054307452077,3000.0,22.62714652594355,2.6271465259435534,262.5655129204452,0.0136106256088976,0.6584414066319937,0.6584414066319937,0.029099621813870616,0.0,0.9151872620208886,1.0
27.284813085466606,0.9386398003462204,43245.90240014828,0.042757737834941634,3311518.4006839977,0.022550552150126184,0.000258640808638899,0.025660331184034737,0.05046952414279982,261.91201383137377,308.4216009453586,3000.0,22.626649760246526,2.626649760246527,262.5652174925604,0.013610616056446534,0.6532036611866374,0.6532036611866374,0.028868775011237923,0.0,0.9079302112645361,1.0
27.334785270604822,0.938644166964531,43246.30476703802,0.04275605473788355,3311533.806100302,0.022550538333002322,0.0002586204469903022,0.025661187332897066,0.0504703461128897,261.91871636351044,308.42303574431935,3000.0,22.625969608345418,2.625969608345419,262.5648168012785,0.01361060310035748,0.646100437768041,0.646100437768041,0.028555701653984886,0.0,0.8980881536438131,1.0
27.38475745574304,0.9386484862303921,43246.702772425255,0.04275437598521139,3311549.044457307,0.022550524665789884,0.0002586001386973222,0.02566203417549248,0.05047115897997968,261.92534531844035,308.424454984044,3000.0,22.62528945708824,2.6252894570882392,262.5644204551699,0.013610590284743283,0.6390751367295593,0.6390751367295593,0.02824605351200687,0.0,0.8883536844784776,1.0
27.434729640881255,0.9386527586618929,43247.09646399018,0.042752701529149,3311564.117582829,0.022550511146847058,0.00025857988317584224,0.0256628718141125,0.0504719628441354,261.9319015016702,308.4258588347681,3000.0,22.624609306468006,2.624609306468006,262.56402840669364,0.0136105776080675,0.6321269050234264,0.6321269050234264,0.027939793189830316,0.0,0.8787256311012651,1.0
27.45985062399263,0.9386548888824865,43247.29275800666,0.04275186138917038,3311571.632994695,0.022550504406373264,0.00025856972048879736,0.025663289450023784,0.05047236357688585,261.93517005577615,308.42655879022027,3000.0,22.624267395457238,2.6242673954572395,262.5638329325854,0.013610571287509227,0.6286628768092442,0.6286628768092442,0.027787104254941502,0.0,0.8739254428471187,1.0
27.484701826019474,0.9386569847714905,43247.48588889558,0.04275103132244353,3311579.0272848154,0.022550497774549885,0.0002585596798481818,0.025663700349926464,0.05047275780432453,261.9383857099403,308.4272474648767,3000.0,22.623929156477814,2.623929156477814,262.56364060882544,0.013610565068810367,0.6252548988851458,0.6252548988851458,0.02763688369781335,0.0,0.8692028335286255,1.0
27.49831469914284,0.9386581280405114,43247.59123843597,0.04275057707340024,3311583.0607344927,0.02255049415701932,0.0002585541852502931,0.02566392448611434,0.05047297282838395,261.94013969647614,308.4276231242741,3000.0,22.623743877605495,2.623743877605495,262.5635356997409,0.013610561676621847,0.6233960032647587,0.6233960032647587,0.02755494433800756,0.0,0.8666268284779559,1.0
27.53467401115769,0.9386611650660348,43247.87109378899,0.04274936531836312,3311593.7753514317,0.022550484547292228,0.00025853952814306673,0.025664519882986805,0.0504735439584221,261.94479873126375,308.4286210409123,3000.0,22.623249007110832,2.623249007110833,262.5632570150555,0.013610552665468744,0.6184582837917674,0.6184582837917674,0.027337288450362568,0.0,0.8597841444063963,1.0
27.584646196295907,0.9386653000467828,43248.25212480403,0.04274770347069535,3311608.3635511096,0.022550471463485697,0.00025851942749560887,0.02566533051223228,0.05047432140321359,261.95114134494884,308.4299797275796,3000.0,22.62256885836031,2.6225688583603093,262.5628775793873,0.013610540396556072,0.6117362344384674,0.6117362344384674,0.027040971264958552,0.0,0.8504684289808682,1.0
27.634618381434127,0.9386693902094875,43248.62902756857,0.04274604573373894,3311622.7936328654,0.022550458521559385,0.0002584993773472039,0.02566613233550577,0.050475090234412365,261.9574143217379,308.43132368777503,3000.0,22.62188871021956,2.6218887102195625,262.5625022563293,0.013610528260602097,0.6050879345914382,0.6050879345914382,0.0267478963557135,0.0,0.8412545648979141,1.0
27.684590566572343,0.9386734360445662,43249.00184722017,0.042744392062288326,3311637.06732689,0.02255044571995932,0.0002584793771453428,0.025666925449587718,0.05047585054669238,261.96361842406895,308.4326530826416,3000.0,22.621208562681986,2.621208562681984,262.5621310008797,0.013610516256152382,0.5985125768107196,0.5985125768107196,0.026458028321178235,0.0,0.8321414418212818,1.0
27.73456275171056,0.9386774380371056,43249.37062840658,0.04274274241163289,3311651.186344567,0.022550433057148447,0.00025845942634360105,0.025667709950197414,0.05047660243368947,261.96975440608384,308.4339680715708,3000.0,22.62052841574104,2.6205284157410382,262.5617637685258,0.013610504381768288,0.5920093624419565,0.5920093624419565,0.026171332144035702,0.0,0.8231279614245418,1.0
27.74831469914284,0.9386785317248837,43249.47141134586,0.0427422891405068,3311655.0448717684,0.02255042959659318,0.0002584539446375879,0.02566792433980866,0.050476807881039434,261.9714311264415,308.43432743938723,3000.0,22.620341244822576,2.6203412448225776,262.561663409134,0.013610501136664111,0.5902322826925115,0.5902322826925115,0.026092987559487236,0.0,0.8206648619859732,1.0
27.784534936848775,0.9386813966668837,43249.73541528762,0.042741096737554995,3311665.1523785526,0.02255042053160658,0.00025843952440161334,0.02566848593199775,0.05047734598800595,261.9758230136625,308.4352688122098,3000.0,22.61984826939026,2.6198482693902605,262.561400515242,0.013610492636026917,0.5855775015795075,0.5855775015795075,0.025887773189527778,0.0,0.8142130373431823,1.0
27.834507121986995,0.9386853124083838,43250.09625153658,0.04273945499632834,3311678.967102822,0.02255040814183032,0.0002584196707850517,0.025669253488598307,0.05047808130121368,261.98182498444567,308.4365554604661,3000.0,22.619168123623258,2.619168123623258,262.5610411974886,0.013610481017521053,0.5792162130429119,0.5792162130429119,0.02560731720447242,0.0,0.8053955951452336,1.0
27.88447930712521,0.9386891857308791,43250.45318034786,0.04273781714471023,3311692.63217297,0.02255039588633281,0.0002583998649655306,0.025670012712572212,0.05047880846387055,261.98776104796565,308.437828170535,3000.0,22.61848797843371,2.6184879784337083,262.56068577220395,0.013610469524858938,0.5729247242383053,0.5729247242383053,0.02532993031119401,0.0,0.7966745721419327,1.0
27.934451492263427,0.9386930170985912,43250.806244451596,0.04273618313992691,3311706.1492267675,0.022550383763643253,0.00025838010642042803,0.025670763695487705,0.05047952756555139,261.99363192589396,308.43908709495213,3000.0,22.617807833815355,2.6178078338153568,262.56033419679,0.013610458156663766,0.5667022708960303,0.5667022708960303,0.025055578995978867,0.0,0.7880489170262199,1.0
27.984423677401647,0.9386968069706949,43251.15548611413,0.042734552939673,3311719.519884184,0.02255037177230683,0.00025836039463287706,0.025671506527909282,0.050480238694848995,261.99943833204827,308.44033238459485,3000.0,22.617127689762018,2.617127689762017,262.55998642911175,0.013610446911573709,0.5605480970634744,0.5605480970634744,0.024784230108813282,0.0,0.7795175898659229,1.0
27.99831469914284,0.9386978531514789,43251.251893287634,0.04273410045475702,3311723.2108068527,0.022550368462151076,0.0002583549234834436,0.025671711581196747,0.05048043496683127,262.0010410119773,308.44067614239435,3000.0,22.61693862676963,2.616938626769632,262.5598904290748,0.01361044380740323,0.5588494170975196,0.5588494170975196,0.02470933075071707,0.0,0.7771627093632617,1.0
28.034395862539863,0.9387005558013404,43251.50094713988,0.04273292650210933,3311732.7457474587,0.0225503599108847,0.0002583407290917379,0.025672241299402473,0.05048094193937891,262.00518097242724,308.44156418868937,3000.0,22.616447546267572,2.6164475462675707,262.55964242749536,0.013610435788241827,0.5544614550681217,0.5544614550681217,0.02451585086180457,0.0,0.7710795620555062,1.0
28.08436804767808,0.9387042640396654,43251.84266887261,0.04273130378586164,3311745.8284011483,0.02255034817795392,0.000258321109291581,0.025672968098536496,0.050481637385782,262.01086054523046,308.442782654815,3000.0,22.615767403325968,2.615767403325967,262.55930215072686,0.013610424785336039,0.5484416054964072,0.5484416054964072,0.02425040882830052,0.0,0.7627338162897529,1.0
28.134340232816296,0.9387079321298742,43252.180692202564,0.04272968475001328,3311758.7694124044,0.022550336572107196,0.0002583015347325973,0.025673687012900057,0.05048232511973985,262.0164777409805,308.44398792892997,3000.0,22.615087260931222,2.615087260931221,262.5589655580449,0.013610413901538873,0.5424878170643979,0.5424878170643979,0.023987871937225496,0.0,0.754479346387023,1.0
28.184312417954516,0.93871156051139,43252.51505758047,0.04272806935409116,3311771.5703315106,0.02255032509195242,0.0002582820049204267,0.025674398129131592,0.05048300522600444,262.02203324276053,308.44518015542144,3000.0,22.614407119077413,2.614407119077414,262.5586326091272,0.013610403135547055,0.5365993663666586,0.5365993663666586,0.02372820846202887,0.0,0.7463151569430836,1.0
28.234284603092732,0.9387151496188583,43252.84580501796,0.042726457558065326,3311784.232691895,0.02255031373611264,0.0002582625193661512,0.025675101532920158,0.05048367778839895,262.0275277262196,308.44635947710685,3000.0,22.61372697775869,2.6137269777586902,262.55830326408943,0.013610392486071453,0.5307755378698289,0.5307755378698289,0.02347138702045281,0.0,0.7382402633250791,1.0
28.24831469914284,0.9387161502876037,43252.93801998654,0.04272600567507515,3311787.763048228,0.022550310570032848,0.00025825705652981855,0.025675297644209207,0.05048386527077187,262.0290594679256,308.446688280399,3000.0,22.61353602266567,2.61353602266567,262.55821144034536,0.013610389516918875,0.5291519724197542,0.5291519724197542,0.02339978904181028,0.0,0.735989092748936,1.0
28.284256788230948,0.938718699882167,43253.17297408923,0.04272484932234694,3311796.7580102016,0.022550302503225986,0.0002582430775862699,0.025675797309009752,0.05048434288982201,262.03296185960437,308.4475260352403,3000.0,22.613046836969257,2.6130468369692585,262.55797748348414,0.013610381951837046,0.5250156238797672,0.5250156238797672,0.023217376573131138,0.0,0.7302536916287259,1.0
28.334228973369168,0.9387222117264602,43253.496603932384,0.04272324460778696,3311809.147786336,0.022550291391945677,0.00025822367910268074,0.02567648554120218,0.050485000612250544,262.0383363037804,308.44867996951706,3000.0,22.612366696703393,2.6123666967033925,262.55765522829904,0.013610371531582873,0.5193189245186431,0.5193189245186431,0.02296614642262782,0.0,0.7223544786493041,1.0
28.384201158507384,0.9387256855722108,43253.8167332561,0.0427216433756693,3311821.4035037262,0.02255028040093972,0.00025820432344259714,0.025677166312371737,0.05048565103675406,262.0436517123457,308.4498214180977,3000.0,22.611686556955426,2.611686556955428,262.5573364599507,0.01361036122406182,0.5136847476049979,0.5136847476049979,0.022717666208184144,0.0,0.714541671717697,1.0
28.4341733436456,0.9387291218353653,43254.13340035289,0.042720045587697604,3311833.5266298302,0.0225502695288905,0.0002581850101383863,0.02567783970449373,0.05048629424352262,262.0489087318555,308.4509505176554,3000.0,22.61100641771976,2.611006417719762,262.5570211402707,0.013610351028040197,0.5081124084152293,0.5081124084152293,0.02247190589522068,0.0,0.7068143283714747,1.0
28.484145528783817,0.9387325209273477,43254.446643099516,0.042718451205994684,3311845.51861615,0.022550258774494743,0.00025816573872756125,0.025678505798645605,0.05048693031186791,262.05410800182887,308.4520674033772,3000.0,22.610326278990854,2.610326278990853,262.55670923150586,0.01361034094229771,0.5026012296769977,0.5026012296769977,0.02222883577509479,0.0,0.6991715163484106,1.0
28.49831469914284,0.9387334780022598,43254.53484238078,0.042717999747822887,3311848.8951735697,0.022550255746411424,0.0002581602820495559,0.025678693346869397,0.05048710937533038,262.05557178795806,308.4523818824527,3000.0,22.610133431771526,2.6101334317715263,262.5566214080356,0.0136103381024746,0.5010496200775378,0.5010496200775378,0.022160400848120078,0.0,0.6970197187696678,1.0
28.534117713922036,0.9387358832550785,43254.75649895866,0.04271686019310068,3311857.3808983015,0.02255024813646347,0.0002581465087527572,0.025679164675010867,0.050487559320227096,262.05925015477845,308.45317220897067,3000.0,22.609646140763218,2.6096461407632194,262.5564006963162,0.013610330965627427,0.4971505415377351,0.4971505415377351,0.021988426463756816,0.0,0.6916123135453461,1.0
28.584089899060253,0.9387392092209872,43255.06300498005,0.04271527251197186,3311869.1148960525,0.02255023761352194,0.00025812731976171605,0.025679816412881848,0.050488181346165506,262.06433581622974,308.45426506666735,3000.0,22.60896600303144,2.608966003031442,262.5560954977738,0.013610321096835716,0.49175968154406746,0.49175968154406746,0.021750648900888774,0.0,0.6841358079922055,1.0
28.63406208419847,0.9387424992230806,43255.36619780681,0.042713688125974175,3311880.7220135718,0.022550227204409464,0.00025810817130720676,0.02568046109067333,0.050488796466390005,262.0693656048281,308.4553461072459,3000.0,22.608285865790158,2.6082858657901586,262.5557935993566,0.013610311334742069,0.48642799452852614,0.48642799452852614,0.02151547434494214,0.0,0.6767410976970419,1.0
28.68403426933669,0.9387457536550811,43255.66611368805,0.042712106998870625,3311892.203639909,0.022550216907878912,0.0002580890629468717,0.02568109878594987,0.05048940475677566,262.0743401325529,308.4564154600768,3000.0,22.607605729034066,2.6076057290340673,262.5554949649358,0.013610301678178678,0.4811548323829129,0.4811548323829129,0.021282874363161088,0.0,0.6694272903333794,1.0
28.734006454474905,0.9387489729064296,43255.962788479264,0.04271052909482079,3311903.5611490128,0.022550206722696763,0.00025806999424321964,0.02568172957542668,0.05049000629236666,262.07926000472355,308.45747325312414,3000.0,22.60692559275792,2.6069255927579227,262.55519955877526,0.013610292125990422,0.4759395540517062,0.4759395540517062,0.021052820831337294,0.0,0.6621935032335241,1.0
28.74831469914284,0.9387498882314599,43256.04714177477,0.04271007789129621,3311906.790412974,0.02255020382676647,0.0002580645416544366,0.025681908924648958,0.050490177293069864,262.08065870227153,308.4577740138751,3000.0,22.606730853387624,2.6067308533876226,262.5551155663734,0.01361028941002833,0.47445686410185317,0.47445686410185317,0.020987415968229468,0.0,0.6601369083084763,1.0
28.78397863961312,0.9387521573623037,43256.25625764387,0.042708954378379155,3311914.7958997865,0.02255019664764302,0.0002580509647636046,0.02568235353497336,0.050490601147379986,262.08412582002677,308.45851961295085,3000.0,22.606245456956536,2.6062454569565374,262.55490734553024,0.013610282677034818,0.47078152550346886,0.47078152550346886,0.020825285932591562,0.0,0.6550388633512569,1.0
28.833950824751337,0.9387553074036297,43256.54655625435,0.04270738281449386,3311925.9092361373,0.02255018668151115,0.0002580319740802088,0.02568297073961654,0.0504911893952079,262.0889381705359,308.45955466472304,3000.0,22.60556532162478,2.605565321624781,262.55461829024597,0.013610273330181992,0.4656801197100435,0.4656801197100435,0.020600242156499745,0.0,0.6479625072353317,1.0
28.883923009889557,0.938758423407147,43256.83371899815,0.04270581436850067,3311936.902487202,0.02255017682310792,0.00025801302176996937,0.025683581263552694,0.05049177110843059,262.0936976418116,308.4605785322311,3000.0,22.60488518675758,2.60488518675758,262.554332358352,0.013610264084314485,0.460634716540369,0.460634716540369,0.020377662294441493,0.0,0.6409635808841813,1.0
28.933895195027773,0.9387615057455385,43257.11778018969,0.04270424900611105,3311947.7769678035,0.022550167071252958,0.0002579941074144329,0.025684185180173933,0.050492346358841325,262.09840481310374,308.46159133793253,3000.0,22.604205052349915,2.604205052349915,262.55404951565,0.013610254938326856,0.45564470254623757,0.45564470254623757,0.020157519430167668,0.0,0.634041239450252,1.0
28.98386738016599,0.938764554787435,43257.398773770736,0.042702686693411665,3311958.5339784706,0.02255015742477873,0.00025797523059974803,0.02568478256206909,0.05049291521744757,262.1030602573592,308.4625932029533,3000.0,22.603524918396822,2.603524918396822,262.5537697283136,0.013610245891125685,0.45070947095445035,0.45070947095445035,0.019939786939497283,0.0,0.6271946472313901,1.0
28.99831469914284,0.9387654301347306,43257.479444189084,0.04270223558106404,3311961.622201104,0.022550154655386175,0.00025796978011378486,0.02568495406199474,0.0504930784974947,262.10439662150435,308.46288082767813,3000.0,22.603328286851852,2.603328286851852,262.5536894043638,0.01361024329376891,0.44929278285945884,0.44929278285945884,0.01987728431661139,0.0,0.6252292458008366,1.0
29.03383956530421,0.9387675708974308,43257.67673331183,0.042701127396862805,3311969.1748054903,0.022550147882530534,0.00025795639091664535,0.02568537348102697,0.05049347775447415,262.1076645412458,308.46358424709314,3000.0,22.602844784893392,2.6028447848933913,262.55349296288676,0.01361023694162952,0.4458284216409538,0.4458284216409538,0.019724438489217216,0.0,0.6204229776371402,1.0
29.083811750442425,0.9387705544360959,43257.9516920134,0.04269957108329719,3311979.7007209533,0.022550138443366407,0.00025793758796042207,0.025685958008039005,0.05049403403936584,262.1122182251721,308.4645645888294,3000.0,22.60216465183477,2.6021646518347676,262.5532191862827,0.01361022808876883,0.4410009611106034,0.4410009611106034,0.01951144803623065,0.0,0.6137254131628496,1.0
29.13378393558064,0.9387735057600365,43258.223682711294,0.04269801771991435,3311990.1129829646,0.02255012910615696,0.00025791882133087293,0.025686536213311236,0.050494584140799076,262.11672186338075,308.46553434533695,3000.0,22.60148451921615,2.6014845192161484,262.5529483657783,0.013610219331485846,0.43622650239757377,0.43622650239757377,0.019300789823194442,0.0,0.6071011452533449,1.0
29.183756120718858,0.9387764252220187,43258.49273788819,0.04269646727426929,3312000.4128360823,0.022550119869784994,0.00025790009063215194,0.02568710816628883,0.05049512812670598,262.1211760041413,308.466493632529,3000.0,22.600804387032785,2.6008043870327837,262.5526804690031,0.013610210668734185,0.4315044648618027,0.4315044648618027,0.019092438369555487,0.0,0.6005493740219077,1.0
29.233728305857078,0.9387793131709725,43258.75888967396,0.04269491971427196,3312010.601511331,0.022550110733145463,0.00025788139547276533,0.025687673935657025,0.05049566606427525,262.125581189757,308.46744256505826,3000.0,22.600124255279976,2.6001242552799755,262.5524154639383,0.013610202099478828,0.42683427418131714,0.42683427418131714,0.018886368471252878,0.0,0.5940693082417262,1.0
29.24831469914284,0.9387801502432749,43258.83603394959,0.042694468536102044,3312013.554699904,0.022550108084895857,0.0002578759451830317,0.025687837922129957,0.05049582195220885,262.1268578676138,308.4677176132498,3000.0,22.599925731537578,2.599925731537578,262.5523386521929,0.013610199615677332,0.42548078457906513,0.42548078457906513,0.0188266452568611,0.0,0.5921912470311738,1.0
29.283700490995294,0.9387821699520069,43259.02216984698,0.04269337500818587,3312020.680226253,0.022550101695145444,0.00025786273546555345,0.025688233589344234,0.05049619801995524,262.12993795658724,308.4683812563218,3000.0,22.599444123953077,2.599444123953076,262.5521533189159,0.0136101936226961,0.4222153623286431,0.4222153623286431,0.01868255519971566,0.0,0.587660165315186,1.0
29.33367267613351,0.9387849959064215,43259.28260983527,0.042691833124626856,3312030.6501849527,0.0225500927547041,0.0002578441102276751,0.025688787194524595,0.05049672405945637,262.1342468350669,308.46930981846504,3000.0,22.59876399304749,2.5987639930474904,262.5518940026175,0.013610185237373604,0.4176471675505695,0.4176471675505695,0.018480973901008863,0.0,0.5813211712478031,1.0
29.38364486127173,0.9387877913717632,43259.5402407216,0.042690294032557884,3312040.5125782946,0.022550083910752475,0.0002578255193805433,0.025689334817629222,0.05049724424776224,262.13850834979417,308.47022836240035,3000.0,22.598083862558674,2.5980838625586737,262.55163748406886,0.013610176942510077,0.41312913427469766,0.41312913427469766,0.018281600191739487,0.0,0.5750515605202574,1.0
29.433617046409946,0.9387905566819436,43259.79509325444,0.042688757701278196,3312050.2685843175,0.022550075162233157,0.00025780696254969383,0.025689876524369385,0.050497758649152236,262.1427230197132,308.47113699784563,3000.0,22.59740373248213,2.5974037324821304,262.5513837326296,0.013610168737115045,0.4086607129164008,0.4086607129164008,0.01808440995055466,0.0,0.5688505758217892,1.0
29.483589231548162,0.9387932921672427,43260.047197848144,0.04268722410042295,3312059.91936825,0.022550066508100243,0.00025778843936477943,0.025690412379737435,0.05049826732720246,262.1468913581197,308.4720358333255,3000.0,22.596723602813412,2.5967236028134133,262.55113271799235,0.013610160620208783,0.40424135987262844,0.40424135987262844,0.01788937931790688,0.0,0.5627174680435544,1.0
29.49831469914284,0.9387940926002356,43260.12096655548,0.04268677270567819,3312062.7432934484,0.022550063975811788,0.00025778298744168085,0.02569056917522587,0.05049841613847934,262.14811089240885,308.4722988424425,3000.0,22.59652318685174,2.596523186851739,262.55105926835716,0.013610158245111243,0.4029483759483128,0.4029483759483128,0.017832317503728923,0.0,0.5609230444712096,1.0
29.53356141668638,0.938795998154324,43260.296584584365,0.04268569319996179,3312069.466082557,0.0225500579473193,0.0002577699494595516,0.025690942448009867,0.050498770344788724,262.1510138726848,308.47292497617605,3000.0,22.596043473548125,2.596043473548125,262.55088441018177,0.01361015259082231,0.3998705374969518,0.3998705374969518,0.017696484694989058,0.0,0.5566514962458543,1.0
29.5835336018246,0.9387986749662445,43260.54328321304,0.04268416497019764,3312078.909866985,0.022550049478867327,0.0002577514924718454,0.025691466792749522,0.050499267764088696,262.15509106547086,308.4738045325486,3000.0,22.595363344681914,2.5953633446819153,262.55063877955325,0.013610144647997311,0.3955477140823973,0.3955477140823973,0.01750570274301405,0.0,0.5506519276361874,1.0
29.633505786962814,0.9388013229225082,43260.787323157194,0.04268263938176204,3312088.2518487424,0.02255004110173258,0.0002577330680435217,0.025691985476816243,0.05049975964659235,262.1591234330145,308.47467460742695,3000.0,22.594683216210484,2.594683216210483,262.5503957967885,0.013610136790786037,0.3912723637740214,0.3912723637740214,0.017317010379384486,0.0,0.5447180374494924,1.0
29.68347797210103,0.9388039423391783,43261.02873352337,0.04268111640560458,3312097.4931428996,0.022550032814914238,0.0002577146758203392,0.025692498562388952,0.05050024605312353,262.1631114665013,308.4755353046642,3000.0,22.594003088129575,2.5940030881295737,262.5501554328847,0.013610129018250922,0.3870439663834304,0.3870439663834304,0.01713038476952211,0.0,0.5388491086918774,1.0
29.73345015723925,0.9388065335288798,43261.26754310176,0.04267959601299279,3312106.634852395,0.022550024617422382,0.00025769631545195153,0.025693006110966338,0.050500727043840676,262.16705565176954,308.47638672698383,3000.0,22.59332296043498,2.5933229604349783,262.54991765915474,0.013610121329464602,0.3828620073851994,0.3828620073851994,0.016945803326746597,0.0,0.5330444321374673,1.0
29.74831469914284,0.9388072988934836,43261.33808086478,0.042679144256948416,3312109.335056422,0.0225500221961189,0.0002576908601401458,0.025693156025035337,0.05050086908129438,262.168220484404,308.476638213205,3000.0,22.59312065223305,2.593120652233052,262.54984742747837,0.013610119058411634,0.38162694307436595,0.38162694307436595,0.016891289563252383,0.0,0.5313300892310718,1.0
29.783422342377467,0.9388090968008143,43261.50378036763,0.04267807817551057,3312115.678068093,0.022550016508277926,0.0002576779865918882,0.02569350818336996,0.05050120267823978,262.1709564693339,308.47722897598436,3000.0,22.592642833122536,2.5926428331225346,262.54968244722545,0.013610113723509856,0.3787259778915768,0.3787259778915768,0.016763243711193258,0.0,0.5273033062950133,1.0
29.833394527515683,0.9388116324607696,43261.73747348214,0.04267656286505728,3312124.6238688105,0.02255000848651263,0.0002576596888975419,0.025694004839746223,0.0505016730151564,262.1748143944,308.4780621521426,3000.0,22.591962706188127,2.5919627061881263,262.54944976903704,0.013610106199479598,0.37463537463702323,0.37463537463702323,0.016582683829165824,0.0,0.521625037388175,1.0
29.8833667126539,0.9388141408111694,43261.96865029696,0.042675050053843123,3312133.473321499,0.0225500005511689,0.00025764142203011265,0.025694496139576285,0.0505021381127753,262.17862989694225,308.47888635483014,3000.0,22.59128257962768,2.5912825796276824,262.5492195968384,0.013610098756476712,0.37058969989612933,0.37058969989612933,0.016404101829540167,0.0,0.5160089392430425,1.0
29.93333889779212,0.9388166221511803,43262.197338364094,0.04267353971437936,3312142.2274816167,0.02254999270129947,0.00025762318565448794,0.025694982141697156,0.05050259802865112,262.1824034418699,308.4797016823481,3000.0,22.590602453437175,2.590602453437176,262.5489919031773,0.013610091393613733,0.3665884613074013,0.3665884613074013,0.01622747609600047,0.0,0.510454333044583,1.0
29.983311082930335,0.938819076776715,43262.423564936114,0.042672031819477936,3312150.8873931407,0.02254998493596741,0.0002576049794392384,0.02569546290430245,0.0505030528197091,262.1861354890315,308.48050823192847,3000.0,22.589922327612623,2.5899223276126233,262.54876666090007,0.01361008411001286,0.3626311718685429,0.3626311718685429,0.01605278524686574,0.0,0.5049605473317746,1.0
29.99831469914284,0.9388198085813279,43262.491010633064,0.04267157956322393,3312153.469197621,0.02254998262087121,0.0002575995190549693,0.025695606234073957,0.05050318837400014,262.18724796461873,308.48074869088856,3000.0,22.589718127150316,2.5897181271503156,262.5486995087682,0.013610081938530397,0.36145154414947456,0.36145154414947456,0.01600071068239892,0.0,0.5033228687566822,1.0
30.03328326806855,0.9388215049804441,43262.647356967376,0.04267052634225025,3312159.4540886157,0.022549977254246036,0.0002575868030566011,0.02569593848494496,0.0505035025422476,262.18982649323556,308.48130609973816,3000.0,22.589242202150086,2.5892422021500856,262.5485438431505,0.013610076904805892,0.3587173499149685,0.3587173499149685,0.015880008134173937,0.0,0.4995269179693822,1.0
30.083255453206768,0.9388239070518074,43262.868741114864,0.04266902325610617,3312167.928589181,0.02254996965521892,0.00025756865618246753,0.02569640894053876,0.05050394725194015,262.1934769042651,308.4820953808822,3000.0,22.588562077045665,2.5885620770456668,262.5483234233691,0.013610069777134215,0.3548465191040009,0.3548465191040009,0.015709123843017585,0.0,0.49415278812763197,1.0
30.133227638344987,0.9388262832770604,43263.08774374261,0.04266752253474967,3312176.311904748,0.02254996213797974,0.0002575505384963298,0.02569687432736869,0.050504387003844756,262.1970871669523,308.48287616941946,3000.0,22.587881952295515,2.587881952295514,262.5481053752881,0.013610062726148658,0.3510182083358018,0.3510182083358018,0.01554011168807836,0.0,0.4888375081737826,1.0
30.183199823483204,0.9388286339393742,43263.30439093084,0.042666024152169614,3312184.605034341,0.022549954701631916,0.0002575324496811687,0.02569733470110992,0.050504821852423006,262.2006577213334,308.4836485583953,3000.0,22.587201827895814,2.5872018278958158,262.5478896729233,0.01361005575100919,0.3472319515898903,0.3472319515898903,0.015372951206423865,0.0,0.4835804354461329,1.0
30.23317200862142,0.9388309593188399,43263.518708476346,0.04266452808263938,3312192.808966122,0.02254994734528867,0.0002575143894234483,0.02569779011682898,0.0505052518515411,262.20418900265497,308.48441263984313,3000.0,22.586521703842802,2.586521703842803,262.5476762905728,0.013610048850884926,0.34348728791781014,0.34348728791781014,0.015207622157216454,0.0,0.47838093424539285,1.0
30.24831469914284,0.938831659011524,43263.58319543965,0.04266407519287284,3312195.277479814,0.02254994513181355,0.0002575089223519512,0.02569792714742904,0.05050538120159455,262.2052513719095,308.48464254735154,3000.0,22.5863156111008,2.586315611100801,262.54761208510786,0.013610046774677743,0.3423607131983317,0.3423607131983317,0.015157882281166171,0.0,0.47681663945183933,1.0
30.28314419375964,0.9388332596924805,43263.730721893626,0.04266303430071565,3312200.9246774283,0.022549940068072927,0.0002574963574131007,0.025698240628986246,0.05050567705447227,262.2076814413932,308.4851685047881,3000.0,22.585841580132747,2.585841580132747,262.5474652028162,0.013610042024954066,0.33978376142300704,0.33978376142300704,0.015044104520855759,0.0,0.4732383758082355,1.0
30.333116378897856,0.9388355353342598,43263.94045641562,0.04266154278123755,3312208.953134801,0.022549932869117297,0.00025747835334351477,0.025698686291437678,0.05050609751389849,262.211135463267,308.48591624325013,3000.0,22.58516145676196,2.5851614567619605,262.54725638451407,0.013610035272403892,0.3361209212470726,0.3361209212470726,0.014882378498402923,0.0,0.46815213828969837,1.0
30.383088564036072,0.9388377865151268,43264.147936997884,0.04266005349932249,3312216.8952941485,0.022549925747563968,0.00025746037691148514,0.025699127157443845,0.050506513281919296,262.2145514893086,308.48665594425876,3000.0,22.584481333726796,2.584481333726797,262.5470498108034,0.013610028592430623,0.3324983214948247,0.3324983214948247,0.014722424508296523,0.0,0.46312160666039803,1.0
30.433060749174288,0.9388400135031116,43264.35318832732,0.042658566430357474,3312224.75210108,0.022549918702564366,0.00025744242781710664,0.025699563279688628,0.050506924410070105,262.21792993601076,308.48738769588414,3000.0,22.58380121102365,2.5838012110236503,262.54684545708915,0.013610021984239135,0.32891552107838606,0.32891552107838606,0.014564223179481191,0.0,0.4581461724909115,1.0
30.483032934312508,0.938842216563328,43264.55623482247,0.0426570815499987,3312232.524490917,0.022549911733279165,0.0002574245057637689,0.025699994710279932,0.05050733094932287,262.22127121533225,308.48811158523836,3000.0,22.58312108864895,2.583121088648952,262.54664329904386,0.013610015447042939,0.3253720837116134,0.3253720837116134,0.014407755351192646,0.0,0.45322523394548925,1.0
30.49831469914284,0.9388428855339406,43264.617891033675,0.04265662789882194,3312234.884617232,0.02254990961702361,0.0002574190304567507,0.025700125715273484,0.05050745436275385,262.222285638404,308.4883313979793,3000.0,22.58291310360873,2.5829131036087287,262.5465819127093,0.013610013461988351,0.32429627430531127,0.32429627430531127,0.014360249840995449,0.0,0.4517311734289267,1.0
30.533005119450724,0.9388443959579856,43264.75710063463,0.042655598834170444,3312240.213388733,0.022549904838878244,0.00025740661045814184,0.025700421500752205,0.05050773295008859,262.2245757347164,308.48882769847916,3000.0,22.582440966599172,2.582440966599173,262.54644331260647,0.01361000898006418,0.3218675778900888,0.3218675778900888,0.014253002072103315,0.0,0.4483581957556501,1.0
30.58297730458894,0.9388465519463982,43264.955809648585,0.04265411825906419,3312247.819709387,0.02254989801854065,0.00025738874161016466,0.025700843702068092,0.05050813046221891,262.227843897104,308.48953612081283,3000.0,22.581760844870825,2.5817608448708254,262.54624547398186,0.013610002582533587,0.31840157687787496,0.31840157687787496,0.014099944599767385,0.0,0.44354446920318363,1.0
30.63294948972716,0.9388486847850255,43265.15238548641,0.04265263980113485,3312255.3443576675,0.02254989127145448,0.00025737089893299953,0.025701261364626804,0.05050852353501428,262.2310761009984,308.49023693650776,3000.0,22.581080723460456,2.581080723460457,262.5460497596366,0.013609996253690339,0.31497365863822324,0.31497365863822324,0.013948564397583662,0.0,0.43878347202507695,1.0
30.682921674865376,0.9388507947275638,43265.34685151594,0.04265116343709233,3312262.788228615,0.02254988459681659,0.00025735308214292906,0.025701674538281937,0.05050891221724146,262.2342727406067,308.49093022892447,3000.0,22.580400602364655,2.580400602364654,262.54585614629093,0.013609989992781818,0.3115834056842459,0.3115834056842459,0.01379884312821343,0.0,0.4340746282069375,1.0
30.732893860003593,0.9388528820249497,43265.53923085091,0.04264968914390129,3312270.1522075324,0.022549877993832575,0.0002573352909593526,0.025702083272342267,0.050509296557134195,262.23743420584464,308.49161608051645,3000.0,22.57972048158004,2.5797204815800407,262.54566461091827,0.013609983799063599,0.30823040507362975,0.30823040507362975,0.013650762653376345,0.0,0.42941736797699803,1.0
30.74831469914284,0.9388535216072188,43265.5981791307,0.04264923460862545,3312272.40865186,0.022549875970573136,0.0002573298059325437,0.025702208514155434,0.050509414290661116,262.23840275555824,308.49182623673113,3000.0,22.579510604223827,2.579510604223829,262.5456059213281,0.013609981901205317,0.30720316576986306,0.30720316576986306,0.013605395225545599,0.0,0.4279905186583659,1.0
30.77625055838117,0.9388546748443051,43265.70446945582,0.04264841168275442,3312276.477268842,0.0225498723224183,0.000257319875563869,0.025702434337681455,0.050509626535663626,262.2401489465527,308.49220517147086,3000.0,22.579130397733046,2.5791303977330475,262.5455000975501,0.01360997847915707,0.3053511509973532,0.3053511509973532,0.013523601025308335,0.0,0.4254180073885101,1.0
30.78286604514181,0.9388549469253691,43265.72954635201,0.04264821689878009,3312277.43717002,0.02254987146171675,0.00025731752510477327,0.02570248761557375,0.050509676602395276,262.24056088235255,308.49229457283366,3000.0,22.579040361103278,2.5790403611032775,262.54547513074453,0.013609977671799403,0.3049142483919809,0.3049142483919809,0.013504305033142776,0.0,0.4248111277842772,1.0
30.83283823028003,0.938856989674268,43265.91782062767,0.04264674667919989,3312284.643982009,0.022549864999692117,0.00025729978430478605,0.02570288761620154,0.050510052400198444,262.24365315151,308.49296578652553,3000.0,22.57836024093106,2.5783602409310613,262.545287683247,0.013609971610261076,0.30163453173702237,0.30163453173702237,0.013359452525263806,0.0,0.42025535027791544,1.0
30.882810415418245,0.9388590105143901,43266.10407603763,0.04264527846288109,3312291.7734998995,0.022549858606990228,0.0002572820682880341,0.025703283321917597,0.05051042399719586,262.24671139049576,308.4936298013537,3000.0,22.577680121060126,2.577680121060127,262.545102246151,0.013609965613728486,0.2983908556552137,0.2983908556552137,0.01321618758239378,0.0,0.4157494842202214,1.0
30.93278260055646,0.938861009685863,43266.288334700825,0.04264381222778548,3312298.82657086,0.02254985228285094,0.00025726437678611386,0.02570367477989759,0.050510791439534644,262.24973597242126,308.49428669622006,3000.0,22.577000001487242,2.5770000014872427,262.5449187974217,0.013609959681489259,0.29518282500043824,0.29518282500043824,0.013074492845860534,0.0,0.41129298429112676,1.0
30.98275478569468,0.9388629874262016,43266.470618495725,0.04264234795211584,3312305.8040328436,0.022549846026522376,0.0002572467095335691,0.025704062036801728,0.050511154772857676,262.25272726633636,308.4949365491682,3000.0,22.576319882209212,2.5763198822092135,262.54473731526434,0.013609953812838764,0.29201004892797755,0.29201004892797755,0.012934351145426933,0.0,0.4068853110810667,1.0
30.99831469914284,0.9388635988997465,43266.52697668885,0.04264189241507023,3312307.961309676,0.02254984409220724,0.0002572412133643499,0.025704181767131733,0.05051126707270333,262.25365193134246,308.49513746931837,3000.0,22.576108112519975,2.576108112519977,262.54468120499746,0.013609951998380915,0.2910292736549991,0.2910292736549991,0.012891029410583116,0.0,0.40552277180677043,1.0
31.032726970832897,0.9388649439703179,43266.650949061244,0.042640885614315,3312312.706714619,0.022549839837260912,0.00025722906626787925,0.02570444513877668,0.05051151404230547,262.25568563724437,308.4955794373863,3000.0,22.57563976322288,2.57563976322288,262.5445577781227,0.013609948007080095,0.28887214087831126,0.28887214087831126,0.012795745498601635,0.0,0.4025259310696761,1.0
31.082699155971113,0.9388668795505298,43266.82934779746,0.04263942519306499,3312319.535435802,0.02254983371433114,0.00025721144672944855,0.0257048241314574,0.050511869292518,262.25861144611525,308.4962154372102,3000.0,22.574959644525116,2.574959644525115,262.5443801646788,0.013609942263524034,0.28576871856353137,0.28576871856353137,0.01265865911006561,0.0,0.3982143166081184,1.0
31.13267134110933,0.9388687943965967,43267.005835868964,0.04263796666728376,3312326.291006983,0.022549827657005764,0.0002571938506615656,0.02570519905997424,0.05051222056764157,262.2615050499418,308.496844624135,3000.0,22.57427952611283,2.574279526112828,262.5442044538494,0.013609936581488957,0.28269940390759984,0.28269940390759984,0.012523075369053836,0.0,0.39394994583709353,1.0
31.18264352624755,0.9388706887358017,43267.18043421245,0.04263651001611762,3312332.9742300175,0.02254982166456532,0.0002571762778103119,0.025705569968969152,0.050512567911344786,262.26436680186777,308.4974670728423,3000.0,22.57359940798296,2.5735994079829623,262.5440306247783,0.013609930960300585,0.2796638229105497,0.2796638229105497,0.012388977843367281,0.0,0.38973230249885243,1.0
31.232615711385765,0.9388725627929548,43267.353163536915,0.04263505521894093,3312339.5858980333,0.022549815736298197,0.0002571587279245573,0.025705936902596253,0.05051291136681901,262.26719705119154,308.4980828572009,3000.0,22.572919290132493,2.572919290132493,262.54385865683656,0.013609925399291959,0.2766616056450175,0.2766616056450175,0.012256350279246209,0.0,0.3855608759335527,1.0
31.24831469914284,0.9388731473852501,43267.4070446922,0.0426345985672878,3312341.648337898,0.022549813887040915,0.0002571532192496544,0.02570605136280913,0.050513018469099696,262.26807973903095,308.4982749446146,3000.0,22.5727056280939,2.572705628093899,262.5438050132572,0.013609923664593276,0.2757252742262608,0.2757252742262608,0.012214985601154265,0.0,0.3842598630958989,1.0
31.28258789652398,0.9388744167904024,43267.5240443246,0.04263360225535516,3312346.1267954684,0.022549809871500577,0.00025714120075594795,0.025706299904523902,0.05051325097678043,262.26999614338206,308.4986920502702,3000.0,22.57223917255843,2.5722391725584295,262.5436885296212,0.01360991989780345,0.2736923862391336,0.2736923862391336,0.01212517660063905,0.0,0.3814351610565982,1.0
31.3325600816622,0.9388762509480345,43267.693096831616,0.0426321511051882,3312352.5976980934,0.02254980406947643,0.00025712369605889796,0.02570665901793616,0.050513586783471495,262.2727644200897,308.49929472430244,3000.0,22.571559055257815,2.5715590552578136,262.5435202229545,0.013609914455182703,0.27075580286481227,0.27075580286481227,0.0119954409087104,0.0,0.37735465834349186,1.0
31.382532266800418,0.9388780654833195,43267.86034109115,0.042630701748491116,3312358.999373138,0.022549798329537397,0.00025710621359054906,0.025707014285539644,0.05051391882866759,262.27550221920046,308.49989095075415,3000.0,22.57087893822772,2.57087893822772,262.5433537168809,0.01360990907078454,0.2678514976804536,0.2678514976804536,0.011867127479329142,0.0,0.3733188737511524,1.0
31.432504451938634,0.9388798606113821,43268.02579692065,0.042629254165531066,3312365.332579559,0.022549792651002532,0.00025708875311068497,0.025707365749578878,0.0505142471536921,262.27820987495704,308.5004808003117,3000.0,22.570198821465254,2.5701988214652554,262.5431889916603,0.013609903743970732,0.2649791167032731,0.2649791167032731,0.011740220757438179,0.0,0.3693273185411408,1.0
31.48247663707685,0.9388816365450053,43268.18948392198,0.04262780833679105,3312371.598068056,0.022549787033198328,0.0002570713143817277,0.025707713451836804,0.05051457179941686,262.280887717962,308.5010643428922,3000.0,22.569518704967557,2.5695187049675576,262.5430260277671,0.013609898474110017,0.26213830980509556,0.26213830980509556,0.011614705356893537,0.0,0.3653795092749051,1.0
31.49831469914284,0.9388821954332901,43268.240996467255,0.042627350462345844,3312373.569824248,0.022549785265271745,0.0002570657918949807,0.025707822873353027,0.050514673930519755,262.28173025804284,308.5012479843908,3000.0,22.569303150563954,2.5693031505639534,262.5429747428488,0.01360989681567818,0.26124448480595674,0.26124448480595674,0.011575212715392538,0.0,0.3641373525498908,1.0
31.53244882221507,0.93888339349464,43268.35142148232,0.04262636424296895,3312377.796581098,0.022549781475458656,0.0002570538971687255,0.025708057433636612,0.05051489280626399,262.2835360751928,308.5016416476463,3000.0,22.568838588731797,2.5688385887317957,262.5428648058898,0.01360989326057803,0.2593287306970069,0.2593287306970069,0.011490566059809783,0.0,0.36147496779349164,1.0
31.582421007353286,0.9388851316684125,43268.51162877485,0.042624921864976864,3312383.928852954,0.022549775977124747,0.00025703650123934434,0.025708397735843422,0.05051521021420752,262.2861552700133,308.50221278296084,3000.0,22.568158472755172,2.5681584727551714,262.5427053069303,0.013609888102757305,0.2565500369170195,0.2565500369170195,0.011367787816038819,0.0,0.35761322120144573,1.0
31.632393192491502,0.9388868512721561,43268.670124761644,0.04262348118393812,3312389.9956098055,0.022549770537545085,0.00025701912636383117,0.02570873439887046,0.05051552406277938,262.2887456222232,308.50277781646935,3000.0,22.567478357034915,2.567478357034915,262.54254751200085,0.013609883000037178,0.2538018897776624,0.2538018897776624,0.011246355740872805,0.0,0.35379380179484915,1.0
31.682365377629722,0.9388885525094857,43268.82692820054,0.042622042181180535,3312395.9975700015,0.022549765156075215,0.0002570017723149323,0.02570906746269373,0.05051583439108388,262.29130744817394,308.50333681507624,3000.0,22.56679824156829,2.566798241568289,262.5423914024172,0.013609877951813568,0.25108395424325636,0.25108395424325636,0.011126255109630792,0.0,0.3500162468913331,1.0
31.73233756276794,0.9388902355817996,43268.982057645335,0.0426206048382361,3312401.935444078,0.022549759832077677,0.00025698443886788895,0.025709396966852493,0.05051614123779806,262.2938410607714,308.50388984495777,3000.0,22.566118126352585,2.5661181263525843,262.5422369596986,0.01360987295748896,0.2483958989271855,0.2483958989271855,0.011007471357561945,0.0,0.3462800988273078,1.0
31.74831469914284,0.9388907698949324,43269.03130555751,0.04262014563729317,3312403.8204992074,0.022549758141908016,0.00025697890131808743,0.025709501571520875,0.05051623861474698,262.29464520726003,308.50406541146555,3000.0,22.56590067956897,2.565900679568971,262.54218792985466,0.013609871371975104,0.2475427225946305,0.2475427225946305,0.010969769215493986,0.0,0.34509423703358827,1.0
31.782309747906154,0.9388919006882885,43269.13553144652,0.04261916913684023,3312407.809934777,0.02254975456492201,0.00025696712580042805,0.025709722950450986,0.05051644464117343,262.2963467694898,308.50443697156464,3000.0,22.565438011385123,2.5654380113851225,262.5420841655668,0.013609868016472397,0.24573739607700418,0.24573739607700418,0.010889990079209644,0.0,0.3425849049382303,1.0
31.83228193304437,0.9388935480259427,43269.28736775208,0.042617735058930954,3312413.621737081,0.02254974935398471,0.00025694983289275126,0.025710045452160008,0.05051674463903747,262.2988248803834,308.5049782596247,3000.0,22.564757896663256,2.5647578966632545,262.54193300194555,0.013609863128179448,0.24310812156215889,0.24310812156215889,0.01077379702789137,0.0,0.338930217542508,1.0
31.88225411818259,0.9388951777895818,43269.437584510066,0.04261630258664627,3312419.3715383117,0.02254974419864918,0.0002569325599275033,0.025710364510222742,0.050517041268799426,262.3012756961323,308.50551377315236,3000.0,22.56407778218436,2.5640777821843597,262.5417834509577,0.013609858292032104,0.24050775482544395,0.24050775482544395,0.01065887811357124,0.0,0.3353155938748405,1.0
31.932226303320807,0.938896790171925,43269.586199475234,0.0426148717023176,3312425.0600183834,0.02254973909830545,0.0002569153066896924,0.025710680162468597,0.05051733456746374,262.3036995161523,308.5060435754721,3000.0,22.563397667945846,2.563397667945847,262.541635494919,0.013609853507458613,0.23793597876669992,0.23793597876669992,0.010545219397729181,0.0,0.33174059592508687,1.0
31.982198488459023,0.938898385363594,43269.73323020914,0.04261344238846967,3312430.6878498076,0.022549734052350195,0.00025689807296668795,0.025710992446313828,0.05051762457163071,262.3060966365983,308.50656772921906,3000.0,22.562717553945152,2.5627175539451525,262.54148911633735,0.013609848773893419,0.23539247973906186,0.23539247973906186,0.010432807093217495,0.0,0.3282047904339994,1.0
31.99831469914284,0.9388988961838514,43269.78031317918,0.042612981761633355,3312432.4900221433,0.022549732436511337,0.00025689251915547674,0.025711092446773477,0.05051771740244029,262.30686407122323,308.50673557635434,3000.0,22.56249821476716,2.5624982147671593,262.5414422422556,0.013609847258086819,0.23457817103235357,0.23457817103235357,0.010396817267283908,0.0,0.3270727675111921,1.0
32.03217067359724,0.9388999635531203,43269.878694080944,0.04261201462781957,3312436.255697724,0.022549729060186728,0.0002568808585482092,0.025711301398762973,0.050517911317497916,262.3084673503768,308.5070862963415,3000.0,22.562037440179743,2.562037440179742,262.54134429791276,0.013609844090777184,0.23287694753594224,0.23287694753594224,0.01032162756370672,0.0,0.32470774887603476,1.0
32.08214285873546,0.9389015249269528,43270.022608268024,0.04261058840327622,3312441.7642199215,0.022549724121224933,0.0002568636632263181,0.025711607056410502,0.05051819484086176,262.3108119471573,308.50759933810355,3000.0,22.56135732664711,2.561357326647108,262.5412010225363,0.013609839457556734,0.23038907537903697,0.23038907537903697,0.010211667323176766,0.0,0.3212490474435839,1.0
32.132115043873675,0.9389030696694851,43270.164989758545,0.04260916369793773,3312447.2140669436,0.022549719234881225,0.0002568464867953869,0.025711909455446148,0.05051847517712276,262.3131307134148,308.5081069150939,3000.0,22.56067721334477,2.5606772133447713,262.54105927328743,0.013609834873685002,0.22792855987262328,0.22792855987262328,0.010102913033913814,0.0,0.3178282669841973,1.0
32.18208722901189,0.9389045979631231,43270.30585535762,0.04260774049508527,3312452.605882315,0.0225497144005783,0.00025682932905202427,0.0257122086316682,0.05051875236129853,262.3154239325349,308.5086090872481,3000.0,22.55999710027028,2.5599971002702784,262.5409190334283,0.013609830338620812,0.2254951008933972,0.2254951008933972,0.009995351501649602,0.0,0.31444499284792005,1.0
32.23205941415011,0.9389061099882869,43270.445221687536,0.04260631877818285,3312457.9403025582,0.022549709617745158,0.0002568121897950718,0.025712504620483946,0.05051902642802418,262.3176918848166,308.5091059138492,3000.0,22.559316987421205,2.5593169874212047,262.54078028640293,0.013609825851828874,0.22308840158632393,0.22308840158632393,0.009888969675399093,0.0,0.3110988148824055,1.0
32.24831469914284,0.9389065983531095,43270.49023528064,0.04260585663020378,3312459.663252188,0.022549708072953093,0.00025680661857492267,0.025712600220514914,0.05051911491204293,262.3184242195889,308.50926638249797,3000.0,22.559095755835067,2.559095755835067,262.5407354728853,0.013609824402651753,0.22231125329636825,0.22231125329636825,0.009854617210836827,0.0,0.3100182759857451,1.0
32.282031599288324,0.9389076059234182,43270.5831051884,0.04260489853087661,3312463.217957215,0.022549704885817045,0.0002567950688255949,0.025712797456911136,0.05051929741155378,262.31993484748403,308.50959745353026,3000.0,22.558636874795152,2.5586368747951505,262.5406430158373,0.013609821412779773,0.22070816835326923,0.22070816835326923,0.009783754646978128,0.0,0.3077893274179591,1.0
32.33200378442655,0.9389090859449868,43270.719522118794,0.04260347973699414,3312468.439468871,0.022549700204235475,0.00025677796594687454,0.025713087175579415,0.05051956534576177,262.32215309469717,308.5100837642764,3000.0,22.557956762389743,2.557956762389743,262.540507205538,0.013609817020949946,0.2183541108408349,0.2183541108408349,0.009679693650485698,0.0,0.3045161292514647,1.0
32.38197596956476,0.9389105502275177,43270.85448855814,0.042602062380542094,3312473.605453248,0.0225496955724481,0.00025676088096437803,0.02571337381073551,0.050519830264148,262.3243468975925,308.51056490343353,3000.0,22.557276650202635,2.557276650202636,262.5403728394903,0.013609812675821592,0.21602594189783986,0.21602594189783986,0.00957677406044046,0.0,0.3012788235879771,1.0
32.43194815470298,0.938911998943654,43270.98802041264,0.042600646445700344,3312478.716519432,0.022549690989908545,0.0002567438136856876,0.02571365739625572,0.05052009219984996,262.32651652438193,308.5110409277294,3000.0,22.55659653823151,2.5565965382315086,262.540239901852,0.01360980837688249,0.21372337747004622,0.21372337747004622,0.009474983387134815,0.0,0.2980770178947862,1.0
32.481920339841196,0.9389134322641584,43271.120133415316,0.04259923191682179,3312483.773269874,0.022549686456076384,0.0002567267639204985,0.025713937965646243,0.05052035118564313,262.32866224035536,308.5115118932739,3000.0,22.555916426474063,2.555916426474065,262.5401083769534,0.013609804123626,0.211446136598056,0.211446136598056,0.009374309276562133,0.0,0.2949103238993261,1.0
32.49831469914284,0.9389138991678428,43271.16316922618,0.04259876815643844,3312485.420504672,0.022549684979183835,0.00025672117419274905,0.025714029360508775,0.05052043551388536,262.3293610202043,308.51166531014564,3000.0,22.5556933024666,2.555693302466601,262.5400655327608,0.013609802738128542,0.2107045125565037,0.2107045125565037,0.009341522325694235,0.0,0.29387901161271524,1.0
32.53189252497941,0.9389148503579218,43271.250843126836,0.042597818778431655,3312488.776300418,0.02254968197041712,0.0002567097314806094,0.025714215552044832,0.050520607253942564,262.33078430789305,308.5119778555617,3000.0,22.555236314928035,2.5552363149280346,262.53997824929684,0.013609799915551038,0.20919394140378245,0.20919394140378245,0.009274739509837404,0.0,0.2917783575711441,1.0
32.58186471011763,0.9389162533919686,43271.38016493599,0.04259640701522687,3312493.7262003277,0.022549677532402175,0.00025669271617991495,0.02571449018822197,0.05052086043680406,262.33288298647466,308.51243886947435,3000.0,22.554556203591172,2.554556203591172,262.5398495035557,0.013609795752162056,0.206966517081014,0.206966517081014,0.00917626200279926,0.0,0.28868073910957226,1.0
32.631836895255844,0.9389176415314815,43271.50811406195,0.04259499661207381,3312498.623552366,0.022549673141508783,0.00025667571783437803,0.025714761906585695,0.050521110765928856,262.33495853271756,308.5128949892881,3000.0,22.55387609246126,2.5538760924612576,262.5397221245724,0.013609791632968965,0.20476359185482806,0.20476359185482806,0.009078864804230757,0.0,0.28561709288794723,1.0
32.68180908039407,0.9389190149398619,43271.634705559896,0.04259358755400278,3312503.4689330137,0.022549668797219844,0.0002566587362619628,0.025715030739193526,0.050521358272675336,262.33701120047084,308.51334626869397,3000.0,22.553195981536092,2.5531959815360934,262.5395960973528,0.013609787557486956,0.2025848968819446,0.2025848968819446,0.008982536091461152,0.0,0.28258704731544365,1.0
32.731781265532284,0.9389203737787319,43271.75995432112,0.04259217982620784,3312508.262912472,0.022549664499023868,0.0002566417712826322,0.02571529671775289,0.0505216029880594,262.33904124081823,308.51379276079837,3000.0,22.552515870813508,2.5525158708135085,262.5394714070661,0.01360978352523651,0.2004301662478838,0.2004301662478838,0.008887264170259241,0.0,0.2795902348338962,1.0
32.74831469914284,0.9389208201740707,43271.80110012448,0.04259171436599309,3312509.8377938885,0.022549663087015077,0.00025663616199558787,0.02571538409451575,0.05052168334352641,262.3397079461456,308.513939438965,3000.0,22.552290854372096,2.552290854372097,262.53943044476813,0.013609782200591973,0.19972249862252056,0.19972249862252056,0.008855973874769418,0.0,0.2786059854969504,1.0
32.7817534506705,0.938921718207941,43271.88387507368,0.04259077341404606,3312513.006054689,0.022549660246415002,0.000256624822718339,0.0257155598736224,0.050521844942755745,262.34104890208863,308.51423451812514,3000.0,22.551835760291354,2.551835760291353,262.5393480390443,0.013609779535743357,0.19829913695565438,0.19829913695565438,0.008793037474351156,0.0,0.2766262919028043,1.0
32.831725635808716,0.9389230483855722,43272.006482382996,0.04258936830303702,3312517.698917384,0.022549656038892963,0.0002566078903930186,0.025715820237813176,0.05052208416709916,262.3430344298657,308.51467159261784,3000.0,22.5511556499675,2.551155649967503,262.5392259787811,0.013609775588538472,0.19619154891535118,0.19619154891535118,0.008699844564978377,0.0,0.2736948589855991,1.0
32.88169782094693,0.9389243644679652,43272.1277906539,0.04258796447886066,3312522.3420521193,0.022549651875963004,0.0002565909741325634,0.025716077840993445,0.050522320691089015,262.3449980670242,308.5151040356471,3000.0,22.550475539839855,2.5504755398398564,262.5391052119305,0.013609771683158,0.19410714490629744,0.19410714490629744,0.00860767412923816,0.0,0.2707955804976071,1.0
32.93167000608515,0.9389256666097736,43272.24781413597,0.042586561927352024,3312526.9360045143,0.02254964775713572,0.0002565740737647591,0.025716332713499646,0.05052255454440013,262.34694005381806,308.5155318980295,3000.0,22.549795429906336,2.5497954299063346,262.5389857243011,0.013609767819143083,0.1920456704830258,0.1920456704830258,0.00851651497593313,0.0,0.26792810467565825,1.0
32.981642191223365,0.9389269549639667,43272.366566923636,0.0425851606345011,3312531.4813142433,0.022549643681927026,0.0002565571891192819,0.025716584885336975,0.05052278575638328,262.3488606278839,308.5159552300283,3000.0,22.549115320164884,2.549115320164882,262.5388675018561,0.013609763996039864,0.19000687397220872,0.19000687397220872,0.008426356035453516,0.0,0.2650920835745393,1.0
32.99831469914284,0.9389273817638357,43272.40590682006,0.0425846933907139,3312532.9870629013,0.02254964233191269,0.00025655155926638195,0.02571666842319483,0.050522862314373904,262.34949667703637,308.5160954694458,3000.0,22.54888841127744,2.5488884112774404,262.53882833768495,0.013609762729539895,0.18933166064857687,0.18933166064857687,0.008396496412385716,0.0,0.2641528237239476,1.0
33.03161437636159,0.9389282296818358,43272.48406295684,0.04258376058645217,3312535.9785150625,0.022549639649858153,0.00025654032002769074,0.025716834386180543,0.05052301435606639,262.3507600242507,308.51637408135525,3000.0,22.548435210613466,2.548435210613466,262.53875053071255,0.013609760213399462,0.18799050646185833,0.18799050646185833,0.008337186359316495,0.0,0.2622871730526592,1.0
33.081586561499805,0.9389294909129999,43272.600316021526,0.04258236176950328,3312540.4281348274,0.022549635660455643,0.00025652346632342045,0.025717081245376618,0.05052324037215568,262.352638475349,308.5167885011728,3000.0,22.547755101250075,2.547755101250074,262.5386347971412,0.013609756470777959,0.1859963217921745,0.1859963217921745,0.008248995119778583,0.0,0.2595130327600083,1.0
33.13155874663802,0.9389307388054285,43272.71533975165,0.04258096417010418,3312544.8306955732,0.02254963171325123,0.00025650662784175665,0.025717325491947027,0.05052346383304002,262.35449621104544,308.51719853810124,3000.0,22.54707499207272,2.547074992072719,262.53852028756387,0.013609752767736327,0.18402407651842623,0.18402407651842623,0.008161771608207578,0.0,0.2567693260870955,1.0
33.18153093177624,0.9389319735054941,43272.82914763415,0.0425795677748515,3312549.186713702,0.02254962780778174,0.00025648980441977704,0.02571756715459952,0.05052368476680104,262.35633345872486,308.51760424023615,3000.0,22.546394883079433,2.546394883079433,262.53840698854924,0.013609749103840281,0.18207352982437897,0.18207352982437897,0.008075505231260768,0.0,0.2540557200448743,1.0
33.23150311691445,0.9389331951579752,43272.94175300914,0.042578172570488404,3312553.4966999916,0.022549623943589014,0.00025647299589634715,0.025717806261728468,0.05052390320121383,262.35815044329576,308.5180056551494,3000.0,22.54571477426827,2.5457147742682706,262.53829488681197,0.01360974547866026,0.1801444435162125,0.1801444435162125,0.007990185510632549,0.0,0.2513718852569456,1.0
33.24831469914284,0.9389336032368698,43272.9793675661,0.0425777034629303,3312554.936401108,0.022549622652801433,0.0002564673445143934,0.025717886132308566,0.05052397612962439,262.3587571949566,308.51813974316264,3000.0,22.545485972923235,2.5454859729232338,262.53825744052193,0.013609744267710345,0.17950024556535027,0.17950024556535027,0.007961693342114122,0.0,0.2504756281823633,1.0
33.28147530205267,0.9389344039060624,43273.053169070496,0.04257677854390408,3312557.761159619,0.022549620120219948,0.00025645620211211373,0.025718042841415906,0.050524119163747966,262.3599473871983,308.51840282989104,3000.0,22.545034665637306,2.5450346656373077,262.53818396921247,0.013609741891771405,0.17823658201416492,0.17823658201416492,0.007905802082701145,0.0,0.24871749594858422,1.0
33.331447487190886,0.9389355998913634,43273.1634088663,0.04257538568213319,3312561.980592173,0.022549616337226432,0.0002564394229094981,0.025718276921432724,0.050524332681568654,262.3617245104133,308.51879581099104,3000.0,22.54435455718464,2.5443545571846418,262.53807422275673,0.013609738342753573,0.17634971234343766,0.17634971234343766,0.007822344698142487,0.0,0.24609222993472898,1.0
33.38141967232911,0.9389367832539235,43273.27248530074,0.04257399397235407,3312566.1554917363,0.02254961259416531,0.0002564226581326734,0.02571850852924261,0.050524543781540594,262.36348203049357,308.51918464446595,3000.0,22.54367444890839,2.5436744489083902,262.53796563459366,0.013609734831191241,0.17448360410008945,0.17448360410008945,0.0077398032204345595,0.0,0.2434957685730685,1.0
33.431391857467325,0.9389379541322772,43273.38041113887,0.04257260340188389,3312570.286347057,0.022549608890598198,0.00025640590762750665,0.02571873769201222,0.050524752490237926,262.36522016264416,308.519569375836,3000.0,22.542994340806693,2.542994340806692,262.537858192011,0.013609731356673368,0.17263802936685124,0.17263802936685124,0.0076581676221400075,0.0,0.24092779664723482,1.0
33.48136404260554,0.9389391126634499,43273.48719900672,0.04257121395817861,3312574.37364156,0.022549605226091507,0.0002563891712415579,0.025718964436611525,0.05052495883394459,262.3669391197251,308.51995005012543,3000.0,22.542314232877708,2.5423142328777057,262.53775188243515,0.013609727918793398,0.17081276271005663,0.17081276271005663,0.007577427984786414,0.0,0.2383880023631645,1.0
33.49831469914284,0.9389395028589721,43273.52316539521,0.04257074291005504,3312575.750250192,0.022549603991879844,0.000256383497409002,0.02571904080427025,0.05052502829355909,262.3675178752293,308.52007826195666,3000.0,22.54208353906401,2.542083539064008,262.53771607716595,0.013609726760908446,0.170198201936671,0.170198201936671,0.007550242711226239,0.0,0.2375328447700578,1.0
33.53133622774376,0.9389402589829638,43273.5928613919,0.0425698256288323,3312578.417853367,0.022549601600216403,0.00025637244882407127,0.02571918878961504,0.05052516283865552,262.3686391122608,308.52032671186464,3000.0,22.54163412511961,2.5416341251196113,262.5376466934301,0.013609724517149226,0.16900758116929637,0.16900758116929637,0.007497574498423795,0.0,0.2358760773353035,1.0
33.581308412881974,0.9389413932248432,43273.69741064405,0.042568438401576716,3312582.419455316,0.022549598012548782,0.0002563557402259699,0.02571941077730277,0.05052536453007753,262.3703203484475,308.52069940509176,3000.0,22.540954017530606,2.540954017530607,262.5375426126975,0.013609721151343195,0.16722226425002873,0.16722226425002873,0.007418597461313138,0.0,0.23339171657693175,1.0
33.63128059802019,0.9389425155216332,43273.80085897654,0.04256705226427955,3312586.3789150254,0.02254959446266924,0.00025633904529983437,0.02571963042566409,0.050525563933633166,262.3719830341835,308.52106817335897,3000.0,22.540273910108912,2.540273910108912,262.53743962807476,0.013609717820982034,0.16545659389129241,0.16545659389129241,0.007340487278510314,0.0,0.23093461845573718,1.0
33.681252783158406,0.9389436260044485,43273.90321847104,0.04256566720493993,3312590.296695068,0.02254959095016288,0.0002563223638998482,0.02571984776040713,0.05052576107446986,262.373627373144,308.5214330597484,3000.0,22.539593802852764,2.539593802852765,262.53733772753037,0.013609714525676716,0.16371035438635317,0.16371035438635317,0.007263234458361574,0.0,0.22850448458369152,1.0
33.73122496829663,0.9389447248029762,43274.004501077674,0.04256428321168824,3312594.173252978,0.022549587474619354,0.0002563056958817957,0.025720062806959494,0.050525955977460645,262.3752535667861,308.5217941068731,3000.0,22.538913695760424,2.5389136957604235,262.53723689916404,0.013609711265042453,0.16198333237792895,0.16198333237792895,0.007186829612307271,0.0,0.22610101981098976,1.0
33.74831469914284,0.9389450979172723,43274.038893204306,0.04256381014947457,3312595.489599096,0.02254958629444508,0.00025629999871708677,0.025720135829068635,0.0505260221222308,262.375805572358,308.5219167060943,3000.0,22.538681109467475,2.538681109467476,262.5372026613088,0.013609710157842542,0.16139708895082094,0.16139708895082094,0.007160893229152853,0.0,0.22528513859329444,1.0
33.781197153434846,0.9389458120454794,43274.10471861546,0.042562900272785614,3312598.0090412693,0.022549584035632796,0.00025628904110305514,0.02572027559046892,0.05052614866720477,262.37686181435424,308.52215135687817,3000.0,22.538233588830167,2.538233588830165,262.537137131206,0.01360970803869868,0.16027531685176655,0.16027531685176655,0.00711126345461244,0.0,0.22372393221768655,1.0
33.83116933857306,0.9389468878588041,43274.20388277284,0.04256151837662349,3312601.8045074516,0.022549580632801835,0.00025627239942259335,0.02572048613580464,0.050526339168029066,262.3784523128905,308.52250485144316,3000.0,22.537553482060286,2.5375534820602845,262.5370384120166,0.013609704846269033,0.15858609912612565,0.15858609912612565,0.0070365268019156975,0.0,0.22137293309961562,1.0
33.88114152371128,0.9389479523683958,43274.30200510929,0.04256013751172186,3312605.5600940986,0.02254957726572954,0.00025625577070094435,0.025720694467560756,0.05052652750399124,262.3800252572613,308.5228546317874,3000.0,22.536873375449098,2.5368733754490975,262.53694073008455,0.013609701687381293,0.15691547282324336,0.15691547282324336,0.006962610571978531,0.0,0.21904773692915305,1.0
33.931113708849495,0.9389490056983466,43274.399097059606,0.042558757666725164,3312609.276239007,0.02254957393402325,0.00025623915480015957,0.025720900610065368,0.05052671369888878,262.3815808402298,308.52320073868555,3000.0,22.536193268994936,2.536193268994937,262.536844074023,0.013609698561667279,0.15526323379322093,0.15526323379322093,0.006889505780323179,0.0,0.21674806124955848,1.0
33.98108589398771,0.9389500479713961,43274.49516993401,0.04255737883040205,3312612.9533752,0.022549570637294618,0.0002562225515838046,0.025721104587380847,0.050526897776259266,262.38311925245773,308.52354321246776,3000.0,22.535513162696155,2.5355131626961533,262.536748432569,0.013609695468762803,0.15362918011129523,0.15362918011129523,0.006817203540126307,0.0,0.21447362667173264,1.0
33.99831469914284,0.938950404772546,43274.528058568714,0.042556903683714196,3312614.212168586,0.022549569508727087,0.00025621683024379437,0.025721174414604038,0.05052696075357492,262.3836457013733,308.52366045145743,3000.0,22.535278683913827,2.5352786839138277,262.5367156916469,0.013609694409969049,0.15306999027359325,0.15306999027359325,0.006792460498074867,0.0,0.21369527579122205,1.0
34.03105807912593,0.9389510793089376,43274.5902349187,0.042556000991644846,3312616.5919309533,0.022549567375159504,0.00025620596091695263,0.025721306423305015,0.05052707975938148,262.3846406825146,308.5238820930219,3000.0,22.534833056551115,2.5348330565511166,262.5366537945833,0.013609692408307684,0.15201311206868695,0.15201311206868695,0.006745695061827633,0.0,0.21222415686200574,1.0
34.08103026426415,0.9389520998310219,43274.68430307623,0.04255462413946923,3312620.1923298063,0.02254956414723808,0.00025618938266618036,0.025721506141371978,0.05052725967127624,262.38614531688415,308.52421741979464,3000.0,22.534152950558216,2.534152950558214,262.53656014904954,0.013609689379945715,0.15041483216538154,0.15041483216538154,0.006674971652824229,0.0,0.20999937853261902,1.0
34.13100244940237,0.9389531096563742,43274.77738534706,0.04255324826301251,3312623.7549906205,0.022549560953154656,0.0002561728166995468,0.025721703764855445,0.050527437534709646,262.38763333999066,308.5245492317972,3000.0,22.533472844715853,2.533472844715851,262.5364674850734,0.013609686383324625,0.14883414508273063,0.14883414508273063,0.006605024716269271,0.0,0.20779902140403259,1.0
34.18097463454058,0.9389541089024391,43274.86949255364,0.04255187335152975,3312627.2803277406,0.02254955779253764,0.0002561562628865464,0.02572189931677747,0.05052761337220166,262.3891049342682,308.5248775676199,3000.0,22.53279273902245,2.53279273902245,262.53637579187784,0.01360968341809594,0.1472708576096693,0.1472708576096693,0.006535845747812013,0.0,0.20562281810246627,1.0
34.2309468196788,0.9389550976853807,43274.96063540051,0.04255049939439358,3312630.7687509935,0.022549554665019473,0.00025613972109810664,0.025722092819908615,0.0505277872060262,262.39056028016125,308.52520246543236,3000.0,22.53211263347645,2.532112633476451,262.53628505880334,0.01360968048391499,0.14572477864209077,0.14572477864209077,0.0064674263355840094,0.0,0.20347050415955764,1.0
34.24831469914284,0.9389554389087396,43274.99208829989,0.042550022095863074,3312631.9725859803,0.022549553585731692,0.0002561339747765103,0.025722159596468005,0.05052784715697621,262.3910623148366,308.52531458581615,3000.0,22.531876262195063,2.531876262195061,262.5362537473364,0.013609679471345578,0.14519143249981425,0.14519143249981425,0.006443823444185276,0.0,0.20272801163014076,1.0
34.280919004817015,0.9389560761200886,43275.0508244748,0.042549126381093656,3312634.2206657086,0.02254955157023664,0.00025612319120658103,0.025722284296769107,0.050527959058212335,262.39199955613446,308.52552396298546,3000.0,22.53143252807631,2.5314325280763104,262.53619527530736,0.013609677580440878,0.14419571917289886,0.14419571917289886,0.006399758159771567,0.0,0.20134181799900214,1.0
34.33089118995523,0.9389570443201819,43275.1400702466,0.04254775430123632,3312637.6364727337,0.022549548507829635,0.00025610667308574505,0.025722473769629585,0.05052812895054497,262.3934229386779,308.5258420976125,3000.0,22.530752422820502,2.5307524228205027,262.5361064309641,0.013609674707336487,0.1426834922862099,0.1426834922862099,0.006332832992372305,0.0,0.19923650092898273,1.0
34.38086337509345,0.9389580023980254,43275.22838307045,0.042546383144543065,3312641.016568492,0.02254954547744293,0.00025609016661077715,0.025722661260514357,0.05052829690456807,262.39483060233295,308.52615690623475,3000.0,22.530072317707518,2.530072317707518,262.5360185154624,0.013609671864268405,0.14118791312944268,0.14118791312944268,0.006266642695970221,0.0,0.19715429710372231,1.0
34.43083556023167,0.9389589504647703,43275.3157731891,0.042545012900846856,3312644.361345126,0.022549542478724847,0.00025607367165821445,0.025722846791209352,0.05052846294159241,262.3962227197554,308.5264684253746,3000.0,22.529392212735864,2.5293922127358646,262.535931518603,0.013609669050906843,0.13970879884760734,0.13970879884760734,0.006201179220832685,0.0,0.1950949534322449,1.0
34.48080774536989,0.9389598886303574,43275.402250733816,0.04254364356009175,3312647.671190503,0.022549539511327526,0.00025605718810594767,0.025723030383262794,0.05052862708269627,262.39759946172046,308.5267766911569,3000.0,22.528712107904067,2.5287121079040653,262.53584543029734,0.013609666266925577,0.1382459685768822,0.1382459685768822,0.0061364346046385585,0.0,0.19305821956990496,1.0
34.49831469914284,0.9389602149798532,43275.43233276038,0.042543164045245205,3312648.822550546,0.022549538479092014,0.00025605141603185933,0.025723094247196578,0.05052868414232045,262.3980781757293,308.52688392423386,3000.0,22.528473844114348,2.5284738441143473,262.5358154836914,0.013609665298491927,0.13773730796208383,0.13773730796208383,0.006113920939126031,0.0,0.19234998454188534,1.0
34.5307799305081,0.9389608170035202,43275.487825724624,0.04254227511233271,3312650.946488238,0.022549536574906923,0.00025604071583321895,0.025723212057985795,0.05052878934872594,262.39896099712723,308.5270817393096,3000.0,22.52803200321066,2.5280320032106602,262.5357602405678,0.013609663512001983,0.1367992434405778,0.1367992434405778,0.006072400972312246,0.0,0.191043847913247,1.0
34.58075211564632,0.9389617356917898,43275.57250807079,0.04254090754773504,3312654.187617697,0.02254953366912283,0.00025602425472061454,0.02572339183645336,0.0505289497602968,262.4003074930069,308.52738360516565,3000.0,22.527351898654207,2.527351898654205,262.53567593954716,0.013609660785817008,0.13536844654026936,0.13536844654026936,0.006009070535643221,0.0,0.18905159358811566,1.0
34.630724300784536,0.9389626448015099,43275.65630757223,0.04253954085657303,3312657.3949540635,0.02254953079363876,0.0002560078046500483,0.025723569739507353,0.05052910833779616,262.40163911454584,308.52768232366793,3000.0,22.526671794233273,2.5266717942332724,262.53559251747697,0.013609658088055102,0.13395340293112667,0.13395340293112667,0.005946435592204,0.0,0.18708121441569422,1.0
34.68069648592275,0.938963544437876,43275.73923392302,0.042538175029226404,3312660.5688684653,0.02254952794812189,0.000255991365504719,0.0257237457877641,0.050529265101390705,262.4029560251461,308.52797792938185,3000.0,22.525991689946448,2.5259916899464487,262.5355099647043,0.013609655418404134,0.13255393955819272,0.13255393955819272,0.005884488522534292,0.0,0.1851324708239981,1.0
34.73066867106097,0.9389644347049372,43275.82129671168,0.042536810056180145,3312663.709727987,0.02254952513224301,0.0002559749371691075,0.02572392000161489,0.05052942007102701,262.4042583864289,308.5282704564963,3000.0,22.525311585792338,2.5253115857923376,262.5354282716813,0.013609652776555375,0.13116988525240458,0.13116988525240458,0.005823221789976879,0.0,0.18320512584278514,1.0
34.74831469914284,0.9389647468543212,43275.85006994888,0.04253632826332298,3312664.8109900784,0.022549524144927828,0.00025596913860556934,0.02572398108502547,0.05052947436855887,262.40471482644944,308.52837302365003,3000.0,22.525071429485436,2.5250714294854357,262.5353996281114,0.013609651850258414,0.13068480166197105,0.13068480166197105,0.0058017486013786385,0.0,0.182529615788836,1.0
34.78064085619919,0.9389653157056002,43275.902505421465,0.042535445928024045,3312666.8178956844,0.02254952234567652,0.0002559585195289715,0.02572409240122668,0.050529573266432176,262.4055463582404,308.5285599388246,3000.0,22.524631481769557,2.524631481769557,262.53534742896505,0.013609650162203479,0.12980107072468172,0.12980107072468172,0.0057626279404276596,0.0,0.1812989450957647,1.0
34.83061304133741,0.9389661875416336,43275.9828694308,0.04253408263545238,3312669.8937305952,0.022549519588100444,0.0002559421124713413,0.025724263006543006,0.050529724707114795,262.4068200986585,308.5288464098065,3000.0,22.52395137787674,2.5239513778767404,262.53526742721704,0.013609647575046483,0.12844732855853636,0.12844732855853636,0.0057026996020200366,0.0,0.1794136967907394,1.0
34.880585226475624,0.9389670503136821,43276.06239801457,0.042532720169262524,3312672.9375877953,0.02254951685919635,0.00025592571588450283,0.025724431837286704,0.05052987441236756,262.408079764015,308.52912990251195,3000.0,22.52327127411254,2.5232712741125365,262.5351882572018,0.01360964501478576,0.1271084931868245,0.1271084931868245,0.0056434294841051155,0.0,0.17754915168759294,1.0
34.93055741161384,0.9389679041213034,43276.14110034748,0.04253135852035168,3312675.9498185227,0.022549514158649243,0.000255909329657958,0.02572459891296725,0.05053002240127445,262.40932550895263,308.52941044965405,3000.0,22.522591170475607,2.522591170475609,262.5351099097837,0.013609642481125893,0.125784400831094,0.125784400831094,0.005584810374571028,0.0,0.1757050830140273,1.0
34.980529596752056,0.9389687490629702,43276.21898550433,0.04252999767971659,3312678.9307701895,0.02254951148614757,0.00025589295368242136,0.025724764252881113,0.05053016869271111,262.4105574864289,308.52968808358935,3000.0,22.521911066964634,2.521911066964635,262.5350323759268,0.013609639973774706,0.12447488949788976,0.12447488949788976,0.005526835139690734,0.0,0.17388126646084065,1.0
34.99831469914284,0.9389690476570252,43276.24650936767,0.042529513549820895,3312679.98420912,0.02254951054171252,0.0002558871279250443,0.025724822682174485,0.05053022035181205,262.41099265412225,308.52978619668494,3000.0,22.521669018132084,2.521669018132084,262.5350049762261,0.013609639087701297,0.1240123221038516,0.1240123221038516,0.005506355768038767,0.0,0.17323701445813644,1.0
35.03050178189027,0.9389695852360739,43276.296062460286,0.042528637638453215,3312681.8807863914,0.022549508841383202,0.0002558765878498157,0.025724927876112455,0.05053031330534548,262.41177584772083,308.529962836319,3000.0,22.521230963578308,2.5212309635783074,262.534955646694,0.01360963749244321,0.1231797989731831,0.1231797989731831,0.005469496723886515,0.0,0.17207748017458308,1.0
35.08047396702849,0.9389704127369288,43276.37234009128,0.04252727838775636,3312684.8002069257,0.022549506224051403,0.0002558602320532673,0.025725089801534082,0.05053045625763875,262.4129807424324,308.5302347394903,3000.0,22.520550860315332,2.5205508603153333,262.5348797132474,0.013609635036845626,0.12189897081498202,0.12189897081498202,0.005412788149413642,0.0,0.1702935047476684,1.0
35.13044615216671,0.9389712316607851,43276.44782717521,0.04252591991891846,3312687.689367835,0.022549503633850825,0.00025584388618709133,0.02572525004780985,0.050530597567847765,262.41417231851403,308.53050382440097,3000.0,22.519870757174434,2.519870757174434,262.53480456684656,0.013609632606699323,0.12063224833252661,0.12063224833252661,0.005356702515448287,0.0,0.16852912318974328,1.0
35.18041833730493,0.938972042101864,43276.52253239518,0.04252456222332632,3312690.548601531,0.022549501070483362,0.00025582755014675246,0.025725408633401704,0.050530737254031816,262.41535072231784,308.5307701220105,3000.0,22.519190654154343,2.519190654154344,262.5347301988456,0.013609630201724732,0.11937947652774028,0.11937947652774028,0.0053012329954992025,0.0,0.1667841208463218,1.0
35.230390522443145,0.9389728441533601,43276.59646433972,0.04252320529246101,3312693.3782368037,0.02254949853365417,0.00025581122382886315,0.025725565576570054,0.050530875334053094,262.41651609860077,308.53103366294107,3000.0,22.51851055125381,2.518510551253813,262.53465660069264,0.013609627821645324,0.11814050209187599,0.11814050209187599,0.005246372837270004,0.0,0.16505828539451203,1.0
35.24831469914284,0.9389731298090652,43276.62279568387,0.04252271876905744,3312694.3860292747,0.022549497630147058,0.00025580537020449744,0.025725621472686568,0.05053092447303813,262.4169309524234,308.5311275247077,3000.0,22.518266609887522,2.518266609887522,262.5346303882458,0.013609626973964818,0.11769943582237374,0.11769943582237374,0.005226842627873196,0.0,0.1644438875020444,1.0
35.28036270758136,0.9389736379074444,43276.66963150302,0.04252184911789748,3312696.178598833,0.022549496023071623,0.0002557949071311789,0.02572572089537439,0.05053101182557719,262.41766859052916,308.5312944774786,3000.0,22.517830448471603,2.517830448471603,262.53458376392996,0.013609625466187606,0.11691517340079827,0.11691517340079827,0.005192115362460857,0.0,0.16335140683683536,1.0
35.33033489271958,0.9389744234552684,43276.742042285405,0.04252049369130415,3312698.9500092,0.022549493538447363,0.0002557785999525932,0.025725874607674188,0.050531146746074146,262.4188083396864,308.53155259557394,3000.0,22.517150345806492,2.517150345806491,262.53451168019325,0.013609623135081109,0.1157033405068546,0.1157033405068546,0.005138453966418657,0.0,0.16166327749027787,1.0
35.38030707785779,0.9389752008869763,43276.813704994354,0.04251913900444188,3312701.6927859345,0.022549491079496168,0.0002557623021931249,0.025726026731131182,0.05053128011282047,262.41993548609014,308.53180804684706,3000.0,22.516470243257267,2.5164702432572663,262.5344403412107,0.01360962082805836,0.11450485512057185,0.11450485512057185,0.005085382117335253,0.0,0.1599936919611232,1.0
35.43027926299601,0.9389759702917384,43276.88462784762,0.0425177850491609,3312704.407243627,0.022549488645935943,0.000255746013753881,0.02572617728321599,0.05053141194290582,262.42105016824513,308.53206086059777,3000.0,22.515790140822734,2.515790140822733,262.53436973879974,0.01360961854485477,0.11331957055460862,0.11331957055460862,0.005032893353769191,0.0,0.15834244706704267,1.0
35.48025144813423,0.9389767317577532,43276.954818973434,0.04251643181740051,3312707.093693444,0.02254948623748763,0.00025572973453705304,0.02572632628120853,0.05053154225323321,262.42215252314645,308.5323110658067,3000.0,22.515110038501707,2.5151100385017062,262.53429986486714,0.01360961628520863,0.11214734172068574,0.11214734172068574,0.004980981284520017,0.0,0.1567093418331939,1.0
35.49831469914284,0.9389770050654073,43276.98001219563,0.042515942846474065,3312708.057922028,0.022549485373040752,0.00025572385240250797,0.025726379759845132,0.050531588985288395,262.4225479800973,308.53240087020686,3000.0,22.514864204593945,2.514864204593945,262.53427478550674,0.013609615474169516,0.11172680540943247,0.11172680540943247,0.004962357507207868,0.0,0.15612345456145965,1.0
35.53022363327245,0.9389774853722503,43277.02428641076,0.04251507930118893,3312709.752443129,0.022549483853875275,0.00025571346444591507,0.025726473742198573,0.05053167106051976,262.423242686284,308.53255869113605,3000.0,22.514429936293016,2.5144299362930154,262.5342307114085,0.013609614048861112,0.11098802512447037,0.11098802512447037,0.004929639588411647,0.0,0.15509417748545773,1.0
35.580195818410665,0.9389782312214948,43277.093038109684,0.04251372749264281,3312712.3837970276,0.022549481494825944,0.0002556972033848172,0.025726619683086652,0.05053179838129741,262.424320791649,308.5328037649311,3000.0,22.513749834195504,2.5137498341955036,262.5341622705078,0.01360961183555624,0.10984147885881157,0.10984147885881157,0.004878862014002502,0.0,0.15349675744136995,1.0
35.63016800354888,0.9389789693907977,43277.16108193242,0.04251237638396629,3312714.9880561144,0.02254947916006974,0.00025568095125917467,0.025726764120586085,0.050531924231915,262.4253869717507,308.53304631522366,3000.0,22.513069732208024,2.5130697322080247,262.5340945343369,0.013609609645040882,0.10870756258617575,0.10870756258617575,0.0048286423788158365,0.0,0.1519168872859578,1.0
35.6801401886871,0.9389796999645488,43277.22842565626,0.042511025967448,3312717.565518117,0.022549476849339684,0.0002556647079754313,0.025726907071229432,0.050532048628544546,262.4264413576671,308.53328636974277,3000.0,22.512389630329444,2.512389630329446,262.53402749515186,0.013609607477064637,0.10758613748475909,0.10758613748475909,0.004778974566956475,0.0,0.15035437469681284,1.0
35.730112373825314,0.9389804230262175,43277.29507697376,0.04250967623546098,3312720.116477516,0.0225494745623717,0.0002556484734410582,0.025727048551368682,0.05053217158718144,262.42748407904645,308.5335239559152,3000.0,22.511709528558647,2.5117095285586486,262.5339611452934,0.013609605331379825,0.10647706624695275,0.10647706624695275,0.004729852529052694,0.0,0.14880902944230961,1.0
35.74831469914284,0.9389806845505224,43277.3191841134,0.04250918476535068,3312721.0391344796,0.022549473735198364,0.00025564256218186913,0.025727099723193196,0.05053221602057343,262.427861016351,308.5336098885006,3000.0,22.51146180210203,2.511461802102031,262.53393714720113,0.013609604555306534,0.1060761308501128,0.1060761308501128,0.004712094300344718,0.0,0.1482503673140557,1.0
35.78008455896353,0.9389811386583566,43277.36104349296,0.042508327180462324,3312722.641225557,0.02254947229890462,0.00025563224756454964,0.025727188577175944,0.050532293123645114,262.4285152641127,308.5337591008664,3000.0,22.511029426894524,2.5110294268945235,262.5338954771862,0.013609603207741485,0.105380213073488,0.105380213073488,0.004681270282006182,0.0,0.1472806633737862,1.0
35.83005674410175,0.9389818469426056,43277.42633273778,0.042506978794992864,3312725.140050262,0.022549470058680163,0.0002556160302554189,0.02572732716464417,0.05053241325357975,262.4295350396712,308.5339918314217,3000.0,22.510349325335977,2.510349325335975,262.53383048333893,0.013609601105907384,0.1042954436677519,0.1042954436677519,0.004633221908749532,0.0,0.1457690904179605,1.0
35.88002892923997,0.938982547959701,43277.49095214897,0.04250563107167615,3312727.613236474,0.022549467841442895,0.00025559982142418574,0.025727464329589205,0.05053253199245629,262.43054353112467,308.5342221741099,3000.0,22.50966922388192,2.5096692238819207,262.5337661563429,0.013609599025637945,0.10322262521822267,0.10322262521822267,0.004585701557475901,0.0,0.14427412655274038,1.0
35.930001114378186,0.9389832417895075,43277.5549090869,0.0425042840032158,3312730.06106595,0.022549465646940166,0.0002555836209823445,0.02572760008765578,0.050532649355578295,262.43154086252093,308.5344501551732,3000.0,22.50898912253129,2.508989122531288,262.53370248886966,0.013609596966696195,0.10216162634873172,0.10216162634873172,0.004538703439439174,0.0,0.1427955897380613,1.0
35.9799732995164,0.938983928511019,43277.61821083172,0.042502937582395164,3312732.483817383,0.02254946347492206,0.00025556742884236017,0.02572773445431783,0.05053276535808225,262.43252715655524,308.5346758005676,3000.0,22.50830902128302,2.508309021283017,262.5336394736704,0.013609594928847736,0.10111231711516666,0.10111231711516666,0.004492221828817021,0.0,0.14133329991162044,1.0
35.99831469914284,0.9389841787921224,43277.64128166639,0.04250244356369739,3312733.366808365,0.022549462683313305,0.00025556148787160234,0.02572778342517502,0.05053280759635993,262.43288641328775,308.5347580388219,3000.0,22.50805940227049,2.5080594022704883,262.53361650728107,0.013609594186137549,0.10073009399332022,0.10073009399332022,0.004475290036917138,0.0,0.1408006331105708,1.0
36.02994548465462,0.9389846082023607,43277.680864583606,0.04250159180207726,3312734.8817663984,0.022549461325141414,0.0002555512449176665,0.025727867444878916,0.050532880014938,262.4335025345738,308.5348991359639,3000.0,22.50762892013606,2.5076289201360593,262.5335771035763,0.013609592911860747,0.10007456900251555,0.10007456900251555,0.004446251062589075,0.0,0.13988707898508587,1.0
36.079917669792835,0.9389852809407948,43277.74287746311,0.04250024665520423,3312737.255185576,0.02254945919735381,0.00025553506912266054,0.02572799907447325,0.050532993340949725,262.43446711658135,308.53512018674905,3000.0,22.506948819089377,2.5069488190893785,262.53351537149746,0.013609590915505976,0.09904825491611291,0.09904825491611291,0.004400785540157476,0.0,0.1384567508322,1.0
36.12988985493105,0.9389859468027282,43277.80425651207,0.04249890213479659,3312739.60434448,0.022549457091317514,0.00025551890137269257,0.02572812935806731,0.050533105350757515,262.43542102125434,308.5353389780292,3000.0,22.50626871814195,2.506268718141949,262.5334542704228,0.013609588939556699,0.09803324916845213,0.09803324916845213,0.004355819722770353,0.0,0.13704214127068223,1.0
36.179862040069274,0.9389866058637418,43277.865008696164,0.04249755823395057,3312741.92950976,0.022549455006793426,0.00025550274158403426,0.02572825831046557,0.05053321605884303,262.4363643659863,308.53555553463895,3000.0,22.50558861729276,2.5055886172927573,262.5333937934166,0.01360958698378864,0.09702942743030007,0.09702942743030007,0.004311348131359025,0.0,0.1356430779942268,1.0
36.22983422520749,0.9389872581985934,43277.92514090524,0.042496214945837885,3312744.2309451597,0.022549452943545045,0.00025548658967387573,0.025728385946311008,0.050533325479529934,262.4372972668915,308.53576988114247,3000.0,22.5049085165408,2.5049085165408,262.5333339336191,0.01360958504797998,0.09603666672757072,0.09603666672757072,0.004267365346408099,0.0,0.13425939056845418,1.0
36.24831469914284,0.9389874977530951,43277.94722304325,0.0424957183313132,3312745.0760927233,0.022549452185866445,0.0002554806184310203,0.025728432817421345,0.05053336562171881,262.4376396455394,308.53584859481185,3000.0,22.504657004965622,2.5046570049656225,262.5333119515283,0.013609584337100036,0.09567230598889864,0.09567230598889864,0.004251222578855064,0.0,0.13375154267078684,1.0
36.27980641034571,0.9389879038812186,43277.9846599534,0.042494872263705574,3312746.508911525,0.02254945090133846,0.0002554704455603236,0.02572851228008536,0.05053343362698415,262.4382198388072,308.5359820418338,3000.0,22.504228415885084,2.5042284158850845,262.5332746842457,0.013609583131911334,0.09505484543853981,0.09505484543853981,0.004223866007840702,0.0,0.13289091042733767,1.0
36.32977859548392,0.9389885429847349,43278.04357257938,0.04249353018087562,3312748.7636668137,0.02254944887994237,0.00025545430916239594,0.025728637326109943,0.050533540515214706,262.4391321953001,308.5361920407382,3000.0,22.50354831532463,2.5035483153246307,262.53321603858706,0.013609581235365733,0.09408384328696684,0.09408384328696684,0.0041808448147218165,0.0,0.13153747086390713,1.0
36.37975078062214,0.9389891755814516,43278.1018854474,0.042492188690744156,3312750.9954661326,0.022549446879128004,0.0002554381804000129,0.0257287610985475,0.05053364615807552,262.4400344486808,308.5363999016152,3000.0,22.502868214858466,2.502868214858468,262.5331579900077,0.013609579358128614,0.09312354132686096,0.09312354132686096,0.00413829652459024,0.0,0.13019890700926806,1.0
36.429722965760355,0.9389898017428959,43278.15960514966,0.04249084778677891,3312753.204561831,0.0225494448986691,0.00025542205919396564,0.02572888361140746,0.05053375056927053,262.4409267100455,308.5366056479676,3000.0,22.502188114485637,2.5021881144856373,262.5331005319443,0.01360957749998774,0.09217382189876844,0.09217382189876844,0.004096215951524827,0.0,0.12887505577180075,1.0
36.47969515089857,0.9389904215398153,43278.21673820649,0.042489507462519116,3312755.3912035036,0.02254944293834183,0.0002554059454659152,0.02572900487854625,0.050533853762353996,262.4418090892785,308.5368093030417,3000.0,22.50150801420519,2.5015080142051893,262.5330436579048,0.013609575660733179,0.09123456862630519,0.09123456862630519,0.004054597965998939,0.0,0.12756575583261517,1.0
36.49831469914284,0.9389906508617342,43278.237877175954,0.04248900820700284,3312756.200250546,0.022549442213030436,0.0002553999434157322,0.0257290497466968,0.05053389190314297,262.44213535724606,308.5368846544527,3000.0,22.50125461006093,2.5012546100609296,262.53302261478007,0.013609574980217596,0.09088725753400695,0.09088725753400695,0.004039208440109325,0.0,0.12708160162556045,1.0
36.529667336036795,0.9389910350421796,43278.27329106657,0.04248816771157523,3312757.5556380055,0.022549440997924858,0.00025538983913838895,0.025729124913667887,0.050533955750731135,262.4426816950569,308.5370108898286,3000.0,22.500827914016185,2.5008279140161846,262.53298736146866,0.013609573840157315,0.09030566641177984,0.09030566641177984,0.00401343749469444,0.0,0.12627084763973273,1.0
36.57963952117501,0.9389916423191846,43278.329270107286,0.04248682852762863,3312759.698109458,0.022549439077199262,0.00025537374013477675,0.025729243730324522,0.050534056547658565,262.4435446348546,308.5372104310648,3000.0,22.500147813917696,2.500147813917696,262.5329316362863,0.01360957203805481,0.08938700143170308,0.08938700143170308,0.003972729520310611,0.0,0.12499017340210758,1.0
36.62961170631323,0.9389922434392604,43278.3846816354,0.04248548990443091,3312761.818859282,0.02254943717594857,0.00025535764837932246,0.025729361341918167,0.05053415616624606,262.44439801495616,308.5374079492353,3000.0,22.499467713908807,2.499467713908805,262.53287647607846,0.013609570254222624,0.08847846112229263,0.08847846112229263,0.003932469080928376,0.0,0.12372357706965707,1.0
36.67958389145144,0.9389928384700974,43278.43953188959,0.04248415183580134,3312763.918126291,0.02254943529395866,0.00025534156379709296,0.025729477761705855,0.05053425461946161,262.44524194049774,308.5376034665821,3000.0,22.498787613988604,2.498787613988604,262.5328218746336,0.013609568488459891,0.08757993413587428,0.08757993413587428,0.0038926512680808423,0.0,0.12247090427259205,1.0
36.72955607658966,0.9389934274786476,43278.493827040475,0.04248281431562689,3312765.996146689,0.022549433431017705,0.0002553254863139788,0.02572959300279972,0.05053435192013141,262.4460765154678,308.5377970051045,3000.0,22.498107514156196,2.4981075141561946,262.5327678258081,0.013609566740567947,0.08669131034031352,0.08669131034031352,0.003853271226736109,0.0,0.1212320023209063,1.0
36.74831469914284,0.938993647040355,43278.51406637514,0.04248231237594276,3312766.7707597353,0.022549432736579084,0.0002553194529454783,0.025729635960528255,0.05053438815005282,262.44638740652664,308.5378691494705,3000.0,22.497852217436712,2.497852217436711,262.5327476783036,0.013609566089015087,0.08636027177698224,0.08636027177698224,0.0038386007225191775,0.0,0.12077046569844799,1.0
36.779528261727876,0.9389940105311272,43278.547573190845,0.04248147733786197,3312768.053154089,0.022549431586916246,0.00025530941585669045,0.02572970707816771,0.05053444808094065,262.4469018427119,308.53798858656006,3000.0,22.497427414410687,2.4974274144106885,262.53271432352585,0.013609565010350306,0.08581248081395643,0.08581248081395643,0.003814324155080478,0.0,0.12000672019758642,1.0
36.82950044686609,0.93899458769302,43278.60077637603,0.04248014089652803,3312770.089379516,0.02254942976144712,0.00025529335235275366,0.025729820000634104,0.05053454311443398,262.44771802393797,308.53817823246567,3000.0,22.496747314751207,2.4967473147512074,262.5326613617778,0.013609563297612658,0.08494333783983166,0.08494333783983166,0.0037758053042687627,0.0,0.11879490855078594,1.0
36.879472632004315,0.9389951590290847,43278.653442564515,0.042478804985712965,3312772.105051439,0.022549427954405465,0.00025527729573050214,0.02572993178288104,0.050534637033017006,262.4485251597275,308.53836596409997,3000.0,22.496067215176883,2.496067215176883,262.5326089346216,0.013609561602162845,0.08408377489405439,0.08408377489405439,0.0037377099779168335,0.0,0.1175964196778892,1.0
36.92944481714253,0.9389957246033798,43278.705577660316,0.04247746959956879,3312774.100395856,0.022549426165588637,0.0002552612459190492,0.025730042437453353,0.05053472984896104,262.44932334957446,308.53855180251156,3000.0,22.495387115686857,2.495387115686856,262.5325570361791,0.01360955992381078,0.08323368660467168,0.08323368660467168,0.0037000335302800713,0.0,0.11641110746823305,1.0
36.97941700228075,0.9389962844792654,43278.757187503055,0.04247613473231151,3312776.075636301,0.022549424394796198,0.0002552452028482865,0.025730151976758993,0.05053482157440348,262.45011269188785,308.53873576851953,3000.0,22.494707016280277,2.4947070162802767,262.5325056606362,0.013609558262368458,0.08239296874836555,0.08239296874836555,0.0036627713661144647,0.0,0.11523882739876412,1.0
36.99831469914284,0.9389964947323821,43278.7765688249,0.04247563006718871,3312776.8174086665,0.022549423729801586,0.00025523913767370196,0.02573019311253086,0.05053485598000615,262.45040890757167,308.5388048542357,3000.0,22.494449826979707,2.494449826979707,262.5324863673101,0.01360955763843824,0.08207745973845704,0.08207745973845704,0.0036487871617119447,0.0,0.11479887933617315,1.0
37.029389187418964,0.9389968387194051,43278.808277868164,0.042474800378220934,3312778.030993852,0.02254942264182991,0.00025522916644888136,0.025730260413069275,0.050534912221348066,262.4508932839944,308.53891788271403,3000.0,22.494026916956305,2.494026916956305,262.53245480224274,0.01360955661764993,0.08156151824834978,0.08156151824834978,0.0036259189405907395,0.0,0.1140794365313643,1.0
37.07936137255718,0.9389973873857685,43278.858854467166,0.042473466531640414,3312779.9666871363,0.02254942090649375,0.0002552131366522735,0.02573036775851954,0.05053500180166556,262.45166522214333,308.53909816545735,3000.0,22.49334681771411,2.4933468177141087,262.53240445531225,0.013609554989471312,0.08073923316891296,0.08073923316891296,0.0035894717590593795,0.0,0.11293279350548442,1.0
37.1293335576954,0.93899793053964,43278.908922948416,0.04247213318697604,3312781.8829323663,0.022549419188593833,0.00025519711339066554,0.02573047402511071,0.05053509032709521,262.452428601519,308.5392766368865,3000.0,22.49266671855287,2.4926667185528673,262.53235461422116,0.01360955337765076,0.07992601270217392,0.07992601270217392,0.0035534253764693755,0.0,0.11179875851988368,1.0
37.17930574283361,0.9389984682416407,43278.95848889914,0.042470800338694666,3312783.7799434117,0.022549417487938404,0.00025518109659699873,0.02573057922471377,0.05053517780924917,262.4531835162758,308.5394533169205,3000.0,22.491986619471767,2.4919866194717666,262.5323052734067,0.013609551782008384,0.07912175713090619,0.07912175713090619,0.0035177753957228875,0.0,0.11067719328089139,1.0
37.22927792797183,0.9389990005517306,43279.00755784567,0.04246946798132371,3312785.657931813,0.022549415804337766,0.00025516508620495085,0.025730683369070032,0.05053526425961275,262.453930059541,308.53962822526137,3000.0,22.491306520470005,2.4913065204700033,262.5322564273668,0.013609550202366268,0.07832636782580948,0.07832636782580948,0.0034825174675611813,0.0,0.10956796099884318,1.0
37.24831469914284,0.9389992019279891,43279.026120944334,0.042468960551317235,3312786.368386649,0.022549415167421344,0.00025515898875876243,0.02573072276744819,0.05053529692362829,262.4542122704864,308.53969439418796,3000.0,22.491047438582754,2.4910474385827523,262.53223794860236,0.013609549604777617,0.07802567811597783,0.07802567811597783,0.0034691882772043326,0.0,0.10914861760586177,1.0
37.27925011311005,0.9389995275292107,43279.05613525359,0.04246813610945088,3312787.5171067826,0.02254941413760435,0.00025514908214893244,0.025730786469791638,0.05053534968954492,262.45466832341816,308.53980138139434,3000.0,22.490626421546782,2.490626421546782,262.5322080706598,0.013609548638548437,0.07753974724164436,0.07753974724164436,0.0034476472903999977,0.0,0.10847092638292564,1.0
37.32922229824827,0.9390000492327254,43279.10422652799,0.04246680471772407,3312789.357675218,0.022549412487552614,0.0002551330843640856,0.025730888538362046,0.05053543411027875,262.455398398991,308.539972804589,3000.0,22.489946322701318,2.4899463227013166,262.5321601979045,0.01360954709038088,0.07676179891348056,0.07676179891348056,0.003413160610169946,0.0,0.10738595563617848,1.0
37.379194483386485,0.9390005657202698,43279.15183701413,0.04246547380085058,3312791.1798417256,0.022549410853999127,0.0002551170927862744,0.02573098958613739,0.05053551753292279,262.4561203763346,308.5401425139016,3000.0,22.48926622393283,2.4892662239328285,262.532112803779,0.013609545557691505,0.07599242744441881,0.07599242744441881,0.003379053219777731,0.0,0.10631291643856765,1.0
37.4291666685247,0.9390010770492121,43279.19897199948,0.04246414335359511,3312792.9838087005,0.022549409236762383,0.0002551011073520609,0.025731089624350965,0.05053559996846541,262.4568343445502,308.54031052818243,3000.0,22.48858612524055,2.4885861252405497,262.532065883019,0.013609544040310072,0.07523153846881314,0.07523153846881314,0.003345320957477865,0.0,0.10525167789578063,1.0
37.47913885366292,0.9390015832762943,43279.24563671385,0.04246281337077971,3312794.7697763285,0.022549407635662905,0.00025508512799870425,0.025731188664113298,0.05053568142777491,262.4575403917666,308.54047686607595,3000.0,22.48790602662372,2.4879060266237185,262.53201943041796,0.01360954253806822,0.0744790386513614,0.0744790386513614,0.003311959706839077,0.0,0.10420211053819176,1.0
37.49831469914284,0.9390017761883708,43279.26341962317,0.04246230313819353,3312795.4503695555,0.022549407025519164,0.00025507899783669825,0.0257312264059221,0.050535712429277964,262.4578092390055,308.5405402538115,3000.0,22.487645052144448,2.4876450521444484,262.532001728347,0.013609541965596599,0.07419248934149891,0.07419248934149891,0.003299255621007049,0.0,0.10380243118097815,1.0
37.52911103880113,0.9390020844576348,43279.29183632952,0.04246148384728356,3312796.5379425944,0.022549406050523167,0.0002550691546641577,0.025731286716412654,0.050535761921599975,262.45823860514326,308.5406415460217,3000.0,22.487225928081582,2.4872259280815827,262.5319734408261,0.013609541050799416,0.073734835682842,0.073734835682842,0.003278965396561586,0.0,0.10316408631513485,1.0
37.57908322393935,0.9390025806487302,43279.33757596153,0.042460154778042686,3312798.288503291,0.0225494044811676,0.00025505318728706567,0.0257313837921155,0.05053584146057017,262.45892907087466,308.540804586255,3000.0,22.486545829613398,2.4865458296133984,262.531927909151,0.01360953957833899,0.07299883827636222,0.07299883827636222,0.00324633400031708,0.0,0.10213747858989031,1.0
37.62905540907757,0.9390030719044632,43279.3828606683,0.04245882615804936,3312800.021652044,0.022549402927422607,0.00025503722580675584,0.025731479901967905,0.05053592005519727,262.45961187420096,308.5409660048093,3000.0,22.48586573121843,2.4858657312184294,262.53188283035655,0.013609538120524083,0.07227095615559165,0.07227095615559165,0.003214061536232234,0.0,0.10112216212345652,1.0
37.67902759421579,0.9390035582791226,43279.42769545358,0.042457497982350205,3312801.7375803837,0.02254940138911645,0.00025502127016321637,0.02573157505659958,0.050535997715879244,262.46028709944034,308.5411258195232,3000.0,22.48518563289595,2.485185632895948,262.531838199461,0.013609536677193595,0.07155110002065612,0.07155110002065612,0.0031821440653786053,0.0,0.10011801302706116,1.0
37.728999779354005,0.9390040398264049,43279.472085266476,0.042456170246046074,3312803.4364777515,0.022549399866079265,0.000255005320297095,0.025731669266524117,0.05053607445290048,262.46095482999056,308.5412840480403,3000.0,22.484505534645233,2.4845055346452347,262.53179401153704,0.013609535248188193,0.07083918154648927,0.07083918154648927,0.003150577691705818,0.0,0.09912490876007853,1.0
37.74831469914284,0.9390042246687166,43279.48912433791,0.04245565717485951,3312804.0886008726,0.02254939928146046,0.0002549991569954618,0.025731705429006452,0.05053610386746238,262.46121092618984,308.54134478418393,3000.0,22.484242667568854,2.4842426675688536,262.53177704996693,0.013609534699663244,0.07056612377709826,0.07056612377709826,0.003138470119737786,0.0,0.09874399425990275,1.0
37.77897196449222,0.9390045165994158,43279.51603500168,0.0424548429442919,3312805.118531504,0.02254939835814306,0.0002549893761496961,0.025731762542139325,0.05053615027643208,262.46161514833165,308.5414407078104,3000.0,22.483825436465576,2.4838254364655774,262.53175026171164,0.013609533833350295,0.07013511337999034,0.07013511337999034,0.003119358561921635,0.0,0.09814272812627606,1.0
37.82894414963044,0.9390049886506737,43279.559549499776,0.04245351607229636,3312806.7839269266,0.022549396865141708,0.00025497343766297734,0.025731854893727965,0.050536225196532655,262.4622681360319,308.54159581609014,3000.0,22.483145338356273,2.4831453383562714,262.5317069451654,0.013609532432524055,0.06943880913348721,0.06943880913348721,0.0030884828652076772,0.0,0.09717135126488935,1.0
37.878916334768654,0.9390054560321148,43279.60263354765,0.042452189625321414,3312808.432847249,0.02254939538691092,0.00025495750477954357,0.02573194633145861,0.050536299223149075,262.4629138737546,308.5417493899448,3000.0,22.48246524031662,2.482465240316621,262.5316640571328,0.013609531045555361,0.06875018337819938,0.06875018337819938,0.0030579468329350865,0.0,0.09621065964169548,1.0
37.92888851990687,0.9390059187951134,43279.645291880464,0.042450863598680444,3312810.0654737204,0.02254939392328818,0.00025494157744262476,0.025732036865389767,0.050536372366120574,262.4635524412906,308.5419014462553,3000.0,22.481785142345938,2.4817851423459376,262.53162159289934,0.013609529672291771,0.0680691516087677,0.0680691516087677,0.0030277467370931734,0.0,0.09526053599959446,1.0
37.97886070504509,0.9390063769904836,43279.68752918173,0.04244953798773811,3312811.6819856125,0.02254939247411274,0.00025492565559607377,0.025732126505470146,0.050536444635178965,262.46418391756055,308.54205200171816,3000.0,22.481105044443538,2.48110504444354,262.53157954780244,0.013609528312582494,0.0673956302418901,0.0673956302418901,0.002997878890234878,0.0,0.09432086435691116,1.0
37.99831469914284,0.939006554139958,43279.70385915521,0.042449022043534804,3312812.306968427,0.022549391913826496,0.00025491945875053896,0.02573216116243877,0.05053647253501581,262.4644278482178,308.54211021012196,3000.0,22.48084028476519,2.4808402847651903,262.5315632921453,0.013609527786885744,0.06713544392749782,0.06713544392749782,0.0029863405049407404,0.0,0.09395785525132204,1.0
38.02883289018331,0.9390068306684805,43279.729350083406,0.04244821278791028,3312813.2825602246,0.022549391039225642,0.00025490973918436557,0.025732215261538915,0.05053651603994892,262.46480838061655,308.54220107284647,3000.0,22.480424946608753,2.480424946608754,262.53153791723037,0.013609526966278408,0.06672953661382053,0.06672953661382053,0.002968339645371646,0.0,0.0933915300041054,1.0
38.078805075321526,0.9390072798788023,43279.77075916621,0.04244688799466366,3312814.8673728923,0.02254938961846967,0.00025489382815259296,0.025732303143326127,0.05053658658994839,262.46542590764636,308.54234867597023,3000.0,22.479744848840912,2.4797448488409137,262.5314966966228,0.013609525633232039,0.06607078897644669,0.06607078897644669,0.0029391253958050774,0.0,0.09247241949849228,1.0
38.12877726045974,0.9390077246705975,43279.811760960125,0.042445563603515396,3312816.436597012,0.022549388211689354,0.0002548779224464612,0.02573239016045408,0.05053665629458989,262.4660365749829,308.5424948272388,3000.0,22.47906475113936,2.479064751139361,262.53145588146975,0.013609524313297539,0.06541930648683092,0.06541930648683092,0.00291023257466773,0.0,0.09156342064981211,1.0
38.17874944559796,0.9390081650924816,43279.852359946075,0.0424442396100313,3312817.9904040988,0.022549386818730907,0.00025486202201226686,0.025732476322440672,0.050536725163183846,262.4666404581322,308.5426395426265,3000.0,22.478384653503444,2.4783846535034435,262.5314154673102,0.013609523006330657,0.06477500917799262,0.06477500917799262,0.0028816576536293452,0.0,0.09066442247954296,1.0
38.228721630736175,0.9390086011925411,43279.892560556196,0.04244291600982563,3312819.5289638005,0.022549385439442227,0.0002548461267968953,0.02573256163870008,0.0505367932049392,262.4672376317778,308.54278283793366,3000.0,22.47770455593252,2.477704555932517,262.53137544973146,0.013609521712188695,0.06413781795367868,0.06413781795367868,0.0028533971426700174,0.0,0.08977531521377999,1.0
38.24831469914284,0.939008771009353,43279.908214628005,0.042442397159725594,3312820.128077004,0.02254938490234917,0.00025483989602188736,0.02573259486068266,0.050536819659053725,262.46746995636636,308.54283863694513,3000.0,22.47743790364757,2.4774379036475684,262.5313598669369,0.013609521208251383,0.06388991057053772,0.06388991057053772,0.0028424018273083456,0.0,0.08942939009188224,1.0
38.27869381587439,0.9390090330183323,43279.932367173766,0.04244159279856116,3312821.052443897,0.022549384073672872,0.00025483023674782084,0.02573264611854262,0.05053686042896331,262.46782816977986,308.54292472878655,3000.0,22.477024458425944,2.4770244584259444,262.5313358243698,0.013609520430730536,0.06350765458995511,0.06350765458995511,0.0028254475901568032,0.0,0.08889599028566146,1.0
38.328666001012614,0.939009460616885,43279.97178413358,0.04244026997194884,3312822.5610103086,0.022549382721274082,0.00025481435181310314,0.025732729771175477,0.05053692684426266,262.4684121451813,308.54306523063843,3000.0,22.476344360983095,2.4763443609830946,262.5312965869096,0.013609519161816628,0.06288444172832897,0.06288444172832897,0.0027978055825435156,0.0,0.08802634032593885,1.0
38.37863818615083,0.9390098840347086,43280.010815722424,0.04243894752574718,3312824.054827121,0.02254938138209874,0.0002547984719413797,0.025732812605703845,0.05053699245974397,262.4689896302162,308.5432043587715,3000.0,22.475664263603345,2.4756642636033446,262.531257733083,0.013609517905308956,0.06226810286682394,0.06226810286682394,0.002770467743979416,0.0,0.08716625915068098,1.0
38.42861037128905,0.939010303317809,43280.04946618069,0.042437625455760845,3312825.534056641,0.0225493800560013,0.0002547825970818482,0.025732894631134224,0.050537057284217375,262.4695606963362,308.54334212830247,3000.0,22.474984166286077,2.4749841662860783,262.5312192586685,0.013609516661071002,0.061658562332297606,0.061658562332297606,0.002743430735083205,0.0,0.08631564172271648,1.0
38.47858255642726,0.9390107185116889,43280.087739702445,0.042436303757840424,3312826.9988594046,0.02254937874283784,0.00025476672718426454,0.02573297585637458,0.05053712132639669,262.47012541421236,308.5434785541829,3000.0,22.474304069030687,2.4743040690306852,262.53118115949053,0.013609515428967742,0.061055745278167706,0.061055745278167706,0.002716691252847369,0.0,0.0854743841486388,1.0
38.49831469914284,0.9390108813399707,43280.102749590595,0.04243578197043455,3312827.5733170942,0.02254937822784935,0.0002547604621121143,0.02573300771075347,0.05053714640071494,262.47034666728536,308.5435320568783,3000.0,22.47403552413472,2.4740355241347216,262.5311662179801,0.013609514945768713,0.06081955069475953,0.06081955069475953,0.0027062140499620464,0.0,0.08514475804451462,1.0
38.52855474156548,0.9390111296613523,43280.125640435734,0.042434982427882226,3312828.449394184,0.022549377442466,0.0002547508621989397,0.025733056290235104,0.050537184594900045,262.47068385374,308.54361365120025,3000.0,22.473623971836563,2.473623971836563,262.53114343141954,0.013609514208865636,0.06045957767952359,0.06045957767952359,0.0026902460304261636,0.0,0.08464238367214956,1.0
38.578526926703695,0.9390115368113029,43280.16317248254,0.04243366146182825,3312829.885817989,0.022549376154745008,0.00025473500207673957,0.025733135941428054,0.050537247098249805,262.47123608403854,308.5437474339778,3000.0,22.472943874703112,2.4729438747031143,262.53110607037166,0.013609513000632616,0.059869986333126235,0.059869986333126235,0.0026640918371410817,0.0,0.0838195386742445,1.0
38.62849911184191,0.9390119400055524,43280.20033989949,0.04243234085566553,3312831.308286092,0.022549374879535646,0.00025471914676907686,0.025733214818569224,0.05053730884487395,262.47178217346226,308.543879916977,3000.0,22.47226377762975,2.4722637776297502,262.53106907230836,0.013609511804138089,0.05928689884609639,0.05928689884609639,0.0026382254779829593,0.0,0.08300574865756233,1.0
38.678471296980135,0.9390123392876357,43280.23714669927,0.04243102060542471,3312832.716952084,0.0225493736167002,0.00025470329622789384,0.02573329293018099,0.05053736984310908,262.4723221896251,308.5440111145027,3000.0,22.471583680615886,2.4715836806158866,262.53103243323477,0.013609510619252864,0.058710243609652935,0.058710243609652935,0.0026126437924487147,0.0,0.08220091420979976,1.0
38.72844348211835,0.9390127347006125,43280.27359685076,0.042429700707179906,3312834.1119678803,0.02254937236610246,0.0002546874504056609,0.02573337028469267,0.05053743010120079,262.472856199403,308.5441410407037,3000.0,22.47090358366095,2.4709035836609474,262.5309961491995,0.013609509445849167,0.05813994979649806,0.05813994979649806,0.002587343654430203,0.0,0.08140493700022763,1.0
38.74831469914284,0.9390128908691348,43280.28799285772,0.042429175952467174,3312834.662929958,0.02254937187217853,0.0002546811506858331,0.02573340083583868,0.05053745385870304,262.4730668916512,308.54419235511165,3000.0,22.47063314614976,2.4706331461497597,262.5309818188045,0.01360950898241283,0.057914927153319695,0.057914927153319695,0.0025773607168360167,0.0,0.08109085985366668,1.0
38.77841566725657,0.939013126287069,43280.30969427922,0.04242838115704853,3312835.4934837245,0.022549371127607725,0.0002546716092553741,0.02573344689044079,0.050537489627303894,262.47338426893634,308.54426970957303,3000.0,22.47022348676436,2.470223486764361,262.5309602162949,0.01360950828380063,0.057575947358543544,0.057575947358543544,0.002562321972118235,0.0,0.08061771977668356,1.0
38.82838785239478,0.9390135140891192,43280.34544286638,0.04242706195119116,3312836.861648194,0.02254936990108277,0.0002546557727305536,0.02573352275566937,0.050537548429482694,262.47390646363203,308.54439713494867,3000.0,22.469543389925565,2.469543389925564,262.53092463065644,0.01360950713298228,0.05701816702440965,0.05701816702440965,0.0025375756878964566,0.0,0.07983916636224551,1.0
38.878360037533,0.9390138981484105,43280.380846451,0.04242574308581106,3312838.2166082226,0.02254936868639587,0.00025463994078523755,0.025733597888531055,0.050537606515712166,262.4744228481727,308.54452333051535,3000.0,22.468863293143997,2.4688632931439978,262.5308893884624,0.013609505993270536,0.05646654028970488,0.05646654028970488,0.002513101777913915,0.0,0.07906918164179609,1.0
38.928332222671216,0.9390142785061396,43280.41590883025,0.04242442455715274,3312839.55850915,0.0225493674834167,0.0002546241133739654,0.02573367229709014,0.050537663893880806,262.4749334865402,308.54464830980953,3000.0,22.468183196419112,2.4681831964191105,262.5308544859325,0.013609504864543147,0.05592099939229911,0.05592099939229911,0.0024888972509896383,0.0,0.07830767152757055,1.0
38.97830440780943,0.9390146552030536,43280.450633759894,0.04242310636150179,3312840.887494733,0.02254936629201638,0.000254608290451775,0.025733745989322866,0.050537720571791026,262.4754384420184,308.54477208622006,3000.0,22.467503099750356,2.467503099750356,262.53081991932777,0.013609503746679205,0.05538147730936771,0.05538147730936771,0.0024649591484860226,0.0,0.0775545429551848,1.0
38.99831469914284,0.9390148050258805,43280.464444832905,0.04242257861082894,3312841.416069217,0.022549365818163542,0.0002546019557501309,0.02573377529872416,0.050537743072637836,262.4756390612883,308.5448213155369,3000.0,22.46723076961993,2.467230769619933,262.5308061712288,0.013609503302073608,0.05516710994049845,0.05516710994049845,0.002455447692071384,0.0,0.07725529812931152,1.0
39.028276592947655,0.9390150282794507,43280.48502495434,0.042421788495184846,3312842.203707143,0.022549365112067437,0.0002545924719742029,0.02573381897311756,0.0505377765571592,262.475937777194,308.54489467298833,3000.0,22.466823003137193,2.4668230031371947,262.5307856849502,0.013609502639559115,0.054847907756197856,0.054847907756197856,0.0024412845442606224,0.0,0.07680970388212979,1.0
39.07824877808587,0.9390153977751831,43280.51908608685,0.04242047095456936,3312843.5072869784,0.022549363943443812,0.0002545766578972807,0.025733891256275142,0.05053783185761623,262.47643155396094,308.545016083209,3000.0,22.466142906579094,2.4661429065790927,262.530751779143,0.013609501543064633,0.05432022518203894,0.05432022518203894,0.002417870544486368,0.0,0.07607306328212628,1.0
39.12822096322409,0.9390157637296608,43280.55282078999,0.042419153736063156,3312844.798373278,0.022549362786020846,0.0002545608481775303,0.02573396284650995,0.050537886480708324,262.4769198335262,308.5451363298317,3000.0,22.465462810075522,2.465462810075522,262.5307181982897,0.013609500457078812,0.053798364763508744,0.053798364763508744,0.0023947142873629447,0.0,0.07534453113605517,1.0
39.178193148362304,0.9390161261818675,43280.586232657,0.042417836836113075,3312846.0771035766,0.022549361639675216,0.00025454504277194734,0.025734033751452782,0.05053794043389995,262.47740267643474,308.5452554256657,3000.0,22.464782713625958,2.4647827136259597,262.5306849388132,0.013609499381485965,0.053282262378445466,0.053282262378445466,0.002371812941957691,0.0,0.07462401839550055,1.0
39.22816533350052,0.9390164851703611,43280.61932524186,0.042416520251204924,3312847.343613906,0.02254936050428497,0.0002545292416380004,0.025734103978651036,0.05053799372457401,262.4778801425699,308.54537338338054,3000.0,22.46410261722989,2.4641026172298903,262.53065199717514,0.013609498316171675,0.0527718546052256,0.0527718546052256,0.0023491637081799015,0.0,0.07391143698195149,1.0
39.24831469914284,0.9390166289474794,43280.6325790309,0.04241598947720847,3312847.850859148,0.022549360049554282,0.00025452287163608907,0.02573413210503668,0.050538015026227054,262.4780711548411,308.54542062617696,3000.0,22.463828394476412,2.4638283944764106,262.5306388038448,0.013609497889506647,0.05256764900371991,0.05256764900371991,0.0023401019666196197,0.0,0.07362633984069937,1.0
39.27813751863874,0.9390168407332753,43280.6521020595,0.04241520397786321,3312848.598038801,0.022549359379729485,0.00025451344473362785,0.025734173535569036,0.050538046360032146,262.4783522911567,308.54549021550633,3000.0,22.4634225208868,2.4634225208868026,262.53061936987643,0.013609497261022785,0.052267078719751225,0.052267078719751225,0.002326763816651384,0.0,0.07320669978273964,1.0
39.32810970377695,0.9390171929083208,43280.68456658585,0.04241388801265116,3312849.840511305,0.02254935826588948,0.0002544976520172379,0.02573424242958821,0.050538098347494925,262.47881918076257,308.5456059344342,3000.0,22.46274242459619,2.462742424596191,262.53058705345666,0.013609496215927391,0.05176787269408578,0.05176787269408578,0.002304610528650373,0.0,0.07250972064928451,1.0
39.378081888915176,0.9390175417327906,43280.71672225832,0.0424125723521702,3312851.071162989,0.02254935716264698,0.00025448186344770253,0.025734310668008235,0.05053814969410292,262.47928086930654,308.545720552418,3000.0,22.462062328357558,2.4620623283575562,262.53055504449367,0.013609495180774834,0.05127417518713173,0.05127417518713173,0.0022827011357011463,0.0,0.07182041438419165,1.0
39.42805407405339,0.9390178872435738,43280.74857247713,0.042411256993058616,3312852.290123996,0.02254935606988531,0.00025446607898434105,0.025734378258049605,0.050538200406919254,262.47973741408003,308.5458340815789,3000.0,22.461382232170404,2.4613822321704046,262.5305233396024,0.013609494155455636,0.05078592552234795,0.05078592552234795,0.002261032958586565,0.0,0.0711386967101948,1.0
39.47802625919161,0.9390182294771567,43280.78012060535,0.04240994193199159,3312853.49752305,0.02254935498748905,0.0002544502985869207,0.025734445206853945,0.05053825049292992,262.48018887174896,308.54594653390564,3000.0,22.460702136034246,2.4607021360342465,262.53049193543484,0.01360949313986154,0.050303063685873894,0.050303063685873894,0.002239603347268983,0.0,0.07046448426767671,1.0
39.49831469914284,0.9390183674950786,43280.79284351867,0.0424094081085423,3312853.9844498644,0.02254935455097422,0.00025444389298130064,0.025734472206312396,0.05053827065026792,262.48037072207103,308.54599188432485,3000.0,22.46042602065407,2.4604260206540696,262.5304792705821,0.013609492730286884,0.05010854851104796,0.05010854851104796,0.002230970528562964,0.0,0.07019288081048639,1.0
39.527998444329825,0.939018568469624,43280.81136996905,0.04240862716568095,3312854.6934874575,0.022549353915344076,0.0002544345222156533,0.02573451152148422,0.05053829995904395,262.4806352983555,308.5460579212551,3000.0,22.460022039948598,2.4600220399485995,262.5304608286798,0.013609492133885457,0.049825530324312695,0.049825530324312695,0.0022184096807959645,0.0,0.06979769461171192,1.0
39.57797062946804,0.9390189042566602,43280.842323857425,0.04240731269087516,3312855.878143115,0.022549352853337496,0.00025441874983119536,0.025734577208925056,0.05053834881209375,262.4810767493204,308.54616825535265,3000.0,22.459341943912985,2.459341943912985,262.53043001606267,0.013609491137421504,0.049353266742286905,0.049353266742286905,0.0021974493671958546,0.0,0.06913824620879,1.0
39.62794281460626,0.9390192368735544,43280.872985523194,0.04240599850435877,3312857.0516145197,0.0225493518013577,0.0002544029813946413,0.025734642276083537,0.05053839705883588,262.48151327944976,308.54627754779364,3000.0,22.45866184792693,2.4586618479269307,262.5303994943454,0.013609490150364957,0.048886214895617286,0.048886214895617286,0.0021767198431784473,0.0,0.06848605842740661,1.0
39.67791499974447,0.9390195663552133,43280.903358183896,0.0424046846029513,3312858.214024824,0.02254935075929427,0.00025438721686750975,0.025734706729791952,0.05053844470595373,262.48194494295643,308.5463858100479,3000.0,22.45798175198997,2.4579817519899687,262.53036926032473,0.013609489172612234,0.04842431736830122,0.04842431736830122,0.00215621857311423,0.0,0.0678410515059571,1.0
39.7278871848827,0.9390198927361627,43280.933445021896,0.042403370983507084,3312859.3654958354,0.022549349727038,0.00025437145621174214,0.025734770576807918,0.05053849176005766,262.48237179346114,308.54649305346004,3000.0,22.457301656101638,2.4573016561016368,262.53033931083246,0.013609488204060877,0.04796751737131899,0.04796751737131899,0.0021359430489854172,0.0,0.06720314655120406,1.0
39.74831469914284,0.939020025268506,43280.945662279424,0.042402834085656614,3312859.8330695443,0.022549349307873518,0.00025436501471332913,0.025734796502900992,0.05053851082548784,262.4825449068552,308.5465366014083,3000.0,22.457023648091294,2.4570236480912944,262.53032714934943,0.013609487810764664,0.047782242494236016,0.047782242494236016,0.002127719293660592,0.0,0.06694441209984761,1.0
39.77785937002091,0.9390202160505482,43280.96324918454,0.04240205764291523,3312860.5061480175,0.02254934870448088,0.0002543556993897016,0.02573483382381462,0.0505385382276852,262.48279388399413,308.5465992892497,3000.0,22.45662156026148,2.4566215602614774,262.53030964273546,0.013609487244609572,0.04751575874132641,0.04751575874132641,0.0021158907903319163,0.0,0.06657226553658545,1.0
39.82783155515913,0.9390205363321368,43280.99277378431,0.04240074457809939,3312861.6361005018,0.022549347691516102,0.0002543399463641705,0.025734896477421092,0.05053858411530136,262.48321126699784,308.5467045285121,3000.0,22.45594146446904,2.455941464469039,262.53028025293514,0.013609486294158112,0.04706898593730102,0.04706898593730102,0.002096059344106148,0.0,0.06594833129765482,1.0
39.877803740297345,0.9390208536143207,43281.02202189913,0.042399431786017495,3312862.7554710945,0.022549346688038048,0.0002543241970983469,0.02573495854416299,0.05053862942929939,262.4836239943328,308.54680878221956,3000.0,22.455261368723875,2.455261368723874,262.5302511383673,0.013609485352607408,0.04662714403451673,0.04662714403451673,0.00207644628440887,0.0,0.06533126752377764,1.0
39.92777592543556,0.9390211679301311,43281.050996573635,0.04239811926366046,3312863.8643763317,0.022549345693942235,0.00025430845155582937,0.025735020030505196,0.05053867417600326,262.48403211729794,308.54691206122544,3000.0,22.45458127302554,2.4545812730255396,262.53022229600094,0.013609484419859439,0.04619017870300013,0.04619017870300013,0.0020570492115338586,0.0,0.06472099872808254,1.0
39.97774811057378,0.9390214793122379,43281.079700819144,0.042396807008052234,3312864.96293147,0.022549344709125323,0.0002542927097006172,0.025735080942841895,0.05053871836166784,262.48443568663174,308.54701437626454,3000.0,22.4539011773736,2.453901177373599,262.53019372283825,0.013609483495817259,0.04575803620650731,0.04575803620650731,0.0020378657519263014,0.0,0.06411745024615967,1.0
39.99831469914284,0.9390216066202819,43281.091436503775,0.042396267011981924,3312865.4120738674,0.02254934430648472,0.0002542862320340591,0.025735105846713905,0.05053873638523268,262.4846004689539,308.547056207594,3000.0,22.45362127672979,2.4536212767297907,262.53018204074937,0.013609483118024157,0.04558157179548061,0.04558157179548061,0.0020300320929844792,0.0,0.06387098818631254,1.0
40.027720295711994,0.9390217877929515,43281.10813761391,0.04239549501624959,3312866.0512505025,0.022549343733485116,0.0002542769714971078,0.025735141287496884,0.05053876199247911,262.4848347525144,308.54711573795356,3000.0,22.45322108176762,2.4532210817676194,262.53016541591427,0.013609482580384994,0.045330663399852256,0.045330663399852256,0.0020188935580677772,0.0,0.06352054823244914,1.0
40.07769248085022,0.9390220934042244,43281.136309903144,0.042394183285342,3312867.1294461563,0.022549342766920544,0.0002542612369100953,0.025735201070723794,0.05053880507455444,262.4852293645698,308.54721615679154,3000.0,22.452540986207172,2.4525409862071723,262.530137372297,0.013609481673467823,0.04490800772720149,0.04490800772720149,0.0020001303084042446,0.0,0.06293021965798255,1.0
40.12766466598843,0.9390223961776538,43281.164220599334,0.0423928718124514,3312868.1976299076,0.022549341809331668,0.0002542455059047677,0.025735260298706767,0.0505388476139432,262.4856195718704,308.54731564316086,3000.0,22.451860890691837,2.4518608906918358,262.530109589087,0.013609480774971983,0.04449001721656032,0.04449001721656032,0.001981573707104391,0.0,0.06234639230278709,1.0
40.17763685112665,0.9390226961444953,43281.19187258348,0.04239156059473095,3312869.2559120255,0.022549340860619615,0.00025422977844669157,0.025735318977562968,0.05053888961662928,262.4860054229578,308.54741420733154,3000.0,22.45118079522119,2.45118079522119,262.53008206341616,0.013609479884804722,0.04407664045834281,0.04407664045834281,0.001963221483109016,0.0,0.061768994725983836,1.0
40.227609036264866,0.9390229933356629,43281.21926870507,0.042390249629365016,3312870.3044015723,0.022549339920686615,0.00025421405450181246,0.025735377113342724,0.05053893108853115,262.48638696584305,308.5475118594614,3000.0,22.450500699794823,2.450500699794822,262.53005479244774,0.013609479002874311,0.04366782660468971,0.04366782660468971,0.0019450713901043993,0.0,0.06119795626495656,1.0
40.24831469914284,0.9390231156688821,43281.23054581173,0.04238970651233679,3312870.7359928037,0.022549339533780775,0.00025420754040488984,0.025735401043825264,0.050538948118010935,262.4865438046139,308.54755205614526,3000.0,22.450218906514404,2.4502189065144044,262.5300435668606,0.013609478639844021,0.043499762246710816,0.043499762246710816,0.0019376097145354981,0.0,0.060963196836854014,1.0
40.27758122140308,0.9390232877817299,43281.246411782246,0.042388938913569055,3312871.343206415,0.022549338989435955,0.00025419833403645265,0.025735434712029638,0.05053897203550205,262.48676424800834,308.5476086095964,3000.0,22.449820604412324,2.449820604412322,262.5300277733764,0.013609478129090021,0.04326352536804734,0.04326352536804734,0.0019271212064627481,0.0,0.06063320703348455,1.0
40.3275534065413,0.9390235795129316,43281.27330460195,0.04238762844458946,3312872.372433219,0.022549338066772,0.00025418261701730984,0.02573549177954107,0.05053901246333038,262.4871373164104,308.5477044676713,3000.0,22.449140509073285,2.449140509073285,262.5300010034274,0.013609477263362127,0.04286368701701804,0.04286368701701804,0.0019093687350610947,0.0,0.060074677916051054,1.0
40.377525591679515,0.9390238685591668,43281.299949920125,0.042386318219703324,3312873.3921874696,0.022549337152600185,0.0002541669034114541,0.02573554832172855,0.05053905237774019,262.48750621748366,308.5477994435103,3000.0,22.448460413777312,2.448460413777311,262.5299744798574,0.013609476405601914,0.04246826237374535,0.04246826237374535,0.0018918118031685267,0.0,0.05952230056430159,1.0
40.42749777681774,0.9390241549500102,43281.32635046288,0.04238500823621731,3312874.402573507,0.02254933624682695,0.00025415119318631394,0.02573560434438014,0.050539091784393406,262.48787099715935,308.54789354683135,3000.0,22.447780318524003,2.447780318524004,262.5299481999524,0.013609475555721614,0.04207720279305249,0.04207720279305249,0.001874448261520548,0.0,0.058976007367927394,1.0
40.477469961955954,0.9390244387147145,43281.35250892656,0.0423836984914676,3312875.4036945323,0.02254933534935978,0.00025413548630967613,0.025735659853220783,0.05053913068889024,262.48823170086797,308.5479867872462,3000.0,22.447100223312972,2.447100223312972,262.52992216102825,0.013609474713634422,0.04169046016028233,0.04169046016028233,0.0018572759842264037,0.0,0.058435731451755506,1.0
40.49831469914284,0.9390245563112913,43281.36334940952,0.042383152231776876,3312875.818574903,0.022549334977435307,0.0002541289355327273,0.025735682856933388,0.05053914676990143,262.4883809660688,308.54802542754726,3000.0,22.446816537392955,2.4468165373929542,262.5299113700867,0.01360947436466016,0.04153040401791941,0.04153040401791941,0.001850168996068379,0.0,0.05821213058936189,1.0
40.52744214709417,0.9390247198822094,43281.37842797782,0.04238238898281978,3312876.3956526113,0.022549334460107172,0.00025411978274968394,0.025735714853912243,0.0505391690967691,262.488588373539,308.54807917426075,3000.0,22.446420128143828,2.4464201281438283,262.5298963604302,0.013609473879254493,0.041307986891183646,0.041307986891183646,0.0018402928687675573,0.0,0.057901406675706764,1.0
40.57741433223239,0.9390249984811039,43281.40411025373,0.04238107970766875,3312877.378548675,0.022549333578978627,0.00025410408247483643,0.025735769352053472,0.050539207013506934,262.4889410596036,308.54817071727547,3000.0,22.44574003301619,2.4457400330161896,262.529870795533,0.013609473052496926,0.04092973592941007,0.04092973592941007,0.0018234968358898016,0.0,0.05737296763140707,1.0
40.6273865173706,0.9390252745396896,43281.429558362106,0.04237977066343841,3312878.3524825387,0.02254933270588466,0.00025408838545398364,0.025735823353181256,0.050539244444519904,262.4892898029998,308.54826142558653,3000.0,22.445059937929678,2.4450599379296767,262.52984546374057,0.013609472233277768,0.040555660740778876,0.040555660740778876,0.001806885829350996,0.0,0.056850349634256225,1.0
40.67735870250882,0.9390255480859518,43281.45477488253,0.04237846184758064,3312879.3175529307,0.022549331840736753,0.00025407269165631554,0.025735876862772407,0.050539281395165475,262.48963464719,308.5483513083894,3000.0,22.444379842883915,2.4443798428839156,262.52982036248494,0.01360947142151398,0.040185715294967395,0.040185715294967395,0.0017904578151090437,0.0,0.056333488697885264,1.0
40.727330887647035,0.9390258191475696,43281.47976236633,0.0423771532575753,3312880.2738575055,0.022549330983447358,0.00025405700105136133,0.02573592988624377,0.05053931787074249,262.4899756351608,308.5484403747789,3000.0,22.443699747878536,2.4436997478785356,262.52979548922616,0.013609470617123415,0.0398198540653425,0.0398198540653425,0.0017742107813176577,0.0,0.055822321534028566,1.0
40.74831469914284,0.9390259322348844,43281.490187184325,0.04237660383450583,3312880.6728292126,0.02254933062578502,0.00025405041335673135,0.025735952007690063,0.05053933304683182,262.490117679995,308.5484775334107,3000.0,22.44341416931607,2.4434141693160716,262.5297851120652,0.013609470281530436,0.03966743207018908,0.03966743207018908,0.0017674419663128234,0.0,0.05560935975429729,1.0
40.77730307278526,0.9390260877519174,43281.504523336844,0.04237584489093001,3312881.221492839,0.02254933013392989,0.0002540413136089866,0.025735982428952593,0.05053935387649147,262.4903128094264,308.54852863375,3000.0,22.443019652913172,2.4430196529131702,262.5297708414524,0.013609469820024851,0.03945803202594789,0.03945803202594789,0.0017581427381954868,0.0,0.05531678554841152,1.0
40.827275257923475,0.939026353926066,43281.52906028933,0.04237453674518018,3312882.1605544365,0.022549329292098727,0.0002540256292993939,0.025736034496196592,0.05053938941759471,262.49064621202854,308.54861609419754,3000.0,22.442339557987456,2.442339557987457,262.5297464166794,0.01360946903013795,0.03910020465087882,0.03910020465087882,0.001742251718001596,0.0,0.05481681883998415,1.0
40.87724744306169,0.9390266176967856,43281.553375691394,0.04237322881788863,3312883.091136745,0.022549328457869187,0.0002540099480931184,0.02573608609321468,0.05053942449917699,262.4909758845425,308.5487027649179,3000.0,22.441659463101036,2.4416594631010375,262.5297222124508,0.01360946824738327,0.03874632790831356,0.03874632790831356,0.0017265357747728478,0.0,0.054322360192663614,1.0
40.92721962819991,0.9390268790905565,43281.57747198388,0.042371921106644686,3312884.0133331846,0.02254932763115752,0.0002539942699610164,0.025736137225188978,0.050539459126307515,262.491301868093,308.54878865461194,3000.0,22.440979368253558,2.440979368253558,262.5296982263367,0.013609467471682237,0.0383963582436877,0.0383963582436877,0.0017109929835774297,0.0,0.05383334905185322,1.0
40.97719181333812,0.9390271381335696,43281.60135158103,0.04237061360906406,3312884.927236158,0.022549326811880873,0.0002539785948742641,0.025736187897244994,0.050539493304000135,262.4916242033559,308.54887377188567,3000.0,22.440299273444666,2.4402992734446665,262.5296744559337,0.013609466702957129,0.03805025257776151,0.03805025257776151,0.0016956214404319156,0.0,0.05334972552183774,1.0
40.99831469914284,0.9390272469286726,43281.61138074068,0.04237006100284468,3312885.3110649544,0.022549326467794145,0.0002539719700357771,0.025736209178905272,0.050539507616735195,262.491759364982,308.5489095201672,3000.0,22.44001180223705,2.440011802237049,262.5296644726363,0.013609466380101352,0.037905107654296444,0.037905107654296444,0.0016891750320076782,0.0,0.0531469068555177,1.0
41.02716399847634,0.9390273948517269,43281.62501687037,0.042369306322788874,3312885.8329370474,0.022549325999957334,0.00025396292280435815,0.025736238114451603,0.050539527037213296,262.4919429305577,308.54895812525,3000.0,22.43961917867402,2.439619178674018,262.529650898865,0.013609465941131086,0.03770796830730205,0.03770796830730205,0.0016804192623348368,0.0,0.052871430366844455,1.0
41.077136183614556,0.9390276492706439,43281.64847021307,0.042367999245487405,3312886.7305262224,0.02254932519530588,0.00025394725372311194,0.02573628788182162,0.050539560330850615,262.4922580894802,308.5490417231218,3000.0,22.438939083941268,2.438939083941268,262.5296275527801,0.013609465186128086,0.03736946329991042,0.03736946329991042,0.0016653845870393395,0.0,0.05239840500389482,1.0
41.12710836875278,0.9390279014156505,43281.671713944,0.042366692374853965,3312887.6200930504,0.02254932439784638,0.0002539315876026547,0.02573633720431198,0.05053959318976102,262.492569719462,308.54912457382403,3000.0,22.43825898924608,2.4382589892460786,262.5296044153545,0.01360946443787297,0.03703469589254382,0.03703469589254382,0.0016505155729904595,0.0,0.05193059150083565,1.0
41.177080553890995,0.9390281513118034,43281.694750372786,0.04236538570860786,3312888.5017259284,0.02254932360749959,0.0002539159244154185,0.025736386086826064,0.05053962561874108,262.4928778594166,308.5492066855899,3000.0,22.437578894588114,2.437578894588114,262.52958148428917,0.01360946369629138,0.036703624872586715,0.036703624872586715,0.0016358103984846393,0.0,0.05146793254989974,1.0
41.22705273902921,0.9390283989838842,43281.717581783756,0.04236407924449347,3312889.3755122866,0.022549322824187118,0.0002539002641341397,0.02573643453421343,0.05053965762253469,262.49318254783094,308.5492880665623,3000.0,22.436898799967043,2.4368987999670426,262.52955875731,0.01360946296130978,0.03637620947904452,0.03637620947904452,0.0016212672617259365,0.0,0.051010371469478635,1.0
41.24831469914284,0.9390285036939466,43281.72723438128,0.04236352343625652,3312889.744929073,0.022549322493020687,0.0002538936019365914,0.025736455016633245,0.05053967111159052,262.49331114806404,308.5493224725667,3000.0,22.4366094361117,2.4366094361116972,262.52954914886556,0.013609462650576429,0.036238000801517956,0.036238000801517956,0.0016151282084178428,0.0,0.050817222437188635,1.0
41.27702492416743,0.9390286444564026,43281.74021043612,0.04236277298028005,3312890.2415385945,0.02254932204783145,0.00025388460673185563,0.025736482551270368,0.050539689205833675,262.49348382276906,308.54936872479465,3000.0,22.436218705382537,2.436218705382537,262.52953623216786,0.013609462232855436,0.03605240939879195,0.03605240939879195,0.0016068843806618287,0.0,0.0505578521989609,1.0
41.326997109305644,0.9390288877535954,43281.762638564,0.042361466913761685,3312891.0998903615,0.022549321278355922,0.0002538689521819051,0.025736530142739814,0.05053972037327764,262.49378172187204,308.5494486682508,3000.0,22.43553861083427,2.435538610834272,262.5295139066388,0.013609461510856425,0.03573218476674356,0.03573218476674356,0.0015926599929938052,0.0,0.050110319299069395,1.0
41.37696929444386,0.9390291288994312,43281.784868376744,0.042360161042757034,3312891.9506521476,0.022549320515684722,0.0002538533004579245,0.025736577313312123,0.050539751129454774,262.49407628236344,308.54952790480644,3000.0,22.434858516321928,2.4348585163219267,262.5294917785233,0.01360946079524162,0.03541549615988515,0.03541549615988515,0.0015785923559143234,0.0,0.049667717943589366,1.0
41.42694147958208,0.9390293679176179,43281.806902059696,0.042358855365108486,3312892.793907593,0.022549319759742864,0.0002538376515338379,0.025736624067626623,0.050539781478903326,262.4943675410624,308.54960644225156,3000.0,22.434178421845186,2.4341784218451843,262.529469845646,0.013609460085940673,0.035102304583631394,0.035102304583631394,0.0015646797455016526,0.0,0.04922999390033266,1.0
41.4769136647203,0.9390296048316049,43281.828741774356,0.04235754987868205,3312893.629739429,0.022549319010456176,0.00025382200538385575,0.025736670410272056,0.050539811426112094,262.49465553438654,308.54968428829125,3000.0,22.433498327403733,2.433498327403731,262.5294481058551,0.013609459382883994,0.03479257146858572,0.03479257146858572,0.0015509204565783087,0.0,0.04879709352668747,1.0
41.49831469914284,0.9390297056543525,43281.838036035384,0.042356990850423576,3312893.9854417797,0.02254931869158465,0.000253815305622529,0.025736690132147154,0.05053982412935433,262.49477788037126,308.5497174169879,3000.0,22.43320707089821,2.4332070708982094,262.52943885412,0.013609459083686331,0.03466097374871424,0.03466097374871424,0.0015450743907980359,0.0,0.04861316215720544,1.0
41.526885849858516,0.9390298396645829,43281.850389658415,0.04235624458136734,3312894.4582294705,0.022549318267751316,0.0002538063619824744,0.0257367163457865,0.05053984097552029,262.4949402983517,308.5497614505456,3000.0,22.432818232997256,2.4328182329972563,262.5294265570225,0.013609458686002768,0.03448625867076771,0.03448625867076771,0.001537312802724029,0.0,0.048368963770030415,1.0
41.57685803499673,0.9390300724394852,43281.87184782582,0.042354939471077456,3312895.2794586285,0.022549317531555733,0.000253790721304475,0.02573676187865768,0.050539870131517894,262.4952218685741,308.54983793655015,3000.0,22.432138138625454,2.4321381386254535,262.5294051970438,0.013609457995228936,0.03418332846968042,0.03418332846968042,0.0015238551161924606,0.0,0.04794555216510904,1.0
41.62683022013495,0.9390303031789908,43281.89311836706,0.04235363454574874,3312896.0935069122,0.0225493168017977,0.0002537750833249203,0.025736807013323496,0.05053989889844612,262.49550028027465,308.5499137537568,3000.0,22.431458044288018,2.431458044288019,262.529384023838,0.013609457310495206,0.03388374356336499,0.03388374356336499,0.0015105457476935254,0.0,0.047526806827198,1.0
41.676802405273165,0.9390305319055324,43281.91420334993,0.042352329803339986,3312896.900453465,0.02254931607840627,0.000253759448019145,0.025736851754173614,0.05053992728059903,262.49577556829183,308.5499889095366,3000.0,22.430777949984652,2.4307779499846527,262.52936303534653,0.013609456631735002,0.03358746705470139,0.03358746705470139,0.0014973830657854814,0.0,0.0471126764329754,1.0
41.72677459041138,0.9390307586412977,43281.93510481967,0.042351025241832346,3312897.7003765646,0.022549315361311256,0.000253743815362755,0.025736896105549793,0.050539955282223804,262.49604776708384,308.55006341118,3000.0,22.430097855715058,2.4300978557150574,262.52934222953337,0.013609455958882487,0.0332944624495326,0.0332944624495326,0.001484365456794,0.0,0.04670311021798004,1.0
41.74831469914284,0.9390308557654251,43281.94405813746,0.04235046297637412,3312898.0430301954,0.022549315054137778,0.0002537370778429557,0.025736915103807417,0.05053996723578815,262.49616415193793,308.5500953245709,3000.0,22.429804706557032,2.429804706557033,262.5293333171925,0.01360945567066057,0.033169165254548716,0.033169165254548716,0.0014787986649233815,0.0,0.04652796510816207,1.0
41.7767467755496,0.9390309834082294,43281.955824798926,0.04234972085922931,3312898.493353626,0.022549314650443256,0.0002537281853316266,0.025736940071745797,0.05053998290752068,262.49631691072835,308.55013726589715,3000.0,22.42941776147894,2.42941776147894,262.5293216043852,0.01360945529187255,0.033004693656835116,0.033004693656835116,0.0014714913248224624,0.0,0.04629805797693888,1.0
41.82671896068782,0.9390312062280279,43281.976365287985,0.04234841665355654,3312899.2794612064,0.02254931394573364,0.0002537125579019051,0.025736983657007956,0.0505400101606435,262.49658303292637,308.5502104808183,3000.0,22.42873766727601,2.4287376672760095,262.5293011579104,0.013609454630640781,0.032718124984057795,0.032718124984057795,0.0014587590915468333,0.0,0.04589747005731649,1.0
41.87669114582604,0.9390314271221513,43281.996728264814,0.04234711262286177,3312900.0587750115,0.02254931324711453,0.00025369693305000285,0.02573702686553516,0.0505400370456997,262.4968461670028,308.55028306299425,3000.0,22.42805757310598,2.4280575731059795,262.5292808881403,0.013609453975123517,0.03243472113751977,0.03243472113751977,0.0014461671962360673,0.0,0.04550129735996037,1.0
41.92666333096425,0.9390316461118252,43282.01691568599,0.04234580876521391,3312900.8313699244,0.022549312554518797,0.0002536813107525891,0.025737069701480847,0.05054006356675224,262.49710634592185,308.5503550193995,3000.0,22.427377478968566,2.4273774789685656,262.52926079312704,0.01360945332525777,0.0321544472051869,0.0321544472051869,0.0014337140949868062,0.0,0.04510949131502563,1.0
41.97663551610247,0.939031863218044,43282.03692948671,0.04234450507870304,3312901.5973200127,0.02254931186788003,0.00025366569098658943,0.025737112168953087,0.05054008972781971,262.49736360228775,308.5504263569323,3000.0,22.426697384863488,2.426697384863487,262.52924087094397,0.01360945268098123,0.031877268656216984,0.031877268656216984,0.0014213982607056532,0.0,0.0447220038814204,1.0
41.99831469914284,0.9390319568236132,43282.04555845888,0.04234393955965589,3312901.9275601804,0.022549311571835078,0.0002536589155232004,0.02573713047883012,0.0505401009661884,262.4974743057213,308.55045711418285,3000.0,22.42640234305075,2.4264023430507495,262.5292322814744,0.013609452403200726,0.0317579757530666,0.0317579757530666,0.0014160976543305182,0.0,0.04455523329189922,1.0
42.026607701240685,0.9390320784615694,43282.056771580785,0.042343201561440426,3312902.356698525,0.022549311187132562,0.0002536500737291861,0.025737154272014506,0.050540115532876254,262.49761796834423,308.5504970824147,3000.0,22.426017290790465,2.426017290790466,262.52922111968616,0.0136094520422323,0.03160315134192615,0.03160315134192615,0.0014092181831548126,0.0,0.04433878754824479,1.0
42.0765798863789,0.939032291862934,43282.07644386087,0.04234189821155825,3312903.1095779,0.02254931051221146,0.000253634458957815,0.025737196014682804,0.05054014098585208,262.49786947597863,308.5505672025934,3000.0,22.425337196749226,2.4253371967492274,262.52920153746936,0.013609451408950039,0.03133206149072976,0.03133206149072976,0.0013971723687290485,0.0,0.04395979532777645,1.0
42.12655207151712,0.9390325034424413,43282.09594819851,0.042340595027209604,3312903.856029767,0.022549309843052496,0.0002536188466501648,0.025737237400930865,0.050540166090633526,262.4981181567227,308.55063672413974,3000.0,22.424657102739502,2.4246571027395003,262.5291821224306,0.0136094507810742,0.03106396570791503,0.03106396570791503,0.001385259340448069,0.0,0.04358498075523381,1.0
42.17652425665534,0.9390327132201751,43282.11528644503,0.04233929200656758,3312904.5961249825,0.022549309179592154,0.0002536032367841671,0.0257372784346886,0.050540190851064926,262.4983640417671,308.5507056536529,3000.0,22.423977008761014,2.4239770087610157,262.5291628727268,0.013609450158545186,0.030798830959668066,0.030798830959668066,0.0013734776372467297,0.0,0.04321429786644679,1.0
42.22649644179356,0.9390329212159995,43282.13446043144,0.04233798914782539,3312905.329933627,0.022549308521767595,0.00025358762933799686,0.025737319119842842,0.05054021527094844,262.4986071619609,308.55077399766,3000.0,22.42329691481351,2.423296914813508,262.52914378653526,0.01360944954130405,0.03053662457438122,0.03053662457438122,0.0013618258140357497,0.0,0.04284770119976995,1.0
42.24831469914284,0.9390330114748207,43282.14278089505,0.04233742035955426,3312905.648366478,0.022549308236307738,0.00025358081575505183,0.025737336774960456,0.05054022582702325,262.49871245086797,308.5508036552242,3000.0,22.422999980343956,2.4229999803439575,262.52913550417117,0.013609449273455112,0.030423053303195502,0.030423053303195502,0.0013567789024601707,0.0,0.04268891219086423,1.0
42.27646862693177,0.9390331274495589,43282.15347196859,0.0423366864491962,3312906.057525006,0.022549307869516696,0.00025357202429007085,0.02573735946023749,0.05054023935404425,262.4988475478124,308.5508417626158,3000.0,22.422616820896714,2.4226168208967143,262.5291248620533,0.013609448929292497,0.030277314240947817,0.030277314240947817,0.0013503024416280857,0.0,0.04248514579376864,1.0
42.32644081206999,0.9390333319402814,43282.172322847306,0.042335383908913,3312906.7789676622,0.022549307222778,0.00025355642161904593,0.02573739945967404,0.05054026310407109,262.4990852294936,308.550908954904,3000.0,22.421936727010376,2.421936727010374,262.52910609749824,0.01360944832245287,0.03002086800466941,0.03002086800466941,0.0013389061065588082,0.0,0.04212658718155454,1.0
42.376412997208206,0.9390335347073774,43282.19101483839,0.04233408152522855,3312907.4943293687,0.022549306581490746,0.00025354082130381854,0.025737439121911426,0.05054028652470599,262.49932023683846,308.5509755808369,3000.0,22.421256633154233,2.421256633154232,262.52908749110725,0.013609447720728168,0.029767254268790566,0.029767254268790566,0.00132763541115594,0.0,0.04177198139301706,1.0
42.42638518234642,0.9390337357698495,43282.209549693514,0.04233277929641459,3312908.2036771677,0.022549305945594837,0.00025352522332351473,0.025737478450667883,0.050540309619586235,262.4995525993587,308.55104164665846,3000.0,22.42057653932803,2.420576539328032,262.5290690411366,0.013609447124061999,0.02951644177790058,0.02951644177790058,0.0013164889728025353,0.0,0.04142128493160883,1.0
42.47635736748464,0.9390339351464931,43282.227929145185,0.04233147722076183,3312908.907077368,0.02254930531503083,0.0002535096276574908,0.0257375174496211,0.05054033239230942,262.4997823462435,308.5511071585445,3000.0,22.419896445531524,2.4198964455315237,262.5290507458615,0.01360944653239859,0.02926839961804717,0.02926839961804717,0.0013054654239440348,0.0,0.04107445477457956,1.0
42.49831469914284,0.93903402222249,43282.235956210396,0.042330905148352284,3312909.214281224,0.022549305039637587,0.00025350277578776586,0.025737534482056377,0.050540342297481736,262.49988247526943,308.55113577028493,3000.0,22.419597618403166,2.419597618403166,262.52904275556097,0.013609446273994779,0.029160280291534946,0.029160280291534946,0.001300660287836686,0.0,0.04092327237775543,1.0
42.52632955262286,0.9390341328558957,43282.2461549068,0.042330175296579856,3312909.6045955475,0.02254930468973992,0.00025349403428533113,0.02573755612240802,0.05054035484643327,262.5000095063594,308.5511721226025,3000.0,22.419216351764458,2.419216351764458,262.5290326035765,0.013609445945682776,0.029023097217134364,0.029023097217134364,0.0012945634121082988,0.0,0.04073144837360886,1.0
42.57630173776108,0.9390343289164387,43282.26422867275,0.04232887352219709,3312910.296296555,0.02254930406966398,0.00025347844318684856,0.02573759447262534,0.05054037698547617,262.50023410825327,308.5512365448724,3000.0,22.41853625802659,2.41853625802659,262.52901461259484,0.013609445363860015,0.028780504341568758,0.028780504341568758,0.0012837815997582967,0.0,0.04039222365017381,1.0
42.626273922899294,0.9390345233462989,43282.28215211857,0.042327571895960564,3312910.982244519,0.022549303454745505,0.0002534628543420813,0.02573763250382964,0.050540398812917234,262.50045618015383,308.55130043132675,3000.0,22.417856164317676,2.417856164317675,262.5289967712484,0.013609444786876366,0.028540591094554202,0.028540591094554202,0.0012731186642183044,0.0,0.040056738993229236,1.0
42.67624610803751,0.9390347161634565,43282.29992690163,0.04232627041623534,3312911.6625028723,0.02254930284492765,0.0002534472677312858,0.02573767021953903,0.050540420332197966,262.5006757499844,308.5513637878735,3000.0,22.417176070637474,2.4171760706374736,262.5289790778874,0.01360944421467848,0.028303327903017816,0.028303327903017816,0.0012625732970929446,0.0,0.03972495324093142,1.0
42.72621829317573,0.9390349073856944,43282.317554661204,0.04232496908140436,3312912.3371343547,0.02254930224015414,0.000253431683334935,0.025737707623233016,0.05054044154672209,262.5008928453621,308.551426620356,3000.0,22.416495976985747,2.416495976985748,262.52896153088005,0.013609443647213572,0.028068685517951053,0.028068685517951053,0.0012521442042845686,0.0,0.03939682568118717,1.0
42.74831469914284,0.9390349914352534,43282.325302743484,0.042324393710630494,3312912.6336609465,0.02254930197433288,0.0002534247930195586,0.025737724063587413,0.05054045083093985,262.50098805744614,308.55145423765873,3000.0,22.41619525719669,2.41619525719669,262.52895381829256,0.013609443397790813,0.027965760846427656,0.027965760846427656,0.0012475694704456718,0.0,0.0392528921057158,1.0
42.77619047831394,0.9390350970305998,43282.33503701843,0.042323667889868515,3312913.006201012,0.022549301640369373,0.0002534161011337194,0.02573774471835279,0.050540462459855884,262.50110749360016,308.5514889345529,3000.0,22.415815883362264,2.4158158833622623,262.52894412861247,0.013609443084429462,0.027836635012306488,0.027836635012306488,0.0012418301059015982,0.0,0.03907231604877218,1.0
42.82616266345216,0.9390352851155647,43282.35237557649,0.042322366840046435,3312913.669764204,0.02254930104551833,0.00025340052110854415,0.025737781508301305,0.05054048307492818,262.5013197217081,308.55155073617897,3000.0,22.415135789766783,2.4151357897667842,262.5289268694887,0.013609442526274539,0.027607147780599917,0.027607147780599917,0.0012316297362429296,0.0,0.03875138452484254,1.0
42.876134848590375,0.9390354716577873,43282.369571920746,0.04232106593037442,3312914.3278846056,0.022549300455546612,0.0002533849432405283,0.02573781799644368,0.05054050339523082,262.5015295563955,308.55161203088534,3000.0,22.414455696199084,2.4144556961990844,262.52890975193066,0.013609441972697759,0.02738019553515869,0.02738019553515869,0.0012215418436327084,0.0,0.03843399173173834,1.0
42.9261070337286,0.9390356566742798,43282.386627619344,0.042319765159305765,3312914.9806222366,0.022549299870400417,0.0002533693675109968,0.0257378541861085,0.05054052342401992,262.5017370240818,308.55167282426186,3000.0,22.413775602658934,2.413775602658934,262.5288927743773,0.013609441423648649,0.027155750295491998,0.027155750295491998,0.0012115651899482088,0.0,0.03812009871813152,1.0
42.976079218866815,0.9390358401818677,43282.40354422329,0.042318464525310746,3312915.628036456,0.022549299290026536,0.00025335379390148025,0.025737890080587914,0.050540543164515936,262.5019421508978,308.5517331218372,3000.0,22.41309550914611,2.413095509146109,262.5288759352846,0.013609440879077275,0.02693378438681293,0.02693378438681293,0.001201698550555949,0.0,0.03780966695701772,1.0
42.99831469914284,0.9390359213541738,43282.41102707434,0.042317885842604396,3312915.9144121087,0.022549299033305378,0.00025334686498955746,0.025737905958053062,0.050540551856347996,262.50203267779426,308.55175979372194,3000.0,22.412792896694555,2.412792896694554,262.5288684867207,0.013609440638192867,0.026835808926421123,0.026835808926421123,0.0011973433676968868,0.0,0.03767264082843948,1.0
43.02605140400503,0.9390360221971912,43282.42032326646,0.042317164026876575,3312916.270185972,0.022549298714372317,0.0002533382223937142,0.025737925683137736,0.050540562619903764,262.50214496268524,308.55179292907894,3000.0,22.412415415660387,2.4124154156603863,262.52885923312556,0.013609440338934253,0.026714270440322707,0.026714270440322707,0.00119194071432642,0.0,0.03750265834618183,1.0
43.07602358914325,0.9390362027367061,43282.43696626574,0.042315863662507246,3312916.9071288393,0.022549298143385726,0.0002533226529696374,0.02573796099697772,0.05054058179333308,262.50234548500043,308.5518522513943,3000.0,22.411735322201547,2.4117353222015465,262.5288426663903,0.013609439803170755,0.026497181389856905,0.026497181389856905,0.0011822904834864897,0.0,0.03719903520355605,1.0
43.12599577428146,0.9390363818166847,43282.453474721115,0.04231456343072352,3312917.538922467,0.022549297577015296,0.00025330708561139154,0.02573799602529172,0.05054060068791841,262.50254374311436,308.55191109413,3000.0,22.41105522876937,2.411055228769371,262.5288262335855,0.013609439271738494,0.026282490471146502,0.026282490471146502,0.0011727466735884581,0.0,0.03689876026624817,1.0
43.17596795941968,0.9390365594532228,43282.4698501163,0.0423132633300622,3312918.16562364,0.022549297015210117,0.00025329152030131267,0.025738030771229,0.050540619306740434,262.50273976202385,308.5519694625749,3000.0,22.410375135363644,2.410375135363646,262.5288099332343,0.013609438744589706,0.02607017121044919,0.02607017121044919,0.001163308113004783,0.0,0.036601796674646025,1.0
43.225940144557896,0.9390367356622404,43282.4860939188,0.04231196335907617,3312918.787288526,0.022549296457919834,0.00025327595702193155,0.025738065237904433,0.0505406376528462,262.50293356645255,308.55202736196003,3000.0,22.409695041984158,2.409695041984157,262.5287937638757,0.013609438221677136,0.025860197423128284,0.025860197423128284,0.0011539736428666108,0.0,0.036308107970485254,1.0
43.24831469914284,0.9390368140995977,43282.493324656076,0.042311381351497555,3312919.0640152865,0.022549296209848704,0.0002532689893701871,0.025738080580324955,0.05054064577954385,262.5030196292297,308.5520531351856,3000.0,22.4093905368684,2.4093905368684014,262.52878656627723,0.013609437988908788,0.02576693704753552,0.02576693704753552,0.0011498276584159311,0.0,0.036177663601317314,1.0
43.27591232969612,0.9390369104594813,43282.50220757989,0.04231066351633432,3312919.403972668,0.022549295905094652,0.0002532603957559723,0.025738099428398425,0.050540655729249054,262.5031251808509,308.5520847974586,3000.0,22.409014948630695,2.4090149486306944,262.52877772406515,0.01360943770295408,0.025652543214278012,0.025652543214278012,0.001144742117093617,0.0,0.036017658097789965,1.0
43.325884514834335,0.9390370838605154,43282.51819253479,0.04230936380042144,3312920.0157309957,0.022549295356685328,0.00025324483648635204,0.02573813334575734,0.05054067353892902,262.50331462939886,308.5521417741865,3000.0,22.40833485530305,2.40833485530305,262.52876181237383,0.013609437188374327,0.025447182974971838,0.025447182974971838,0.0011356124022285229,0.0,0.03573041139766788,1.0
43.37585669997255,0.9390372558807385,43282.5340502027,0.042308064209938157,3312920.6226178273,0.022549294812643172,0.0002532292791961793,0.025738166992993448,0.050540691084832806,262.5035019360062,308.55219829720266,3000.0,22.407654762001016,2.4076547620010174,262.52874602738905,0.013609436677892191,0.025244091382830902,0.025244091382830902,0.00112658337746438,0.0,0.03544633260917048,1.0
43.42582888511077,0.9390374265353799,43282.54978198747,0.04230676474350029,3312921.22468689,0.022549294272920004,0.00025321372386874654,0.025738200373086467,0.05054070836987522,262.5036871243242,308.55225437151114,3000.0,22.406974668724395,2.4069746687243936,262.52873036771325,0.013609436171462477,0.02504324338906372,0.02504324338906372,0.0011176539340680839,0.0,0.03516538685115667,1.0
43.475801070248984,0.9390375958395022,43282.56538927756,0.04230546539973888,3312921.821991326,0.02254929373746819,0.00025319817048753045,0.025738233488983454,0.05054072539693917,262.50387021774486,308.55231000206123,3000.0,22.406294575472977,2.4062945754729768,262.5287148319643,0.013609435669040486,0.024844614219432515,0.024844614219432515,0.0011088229754253362,0.0,0.03488753962370904,1.0
43.49831469914284,0.9390376716776407,43282.57238041262,0.0423048800549484,3312922.0895480514,0.022549293497617782,0.0002531911639599654,0.025738248322917115,0.050540732984494866,262.50395202726077,308.5523349212263,3000.0,22.405988177691405,2.405988177691404,262.52870787287634,0.013609435443985421,0.02475584561557298,0.02475584561557298,0.001104876313387562,0.0,0.03476336631723258,1.0
43.5257732553872,0.9390377638080011,43282.58087344607,0.04230416617730011,3312922.4145836863,0.02254929320624062,0.0002531826190361911,0.02573826634359883,0.05054074216887564,262.5040512394016,308.55236519374745,3000.0,22.405614482246566,2.4056144822465675,262.5286994187753,0.013609435170582022,0.02464817937374164,0.02464817937374164,0.0011000894170196496,0.0,0.03461275680747489,1.0
43.57574544052542,0.9390379304556081,43282.59623585097,0.042302867074845193,3312923.0025159437,0.022549292679190695,0.0002531670694985703,0.02573829893981487,0.050540758688504134,262.5042302121721,308.55241995141034,3000.0,22.404934389044968,2.4049343890449695,262.5286841267946,0.01360943467604336,0.024453914622483808,0.024453914622483808,0.0010914521862844956,0.0,0.03434100465901593,1.0
43.62571762566364,0.9390380957968899,43282.611477835,0.04230156809105035,3312923.58583949,0.022549292156272344,0.00025315152185869175,0.02573833128048158,0.050540774958612616,262.50440715867865,308.55247427983625,3000.0,22.404254295867986,2.404254295867988,262.5286689546853,0.013609434185381278,0.024261796006669556,0.024261796006669556,0.0010829102225975071,0.0,0.03407224981062739,1.0
43.675689810801856,0.9390382598462554,43282.626600726406,0.04230026922460617,3312924.1646051602,0.022549291637439996,0.0002531359761007527,0.025738363368418105,0.05054079098195886,262.50458210129824,308.5525281837597,3000.0,22.40357420271543,2.403574202715429,262.5286539011253,0.013609433698553015,0.02407179982708385,0.02407179982708385,0.0010744624768027516,0.0,0.03380645925530872,1.0
43.72566199594007,0.9390384226179559,43282.64160583886,0.04229897047421759,3312924.738863231,0.022549291122648578,0.00025312043220912435,0.025738395206412728,0.05054080676127043,262.504755062163,308.5525816678634,3000.0,22.402894109587102,2.4028941095871037,262.528638964807,0.013609433215516283,0.023883902644001864,0.023883902644001864,0.0010661079111997846,0.0,0.03354360034642073,1.0
43.74831469914284,0.9390384959863269,43282.64836930445,0.04229838178044886,3312924.9977066237,0.022549290890609457,0.0002531133866766877,0.025738409557188226,0.05054081383447437,262.5048328195238,308.5526057755035,3000.0,22.40258581913818,2.4025858191381824,262.52863223235073,0.013609432997790353,0.023799412826917887,0.023799412826917887,0.0010623511508473463,0.0,0.03342540172663995,1.0
43.77563418107829,0.9390385841260853,43282.65649447156,0.04229767183860394,3312925.3086634274,0.02254929061185351,0.000253104890168352,0.025738426797222963,0.05054082229924482,262.504926063161,308.5526347367785,3000.0,22.402214016482823,2.402214016482823,262.52862414443683,0.013609432736229254,0.023698081275824734,0.023698081275824734,0.0010578454994844908,0.0,0.0332836407958256,1.0
43.825606366216505,0.9390387443845808,43282.67126790924,0.04229637331649878,3312925.8740549185,0.022549290105010705,0.00025308934996315304,0.025738458143575612,0.05054083759854947,262.5050951259365,308.5526873950844,3000.0,22.4015339234024,2.4015339234024,262.5286094387361,0.013609432260650573,0.023514312799591153,0.023514312799591153,0.0010496742267736522,0.0,0.03302654867466134,1.0
43.87557855135472,0.939038903407225,43282.68592742239,0.04229507490664979,3312926.43508633,0.022549289602076583,0.00025307381157841583,0.02573848924816724,0.05054085266182224,262.5052622718938,308.55273964730986,3000.0,22.400853830345653,2.4008538303456515,262.52859484644006,0.013609431788739341,0.023332574546259366,0.023332574546259366,0.0010415930893960632,0.0,0.03277229240677098,1.0
43.92555073649294,0.9390390612076503,43282.70047426769,0.04229377660781829,3312926.9918057583,0.02254928910300802,0.00025305827499919357,0.025738520113665054,0.05054086749167227,262.5054275222044,308.5527914979344,3000.0,22.400173737312393,2.400173737312394,262.5285803662977,0.013609431320455095,0.023152844093317526,0.023152844093317526,0.0010336010945643423,0.0,0.03252084075837808,1.0
43.97552292163116,0.9390392177993405,43282.71490968804,0.04229247841877922,3312927.5442607715,0.02254928860776237,0.0002530427402107047,0.025738550742707103,0.05054088209068018,262.5055908978082,308.55284295138836,3000.0,22.39949364430245,2.3994936443024484,262.52856599707184,0.013609430855757835,0.022975099263646825,0.022975099263646825,0.0010256972603258283,0.0,0.03227216283654302,1.0
43.99831469914284,0.9390392888213963,43282.72145686403,0.042291886364813305,3312927.794826371,0.022549288383144076,0.00025303565555098007,0.025738564634478944,0.050540888673174,262.50566479480375,308.55286628806783,3000.0,22.399183461184727,2.3991834611847263,262.528559479919,0.013609430644994688,0.02289468511526138,0.02289468511526138,0.0010221214159406883,0.0,0.032159656211134056,1.0
44.02549510676938,0.9390393731956301,43282.72923491265,0.04229118033832107,3312928.0924984156,0.02254928811629746,0.00025302720719833126,0.02573858113790228,0.050540896461398074,262.5057524194137,308.5528940120534,3000.0,22.398813551315637,2.398813551315636,262.52855173753863,0.013609430394607979,0.02279931812495306,0.02279931812495306,0.0010178806155388485,0.0,0.032026228088417756,1.0
44.07546729190759,0.9390395274097058,43282.743451157075,0.0422898823652458,3312928.636565211,0.022549287628571585,0.0002530116759476183,0.02573861130183051,0.050540910606349715,262.5059121074998,308.55294468426234,3000.0,22.39813345835178,2.39813345835178,262.5285375864883,0.013609429936966398,0.02262547898851608,0.02262547898851608,0.0010101501998185268,0.0,0.03178300629954189,1.0
44.12543947704581,0.9390396804546073,43282.75755962335,0.042288584498368746,3312929.1765071647,0.022549287144543493,0.0002529961464442728,0.025738641237043017,0.05054092452803079,262.50606998231734,308.5529949722999,3000.0,22.397453365410705,2.3974533654107066,262.5285235427241,0.0136094294827944,0.02245356040674551,0.02245356040674551,0.001002505063429285,0.0,0.03154246759046171,1.0
44.175411662184025,0.9390398323432328,43282.77156150043,0.042287286736518194,3312929.7123697805,0.0225492866641724,0.0002529806186741584,0.025738670946063278,0.050540938228909836,262.506226063897,308.55304488040423,3000.0,22.396773272492243,2.3967732724922435,262.5285096050626,0.013609429032053708,0.02228354116562059,0.02228354116562059,0.0009949442669489035,0.0,0.03130458240616173,1.0
44.22538384732224,0.9390399830883396,43282.78545796428,0.04228598907853522,3312930.244198065,0.02254928618741795,0.0002529650926232934,0.025738700431387165,0.05054095171142841,262.5063803720506,308.55309441276705,3000.0,22.39609317959622,2.3960931795962197,262.52849577233303,0.013609428584706458,0.02211540028241643,0.02211540028241643,0.000987466881168564,0.0,0.031069321512920783,1.0
44.24831469914284,0.9390400518818041,43282.79179970249,0.04228539365367591,3312930.4869012013,0.02254928596984813,0.00025295796872019813,0.025738713887188656,0.05054095782575699,262.5064505915741,308.55311701716806,3000.0,22.39578110380832,2.3957811038083228,262.5284894596811,0.01360942838055676,0.022038868107017606,0.022038868107017606,0.0009840633825122526,0.0,0.03096223725906536,1.0
44.27535603246046,0.9390401327025435,43282.79925017786,0.042284691523273805,3312930.7720365277,0.022549285714240242,0.00025294956827785227,0.02573872969548296,0.050540964978001056,262.5065329263707,308.5531435735338,3000.0,22.395413086722467,2.395413086722467,262.52848204337783,0.01360942814071522,0.021949117007125096,0.021949117007125096,0.000980071987157854,0.0,0.030836656000358526,1.0
44.32532821759868,0.939040281198321,43282.81293929126,0.0422833940696006,3312931.2959291846,0.022549285244599822,0.0002529340456241629,0.025738758740791595,0.05054097803101558,262.5066837462332,308.553192366804,3000.0,22.394732993870818,2.394732993870818,262.5284684170521,0.013609427700042972,0.021784670818931318,0.021784670818931318,0.0009727586761089553,0.0,0.030606557276534198,1.0
44.3753004027369,0.9390404285880091,43282.826526441735,0.042282096716395,3312931.815919563,0.022549284778457666,0.000252918524648707,0.02573878756972675,0.050540990872833126,262.50683285079737,308.5532407966315,3000.0,22.394052901041107,2.3940529010411087,262.5284548922238,0.013609427262653094,0.021622041426439864,0.021622041426439864,0.000965526049348336,0.0,0.030378997068315625,1.0
44.425272587875114,0.939040574883811,43282.840012754175,0.04228079946254856,3312932.3320507132,0.022549284315775173,0.0002529030053381138,0.02573881618467591,0.0505410035057892,262.5069802590146,308.5532888670259,3000.0,22.393372808233174,2.3933728082331753,262.52844146777306,0.013609426828509383,0.02146120875846691,0.02146120875846691,0.0009583732179270671,0.0,0.03015394740849031,1.0
44.47524477301333,0.9390407200977965,43282.8533993412,0.042279502306965,3312932.8443652187,0.022549283856514182,0.00025288748767915924,0.025738844588000447,0.05054101593219379,262.5071259896294,308.55333658195326,3000.0,22.392692715446856,2.3926927154468567,262.52842814259236,0.013609426397576015,0.021302152962960008,0.021302152962960008,0.0009512993025740681,0.0,0.029931380634295488,1.0
44.49831469914284,0.9390407867749232,43282.85954598924,0.04227890350101519,3312933.0796019216,0.022549283645637793,0.00025288032442265744,0.025738857629794217,0.05054102159985467,262.5071927060782,308.5533584909605,3000.0,22.392378746987482,2.3923787469874833,262.52842202414064,0.013609426199706641,0.021229318062466973,0.021229318062466973,0.0009480599762239651,0.0,0.029829461611739442,1.0
44.525216958151546,0.9390408642419018,43282.86668730311,0.04227820524856019,3312933.3529051905,0.02254928340063692,0.0002528719716587667,0.025738872782035592,0.05054102815433128,262.5072700611785,308.5533839453356,3000.0,22.392012622681992,2.3920126226819933,262.5284149155864,0.01360942596981757,0.021144854407907587,0.021144854407907587,0.000944303433738194,0.0,0.029711269388743328,1.0
44.57518914328976,0.9390410073279308,43282.87987772799,0.042276908286262106,3312933.857712271,0.022549282948106066,0.0002528564572640055,0.025738900769090686,0.05054104017446076,262.50741249199314,308.55343096105145,3000.0,22.391332529938428,2.391332529938427,262.5284017856721,0.013609425545199021,0.020989293678951526,0.020989293678951526,0.0009373847514830884,0.0,0.02949358661731371,1.0
44.62516132842798,0.939041149367556,43282.89297169184,0.042275611419010595,3312934.3588276426,0.022549282498884708,0.00025284094448208884,0.025738928551449356,0.05054105199481616,262.5075533002008,308.5534776329362,3000.0,22.390652437216,2.3906524372160027,262.5283887517782,0.013609425123685723,0.020835451577397635,0.020835451577397635,0.0009305424053997894,0.0,0.029278305565205512,1.0
44.6751335135662,0.9390412903723226,43282.905970258915,0.0422743146457572,3312934.856292037,0.022549282052936322,0.00025282543330037136,0.025738956131370342,0.05054106361760704,262.5076925037311,308.5535239647835,3000.0,22.389972344514565,2.389972344514565,262.52837581284547,0.013609424705243425,0.02068330911436078,0.02068330911436078,0.0009237755543466803,0.0,0.029065399769155578,1.0
44.72510569870442,0.9390414303536502,43282.918874481875,0.042273017965464836,3312935.350145741,0.022549281610224795,0.0002528099237063452,0.025738983511087745,0.05054107504501888,262.5078301203183,308.5535699603455,3000.0,22.38929225183396,2.389292251833962,262.5283629678259,0.013609424289838237,0.020532847507581664,0.020532847507581664,0.0009170833663087215,0.0,0.02885484305301069,1.0
44.74831469914284,0.9390414950214682,43282.924835905775,0.04227241576870396,3312935.5782936085,0.02254928140570334,0.0002528027209921729,0.02573899615981393,0.05054108028650944,262.5078934999761,308.5535912091269,3000.0,22.38897639070188,2.3889763907018806,262.5283570337531,0.013609424097931581,0.02046353377699006,0.02046353377699006,0.0009140004178792447,0.0,0.028757844044937225,1.0
44.775077883842634,0.9390415693228316,43282.93168540171,0.042271721377108,3312935.8404285954,0.022549281170714405,0.00025279441568764254,0.025739010692810933,0.050541086279212985,262.50796616750034,308.5536156233329,3000.0,22.38861215917404,2.388612159174042,262.5283502156833,0.013609423877436643,0.02038404818296158,0.02038404818296158,0.0009104650184673878,0.0,0.028646609529928885,1.0
44.82505006898085,0.9390417072910344,43282.94440404791,0.04227042487967256,3312936.3271800014,0.022549280734369834,0.000252778909232033,0.02573903767872473,0.050541097322326596,262.5081006626204,308.5536609574153,3000.0,22.387932066534656,2.387932066534657,262.52833755539285,0.013609423468005503,0.020236892772459214,0.020236892772459214,0.0009039196971081218,0.0,0.028440673599468617,1.0
44.87502225411907,0.939041844269302,43282.95703143841,0.04226912847215574,3312936.810438919,0.02254928030115615,0.00025276340432742373,0.02573906447098964,0.05054110817647321,262.50823362282847,308.5537059662212,3000.0,22.38725197391566,2.3872519739156584,262.52832498594125,0.013609423061512053,0.020091363112783256,0.020091363112783256,0.0008974465975633167,0.0,0.028237009945795685,1.0
44.92499443925728,0.9390419802685576,43282.96956858017,0.042267832153565645,3312937.2902438845,0.022549279871038812,0.0002527479009618533,0.025739091071742656,0.05054111884374332,262.50836506508836,308.5537506533398,3000.0,22.3865718813169,2.3865718813169003,262.5283125063261,0.013609422657923868,0.01994744123771852,0.01994744123771852,0.0008910449238709033,0.0,0.028035593526942112,1.0
44.9749666243955,0.939042115299605,43282.98201646911,0.04226653592292131,3312937.766633015,0.02254927944398365,0.0002527323991234926,0.02573911748309746,0.05054112932620461,262.5084950061784,308.5537950223212,3000.0,22.38589178873824,2.3858917887382383,262.528300115556,0.013609422257208896,0.01980510937761437,0.01980510937761437,0.0008847138887528175,0.0,0.027836399574129547,1.0
44.99831469914284,0.9390421780601556,43282.987802075164,0.04226593032608368,3312937.988052049,0.022549279245494377,0.00025272515685289474,0.025739129758720034,0.05054113416106731,262.5085552075825,308.5538156444059,3000.0,22.385574034932283,2.3855740349322843,262.5282943564986,0.013609422070962144,0.019739148916073646,0.019739148916073646,0.0008817798857992679,0.0,0.027744086749486585,1.0
45.02493880953372,0.9390422493731283,43282.994376090086,0.04226523977925266,3312938.2396440026,0.02254927901995686,0.000252716898800644,0.025739143707144235,0.050541139625901746,262.50862346269065,308.5538390766759,3000.0,22.38521169617953,2.38521169617953,262.52828781265066,0.013609421859335422,0.019664349960009986,0.019664349960009986,0.0008784527136442532,0.0,0.02763940359269049,1.0
45.07491099467194,0.9390423824996934,43283.00664841708,0.042263943721600354,3312938.7093141256,0.02254927859892504,0.0002527013999817399,0.02573916974595008,0.050541149744856864,262.5087504510339,308.5538828198757,3000.0,22.384531603640635,2.384531603640634,262.52827559664036,0.013609421464272098,0.019525145606451133,0.019525145606451133,0.0008722606285527793,0.0,0.02744458135763644,1.0
45.124883179810155,0.9390425146897482,43283.01883441323,0.0422626477490158,3312939.175680242,0.022549278180855142,0.00025268590265534234,0.025739195601558983,0.05054115968506947,262.50887598743384,308.55392625535364,3000.0,22.38385151112141,2.38385151112141,262.52826346656656,0.01360942107198792,0.019387479132717544,0.019387479132717544,0.0008661368720697991,0.0,0.027251908914019313,1.0
45.17485536494837,0.9390426459536271,43283.03093503114,0.0422613518605608,3312939.6387788136,0.022549277765714474,0.0002526704068101393,0.02573922127599273,0.050541169448517345,262.5090000879393,308.5539693865054,3000.0,22.38317141862172,2.383171418621721,262.52825142148083,0.01360942068245222,0.019251333541546956,0.019251333541546956,0.0008600806910467912,0.0,0.02706136256674563,1.0
45.22482755008659,0.9390427763015513,43283.04295121305,0.04226005605530738,3312940.0986458985,0.02254927735347071,0.00025265491243494243,0.025739246771250973,0.05054117903715663,262.5091227684239,308.5540122166895,3000.0,22.38249132614143,2.38249132614143,262.52823946044526,0.013609420295634663,0.01911669202138455,0.01911669202138455,0.0008540913405406923,0.0,0.026872918878858888,1.0
45.24831469914284,0.9390428372521136,43283.04856996857,0.042259447049561576,3312940.3136793,0.02254927716070595,0.0002526476305144222,0.025739258692801956,0.05054118348402233,262.50917994271583,308.5540322440418,3000.0,22.3821716796605,2.3821716796605026,262.52823386747673,0.013609420114759145,0.019053924760896734,0.019053924760896734,0.0008512991962353561,0.0,0.026785069278961824,1.0
45.2747997352248,0.939042905743629,43283.05488389075,0.04225876033233789,3312940.5553171616,0.02254927694409188,0.00025263941951868794,0.02573927208931123,0.0505411884529218,262.5092440445855,308.55405474922736,3000.0,22.381811233680402,2.3818112336804016,262.52822758253234,0.013609419911505254,0.018983537946837714,0.018983537946837714,0.0008481680838354615,0.0,0.026686554672218775,1.0
45.32477192036302,0.9390430342898569,43283.06673398574,0.04225746469074483,3312941.0088278675,0.022549276537546376,0.0002526239280504349,0.025739297232129192,0.050541197697726005,262.5093639319489,308.5540969874037,3000.0,22.3811311412385,2.381131141238503,262.5282157868247,0.013609419530034333,0.01885185487583385,0.01885185487583385,0.000842310192316341,0.0,0.026502247023545752,1.0
45.37474410550124,0.939043161950119,43283.078502409175,0.04225616912963096,3312941.45921289,0.022549276133802924,0.0002526084380193664,0.025739322201638534,0.05054120677346083,262.5094824458639,308.55413893446627,3000.0,22.3804510488156,2.3804510488156008,262.52820407241546,0.01360941915119256,0.018721626551553072,0.018721626551553072,0.0008365169455574418,0.0,0.026319973267177506,1.0
45.42471629063946,0.9390432887341928,43283.09019006233,0.042254873648108746,3312941.906506722,0.022549275732830606,0.00025259294941478284,0.025739346999752055,0.050541215681997445,262.50959960151454,308.55418059362773,3000.0,22.379770956411566,2.3797709564115657,262.52819243840725,0.013609418774950921,0.018592836892707965,0.018592836892707965,0.0008307876308886582,0.0,0.026139710981443322,1.0
45.474688475777675,0.9390434146517486,43283.10179783664,0.04225357824530041,3312942.350743481,0.02254927533459883,0.0002525774622261026,0.02573937162836159,0.05054122442518652,262.5097154139187,308.55422196806563,3000.0,22.379090864026267,2.379090864026267,262.5281808839129,0.013609418401280729,0.018465469994225714,0.018465469994225714,0.0008251215434273255,0.0,0.025961437989660885,1.0
45.49831469914284,0.9390434738850556,43283.10725828991,0.04225296582222945,3312942.5597184105,0.022549275147265287,0.00025257014056718043,0.025739383213983332,0.050541228501815805,262.50976970517985,308.55424143115613,3000.0,22.378769324869324,2.3787693248693262,262.5281754485237,0.013609418225501248,0.01840574334386247,0.01840574334386247,0.0008224645009146384,0.0,0.02587783903614085,1.0
45.52466066091589,0.9390435397123494,43283.11332661369,0.04225228292033788,3312942.7919569057,0.022549274939077366,0.00025256197644286135,0.025739396089338017,0.050541233004858244,262.50982989792806,308.55426306092227,3000.0,22.378410771659578,2.3784107716595786,262.52816940805474,0.013609418030153595,0.01833951012667967,0.01833951012667967,0.0008195179860540033,0.0,0.025785132359374928,1.0
45.57463284605411,0.9390436639254529,43283.12477726524,0.04225098767236279,3312943.2301803622,0.022549274546236286,0.0002525464920547121,0.02573942038453154,0.05054124142282254,262.5099430682298,308.55430387530515,3000.0,22.377730679311373,2.377730679311373,262.5281580099649,0.013609417661541452,0.018214941735095636,0.018214941735095636,0.0008139762693603104,0.0,0.025610772400716703,1.0
45.624605031192324,0.9390437873004099,43283.13615065334,0.042249692500526355,3312943.665446841,0.02254927415604602,0.0002525310090514237,0.0257394445157715,0.05054124968086894,262.5100549393458,308.55434441428696,3000.0,22.377050586981525,2.3770505869815253,262.5281466887854,0.013609417295416563,0.018091749439577143,0.018091749439577143,0.0008084957116780405,0.0,0.025438336667320663,1.0
45.67457721633054,0.9390439098464712,43283.1474476307,0.04224839740398904,3312944.097788977,0.02254927376847732,0.0002525155274228766,0.025739468484867634,0.05054125778076783,262.5101655256424,308.5543846809072,3000.0,22.376370494669914,2.3763704946699122,262.52813544366734,0.013609416931751463,0.017969918024959952,0.017969918024959952,0.0008030756386179972,0.0,0.025267803941815277,1.0
45.724549401468764,0.9390440315727852,43283.15866904064,0.042247102381920545,3312944.5272390475,0.02254927338350124,0.00025250004715906334,0.025739492293609657,0.050541265724269965,262.51027484132663,308.554424678172,3000.0,22.37569040237641,2.3756904023764114,262.52812427377125,0.013609416570519008,0.01784943244462056,0.01784943244462056,0.0007977153832413082,0.0,0.02509915324121381,1.0
45.74831469914284,0.9390440891772301,43283.16397933989,0.04224648653350303,3312944.7304673563,0.022549273201319345,0.000252492685678048,0.025739503560595248,0.05054126944759264,262.51032638689844,308.5544436060452,3000.0,22.375366970542476,2.375366970542475,262.52811898785035,0.013609416399573263,0.017792600951906934,0.017792600951906934,0.0007951870007464536,0.0,0.02501960226765326,1.0
45.77452158660698,0.9390441524883993,43283.169815717214,0.04224580743349975,3312944.953828972,0.02254927300108917,0.0002524845682500869,0.025739515943767572,0.05054127351310683,262.5103829004496,308.55446440905416,3000.0,22.3750103101009,2.375010310100902,262.5281131782669,0.013609416211692356,0.017730277817292972,0.017730277817292972,0.0007924142859182896,0.0,0.02493236381247429,1.0
45.824493771745196,0.939044272602261,43283.18088848518,0.04224451255791469,3312945.377590316,0.022549272621212806,0.000252469090686161,0.02573953943709173,0.0505412811489907,262.5104897169061,308.55450387649364,3000.0,22.374330217843266,2.3743302178432644,262.52810215633326,0.013609415855244946,0.01761243942718238,0.01761243942718238,0.0007871716943346383,0.0,0.02476741513269498,1.0
45.87446595688341,0.9390443919232176,43283.191888160116,0.042243217754362475,3312945.7985542924,0.022549272243844173,0.0002524536144576094,0.025739562775312978,0.05054128863361476,262.510595304436,308.55454308339756,3000.0,22.37365012560338,2.37365012560338,262.52809120715847,0.013609415501150527,0.017495902722487244,0.017495902722487244,0.0007819869634264878,0.0,0.024604286907071577,1.0
45.92443814202163,0.93904451046002,43283.20281554871,0.04224192302204898,3312946.2167517757,0.02254927186895558,0.00025243813955486133,0.02573958596014322,0.050541295968653664,262.5106996766293,308.5545820326413,3000.0,22.372970033381133,2.3729700333811325,262.5280803299396,0.013609415149383132,0.017380653310283378,0.017380653310283378,0.0007768594551528442,0.0,0.02444295906173783,1.0
45.974410327159845,0.9390446282213236,43283.21367144883,0.042240628360188805,3312946.632213302,0.022549271496519672,0.0002524226659684518,0.02573960899327573,0.050541303155763856,262.51080284692773,308.5546207270689,3000.0,22.372289941176405,2.3722899411764065,262.52806952388227,0.013609414799917072,0.017266676954534432,0.017266676954534432,0.0007717885384077271,0.0,0.02428341174100178,1.0
45.99831469914284,0.9390446842811578,43283.21883936052,0.04224000907878082,3312946.8299922287,0.02254927131922295,0.0002524152645862203,0.025739619958107723,0.050541306541916894,262.51085177771904,308.5546391474084,3000.0,22.37196461666455,2.3719646166645476,262.52806437969855,0.013609414633555035,0.01721260197950869,0.01721260197950869,0.0007693826748987112,0.0,0.024207715541967916,1.0
46.02438251229806,0.939044745215688,43283.22445664953,0.04223933376800525,3312947.044969069,0.02254927112650937,0.0002524071936890208,0.025739631876385026,0.05054131019658342,262.51090482862435,308.5546591694929,3000.0,22.371609848989088,2.3716098489890864,262.5280587882011,0.01360941445272695,0.017153959576774014,0.017153959576774014,0.000766773589051713,0.0,0.02412562530833874,1.0
46.074354697436284,0.9390448614515783,43283.23517193112,0.042238039244730206,3312947.4550489406,0.022549270758897892,0.00025239172270731216,0.025739654611127094,0.050541317092732296,262.5110056348649,308.5546973626947,3000.0,22.37092975681906,2.3709297568190597,262.5280481221194,0.013609414107787644,0.01704248725451407,0.01704248725451407,0.000761813989841849,0.0,0.02396958034418672,1.0
46.1243268825745,0.9390449769373638,43283.24581806513,0.0422367447896043,3312947.862482446,0.02254927039365878,0.00025237625301417516,0.025739677199139235,0.05054132384581219,262.5111052786471,308.5547353094245,3000.0,22.370249664666215,2.3702496646662152,262.52803752486903,0.013609413765074315,0.016932246221927016,0.016932246221927016,0.000756909130463192,0.0,0.02381525764693926,1.0
46.17429906771272,0.9390450916813241,43283.2563958148,0.04223545040187628,3312948.2672987934,0.022549270030765838,0.0002523607846005574,0.025739699642041185,0.05054133045740758,262.5112037728291,308.5547730124027,3000.0,22.36956957253044,2.3695695725304415,262.5280269956903,0.013609413424562396,0.016823222861205522,0.016823222861205522,0.000752058407143615,0.0,0.023662638220826405,1.0
46.22427125285093,0.9390452056916475,43283.26690593493,0.04223415608080326,3312948.669526873,0.022549269670193172,0.0002523453174575074,0.025739721941434788,0.05054133692908547,262.51130113012704,308.5548104743199,3000.0,22.368889480411628,2.3688894804116294,262.5280165338319,0.01360941308622759,0.016715403704836262,0.016715403704836262,0.000747261222756449,0.0,0.02351170327914473,1.0
46.24831469914284,0.9390452602871691,43283.27193886111,0.04223353335912108,3312948.862139709,0.022549269497527658,0.00025233787609929505,0.02573973261982219,0.05054133999344915,262.51134757090756,308.55482841351034,3000.0,22.368562263220976,2.368562263220975,262.52801152401696,0.013609412924210978,0.01666395310940061,0.01666395310940061,0.0007449720242771236,0.0,0.02343967768031829,1.0
46.27424343798915,0.9390453189764321,43283.27734917202,0.042232861825650544,3312949.0691952524,0.022549269311915175,0.0002523298515761727,0.025739744098904237,0.05054134326239559,262.511397363117,308.5548476978369,3000.0,22.368209388309673,2.368209388309671,262.5280061385506,0.013609412750045857,0.01660877543361039,0.01660877543361039,0.000742516986732548,0.0,0.023362434241491047,1.0
46.324215623127365,0.9390454315436856,43283.287726264265,0.04223156763569161,3312949.4663321855,0.02254926895590651,0.0002523143869477997,0.02573976611601609,0.0505413494588704,262.51149248423496,308.5548846855851,3000.0,22.367529296224458,2.3675292962244585,262.5279958091117,0.013609412415993442,0.016503324876737224,0.016503324876737224,0.0007378251150663705,0.0,0.023214812733954256,1.0
46.37418780826558,0.9390455434013268,43283.29803794162,0.04223027351020809,3312949.860965609,0.02254926860214214,0.00025229892356373317,0.02573978799431947,0.050541355520025345,262.5115865057787,308.5549214401663,3000.0,22.366849204155887,2.366849204155887,262.52798554478846,0.013609412084046842,0.016399039009741045,0.016399039009741045,0.0007331850302229431,0.0,0.023068820586188577,1.0
46.424159993403805,0.9390456545571881,43283.30828492611,0.042228979448489426,3312950.253123154,0.022549268250597287,0.0002522834614154123,0.025739809735346588,0.05054136144735929,262.51167943991175,308.5549579641542,3000.0,22.36616911210385,2.3661691121038513,262.5279753448622,0.013609411754182817,0.016295904950482054,0.016295904950482054,0.0007285961609609415,0.0,0.022924439825847506,1.0
46.47413217854202,0.9390457650190163,43283.31846793184,0.04222768544983291,3312950.642832152,0.022549267901247456,0.000252268000494371,0.025739831340612904,0.05054136724235474,262.51177129866454,308.5549942600942,3000.0,22.36548902006825,2.365489020068248,262.52796520862216,0.01360941142637838,0.0161939099576216,0.0161939099576216,0.0007240579422650238,0.0,0.022781652676455266,1.0
46.49831469914284,0.9390458182267504,43283.32337292679,0.04222705928093652,3312950.8305488788,0.022549267732971126,0.00025226051908957143,0.025739841747526446,0.050541369999587145,262.5118153683445,308.55501174328055,3000.0,22.365159910197974,2.365159910197975,262.52796032615396,0.013609411268480103,0.016144957809444804,0.016144957809444804,0.0007218798289067047,0.0,0.02271312212483831,1.0
46.52410436368024,0.9390458747944721,43283.32858766502,0.042226391513543564,3312951.030119631,0.022549267554068417,0.00025225254079223674,0.025739852811617094,0.05054137290647775,262.5118620939344,308.55503033050354,3000.0,22.364808928048976,2.364808928048975,262.5279551353653,0.013609411100610789,0.016093041430906396,0.016093041430906396,0.0007195698153594865,0.0,0.022640441557836895,1.0
46.574076548818454,0.9390459838911319,43283.338644824056,0.04222509763893417,3312951.41501232,0.022549267209036206,0.00025223708230073073,0.025739874149841267,0.0505413784411782,262.5119518374871,308.5550661778717,3000.0,22.364128836045932,2.364128836045931,262.52794512439624,0.013609410776857562,0.015993286909122162,0.015993286909122162,0.0007151312276177103,0.0,0.02250078908326954,1.0
46.62404873395667,0.939046092316487,43283.34864009949,0.042223803825325264,3312951.797536647,0.022549266866127127,0.00025222162501166754,0.025739895356750895,0.05054138384788969,262.51204054095626,308.5551018046601,3000.0,22.363448744059017,2.3634487440590157,262.52793517502784,0.013609410455096478,0.015894634071571545,0.015894634071571545,0.0007107416326291824,0.0,0.022362678061591652,1.0
46.674020919094886,0.9390462000779467,43283.358574174374,0.04222251007204471,3312952.1777187544,0.02254926652531775,0.0002522061689169506,0.025739916433795466,0.05054138912803017,262.512128215849,308.5551372133035,3000.0,22.36276865208813,2.36276865208813,262.52792528658,0.013609410135305542,0.015797070731025542,0.015797070731025542,0.0007064004898852489,0.0,0.02222609148731604,1.0
46.7239931042331,0.9390463071828405,43283.36844772434,0.042221216378427795,3312952.555584498,0.022549266186584895,0.00025219071400857303,0.02573993738240877,0.050541394283002236,262.5122148735473,308.5551724062101,3000.0,22.362088560133177,2.3620885601331763,262.52791545838016,0.013609409817463,0.015700584832870845,0.015700584832870845,0.0007021072647418825,0.0,0.02209101253945885,1.0
46.74831469914284,0.9390463590757128,43283.37323151052,0.04222058675570511,3312952.738662396,0.0225492660224671,0.00025218319249054624,0.02573994753211482,0.05054139674707247,262.5122566854467,308.55518945735446,3000.0,22.361757557582507,2.361757557582509,262.52791069656683,0.013609409663466653,0.01565401112014797,0.01565401112014797,0.0007000349180889832,0.0,0.022025809708484532,1.0
46.773965289371326,0.9390464136384157,43283.37826141746,0.04221992274381716,3312952.9311594483,0.022549265849905638,0.00025217526027861647,0.025739958204008546,0.0505413993141928,262.5123005253063,308.55520738576126,3000.0,22.361408468194057,2.3614084681940577,262.52790568976343,0.013609409501547357,0.015605164457156206,0.015605164457156206,0.000697861428512088,0.0,0.021957424584447386,1.0
46.82393747450954,0.9390465194518394,43283.38801591444,0.042218629167562804,3312953.3044688897,0.02254926551525731,0.0002521598077192515,0.02573997889999688,0.05054140422297344,262.5123851822563,308.555242154312,3000.0,22.36072837627068,2.360728376270678,262.52789598007195,0.013609409187537332,0.015510797815636579,0.015510797815636579,0.0006936624583346184,0.0,0.02182531117198978,1.0
46.87390965964776,0.9390466246301988,43283.39771186859,0.04221733564902196,3312953.6755378265,0.022549265182617503,0.00025214435632273644,0.025739999471760186,0.05054140901070043,262.5124688554038,308.5552767141911,3000.0,22.360048284362943,2.3600482843629433,262.5278863286555,0.0136094088754119,0.01541747325165943,0.01541747325165943,0.0006895098371697764,0.0,0.02169465603494335,1.0
46.923881844785974,0.939046729180504,43283.407349926114,0.04221604218755891,3312954.0443909895,0.022549264851964033,0.0002521289060814141,0.025740019920669783,0.05054141367871523,262.51255155563507,308.5553110677019,3000.0,22.35936819247076,2.3593681924707597,262.52787673487086,0.013609408565150255,0.0153251792357878,0.0153251792357878,0.0006854030536045452,0.0,0.02156544308318368,1.0
46.97385402992419,0.9390468331096882,43283.41693072614,0.042214748782544886,3312954.41105284,0.02254926452327499,0.00025211345698771193,0.025740040248081967,0.05054141822834467,262.51263329371733,308.5553452171225,3000.0,22.358688100594033,2.358688100594034,262.5278671980817,0.013609408256731825,0.015233904364379214,0.015233904364379214,0.0006813416017898865,0.0,0.021437656401632123,1.0
46.99831469914284,0.9390468837571889,43283.42159970935,0.04221411569969667,3312954.5897370707,0.02254926436309594,0.0002521058952936016,0.02574005015417475,0.05054142041256429,262.51267295582113,308.5553618590583,3000.0,22.358355205362244,2.3583552053622436,262.5278625505466,0.013609408106431183,0.015189594725484312,0.015189594725484312,0.0006793699530205766,0.0,0.021375621816872782,1.0
47.02382621506241,0.9390469364246078,43283.42645490071,0.04221345543335814,3312954.7755475664,0.02254926419652867,0.0002520980090341417,0.025740060455338026,0.05054142266090084,262.5127140802984,308.5553791647059,3000.0,22.358008008732675,2.3580080087326754,262.527857717659,0.013609407950136265,0.015143637360608864,0.015143637360608864,0.0006773249814873492,0.0,0.021311280251722704,1.0
47.07379840020062,0.9390470391320432,43283.435923074874,0.042212162139383794,3312955.137899091,0.022549263871703643,0.0002520825622132982,0.025740080543764345,0.050541426977681284,262.5127939259083,308.55541291268,3000.0,22.357327916886593,2.3573279168865926,262.5278482929804,0.013609407645343451,0.01505436707213903,0.01505436707213903,0.0006733526979656811,0.0,0.02118629906814946,1.0
47.123770585338846,0.9390471412386994,43283.4453358667,0.04221086890001389,3312955.4981310675,0.022549263548778693,0.0002520671165178599,0.02574010051467254,0.05054143117996909,262.5128728409593,308.5554464632479,3000.0,22.356647825055695,2.3566478250556964,262.5278389234308,0.01360940734233348,0.014966082471516984,0.014966082471516984,0.0006694242620194649,0.0,0.02106269745945315,1.0
47.17374277047706,0.9390472427512074,43283.454693887485,0.04220957571464711,3312955.8562668916,0.022549263227732857,0.00025205167194058536,0.025740120369359826,0.05054143526903327,262.51295083574985,308.55547981858854,3000.0,22.355967733239897,2.355967733239898,262.52782960840165,0.013609407041086688,0.014878772651798045,0.014878772651798045,0.0006655391897741734,0.0,0.02094046020188798,1.0
47.22371495561528,0.939047343676127,43283.4639977419,0.042208282582688716,3312956.2123297043,0.02254926290854538,0.0002520362284743127,0.025740140109109386,0.05054143924612908,262.51302792046647,308.5555129808572,3000.0,22.35528764143911,2.35528764143911,262.52782034729097,0.0136094067415836,0.014792426824499216,0.014792426824499216,0.0006616970025954433,0.0,0.020819572236567295,1.0
47.24831469914284,0.9390473931444691,43283.46855802584,0.04220764603371413,3312956.3868538667,0.022549262752095674,0.0002520286265448705,0.02574014978454181,0.050541441163182356,262.5130655356699,308.5555292353408,3000.0,22.35495285352551,2.3549528535255115,262.52781580795823,0.013609406594782178,0.014750272288324595,0.014750272288324595,0.0006598212210498305,0.0,0.02076055391614254,1.0
47.273687140753495,0.9390474440199439,43283.47324802784,0.04220698950355061,3312956.566342389,0.022549262591195753,0.00025202078611196013,0.02574015973519,0.05054144311249771,262.51310410518187,308.5555459521851,3000.0,22.354607549653245,2.354607549653246,262.5278111395037,0.013609406443804964,0.014707034321816082,0.014707034321816082,0.0006578972271890414,0.0,0.020700018672609247,1.0
47.32365932589171,0.9390475437890731,43283.482445336645,0.0422056964766512,3312956.9183275783,0.022549262275663683,0.00025200534484652435,0.02574017924885656,0.05054144686936677,262.5131793998582,308.5555787346801,3000.0,22.35392745788222,2.35392745788222,262.5278019844511,0.013609406147731753,0.014622584592927979,0.014622584592927979,0.0006541393954363892,0.0,0.020581784781962126,1.0
47.37363151102993,0.9390476429898571,43283.491590253005,0.04220440350141541,3312957.2683076467,0.02254926196192912,0.00025198990467108093,0.025740198651349782,0.05054145051794999,262.5132538143452,308.55561133042625,3000.0,22.353247366125945,2.3532473661259465,262.5277928815512,0.013609405853345143,0.014539067205987521,0.014539067205987521,0.0006504230444843548,0.0,0.020464856002229824,1.0
47.42360369616814,0.9390477416285699,43283.500683355254,0.042203110577274466,3312957.6163047296,0.022549261649972216,0.0002519744655787814,0.025740217943896984,0.05054145405944799,262.5133273583862,308.55564374148497,3000.0,22.35256727438434,2.352567274384343,262.5277838302283,0.013609405560626512,0.014456471842095198,0.014456471842095198,0.0006467477164764903,0.0,0.02034921792821594,1.0
47.47357588130637,0.9390478397114159,43283.50972521536,0.042201817703665864,3312957.9623407167,0.022549261339773342,0.00025195902756285294,0.025740237127711885,0.050541457495048084,262.51340004161665,308.55567596989505,3000.0,22.351887182657325,2.3518871826573258,262.5277748299131,0.013609405269557447,0.014374788296436236,0.014374788296436236,0.0006431129586046558,0.0,0.02023485631354833,1.0
47.49831469914284,0.9390478880636859,43283.51418261553,0.04220117768284871,3312958.13292738,0.022549261186853447,0.00025195138534227186,0.02574024658482516,0.05054145915702088,262.5134357079596,308.55569185765575,3000.0,22.351550502061276,2.3515505020612752,262.5277703929938,0.01360940512606803,0.014334685034157246,0.014334685034157246,0.0006413284408540379,0.0,0.020178709424289572,1.0
47.52354806644458,0.939047937244532,43283.51871639901,0.04220052488003328,3312958.3064372567,0.022549261031313092,0.00025194359061659743,0.02574025620399495,0.050541460825924645,262.5134718735668,308.5557080176729,3000.0,22.35120709094481,2.351207090944813,262.5277658800424,0.013609404980119746,0.014294006475608967,0.014294006475608967,0.000639518322990257,0.0,0.020121757066942695,1.0
47.5735202515828,0.9390480342339859,43283.52765746559,0.04219923210582665,3312958.6486157603,0.02254926072457228,0.00025192815473339234,0.025740275173933166,0.05054146405323884,262.5135428636599,308.5557398868123,3000.0,22.350526999246725,2.350526999246724,262.5277569800594,0.013609404692295388,0.014214116399500654,0.014214116399500654,0.0006359633667689227,0.0,0.02000990625486717,1.0
47.623492436721016,0.9390481306857782,43283.53654896822,0.042197939380502,3312958.988897394,0.022549260419531928,0.00025191271990668865,0.025740294038700352,0.05054146717813897,262.5136130212147,308.55577157928496,3000.0,22.349846907562977,2.349846907562978,262.5277481294135,0.013609404406066582,0.014135108198786384,0.014135108198786384,0.0006324476519793609,0.0,0.01989929009804559,1.0
47.67346462185923,0.9390482266058437,43283.54539145401,0.042196646703521384,3312959.3273030976,0.02254926011617326,0.00025189728613001,0.02574031279945748,0.05054147020176075,262.5136823554478,308.55580309704095,3000.0,22.349166815893497,2.349166815893496,262.5277393275602,0.013609404121415704,0.014056972112371113,0.014056972112371113,0.00062897074544965,0.0,0.01978989496788009,1.0
47.72343680699745,0.9390483220000527,43283.55418546409,0.042195354074352695,3312959.6638535806,0.022549259814477716,0.00025188185339695057,0.02574033145735285,0.05054147312522751,262.51375087547547,308.5558344420091,3000.0,22.3484867242382,2.3484867242381995,262.52773057396064,0.013609403838325342,0.013979698485172776,0.013979698485172776,0.0006255322186987721,0.0,0.019681707383353234,1.0
47.74831469914284,0.939048369296354,43283.558545521024,0.042194710576248295,3312959.83071479,0.022549259664897542,0.0002518741708327057,0.025740340707904527,0.05054147454363478,262.51378468636517,308.55584998279585,3000.0,22.348148150959094,2.3481481509590933,262.5277262339396,0.013609403697969574,0.013941547574404467,0.013941547574404467,0.0006238345781597189,0.0,0.019628293914102264,1.0
47.773408992135664,0.9390484168742099,43283.56293153357,0.04219406149246976,3312959.998569323,0.022549259514426927,0.0002518664217011762,0.025740350013521998,0.050541475949650104,262.5138185903125,308.5558656160968,3000.0,22.34780663259701,2.347806632597011,262.5277218680823,0.013609403556778263,0.013903277769827582,0.013903277769827582,0.0006221316480136333,0.0,0.019574714013451636,1.0
47.82338117727389,0.9390485112340561,43283.57163019164,0.04219276895735227,3312960.331470577,0.022549259216002756,0.00025185099103642374,0.0257403684690879,0.050541478676127086,262.513885508874,308.55589662119036,3000.0,22.347126540969853,2.347126540969854,262.5277132093984,0.013609403276757437,0.013827700524416286,0.013827700524416286,0.0006187686143480428,0.0,0.019468901673987744,1.0
47.873353362412104,0.9390486050852674,43283.58028196156,0.042191476468485756,3312960.6625773697,0.02254925891918723,0.00025183556139649993,0.025740386825160933,0.050541481305744665,262.513951639975,308.5559274591549,3000.0,22.34644644935665,2.3464464493566526,262.5277045973881,0.013609402998246017,0.013752957413089462,0.013752957413089462,0.0006154427033514049,0.0,0.019364257328502832,1.0
47.92332554755032,0.9390486984334586,43283.5888873609,0.04219018402536133,3312960.991909508,0.0225492586239626,0.0002518201327752794,0.025740405082839413,0.050541483839577295,262.514016992335,308.5559581318352,3000.0,22.34576635775733,2.345766357757331,262.52769603153604,0.013609402721227336,0.01367903920106528,0.01367903920106528,0.0006121535051455778,0.0,0.019260768081246406,1.0
47.973297732688536,0.9390487912841824,43283.59744690156,0.04218889162747574,3312961.319486583,0.02254925833031131,0.0002518047051667047,0.02574042324320956,0.05054148627868757,262.51408157457735,308.555988641056,3000.0,22.345086266171815,2.3450862661718164,262.5276875113328,0.013609402445684926,0.013605936755425319,0.013605936755425319,0.0006089006143611682,0.0,0.01915842117831845,1.0
47.99831469914284,0.9390488375817736,43283.60171489353,0.04218824464689835,3312961.4828243465,0.022549258183889757,0.0002517969822094004,0.02574043229840056,0.05054148746449971,262.5141136190027,308.556003853683,3000.0,22.34474580020909,2.344745800209089,262.5276832629557,0.013609402308292887,0.013569643952962451,0.013569643952962451,0.0006072856712845431,0.0,0.019107609625015672,1.0
48.02326991782675,0.9390488836429308,43283.60596108978,0.04218759927433127,3312961.6453279704,0.022549258038215975,0.0002517892785647851,0.0257404413073457,0.05054148862412646,262.51414539523097,308.5560189886217,3000.0,22.344406174600035,2.344406174600034,262.5276790362744,0.013609402171602484,0.013533641043409261,0.013533641043409261,0.0006056836300618991,0.0,0.019057204005289947,1.0
48.07324210296497,0.9390489755151339,43283.614430426154,0.04218630696543581,3312961.9694528277,0.022549257747659434,0.0002517738529635975,0.025740459276310038,0.05054149087693307,262.5142084627287,308.55604917631666,3000.0,22.34372608304191,2.3437260830419127,262.52767060586245,0.01360940189896389,0.013462143133779136,0.013462143133779136,0.0006025021558063416,0.0,0.01895710408914546,1.0
48.123214288103185,0.939049066906162,43283.62285540572,0.04218501470030269,3312962.2918801,0.022549257458624704,0.0002517584283572845,0.025740477151153098,0.050541493038135085,262.51427078541036,308.5560792059054,3000.0,22.34304599149738,2.34304599149738,262.52766221960434,0.013609401627753216,0.013391434193977148,0.013391434193977148,0.0005993557995213921,0.0,0.018858109094302484,1.0
48.17318647324141,0.9390491578213258,43283.63123651805,0.042183722478450675,3312962.612628526,0.02254925717109498,0.00025174300474005445,0.025740494932913752,0.050541495108748793,262.5143323715236,308.556109079133,3000.0,22.342365899966364,2.342365899966364,262.5276538770127,0.013609401357954702,0.013321505489102492,0.013321505489102492,0.0005962441734571425,0.0,0.0187602068211917,1.0
48.223158658379624,0.9390492482658792,43283.63957424744,0.042182430299403675,3312962.9317166386,0.022549256885053645,0.0002517275821061775,0.02574051262261972,0.05054149708977954,262.5143932292272,308.55613879772574,3000.0,22.341685808448798,2.3416858084487964,262.52764557760537,0.013609401089552756,0.013252348378159695,0.013252348378159695,0.0005931668940196155,0.0,0.018663385200994465,1.0
48.24831469914284,0.9390492936193051,43283.64375520258,0.042181779831414475,3312963.09172339,0.02254925674161822,0.0002517198187094017,0.025740521493120026,0.05054149805344765,262.5144235919631,308.5561537001156,3000.0,22.34134344980192,2.341343449801918,262.52764141586715,0.013609400954962578,0.013217823904028592,0.013217823904028592,0.0005916306659770625,0.0,0.018615050267412444,1.0
48.27313084351784,0.9390493382450168,43283.647869072774,0.04218113816269098,3312963.249162766,0.02254925660048428,0.0002517121604499888,0.02574053022128715,0.05054149898222142,262.5144533665886,308.5561683633905,3000.0,22.341005716944608,2.3410057169446064,262.5276373209057,0.013609400822531956,0.013183954317071311,0.013183954317071311,0.0005901235819062478,0.0,0.018567632299905806,1.0
48.32310302865606,0.9390494277638758,43283.65612146761,0.042179846067847096,3312963.5649850317,0.02254925631737063,0.0002516967397658867,0.02574054772992096,0.05054150078705748,262.5145127915856,308.55619777781527,3000.0,22.340325625453726,2.340325625453726,262.52762910644225,0.013609400556877066,0.013116314856631561,0.013116314856631561,0.0005871138620149442,0.0,0.01847293631627315,1.0
48.37307521379427,0.9390495168275361,43283.66433190023,0.04217855401441175,3312963.879201359,0.02254925603569663,0.0002516813200483322,0.025740565149514855,0.05054150250525982,262.5145715121073,308.55622704266926,3000.0,22.339645533976086,2.339645533976087,262.52762093374895,0.013609400292573006,0.01304942164165368,0.01304942164165368,0.0005841373634065491,0.0,0.018379285579415743,1.0
48.42304739893249,0.9390496054410221,43283.67250083382,0.04217726200192972,3312964.1918294723,0.022549255755446387,0.00025166590129184745,0.02574058248105167,0.050541504137789905,262.51462953595626,308.5562561596034,3000.0,22.338965442511622,2.3389654425116224,262.52761280236473,0.013609400029604866,0.012983266408468808,0.012983266408468808,0.0005811937191935182,0.0,0.01828666854612205,1.0
48.473019584070705,0.9390496936093035,43283.68062872647,0.04217597002995072,3312964.502886904,0.022549255476604187,0.00025165048349101417,0.025740599725503546,0.050541505685598745,262.5146868708503,308.55628513025056,3000.0,22.338285351060264,2.338285351060266,262.5276047118335,0.013609399767957902,0.012917840983163842,0.012917840983163842,0.0005782825664616514,0.0,0.018195073798187394,1.0
48.49831469914284,0.9390497380705207,43283.68472743432,0.04217531606984635,3312964.659745945,0.02254925533599056,0.00025164267961119984,0.02574060842147676,0.050541506437078526,262.5147156326519,308.5562997394753,3000.0,22.33794109972874,2.3379410997287424,262.5276006319665,0.013609399636015408,0.012884999314564993,0.012884999314564993,0.0005768212592664353,0.0,0.01814909611032471,1.0
48.52299176920892,0.9390497813372942,43283.688716031196,0.042174678098029564,3312964.8123909924,0.02254925519915449,0.00025163506664047536,0.02574061688383174,0.050541507149626706,262.5147435244209,308.5563139562255,3000.0,22.337605259621952,2.337605259621952,262.5275966617044,0.013609399507617526,0.012853137283514116,0.012853137283514116,0.000575403546357218,0.0,0.018104490045155408,1.0
48.572963954347145,0.9390498686298545,43283.696763196014,0.042173386205725916,3312965.120358883,0.02254925492308192,0.00025161965073493286,0.025740633956986964,0.050541508530803816,262.51479950421566,308.55634263912515,3000.0,22.336925168196615,2.336925168196615,262.52758865153146,0.013609399248569317,0.012789147315800165,0.012789147315800165,0.0005725563039450655,0.0,0.018014906119853846,1.0
48.62293613948536,0.9390499554917895,43283.70477066389,0.042172094352604474,3312965.4268075293,0.022549254648371285,0.00025160423576914905,0.025740650945909164,0.0505415098300496,262.5148548176968,308.5563711805284,3000.0,22.33624507678419,2.336245076784192,262.5275806808737,0.01360939899079902,0.012725863176910934,0.012725863176910934,0.0005697404883033773,0.0,0.01792631098137615,1.0
48.67290832462358,0.9390500419278524,43283.712738872986,0.04217080253823464,3312965.7317537,0.02254925437500754,0.0002515888217379431,0.025740667851528128,0.05054151104827361,262.514909472246,308.5563995819971,3000.0,22.335564985384618,2.335564985384618,262.527572749295,0.013609398734292526,0.012663277049000499,0.012663277049000499,0.0005669557522850563,0.0,0.017838693707573898,1.0
48.722880509761794,0.939050127942744,43283.72066825665,0.04216951076219056,3312966.0352139794,0.022549254102975837,0.00025157340863619156,0.02574068467476342,0.050541512186375454,262.5149634751637,308.5564278450758,3000.0,22.33488489399783,2.334884893997831,262.527564856364,0.01360939847903588,0.012601381200283868,0.012601381200283868,0.0005642017525539297,0.0,0.01775204349619615,1.0
48.74831469914284,0.9390501715612412,43283.72468927925,0.042168853305492165,3312966.1890999065,0.02254925396502747,0.0002515655642324834,0.025740693205890272,0.05054151273515023,262.5149907129532,308.5564421773966,3000.0,22.3345387499812,2.3345387499812,262.52756085382697,0.013609398349594208,0.012570140873776836,0.012570140873776836,0.0005628117515427722,0.0,0.017708309328024016,1.0
48.77285269490001,0.9390502135411133,43283.72855924344,0.0421682190240511,3312966.3372047697,0.022549253832261456,0.00025155799645882763,0.025740701416524406,0.050541513245244696,262.5150168336694,308.55645597129217,3000.0,22.33420480262377,2.334204802623769,262.52755700165403,0.013609398225015291,0.012540167984639083,0.012540167984639083,0.0005614781495675142,0.0,0.017666349664347287,1.0
48.822824880038226,0.9390502987275579,43283.73641225717,0.04216692732339982,3312966.6377422907,0.022549253562849862,0.0002515425852008413,0.025740718077710445,0.05054151422576115,262.515069554903,308.5564839621568,3000.0,22.33352471126237,2.3335247112623705,262.52754918474324,0.013609397972217118,0.012479629840242978,0.012479629840242978,0.0005587846075165081,0.0,0.017581601646583442,1.0
48.87279706517644,0.9390503835066231,43283.74422771685,0.04216563565982499,3312966.936842578,0.022549253294726682,0.00025152717485727946,0.025740734659210666,0.05054151512879463,262.51512164592344,308.5565118191633,3000.0,22.332844619913573,2.3328446199135744,262.52754140521455,0.01360939772062787,0.012419759291105947,0.012419759291105947,0.0005561207943940825,0.0,0.01749778899709281,1.0
48.922769250314666,0.9390504678828051,43283.75200603698,0.042164344032919354,3312967.2345214956,0.022549253027877688,0.00025151176542324274,0.025740751161904583,0.050541515955205514,262.5151731137132,308.55653954378903,3000.0,22.33216452857732,2.3321645285773207,262.52753366265546,0.013609397470234206,0.012360548942240257,0.012360548942240257,0.0005534863817801047,0.0,0.017414901382906658,1.0
48.97274143545288,0.9390505518605513,43283.759747627504,0.0421630524422801,3312967.5307947323,0.022549252762288828,0.0002514963568938855,0.025740767586662144,0.05054151670584486,262.5152239651789,308.5565671374953,3000.0,22.33148443725355,2.3314844372535504,262.5275259566577,0.013609397221022923,0.012301991478807395,0.012301991478807395,0.0005508810448035026,0.0,0.017332928582715353,1.0
48.99831469914284,0.9390505946834631,43283.763695309906,0.042162391484722915,3312967.681873837,0.022549252626856666,0.0002514884719280139,0.025740775962162853,0.05054151706094753,262.5152497522232,308.5565812083998,3000.0,22.33113640055138,2.3311364005513813,262.5275220271255,0.013609397093942195,0.012272274902272784,0.012272274902272784,0.0005495589065485162,0.0,0.017291329595451724,1.0
49.0227136205911,0.9390506354442593,43283.76745289383,0.042161760887508934,3312967.8256778037,0.022549252497946183,0.00025148094926441674,0.02574078393434356,0.05054151738155416,262.5152742071498,308.55659460172706,3000.0,22.330804345942205,2.3308043459422043,262.5275182868179,0.013609396972980975,0.012244079668107588,0.012244079668107588,0.0005483044622318987,0.0,0.017251860489688724,1.0
49.072685805729314,0.9390507186382778,43283.77512223683,0.042160469368211974,3312968.1191860517,0.022549252234835993,0.00025146554253009846,0.025740800205799524,0.05054151798316562,262.51532384637954,308.5566219379133,3000.0,22.330124254643223,2.3301242546432244,262.5275106527369,0.013609396726095456,0.012186806357362912,0.012186806357362912,0.0005457563163728856,0.0,0.01717168710837,1.0
49.12265799086753,0.9390508014469073,43283.78275605295,0.04215917788399977,3312968.411334648,0.022549251972944676,0.0002514501366862461,0.025740816401871237,0.05054151851150216,262.51537288954654,308.556649147467,3000.0,22.329444163356552,2.3294441633565532,262.5275030540201,0.013609396480353603,0.012130164473546756,0.012130164473546756,0.0005432362930669276,0.0,0.017092398554452593,1.0
49.17263017600575,0.9390508838744008,43283.790354734236,0.04215788643448713,3312968.702138598,0.022549251712258765,0.00025143473172822665,0.025740832523390628,0.05054151896737762,262.51542134325564,308.55667623178573,3000.0,22.328764072082134,2.3287640720821345,262.5274954902772,0.013609396235742794,0.01207414702156484,0.01207414702156484,0.0005407440816064361,0.0,0.01701398505223409,1.0
49.22260236114396,0.9390509659249651,43283.7979186685,0.04215659501929311,3312968.991612742,0.02254925145276497,0.0002514193276514581,0.025740848571180586,0.050541519351597015,262.5154692140398,308.5567031922517,3000.0,22.328083980819912,2.328083980819911,262.52748796112235,0.01360939599225055,0.012018747082549908,0.012018747082549908,0.0005382793746599194,0.0,0.016936436932229827,1.0
49.24831469914284,0.9390510079971818,43283.80179714887,0.042155930556816434,3312969.140043397,0.022549251319707028,0.0002514114020876175,0.02574085679983628,0.050541519521630926,262.5154936201204,308.55671701649015,3000.0,22.327734051431804,2.3277340514318037,262.5274841004756,0.013609395867397555,0.011990480355166255,0.011990480355166255,0.0005370218190321621,0.0,0.016896869924672306,1.0
49.272574546282186,0.9390510476027603,43283.80544823923,0.04215530363804096,3312969.2797717587,0.022549251194450108,0.0002514039244514093,0.02574086454605489,0.05054151966495641,262.51551650835967,308.55673003023185,3000.0,22.32740388956983,2.327403889569828,262.5274804661736,0.013609395749864524,0.011963957813918569,0.011963957813918569,0.0005358418682750435,0.0,0.016859744631269356,1.0
49.3225467314204,0.9390511289119002,43283.81294382567,0.042154012290358145,3312969.566630161,0.022549250937301205,0.00025138852212359963,0.02574088044881825,0.05054151990824306,262.515563232604,308.556756747078,3000.0,22.32672379833183,2.32672379833183,262.5274730050534,0.013609395508572503,0.011909772449428147,0.011909772449428147,0.0005334312618816918,0.0,0.016783898692592888,1.0
49.37251891655862,0.9390512098564529,43283.8204058028,0.042152720975876336,3312969.8522023,0.022549250681305363,0.0002513731206635994,0.02574089628026639,0.05054152008223535,262.51560939309,308.5567833441267,3000.0,22.326043707105864,2.3260437071058626,262.5274655773888,0.01360939526836242,0.011856184298778771,0.011856184298778771,0.0005310472582746589,0.0,0.01670888976530685,1.0
49.422491101696835,0.9390512904404412,43283.827834541495,0.042151429694231204,3312970.136502369,0.02254925042644987,0.00025135772006702696,0.025740912041186257,0.05054152018770315,262.5156549960656,308.55680982269996,3000.0,22.325363615891874,2.3253636158918725,262.52745818281034,0.013609395029222336,0.011803186744714367,0.011803186744714367,0.0005286895634843098,0.0,0.016634708600314525,1.0
49.47246328683505,0.939051370667845,43283.83523040862,0.04215013844506243,3312970.41954441,0.022549250172722142,0.00025134232032954923,0.025740927732356318,0.05054152022540801,262.515700047711,308.5568361841054,3000.0,22.324683524689807,2.324683524689806,262.52745082095294,0.013609394791140438,0.011750773241942625,0.011750773241942625,0.0005263578867286942,0.0,0.016561346048809496,1.0
49.49831469914284,0.9390514120321174,43283.83904362788,0.04214947047380012,3312970.565477438,0.022549250041903227,0.000251334354134283,0.02574093582252952,0.05054152021856703,262.5157231392863,308.55684977572497,3000.0,22.32433170261539,2.3243317026153885,262.52744702526894,0.013609394668388309,0.011723885982632964,0.011723885982632964,0.0005251617893340773,0.0,0.016523712719379788,1.0
49.52243547197327,0.9390514505425995,43283.842593766945,0.04214884722801368,3312970.7013423033,0.022549249920109735,0.0002513269214468811,0.025740943354546342,0.05054152019610296,262.51574455413765,308.55686242963606,3000.0,22.324003433499612,2.3240034334996116,262.52744349145553,0.01360939455410505,0.01169893731787397,0.01169893731787397,0.0005240519404471348,0.0,0.016488793063332573,1.0
49.572407657111484,0.9390515300685961,43283.84992497518,0.04214755604273266,3312970.9819097808,0.02254924966860034,0.0002513115234147861,0.025740958908517526,0.05054152010053266,262.51578852138863,308.5568885605706,3000.0,22.323323342321235,2.3233233423212356,262.5274361939609,0.013609394318104628,0.011647672572280499,0.011647672572280499,0.0005217714402854385,0.0,0.01641704069730667,1.0
49.62237984224971,0.9390516092496828,43283.85722438805,0.04214626488887095,3312971.2612604173,0.022549249418181774,0.0002512961262290746,0.025740974395022587,0.05054151993943344,262.5158319554398,308.5569145781734,3000.0,22.322643251154627,2.3226432511546276,262.5274289281161,0.013609394083127745,0.011596972676272799,0.011596972676272799,0.00051951610505055,0.0,0.016346080103610095,1.0
49.67235202738792,0.9390516880896653,43283.86449235641,0.042144973766083976,3312971.5394076398,0.02254924916884201,0.00025128072988560307,0.025740989814805944,0.05054151971353356,262.51587486220166,308.55694048369503,3000.0,22.321963159999736,2.321963159999737,262.5274216935718,0.013609393849163116,0.011546831370139898,0.011546831370139898,0.000517285656614265,0.0,0.016275902531547155,1.0
49.72232421252614,0.9390517665923085,43283.87172922729,0.04214368267403095,3312971.816364729,0.022549248920569153,0.00025126533438027404,0.025741005168604034,0.05054151942355346,262.5159172475205,308.55696627837244,3000.0,22.321283068856513,2.3212830688565123,262.5274144899825,0.013609393616199554,0.011497242461985024,0.011497242461985024,0.0005150798198525785,0.0,0.01620649932493994,1.0
49.74831469914284,0.9390518072893463,43283.875480938266,0.042143011190302324,3312971.959943757,0.0225492487918605,0.00025125732752236465,0.025741013128258012,0.05054151924764088,262.5159390878799,308.5569796507498,3000.0,22.32092935409544,2.320929354095439,262.5274107555255,0.013609393495427483,0.011471667645650996,0.011471667645650996,0.0005139422048099523,0.0,0.016170706044490824,1.0
49.772296397664356,0.9390518447613342,43283.87893534381,0.04214239161237488,3312972.092144817,0.02254924867335141,0.00025124993970903546,0.025741020457144884,0.050541519070205335,262.5159591171766,308.5569919634287,3000.0,22.320602977724906,2.320602977724905,262.5274073170068,0.01360939338422603,0.011448199830226713,0.011448199830226713,0.0005128983227581966,0.0,0.016137861925668493,1.0
49.82226858280257,0.9390519226004239,43283.886111045336,0.042141100580782506,3312972.366760892,0.02254924842717716,0.0002512345458678805,0.02574103568114863,0.05054151865419367,262.5160004768871,308.5570175400734,3000.0,22.319922886604864,2.3199228866048656,262.5274001743068,0.013609393153231612,0.011399697419733457,0.011399697419733457,0.0005107408962678316,0.0,0.01606998186823698,1.0
49.87224076794079,0.9390520001132177,43283.89325666741,0.04213980957892433,3312972.6402257965,0.02254924818203487,0.00025121915285284747,0.025741050841327277,0.050541518176214995,262.51604133230467,308.5570430095026,3000.0,22.319242795496343,2.319242795496345,262.5273930615485,0.0136093929232055,0.011351729243813224,0.011351729243813224,0.0005086072743517901,0.0,0.01600285078259255,1.0
49.922212953079004,0.9390520773033155,43283.90037254192,0.04213851860647446,3312972.9125522296,0.022549247937913172,0.00025120376066001824,0.02574106593838504,0.05054151763695823,262.51608168902044,308.5570683728992,3000.0,22.318562704399294,2.318562704399295,262.5273859784015,0.013609392694137008,0.011304289381087074,0.011304289381087074,0.0005064971938743548,0.0,0.01593646038973257,1.0
49.97218513821723,0.9390521541742782,43283.9074589971,0.042137227663110566,3312973.183752756,0.022549247694800788,0.0002511883692855177,0.02574108097301842,0.05054151703710473,262.51612155256396,308.5570936314333,3000.0,22.317882613313667,2.3178826133136687,262.5273789245391,0.013609392466015571,0.01125737197514809,0.01125737197514809,0.0005044103945789435,0.0,0.015870802501237763,1.0
49.99831469914284,0.9390521942428474,43283.91115277335,0.0421365526634117,3312973.3251145477,0.0225492475680798,0.0002511803217358807,0.025741088809736107,0.050541516699551786,262.5161422019772,308.5571067973061,3000.0,22.31752700586562,2.3175270058656214,262.5273752477519,0.013609392347108513,0.011233045774702077,0.011233045774702077,0.0005033284275515717,0.0,0.015836760093829234,1.0
50.022157323355444,0.9390522307296273,43283.914516357574,0.04213593674851393,3312973.453839798,0.022549247452686595,0.0002511729787255142,0.02574109594591625,0.05054151637732836,262.516160928404,308.5571187862619,3000.0,22.31720252223942,2.317202522239419,262.52737189963824,0.013609392238830736,0.011210971234220324,0.011210971234220324,0.0005023466190732654,0.0,0.015805869018805263,1.0
50.07212950849366,0.9390523069728447,43283.92154494433,0.04213464586236935,3312973.7228256403,0.02254924721155957,0.00025115758897621844,0.025741110857759632,0.05054151565829542,262.51619982194813,308.5571438385292,3000.0,22.316522431176498,2.3165224311764985,262.5273649033793,0.013609392012572177,0.011165081431158796,0.011165081431158796,0.0005003056128297579,0.0,0.01574165193426248,1.0
50.122101693631876,0.9390523829073735,43283.92854507478,0.0421333550043652,3312973.9907224304,0.02254924697140883,0.00025114220003388436,0.02574112570922205,0.050541514880664766,262.5162382385433,308.55716878936653,3000.0,22.31584234012486,2.3158423401248616,262.5273579354463,0.01360939178722967,0.011119696902994747,0.011119696902994747,0.0004982871241656447,0.0,0.01567814332893974,1.0
50.17207387877009,0.9390524585366196,43283.93551706287,0.042132064174193226,3312974.257542183,0.022549246732223603,0.00025112681189480633,0.025741140500969727,0.05054151404508814,262.5162761834787,308.55719363989294,3000.0,22.315162249084462,2.315162249084463,262.5273509955268,0.013609391562793106,0.011074812048093463,0.011074812048093463,0.0004962909041160046,0.0,0.015615335369676658,1.0
50.22204606390831,0.9390525338639509,43283.942461219085,0.04213077337154862,3312974.5232967823,0.022549246493993234,0.00025111142455532047,0.025741155233661456,0.05054151315221001,262.51631366198467,308.55721839121514,3000.0,22.31448215805526,2.314482158055258,262.52734408331173,0.013609391339252496,0.011030421327063777,0.011030421327063777,0.000494316706474944,0.0,0.015553220310117676,1.0
50.24831469914284,0.9390525733409621,43283.94610046323,0.04213009485254409,3312974.66257156,0.022549246369143166,0.00025110333628690487,0.025741162954662906,0.05054151266009298,262.5163331778413,308.5572313627118,3000.0,22.314124657919944,2.3141246579199426,262.52734046080724,0.013609391222100923,0.01100728296592024,0.01100728296592024,0.00049328768816452,0.0,0.015520843848343423,1.0
50.272018249046525,0.9390526088926984,43283.94937785048,0.04212948259612991,3312974.7879979787,0.022549246256707182,0.000251096038011803,0.025741169907948773,0.050541512202667754,262.516350679234,308.5572430444276,3000.0,22.3138020670372,2.3138020670372015,262.5273371984954,0.013609391116597955,0.010986519261393823,0.010986519261393823,0.0004923642877348782,0.0,0.01549179048880171,1.0
50.32199043418475,0.9390526836261561,43283.95626726072,0.042128191847638975,3312975.0516573936,0.022549246020355046,0.0002510806522606704,0.025741184524476036,0.05054151119709176,262.5163872403425,308.5572676006127,3000.0,22.31312197603025,2.3131219760302493,262.5273303407755,0.013609390894819702,0.010943100432996289,0.010943100432996289,0.0004904334070665617,0.0,0.015431038328533939,1.0
50.371962619322964,0.9390527580675809,43283.96312975003,0.042126901125781116,3312975.314286516,0.022549245784926515,0.00025106526729838066,0.025741199083880294,0.050541510136105194,262.51642335036775,308.55729206084055,3000.0,22.31244188503436,2.3124418850343584,262.5273235098533,0.013609390673908081,0.010900159485572658,0.010900159485572658,0.0004885238263806406,0.0,0.015370956338322535,1.0
50.42193480446118,0.9390528322201941,43283.96996561537,0.04212561043026479,3312975.5758967134,0.0225492455504114,0.0002510498831214296,0.025741213586791652,0.050541509020324484,262.5164590143124,308.5573164261697,3000.0,22.311761794049485,2.3117617940494855,262.52731670543324,0.013609390453853527,0.010857691120861546,0.010857691120861546,0.000486635310159921,0.0,0.015311537108101335,1.0
50.4719069895994,0.9390529060871818,43283.97677515046,0.04212431976080168,3312975.836499225,0.022549245316799624,0.000251034499726352,0.02574122803383335,0.050541507850359324,262.5164942371245,308.557340697647,3000.0,22.311081703075587,2.3110817030755877,262.52730992722275,0.013609390234646582,0.010815690098240793,0.010815690098240793,0.00048476762544192773,0.0,0.015252773308181108,1.0
50.49831469914284,0.9390529450077792,43283.98036310223,0.04212363771931662,3312975.9738109754,0.022549245193709332,0.00025102637071404394,0.025741235645992972,0.05054150721041635,262.5165126740701,308.5573534863152,3000.0,22.310722310252732,2.3107223102527334,262.52730635577615,0.013609390119146199,0.010793681706047664,0.010793681706047664,0.0004837889852220296,0.0,0.015221981912879474,1.0
50.52187917473761,0.939052979671695,43283.983558645756,0.042123029117106685,3312976.0961051667,0.022549245084081224,0.0002510191171097214,0.02574124242562171,0.05054150662681266,262.51652902369733,308.5573648763078,3000.0,22.310401612112624,2.3104016121126234,262.5273031749328,0.013609390016277903,0.010774151235466434,0.010774151235466434,0.00048292054185241555,0.0,0.015194657690304035,1.0
50.57185135987583,0.9390530529768494,43283.99031638848,0.04212173849889786,3312976.3547255313,0.022549244852246353,0.0002510037352681493,0.02574125676276621,0.05054150535028071,262.5165633788696,308.5573889631759,3000.0,22.30972152116055,2.309721521160551,262.5272964482774,0.013609389798738235,0.01073306940782004,0.01073306940782004,0.0004810938315675446,0.0,0.015137183086453733,1.0
50.621823545014045,0.9390531260057258,43283.99704866263,0.04212044790589644,3312976.612371188,0.02254924462128526,0.0002509883541982856,0.02574127104586945,0.050541504021353,262.5165973074256,308.5574129592636,3000.0,22.309041430219327,2.3090414302193283,262.5272897469741,0.013609389582018443,0.010692439548449784,0.010692439548449784,0.0004792872693295573,0.0,0.015080342409348557,1.0
50.67179573015227,0.939053198761371,43284.0037557491,0.04211915733782675,3312976.8690528865,0.022549244391188304,0.0002509729738968174,0.02574128527552743,0.05054150264061255,262.5166308140972,308.5574368655721,3000.0,22.308361339288915,2.3083613392889157,262.527283070743,0.01360938936610948,0.010652256645812486,0.010652256645812486,0.0004775006323325059,0.0,0.015024128648846237,1.0
50.721767915290485,0.9390532712467995,43284.010437925754,0.04211786679441605,3312977.1247812607,0.022549244161945956,0.0002509575943604671,0.025741299452329745,0.050541501208636166,262.51666390356536,308.55746068309173,3000.0,22.30768124836927,2.3076812483692724,262.52727641930767,0.013609389151002408,0.01061251574230937,0.01061251574230937,0.00047573370016147073,0.0,0.014968534870031537,1.0
50.74831469914284,0.9390533096444422,43284.013977669565,0.042117181227428635,3312977.2602480296,0.022549244040509616,0.00025094942458099887,0.02574130696219234,0.05054150042728296,262.51668131362896,308.5574732999256,3000.0,22.30731996285863,2.307319962858631,262.5272728958487,0.013609389037053922,0.010591582219717566,0.010591582219717566,0.0004748029901105287,0.0,0.014939251522564208,1.0
50.7717401004287,0.939053343464991,43284.01709546728,0.04211657627539476,3312977.3795668245,0.02254924393354879,0.0002509422155859953,0.025741313576859295,0.05054149972599408,262.5166965804579,308.5574844128017,3000.0,22.30700115746036,2.3070011574603586,262.5272697923947,0.013609388936688378,0.010573211936787175,0.010573211936787175,0.0004739862549050466,0.0,0.014913554216755588,1.0
50.82171228556692,0.9390534154188933,43284.02372864542,0.04211528578049618,3312977.633419975,0.02254924370598749,0.00025092683757019707,0.025741327649692645,0.05054149819325034,262.51672884935243,308.5575080556706,3000.0,22.306321066562134,2.306321066562135,262.52726318973345,0.013609388723158639,0.010534340381013862,0.010534340381013862,0.0004722580809977296,0.0,0.014859179906676847,1.0
50.871684470705134,0.9390534871114202,43284.030337728786,0.0421139953094567,3312977.8863509954,0.022549243479252842,0.0002509114603099051,0.025741341671399773,0.05054149661096252,262.5167607147742,308.55753161265585,3000.0,22.305640975674564,2.3056409756745624,262.52725661105666,0.013609388510404554,0.010495896282463946,0.010495896282463946,0.0004705489653451454,0.0,0.01480540523520134,1.0
50.92165665584335,0.939053558545454,43284.03692298309,0.04211270486201553,3312978.1383700524,0.022549243253335714,0.00025089608380198566,0.02574135564254445,0.05054149497968215,262.5167921811992,308.5575550847045,3000.0,22.3049608847976,2.3049608847976026,262.52725005609983,0.013609388298417563,0.010457874900623665,0.010457874900623665,0.0004688586971587761,0.0,0.0147522235702826,1.0
50.971628840981566,0.9390536297238459,43284.04348467114,0.04211141443791481,3312978.389487205,0.02254924302822711,0.0002508807080433405,0.025741369563684374,0.05054149329995483,262.5168232530552,308.55757847275345,3000.0,22.304280793931216,2.304280793931217,262.5272435246013,0.013609388087189206,0.010420271546138338,0.010420271546138338,0.00046718706791808303,0.0,0.014699628351229984,1.0
50.99831469914284,0.9390536676303876,43284.0469791434,0.042110725342549046,3312978.5232213703,0.022549242908343974,0.0002508724974752035,0.02574137697748065,0.05054149238329983,262.5168396857722,308.5575909282196,3000.0,22.303917615732562,2.303917615732562,262.5272400462068,0.013609387974698088,0.010400360434630329,0.010400360434630329,0.00046630195707386425,0.0,0.014671779712728162,1.0
51.02160102611979,0.9390537006494146,43284.050023052805,0.04211012403689952,3312978.6397123993,0.022549242803918096,0.0002508653330309056,0.025741383435370933,0.050541491572319935,262.51685393471973,308.55760177772885,3000.0,22.303600703075368,2.303600703075368,262.5272370163024,0.013609387876711116,0.010383081582688192,0.010383081582688192,0.00046553387145495764,0.0,0.014647613091365884,1.0
51.071573211258006,0.9390537713249483,43284.05653838509,0.04210883365871745,3312978.88905547,0.022549242580399864,0.0002508499587616508,0.025741397258149466,0.05054148979731098,262.51688423052263,308.5576250005468,3000.0,22.302920612230018,2.302920612230019,262.52723053094735,0.013609387666975023,0.010346300424714627,0.010346300424714627,0.00046389890385213205,0.0,0.014596171374829417,1.0
51.12154539639622,0.939053841753203,43284.06303092209,0.042107543303119284,3312979.137526142,0.022549242357663694,0.0002508345852325806,0.02574141103255907,0.050541487975455344,262.51691414474396,308.557648142113,3000.0,22.30224052139513,2.3022405213951322,262.5272240682832,0.01360938745797275,0.010309923539239207,0.010309923539239207,0.0004622819635250828,0.0,0.014545296859153494,1.0
51.17151758153444,0.9390539119369057,43284.069500915146,0.0421062529698584,3312979.385134034,0.02254924213570097,0.00025081921244073216,0.025741424759133186,0.05054148610727489,262.5169436816188,308.5576712033234,3000.0,22.30156043057067,2.301560430570672,262.5272176280597,0.013609387249696195,0.01027394644091828,0.01027394644091828,0.00046068285100063657,0.0,0.014494983268298964,1.0
51.221489766672654,0.9390539818787526,43284.07594861285,0.042104962658690875,3312979.63188866,0.02254924191450315,0.0002508038403831752,0.025741438438399156,0.05054148419328548,262.5169728453342,308.557694185064,3000.0,22.300880339756603,2.3008803397566013,262.52721121002946,0.013609387042137367,0.010238364695283053,0.010238364695283053,0.000459101369062581,0.0,0.01444522439723617,1.0
51.24831469914284,0.939054019324517,43284.07940060896,0.04210427003220968,3312979.7639972046,0.022549241796077323,0.00025079558900653577,0.025741445762060566,0.05054148314714443,262.5169883478647,308.55770648912636,3000.0,22.300515268869727,2.3005152688697263,262.52720777391704,0.013609386931013634,0.010219426052344716,0.010219426052344716,0.00045825963791116804,0.0,0.014418740635222785,1.0
51.27146195181087,0.9390540515814105,43284.08237426104,0.04210367236937552,3312979.8777994285,0.022549241694061813,0.00025078846905701203,0.025741452070878648,0.05054148223399747,262.5170016400317,308.55771708821106,3000.0,22.300200248952883,2.300200248952885,262.52720481394783,0.01360938683528835,0.010203173916124797,0.010203173916124797,0.0004575373226347549,0.0,0.01439601410826656,1.0
51.32143413694909,0.9390541210475164,43284.088778102756,0.042102382101673864,3312980.1228756416,0.022549241474368608,0.00025077309845937816,0.025741465657087428,0.05054148022991542,262.51703006980614,308.55773991363094,3000.0,22.29952015815949,2.2995201581594884,262.5271984395727,0.013609386629141313,0.01016836976657487,0.01016836976657487,0.0004559905188298063,0.0,0.014347346332556889,1.0
51.37140632208731,0.9390541902796774,43284.09516037838,0.04210109185535009,3312980.367126498,0.0225492412554153,0.0002507577285874407,0.025741479197535482,0.05054147818153823,262.5170581387066,308.55776266218044,3000.0,22.298840067376375,2.298840067376376,262.5271920866649,0.013609386423688525,0.010133947958308909,0.010133947958308909,0.000454460766913839,0.0,0.01429921506902692,1.0
51.421378507225526,0.9390542592804727,43284.10152132566,0.042099801630170935,3312980.610561097,0.02254924103719373,0.0002507423594383977,0.025741492692727307,0.05054147608935944,262.5170858507385,308.5577853347069,3000.0,22.298159976603515,2.298159976603513,262.52718575498784,0.01360938621892233,0.010099904249329938,0.010099904249329938,0.0004529478782073197,0.0,0.014251614381231625,1.0
51.47135069236374,0.9390543280524528,43284.10786117973,0.04209851142590574,3312980.8531884365,0.022549240819695827,0.0002507269910094784,0.02574150614316178,0.050541473953867086,262.5171132098626,308.55780793204855,3000.0,22.297479885840865,2.2974798858408656,262.52717944430736,0.013609386014835159,0.010066234444764177,0.010066234444764177,0.00045145166612108224,0.0,0.014204538398494103,1.0
51.49831469914284,0.9390543650663052,43284.111273360606,0.042097815265704476,3312980.983773197,0.022549240702636024,0.00025071869880610004,0.025741513382334415,0.05054147278377654,262.51712782710126,308.5578200941917,3000.0,22.297112922265583,2.2971129222655833,262.5271760478283,0.013609385904993148,0.010048220727014723,0.010048220727014723,0.0004506512014378647,0.0,0.01417935302457985,1.0
51.52132287750196,0.9390543965981403,43284.1141801731,0.04209722124232639,3312981.0950174164,0.022549240602913613,0.0002507116232979431,0.025741519549332313,0.05054147177554387,262.5171402199964,308.5578304550341,3000.0,22.2967997950884,2.2967997950884,262.5271731543921,0.013609385811419525,0.010032934395667326,0.010032934395667326,0.0004499719461031088,0.0,0.014157981314231138,1.0
51.571295062640175,0.9390544649200292,43284.120478535704,0.04209593107920734,3312981.3360568355,0.022549240386839205,0.0002506962563010823,0.02574153291172676,0.05054146955486705,262.5171668850131,308.5578529044831,3000.0,22.296119704346083,2.296119704346083,262.52716688501306,0.013609385608668029,0.009999999999934062,0.009999999999934062,0.00044850853567963246,0.0,0.014111937387246528,1.0
