design_id,gate_pass,endurance_pass,termination,failure_reasons,endurance_termination,drag_case,empty_mass_kg,initial_fuel_kg,initial_mass_kg,wing_area_m2,altitude_m,gamma_deg,rated_thrust_n,initial_installed_thrust_to_weight,wing_loading_n_m2,elapsed_s,final_mach,time_to_mach_1_s,fuel_at_mach_1_kg,final_fuel_kg,min_excess_thrust_n,min_acceleration_force_n,max_cl,max_q_pa,review_flags,reached_mach_1,mass_within_limit,fuel_nonnegative,never_descends,positive_excess_thrust,positive_acceleration,cl_within_limit,q_within_limit,drag_sensitivity
D0001,False,False,q_limit,q_limit;reached_mach_1,gate_failed,optimistic,18.0,1.0,19.0,0.08,0.0,0,300.0,1.231709846728603,2329.079375,9.527238678738653,0.9573028505467166,,,0.886967856121689,50.137384331371095,50.137384331371095,0.05130854074142609,65000.00000000001,uncalibrated_drag_and_engine;trim_stability_control_unverified;engine_mass_thrust_coupling_unverified;flutter_analysis_required,False,True,True,True,True,True,True,True,fails_all_three
D0001,False,False,insufficient_acceleration,insufficient_acceleration;reached_mach_1,gate_failed,baseline,18.0,1.0,19.0,0.08,0.0,0,300.0,1.231709846728603,2329.079375,43.89724518883389,0.9183073597630903,,,0.4804917083358576,0.009999999999848797,0.009999999999848797,0.05130854074142609,59812.338487141955,uncalibrated_drag_and_engine;trim_stability_control_unverified;engine_mass_thrust_coupling_unverified;flutter_analysis_required,False,True,True,True,True,True,True,True,fails_all_three
D0001,False,False,insufficient_acceleration,insufficient_acceleration;reached_mach_1,gate_failed,pessimistic,18.0,1.0,19.0,0.08,0.0,0,300.0,1.231709846728603,2329.079375,34.62871848742515,0.8531462471366074,,,0.5851284132694744,0.010000000000047748,0.010000000000047748,0.05130854074142609,51625.18510660494,uncalibrated_drag_and_engine;trim_stability_control_unverified;engine_mass_thrust_coupling_unverified;flutter_analysis_required,False,True,True,True,True,True,True,True,fails_all_three
D0002,True,True,target_reached,,hold_complete,optimistic,18.0,1.0,19.0,0.08,3000.0,0,300.0,0.984964053013139,2329.079375,16.848267176384134,1.0,16.848267176384134,0.8467431808614028,0.7852718648045027,27.90254630007732,27.90254630007732,0.07414080246006563,49084.80084765296,uncalibrated_drag_and_engine;trim_stability_control_unverified;engine_mass_thrust_coupling_unverified;flutter_analysis_required,True,True,True,True,True,True,True,True,optimistic_only
D0002,False,False,insufficient_acceleration,insufficient_acceleration;reached_mach_1,gate_failed,baseline,18.0,1.0,19.0,0.08,3000.0,0,300.0,0.984964053013139,2329.079375,61.785482146961286,0.9366931229848566,,,0.4374893898229343,0.00999999999990564,0.00999999999990564,0.07414080246006563,43066.71008119836,uncalibrated_drag_and_engine;trim_stability_control_unverified;engine_mass_thrust_coupling_unverified;flutter_analysis_required,False,True,True,True,True,True,True,True,optimistic_only
D0002,False,False,insufficient_acceleration,insufficient_acceleration;reached_mach_1,gate_failed,pessimistic,18.0,1.0,19.0,0.08,3000.0,0,300.0,0.984964053013139,2329.079375,46.468601816551924,0.868027927558418,,,0.571326114198436,0.009999999999877218,0.009999999999877218,0.07414080246006563,36984.04677329012,uncalibrated_drag_and_engine;trim_stability_control_unverified;engine_mass_thrust_coupling_unverified;flutter_analysis_required,False,True,True,True,True,True,True,True,optimistic_only
D0003,True,True,target_reached,,hold_complete,optimistic,18.0,1.0,19.0,0.08,6000.0,0,300.0,0.7746744411347417,2329.079375,17.153156867460126,1.0,17.153156867460126,0.8816292528169462,0.8426186232056402,35.359180460568524,35.359180460568524,0.11010377503256939,33052.33196919002,uncalibrated_drag_and_engine;trim_stability_control_unverified;engine_mass_thrust_coupling_unverified;flutter_analysis_required,True,True,True,True,True,True,True,True,optimistic_only
D0003,False,False,time_limit,time_limit;reached_mach_1,gate_failed,baseline,18.0,1.0,19.0,0.08,6000.0,0,300.0,0.7746744411347417,2329.079375,120.0,0.9591198034317123,,,0.1768960429401199,0.011228170279338201,0.011228170279338201,0.11010377503256939,30405.197055554945,uncalibrated_drag_and_engine;trim_stability_control_unverified;engine_mass_thrust_coupling_unverified;flutter_analysis_required,False,True,True,True,True,True,True,True,optimistic_only
D0003,False,False,insufficient_acceleration,insufficient_acceleration;reached_mach_1,gate_failed,pessimistic,18.0,1.0,19.0,0.08,6000.0,0,300.0,0.7746744411347417,2329.079375,77.58734248567461,0.8847591894282307,,,0.45974014145792935,0.009999999999934062,0.009999999999934062,0.11010377503256939,25873.32657206584,uncalibrated_drag_and_engine;trim_stability_control_unverified;engine_mass_thrust_coupling_unverified;flutter_analysis_required,False,True,True,True,True,True,True,True,optimistic_only
D0004,False,False,q_limit,q_limit;reached_mach_1,gate_failed,optimistic,21.0,1.0,22.0,0.08,0.0,0,300.0,1.0637494130837934,2696.8287499999997,11.073595361659729,0.9573028505467166,,,0.8686229031114591,49.81944064367832,49.81944064367832,0.05940988927954599,65000.00000000001,uncalibrated_drag_and_engine;trim_stability_control_unverified;engine_mass_thrust_coupling_unverified;flutter_analysis_required,False,True,True,True,True,True,True,True,fails_all_three
D0004,False,False,insufficient_acceleration,insufficient_acceleration;reached_mach_1,gate_failed,baseline,21.0,1.0,22.0,0.08,0.0,0,300.0,1.0637494130837934,2696.8287499999997,52.82527258627847,0.9180968972168091,,,0.37486645888170106,0.010000000000047748,0.010000000000047748,0.05940988927954599,59784.92541154916,uncalibrated_drag_and_engine;trim_stability_control_unverified;engine_mass_thrust_coupling_unverified;flutter_analysis_required,False,True,True,True,True,True,True,True,fails_all_three
D0004,False,False,insufficient_acceleration,insufficient_acceleration;reached_mach_1,gate_failed,pessimistic,21.0,1.0,22.0,0.08,0.0,0,300.0,1.0637494130837934,2696.8287499999997,41.791974499095936,0.8529389835641722,,,0.4993121355224987,0.009999999999848797,0.009999999999848797,0.05940988927954599,51600.104481575254,uncalibrated_drag_and_engine;trim_stability_control_unverified;engine_mass_thrust_coupling_unverified;flutter_analysis_required,False,True,True,True,True,True,True,True,fails_all_three
D0005,True,True,target_reached,,hold_complete,optimistic,21.0,1.0,22.0,0.08,3000.0,0,300.0,0.8506507730568019,2696.8287499999997,19.667314901411114,1.0,19.667314901411114,0.8211064371296393,0.7556830316865583,27.48344678681056,27.48344678681056,0.0858472449537602,49084.80084765296,uncalibrated_drag_and_engine;trim_stability_control_unverified;engine_mass_thrust_coupling_unverified;flutter_analysis_required,True,True,True,True,True,True,True,True,optimistic_only
D0005,False,False,insufficient_acceleration,insufficient_acceleration;reached_mach_1,gate_failed,baseline,21.0,1.0,22.0,0.08,3000.0,0,300.0,0.8506507730568019,2696.8287499999997,85.55897899627283,0.9362969286389435,,,0.2213538526187873,0.00999999999990564,0.00999999999990564,0.0858472449537602,43030.28581784532,uncalibrated_drag_and_engine;trim_stability_control_unverified;engine_mass_thrust_coupling_unverified;flutter_analysis_required,False,True,True,True,True,True,True,True,optimistic_only
D0005,False,False,insufficient_acceleration,insufficient_acceleration;reached_mach_1,gate_failed,pessimistic,21.0,1.0,22.0,0.08,3000.0,0,300.0,0.8506507730568019,2696.8287499999997,60.96366226345641,0.8676496977199945,,,0.4376629110300061,0.010000000000133014,0.010000000000133014,0.0858472449537602,36951.82333447946,uncalibrated_drag_and_engine;trim_stability_control_unverified;engine_mass_thrust_coupling_unverified;flutter_analysis_required,False,True,True,True,True,True,True,True,optimistic_only
D0006,True,True,target_reached,,hold_complete,optimistic,21.0,1.0,22.0,0.08,6000.0,0,300.0,0.6690370173436405,2696.8287499999997,20.095471873173704,1.0,20.095471873173704,0.8613292596452878,0.8200229441537187,34.73452294298205,34.73452294298205,0.1274885816166593,33052.33196919002,uncalibrated_drag_and_engine;trim_stability_control_unverified;engine_mass_thrust_coupling_unverified;flutter_analysis_required,True,True,True,True,True,True,True,True,optimistic_only
D0006,False,False,time_limit,time_limit;reached_mach_1,gate_failed,baseline,21.0,1.0,22.0,0.08,6000.0,0,300.0,0.6690370173436405,2696.8287499999997,120.0,0.9581965167727947,,,0.17641541334192892,0.015547643718576865,0.015547643718576865,0.1274885816166593,30346.68674067894,uncalibrated_drag_and_engine;trim_stability_control_unverified;engine_mass_thrust_coupling_unverified;flutter_analysis_required,False,True,True,True,True,True,True,True,optimistic_only
D0006,False,False,time_limit,time_limit;reached_mach_1,gate_failed,pessimistic,21.0,1.0,22.0,0.08,6000.0,0,300.0,0.6690370173436405,2696.8287499999997,120.0,0.8840561749459418,,,0.16459393205885067,0.012971478814563397,0.012971478814563397,0.1274885816166593,25832.22590413225,uncalibrated_drag_and_engine;trim_stability_control_unverified;engine_mass_thrust_coupling_unverified;flutter_analysis_required,False,True,True,True,True,True,True,True,optimistic_only
D0007,False,False,q_limit,q_limit;reached_mach_1,gate_failed,optimistic,18.0,3.0,21.0,0.08,0.0,0,300.0,1.1144041470401644,2574.245625,10.556178289955994,0.9573028505467166,,,2.8747611423829547,49.930588348945975,49.930588348945975,0.056709439766839356,65000.00000000001,uncalibrated_drag_and_engine;trim_stability_control_unverified;engine_mass_thrust_coupling_unverified;flutter_analysis_required,False,True,True,True,True,True,True,True,fails_all_three
D0007,False,False,insufficient_acceleration,insufficient_acceleration;reached_mach_1,gate_failed,baseline,18.0,3.0,21.0,0.08,0.0,0,300.0,1.1144041470401644,2574.245625,49.665929091387866,0.9181703159185131,,,2.4122403493046924,0.010000000000133014,0.010000000000133014,0.056709439766839356,59794.48759855209,uncalibrated_drag_and_engine;trim_stability_control_unverified;engine_mass_thrust_coupling_unverified;flutter_analysis_required,False,True,True,True,True,True,True,True,fails_all_three
D0007,False,False,insufficient_acceleration,insufficient_acceleration;reached_mach_1,gate_failed,pessimistic,18.0,3.0,21.0,0.08,0.0,0,300.0,1.1144041470401644,2574.245625,39.24876585062966,0.8530113340359113,,,2.5297789653036076,0.00999999999990564,0.00999999999990564,0.056709439766839356,51608.85880119494,uncalibrated_drag_and_engine;trim_stability_control_unverified;engine_mass_thrust_coupling_unverified;flutter_analysis_required,False,True,True,True,True,True,True,True,fails_all_three
D0008,True,True,target_reached,,hold_complete,optimistic,18.0,3.0,21.0,0.08,3000.0,0,300.0,0.8911579527261734,2574.245625,18.72003590347555,1.0,18.72003590347555,2.8297208144446486,2.7656368857485543,27.629948267992432,27.629948267992432,0.08194509745586201,49084.80084765296,uncalibrated_drag_and_engine;trim_stability_control_unverified;engine_mass_thrust_coupling_unverified;flutter_analysis_required,True,True,True,True,True,True,True,True,optimistic_only
D0008,False,False,insufficient_acceleration,insufficient_acceleration;reached_mach_1,gate_failed,baseline,18.0,3.0,21.0,0.08,3000.0,0,300.0,0.8911579527261734,2574.245625,73.73432067210874,0.9364300780144914,,,2.3288103975445797,0.009999999999934062,0.009999999999934062,0.08194509745586201,43042.52523228674,uncalibrated_drag_and_engine;trim_stability_control_unverified;engine_mass_thrust_coupling_unverified;flutter_analysis_required,False,True,True,True,True,True,True,True,optimistic_only
D0008,False,False,insufficient_acceleration,insufficient_acceleration;reached_mach_1,gate_failed,pessimistic,18.0,3.0,21.0,0.08,3000.0,0,300.0,0.8911579527261734,2574.245625,54.69681087120998,0.867780152422974,,,2.4954407916874737,0.00999999999990564,0.00999999999990564,0.08194509745586201,36962.93588726262,uncalibrated_drag_and_engine;trim_stability_control_unverified;engine_mass_thrust_coupling_unverified;flutter_analysis_required,False,True,True,True,True,True,True,True,optimistic_only
D0009,True,True,target_reached,,hold_complete,optimistic,18.0,3.0,21.0,0.08,6000.0,0,300.0,0.7008959229314329,2574.245625,19.103354832900784,1.0,19.103354832900784,2.8681739935725172,2.8276480351473343,34.952877299416926,34.952877299416926,0.12169364608862934,33052.33196919002,uncalibrated_drag_and_engine;trim_stability_control_unverified;engine_mass_thrust_coupling_unverified;flutter_analysis_required,True,True,True,True,True,True,True,True,optimistic_only
D0009,False,False,time_limit,time_limit;reached_mach_1,gate_failed,baseline,18.0,3.0,21.0,0.08,6000.0,0,300.0,0.7008959229314329,2574.245625,120.0,0.9585200789389609,,,2.1765780656886218,0.013979040732152725,0.013979040732152725,0.12169364608862934,30367.185035891172,uncalibrated_drag_and_engine;trim_stability_control_unverified;engine_mass_thrust_coupling_unverified;flutter_analysis_required,False,True,True,True,True,True,True,True,optimistic_only
D0009,False,False,time_limit,time_limit;reached_mach_1,gate_failed,pessimistic,18.0,3.0,21.0,0.08,6000.0,0,300.0,0.7008959229314329,2574.245625,120.0,0.8843277599598255,,,2.164683014807431,0.011748704358069517,0.011748704358069517,0.12169364608862934,25848.099834419816,uncalibrated_drag_and_engine;trim_stability_control_unverified;engine_mass_thrust_coupling_unverified;flutter_analysis_required,False,True,True,True,True,True,True,True,optimistic_only
D0010,False,False,q_limit,q_limit;reached_mach_1,gate_failed,optimistic,21.0,3.0,24.0,0.08,0.0,0,300.0,0.9751036286601439,2941.995,12.11484787888068,0.9573028505467166,,,2.8562704616853485,49.5816483929016,49.5816483929016,0.06481078830495927,65000.00000000001,uncalibrated_drag_and_engine;trim_stability_control_unverified;engine_mass_thrust_coupling_unverified;flutter_analysis_required,False,True,True,True,True,True,True,True,fails_all_three
D0010,False,False,insufficient_acceleration,insufficient_acceleration;reached_mach_1,gate_failed,baseline,21.0,3.0,24.0,0.08,0.0,0,300.0,0.9751036286601439,2941.995,60.1575551220529,0.917940825219695,,,2.288149070293145,0.010000000000019327,0.010000000000019327,0.06481078830495927,59764.60084745718,uncalibrated_drag_and_engine;trim_stability_control_unverified;engine_mass_thrust_coupling_unverified;flutter_analysis_required,False,True,True,True,True,True,True,True,fails_all_three
D0010,False,False,insufficient_acceleration,insufficient_acceleration;reached_mach_1,gate_failed,pessimistic,21.0,3.0,24.0,0.08,0.0,0,300.0,0.9751036286601439,2941.995,47.73800143728558,0.852784947297041,,,2.428087559717485,0.010000000000161435,0.010000000000161435,0.06481078830495927,51581.46875282622,uncalibrated_drag_and_engine;trim_stability_control_unverified;engine_mass_thrust_coupling_unverified;flutter_analysis_required,False,True,True,True,True,True,True,True,fails_all_three
D0011,True,True,target_reached,,hold_complete,optimistic,21.0,3.0,24.0,0.08,3000.0,0,300.0,0.7797632086354017,2941.995,21.58695420332746,1.0,21.58695420332746,2.803650562103151,2.7354747276117513,27.17004940312549,27.17004940312549,0.09365153994955658,49084.80084765296,uncalibrated_drag_and_engine;trim_stability_control_unverified;engine_mass_thrust_coupling_unverified;flutter_analysis_required,True,True,True,True,True,True,True,True,optimistic_only
D0011,False,False,time_limit,time_limit;reached_mach_1,gate_failed,baseline,21.0,3.0,24.0,0.08,3000.0,0,300.0,0.7797632086354017,2941.995,120.0,0.9360282155067269,,,1.9084396427507446,0.01132434528622639,0.01132434528622639,0.09365153994955658,43005.59035363586,uncalibrated_drag_and_engine;trim_stability_control_unverified;engine_mass_thrust_coupling_unverified;flutter_analysis_required,False,True,True,True,True,True,True,True,optimistic_only
D0011,False,False,time_limit,time_limit;reached_mach_1,gate_failed,pessimistic,21.0,3.0,24.0,0.08,3000.0,0,300.0,0.7797632086354017,2941.995,120.0,0.8674358534501574,,,1.8936876552430668,0.010549682086349321,0.010549682086349321,0.09365153994955658,36933.61100309688,uncalibrated_drag_and_engine;trim_stability_control_unverified;engine_mass_thrust_coupling_unverified;flutter_analysis_required,False,True,True,True,True,True,True,True,optimistic_only
D0012,True,True,target_reached,,hold_complete,optimistic,21.0,3.0,24.0,0.08,6000.0,0,300.0,0.6132839325650038,2941.995,22.11738039897146,1.0,22.11738039897146,2.8473805648714055,2.8044635360186243,34.26742678649559,34.26742678649559,0.13907845267271926,33052.33196919002,uncalibrated_drag_and_engine;trim_stability_control_unverified;engine_mass_thrust_coupling_unverified;flutter_analysis_required,True,True,True,True,True,True,True,True,optimistic_only
D0012,False,False,time_limit,time_limit;reached_mach_1,gate_failed,baseline,21.0,3.0,24.0,0.08,6000.0,0,300.0,0.6132839325650038,2941.995,120.0,0.957501654384024,,,2.1760828515814796,0.019246962702993642,0.019246962702993642,0.13907845267271926,30302.689241112363,uncalibrated_drag_and_engine;trim_stability_control_unverified;engine_mass_thrust_coupling_unverified;flutter_analysis_required,False,True,True,True,True,True,True,True,optimistic_only
D0012,False,False,time_limit,time_limit;reached_mach_1,gate_failed,pessimistic,21.0,3.0,24.0,0.08,6000.0,0,300.0,0.6132839325650038,2941.995,120.0,0.8834716701967369,,,2.1644092383912845,0.015617717292030875,0.015617717292030875,0.13907845267271926,25798.078600632965,uncalibrated_drag_and_engine;trim_stability_control_unverified;engine_mass_thrust_coupling_unverified;flutter_analysis_required,False,True,True,True,True,True,True,True,optimistic_only
D0013,False,False,q_limit,q_limit;reached_mach_1,gate_failed,optimistic,18.0,1.0,19.0,0.08,0.0,0,450.0,1.8475647700929043,2329.079375,4.527879160275631,0.9573028505467166,,,0.919288684348454,158.86735323068638,158.86735323068638,0.05130854074142609,65000.00000000001,uncalibrated_drag_and_engine;trim_stability_control_unverified;engine_mass_thrust_coupling_unverified;flutter_analysis_required,False,True,True,True,True,True,True,True,fails_all_three
D0013,False,False,q_limit,q_limit;reached_mach_1,gate_failed,baseline,18.0,1.0,19.0,0.08,0.0,0,450.0,1.8475647700929043,2329.079375,7.588663701459849,0.9573028505467166,,,0.8651207918638287,47.833283405383895,47.833283405383895,0.05130854074142609,65000.00000000001,uncalibrated_drag_and_engine;trim_stability_control_unverified;engine_mass_thrust_coupling_unverified;flutter_analysis_required,False,True,True,True,True,True,True,True,fails_all_three
D0013,False,False,insufficient_acceleration,insufficient_acceleration;reached_mach_1,gate_failed,pessimistic,18.0,1.0,19.0,0.08,0.0,0,450.0,1.8475647700929043,2329.079375,30.904965216135196,0.9064812722036135,,,0.45021765589575496,0.009999999999990905,0.009999999999990905,0.05130854074142609,58281.71522524555,uncalibrated_drag_and_engine;trim_stability_control_unverified;engine_mass_thrust_coupling_unverified;flutter_analysis_required,False,True,True,True,True,True,True,True,fails_all_three
D0014,True,True,target_reached,,hold_complete,optimistic,18.0,1.0,19.0,0.08,3000.0,0,450.0,1.4774460795197086,2329.079375,7.27974996709434,1.0,7.27974996709434,0.9003613591279783,0.8509582318775807,113.54042042822252,113.54042042822252,0.07414080246006563,49084.80084765296,uncalibrated_drag_and_engine;trim_stability_control_unverified;engine_mass_thrust_coupling_unverified;flutter_analysis_required,True,True,True,True,True,True,True,True,baseline_pass_sensitive
D0014,True,True,target_reached,,hold_complete,baseline,18.0,1.0,19.0,0.08,3000.0,0,450.0,1.4774460795197086,2329.079375,14.254908572232347,1.0,14.254908572232347,0.8058876349493543,0.6984233795520098,22.922556007578123,22.922556007578123,0.07414080246006563,49084.80084765296,uncalibrated_drag_and_engine;trim_stability_control_unverified;engine_mass_thrust_coupling_unverified;flutter_analysis_required,True,True,True,True,True,True,True,True,baseline_pass_sensitive
D0014,False,False,insufficient_acceleration,insufficient_acceleration;reached_mach_1,gate_failed,pessimistic,18.0,1.0,19.0,0.08,3000.0,0,450.0,1.4774460795197086,2329.079375,43.89091642008157,0.9260308762928339,,,0.3994660080851801,0.010000000000104592,0.010000000000104592,0.07414080246006563,42091.84554941683,uncalibrated_drag_and_engine;trim_stability_control_unverified;engine_mass_thrust_coupling_unverified;flutter_analysis_required,False,True,True,True,True,True,True,True,baseline_pass_sensitive
D0015,True,True,target_reached,,hold_complete,optimistic,18.0,1.0,19.0,0.08,6000.0,0,450.0,1.1620116617021126,2329.079375,8.369089792110602,1.0,8.369089792110602,0.9131938461621593,0.8788732448850424,102.7127639682121,102.7127639682121,0.11010377503256939,33052.33196919002,uncalibrated_drag_and_engine;trim_stability_control_unverified;engine_mass_thrust_coupling_unverified;flutter_analysis_required,True,True,True,True,True,True,True,True,baseline_pass_sensitive
D0015,True,True,target_reached,,hold_complete,baseline,18.0,1.0,19.0,0.08,6000.0,0,450.0,1.1620116617021126,2329.079375,12.832765682334422,1.0,12.832765682334422,0.8672962355706145,0.8083013770428945,41.018235386599144,41.018235386599144,0.11010377503256939,33052.33196919002,uncalibrated_drag_and_engine;trim_stability_control_unverified;engine_mass_thrust_coupling_unverified;flutter_analysis_required,True,True,True,True,True,True,True,True,baseline_pass_sensitive
D0015,False,False,fuel_exhausted,fuel_exhausted;reached_mach_1,gate_failed,pessimistic,18.0,1.0,19.0,0.08,6000.0,0,450.0,1.1620116617021126,2329.079375,97.04974870067416,0.9499097272709934,,,0.0,0.011398050037740859,0.011398050037740859,0.11010377503256939,29824.060795549827,uncalibrated_drag_and_engine;trim_stability_control_unverified;engine_mass_thrust_coupling_unverified;flutter_analysis_required,False,True,True,True,True,True,True,True,baseline_pass_sensitive
D0016,False,False,q_limit,q_limit;reached_mach_1,gate_failed,optimistic,21.0,1.0,22.0,0.08,0.0,0,450.0,1.59562411962569,2696.8287499999997,5.251722551250604,0.9573028505467166,,,0.90638596604028,158.54828148120043,158.54828148120043,0.05940988927954599,65000.00000000001,uncalibrated_drag_and_engine;trim_stability_control_unverified;engine_mass_thrust_coupling_unverified;flutter_analysis_required,False,True,True,True,True,True,True,True,fails_all_three
D0016,False,False,q_limit,q_limit;reached_mach_1,gate_failed,baseline,21.0,1.0,22.0,0.08,0.0,0,450.0,1.59562411962569,2696.8287499999997,8.816109136906924,0.9573028505467166,,,0.8433062857017442,47.51607719408884,47.51607719408884,0.05940988927954599,65000.00000000001,uncalibrated_drag_and_engine;trim_stability_control_unverified;engine_mass_thrust_coupling_unverified;flutter_analysis_required,False,True,True,True,True,True,True,True,fails_all_three
D0016,False,False,insufficient_acceleration,insufficient_acceleration;reached_mach_1,gate_failed,pessimistic,21.0,1.0,22.0,0.08,0.0,0,450.0,1.59562411962569,2696.8287499999997,37.35665456442182,0.9063334718470326,,,0.33548760699155483,0.009999999999877218,0.009999999999877218,0.05940988927954599,58262.71128925222,uncalibrated_drag_and_engine;trim_stability_control_unverified;engine_mass_thrust_coupling_unverified;flutter_analysis_required,False,True,True,True,True,True,True,True,fails_all_three
D0017,True,True,target_reached,,hold_complete,optimistic,21.0,1.0,22.0,0.08,3000.0,0,450.0,1.2759761595852028,2696.8287499999997,8.455104835040224,1.0,8.455104835040224,0.8842745210097194,0.8335487438905345,113.11876789918509,113.11876789918509,0.0858472449537602,49084.80084765296,uncalibrated_drag_and_engine;trim_stability_control_unverified;engine_mass_thrust_coupling_unverified;flutter_analysis_required,True,True,True,True,True,True,True,True,baseline_pass_sensitive
D0017,True,True,target_reached,,hold_complete,baseline,21.0,1.0,22.0,0.08,3000.0,0,450.0,1.2759761595852028,2696.8287499999997,16.639543414592286,1.0,16.639543414592286,0.7734259018484757,0.6578297865486293,22.505328470657503,22.505328470657503,0.0858472449537602,49084.80084765296,uncalibrated_drag_and_engine;trim_stability_control_unverified;engine_mass_thrust_coupling_unverified;flutter_analysis_required,True,True,True,True,True,True,True,True,baseline_pass_sensitive
D0017,False,False,fuel_exhausted,fuel_exhausted;reached_mach_1,gate_failed,pessimistic,21.0,1.0,22.0,0.08,3000.0,0,450.0,1.2759761595852028,2696.8287499999997,73.13829185129396,0.9257728504161574,,,0.0,0.010035746213702623,0.010035746213702623,0.0858472449537602,42068.39217972485,uncalibrated_drag_and_engine;trim_stability_control_unverified;engine_mass_thrust_coupling_unverified;flutter_analysis_required,False,True,True,True,True,True,True,True,baseline_pass_sensitive
D0018,True,True,target_reached,,hold_complete,optimistic,21.0,1.0,22.0,0.08,6000.0,0,450.0,1.003555526015461,2696.8287499999997,9.74321483461141,1.0,9.74321483461141,0.8989413926962946,0.8634723834310971,102.08577591101484,102.08577591101484,0.1274885816166593,33052.33196919002,uncalibrated_drag_and_engine;trim_stability_control_unverified;engine_mass_thrust_coupling_unverified;flutter_analysis_required,True,True,True,True,True,True,True,True,baseline_pass_sensitive
D0018,True,True,target_reached,,hold_complete,baseline,21.0,1.0,22.0,0.08,6000.0,0,450.0,1.003555526015461,2696.8287499999997,14.995318843522053,1.0,14.995318843522053,0.844938321542436,0.7830162346410121,40.39448001100769,40.39448001100769,0.1274885816166593,33052.33196919002,uncalibrated_drag_and_engine;trim_stability_control_unverified;engine_mass_thrust_coupling_unverified;flutter_analysis_required,True,True,True,True,True,True,True,True,baseline_pass_sensitive
D0018,False,False,fuel_exhausted,fuel_exhausted;reached_mach_1,gate_failed,pessimistic,21.0,1.0,22.0,0.08,6000.0,0,450.0,1.003555526015461,2696.8287499999997,97.00731604108762,0.9492771702033153,,,0.0,0.015570044047791498,0.015570044047791498,0.1274885816166593,29784.353571717977,uncalibrated_drag_and_engine;trim_stability_control_unverified;engine_mass_thrust_coupling_unverified;flutter_analysis_required,False,True,True,True,True,True,True,True,baseline_pass_sensitive
D0019,False,False,q_limit,q_limit;reached_mach_1,gate_failed,optimistic,18.0,3.0,21.0,0.08,0.0,0,450.0,1.6716062205602467,2574.245625,5.010028980220527,0.9573028505467166,,,2.910694220078517,158.65982582987152,158.65982582987152,0.056709439766839356,65000.00000000001,uncalibrated_drag_and_engine;trim_stability_control_unverified;engine_mass_thrust_coupling_unverified;flutter_analysis_required,False,True,True,True,True,True,True,True,fails_all_three
D0019,False,False,q_limit,q_limit;reached_mach_1,gate_failed,baseline,18.0,3.0,21.0,0.08,0.0,0,450.0,1.6716062205602467,2574.245625,8.405596288948718,0.9573028505467166,,,2.8506019508877505,47.62696695505957,47.62696695505957,0.056709439766839356,65000.00000000001,uncalibrated_drag_and_engine;trim_stability_control_unverified;engine_mass_thrust_coupling_unverified;flutter_analysis_required,False,True,True,True,True,True,True,True,fails_all_three
D0019,False,False,insufficient_acceleration,insufficient_acceleration;reached_mach_1,gate_failed,pessimistic,18.0,3.0,21.0,0.08,0.0,0,450.0,1.6716062205602467,2574.245625,35.05011478811147,0.9063849895333239,,,2.376500649960797,0.010000000000161435,0.010000000000161435,0.056709439766839356,58269.33500002326,uncalibrated_drag_and_engine;trim_stability_control_unverified;engine_mass_thrust_coupling_unverified;flutter_analysis_required,False,True,True,True,True,True,True,True,fails_all_three
D0020,True,True,target_reached,,hold_complete,optimistic,18.0,3.0,21.0,0.08,3000.0,0,450.0,1.3367369290892601,2574.245625,8.062116548643372,1.0,8.062116548643372,2.889653264418224,2.8393715880082313,113.2661717429491,113.2661717429491,0.08194509745586201,49084.80084765296,uncalibrated_drag_and_engine;trim_stability_control_unverified;engine_mass_thrust_coupling_unverified;flutter_analysis_required,True,True,True,True,True,True,True,True,baseline_pass_sensitive
D0020,True,True,target_reached,,hold_complete,baseline,18.0,3.0,21.0,0.08,3000.0,0,450.0,1.3367369290892601,2574.245625,15.838226971090936,1.0,15.838226971090936,2.7843336365292024,2.6715070675155186,22.65117211306108,22.65117211306108,0.08194509745586201,49084.80084765296,uncalibrated_drag_and_engine;trim_stability_control_unverified;engine_mass_thrust_coupling_unverified;flutter_analysis_required,True,True,True,True,True,True,True,True,baseline_pass_sensitive
D0020,False,False,insufficient_acceleration,insufficient_acceleration;reached_mach_1,gate_failed,pessimistic,18.0,3.0,21.0,0.08,3000.0,0,450.0,1.3367369290892601,2574.245625,53.68022875440024,0.9258492059391115,,,2.265673414563407,0.009999999999877218,0.009999999999877218,0.08194509745586201,42075.33186595274,uncalibrated_drag_and_engine;trim_stability_control_unverified;engine_mass_thrust_coupling_unverified;flutter_analysis_required,False,True,True,True,True,True,True,True,baseline_pass_sensitive
D0021,True,True,target_reached,,hold_complete,optimistic,18.0,3.0,21.0,0.08,6000.0,0,450.0,1.0513438843971494,2574.245625,9.28269684674005,1.0,9.28269684674005,2.903717880938477,2.8686361846933326,102.3049596074364,102.3049596074364,0.12169364608862934,33052.33196919002,uncalibrated_drag_and_engine;trim_stability_control_unverified;engine_mass_thrust_coupling_unverified;flutter_analysis_required,True,True,True,True,True,True,True,True,baseline_pass_sensitive
D0021,True,True,target_reached,,hold_complete,baseline,18.0,3.0,21.0,0.08,6000.0,0,450.0,1.0513438843971494,2574.245625,14.267923674403123,1.0,14.267923674403123,2.852458377995237,2.79152888403947,40.61252193366792,40.61252193366792,0.12169364608862934,33052.33196919002,uncalibrated_drag_and_engine;trim_stability_control_unverified;engine_mass_thrust_coupling_unverified;flutter_analysis_required,True,True,True,True,True,True,True,True,baseline_pass_sensitive
D0021,False,False,time_limit,time_limit;reached_mach_1,gate_failed,pessimistic,18.0,3.0,21.0,0.08,6000.0,0,450.0,1.0513438843971494,2574.245625,120.0,0.9495497531608107,,,1.7636678494159816,0.013747057579166722,0.013747057579166722,0.12169364608862934,29801.461057441742,uncalibrated_drag_and_engine;trim_stability_control_unverified;engine_mass_thrust_coupling_unverified;flutter_analysis_required,False,True,True,True,True,True,True,True,baseline_pass_sensitive
D0022,False,False,q_limit,q_limit;reached_mach_1,gate_failed,optimistic,21.0,3.0,24.0,0.08,0.0,0,450.0,1.4626554429902159,2941.995,5.736447705179326,0.9573028505467166,,,2.8977456212338084,158.30963228581177,158.30963228581177,0.06481078830495927,65000.00000000001,uncalibrated_drag_and_engine;trim_stability_control_unverified;engine_mass_thrust_coupling_unverified;flutter_analysis_required,False,True,True,True,True,True,True,True,fails_all_three
D0022,False,False,q_limit,q_limit;reached_mach_1,gate_failed,baseline,21.0,3.0,24.0,0.08,0.0,0,450.0,1.4626554429902159,2941.995,9.641591646488951,0.9573028505467166,,,2.828636026411521,47.27883728626233,47.27883728626233,0.06481078830495927,65000.00000000001,uncalibrated_drag_and_engine;trim_stability_control_unverified;engine_mass_thrust_coupling_unverified;flutter_analysis_required,False,True,True,True,True,True,True,True,fails_all_three
D0022,False,False,insufficient_acceleration,insufficient_acceleration;reached_mach_1,gate_failed,pessimistic,21.0,3.0,24.0,0.08,0.0,0,450.0,1.4626554429902159,2941.995,42.93350900691034,0.9062243037229809,,,2.2363501505634718,0.009999999999820375,0.009999999999820375,0.06481078830495927,58248.67661430458,uncalibrated_drag_and_engine;trim_stability_control_unverified;engine_mass_thrust_coupling_unverified;flutter_analysis_required,False,True,True,True,True,True,True,True,fails_all_three
D0023,True,True,target_reached,,hold_complete,optimistic,21.0,3.0,24.0,0.08,3000.0,0,450.0,1.1696448129531025,2941.995,9.245018310856384,1.0,9.245018310856384,2.873463232778547,2.8218392042472034,112.80340364094789,112.80340364094789,0.09365153994955658,49084.80084765296,uncalibrated_drag_and_engine;trim_stability_control_unverified;engine_mass_thrust_coupling_unverified;flutter_analysis_required,True,True,True,True,True,True,True,True,baseline_pass_sensitive
D0023,True,True,target_reached,,hold_complete,baseline,21.0,3.0,24.0,0.08,3000.0,0,450.0,1.1696448129531025,2941.995,18.263490598909055,1.0,18.263490598909055,2.751321920802961,2.629987817147621,22.193351206556542,22.193351206556542,0.09365153994955658,49084.80084765296,uncalibrated_drag_and_engine;trim_stability_control_unverified;engine_mass_thrust_coupling_unverified;flutter_analysis_required,True,True,True,True,True,True,True,True,baseline_pass_sensitive
D0023,False,False,time_limit,time_limit;reached_mach_1,gate_failed,pessimistic,21.0,3.0,24.0,0.08,3000.0,0,450.0,1.1696448129531025,2941.995,120.0,0.9256233838535972,,,1.3601673451362872,0.011369775408581972,0.011369775408581972,0.09365153994955658,42054.80934375641,uncalibrated_drag_and_engine;trim_stability_control_unverified;engine_mass_thrust_coupling_unverified;flutter_analysis_required,False,True,True,True,True,True,True,True,baseline_pass_sensitive
D0024,True,True,target_reached,,hold_complete,optimistic,21.0,3.0,24.0,0.08,6000.0,0,450.0,0.9199258988475059,2941.995,10.672363578699029,1.0,10.672363578699029,2.8893043093822843,2.853046592233349,101.6168511740601,101.6168511740601,0.13907845267271926,33052.33196919002,uncalibrated_drag_and_engine;trim_stability_control_unverified;engine_mass_thrust_coupling_unverified;flutter_analysis_required,True,True,True,True,True,True,True,True,baseline_pass_sensitive
D0024,True,True,target_reached,,hold_complete,baseline,21.0,3.0,24.0,0.08,6000.0,0,450.0,0.9199258988475059,2941.995,16.471740215743623,1.0,16.471740215743623,2.829675371071171,2.7657125055213263,39.9280411491132,39.9280411491132,0.13907845267271926,33052.33196919002,uncalibrated_drag_and_engine;trim_stability_control_unverified;engine_mass_thrust_coupling_unverified;flutter_analysis_required,True,True,True,True,True,True,True,True,baseline_pass_sensitive
D0024,False,False,time_limit,time_limit;reached_mach_1,gate_failed,pessimistic,21.0,3.0,24.0,0.08,6000.0,0,450.0,0.9199258988475059,2941.995,120.0,0.9488596535256619,,,1.7631830303653033,0.018266841294519054,0.018266841294519054,0.13907845267271926,29758.15947368219,uncalibrated_drag_and_engine;trim_stability_control_unverified;engine_mass_thrust_coupling_unverified;flutter_analysis_required,False,True,True,True,True,True,True,True,baseline_pass_sensitive
D0025,False,False,q_limit,q_limit;reached_mach_1,gate_failed,optimistic,18.0,1.0,19.0,0.08,0.0,0,600.0,2.463419693457206,2329.079375,3.0072288634049547,0.9573028505467166,,,0.9284921691035314,267.59960781970767,267.59960781970767,0.05130854074142609,65000.00000000001,uncalibrated_drag_and_engine;trim_stability_control_unverified;engine_mass_thrust_coupling_unverified;flutter_analysis_required,False,True,True,True,True,True,True,True,fails_all_three
D0025,False,False,q_limit,q_limit;reached_mach_1,gate_failed,baseline,18.0,1.0,19.0,0.08,0.0,0,600.0,2.463419693457206,2329.079375,3.919444672455421,0.9573028505467166,,,0.9069218023412624,156.56231829898763,156.56231829898763,0.05130854074142609,65000.00000000001,uncalibrated_drag_and_engine;trim_stability_control_unverified;engine_mass_thrust_coupling_unverified;flutter_analysis_required,False,True,True,True,True,True,True,True,fails_all_three
D0025,False,False,insufficient_acceleration,insufficient_acceleration;reached_mach_1,gate_failed,pessimistic,18.0,1.0,19.0,0.08,0.0,0,600.0,2.463419693457206,2329.079375,32.338396086950496,0.9544481919010998,,,0.2403273714050318,0.010000000000275122,0.010000000000275122,0.05130854074142609,64612.92049970359,uncalibrated_drag_and_engine;trim_stability_control_unverified;engine_mass_thrust_coupling_unverified;flutter_analysis_required,False,True,True,True,True,True,True,True,fails_all_three
D0026,True,True,target_reached,,hold_complete,optimistic,18.0,1.0,19.0,0.08,3000.0,0,600.0,1.969928106026278,2329.079375,4.755476904863562,1.0,4.755476904863562,0.9131434743783532,0.8644775295019567,199.18363233127752,199.18363233127752,0.07414080246006563,49084.80084765296,uncalibrated_drag_and_engine;trim_stability_control_unverified;engine_mass_thrust_coupling_unverified;flutter_analysis_required,True,True,True,True,True,True,True,True,baseline_pass_sensitive
D0026,True,True,target_reached,,hold_complete,baseline,18.0,1.0,19.0,0.08,3000.0,0,600.0,1.969928106026278,2329.079375,6.415535481420762,1.0,6.415535481420762,0.883057050032244,0.8057859719637223,108.55736555426304,108.55736555426304,0.07414080246006563,49084.80084765296,uncalibrated_drag_and_engine;trim_stability_control_unverified;engine_mass_thrust_coupling_unverified;flutter_analysis_required,True,True,True,True,True,True,True,True,baseline_pass_sensitive
D0026,False,False,fuel_exhausted,fuel_exhausted;reached_mach_1,gate_failed,pessimistic,18.0,1.0,19.0,0.08,3000.0,0,600.0,1.969928106026278,2329.079375,55.48088268426052,0.9829884370381138,,,0.0,0.010894253792287145,0.010894253792287145,0.07414080246006563,47428.98729871084,uncalibrated_drag_and_engine;trim_stability_control_unverified;engine_mass_thrust_coupling_unverified;flutter_analysis_required,False,True,True,True,True,True,True,True,baseline_pass_sensitive
D0027,True,True,target_reached,,hold_complete,optimistic,18.0,1.0,19.0,0.08,6000.0,0,600.0,1.5493488822694834,2329.079375,5.601554495872317,1.0,5.601554495872317,0.9224836726152379,0.8887109700549574,170.07067726273613,170.07067726273613,0.11010377503256939,33052.33196919002,uncalibrated_drag_and_engine;trim_stability_control_unverified;engine_mass_thrust_coupling_unverified;flutter_analysis_required,True,True,True,True,True,True,True,True,passes_all_three_assumed_polars
D0027,True,True,target_reached,,hold_complete,baseline,18.0,1.0,19.0,0.08,6000.0,0,600.0,1.5493488822694834,2329.079375,7.060511829870925,1.0,7.060511829870925,0.9024373886805426,0.8498631524417517,108.3711279026952,108.3711279026952,0.11010377503256939,33052.33196919002,uncalibrated_drag_and_engine;trim_stability_control_unverified;engine_mass_thrust_coupling_unverified;flutter_analysis_required,True,True,True,True,True,True,True,True,passes_all_three_assumed_polars
D0027,True,True,target_reached,,hold_complete,pessimistic,18.0,1.0,19.0,0.08,6000.0,0,600.0,1.5493488822694834,2329.079375,14.637151074733657,1.0,14.637151074733657,0.7987950256473023,0.6824991146511709,19.79093285798004,19.79093285798004,0.11010377503256939,33052.33196919002,uncalibrated_drag_and_engine;trim_stability_control_unverified;engine_mass_thrust_coupling_unverified;flutter_analysis_required,True,True,True,True,True,True,True,True,passes_all_three_assumed_polars
D0028,False,False,q_limit,q_limit;reached_mach_1,gate_failed,optimistic,21.0,1.0,22.0,0.08,0.0,0,600.0,2.127498826167587,2696.8287499999997,3.485967803185514,0.9573028505467166,,,0.917108410531046,267.28021801036846,267.28021801036846,0.05940988927954599,65000.00000000001,uncalibrated_drag_and_engine;trim_stability_control_unverified;engine_mass_thrust_coupling_unverified;flutter_analysis_required,False,True,True,True,True,True,True,True,fails_all_three
D0028,False,False,q_limit,q_limit;reached_mach_1,gate_failed,baseline,21.0,1.0,22.0,0.08,0.0,0,600.0,2.127498826167587,2696.8287499999997,4.545106380720054,0.9573028505467166,,,0.8920639397974487,156.2436638412549,156.2436638412549,0.05940988927954599,65000.00000000001,uncalibrated_drag_and_engine;trim_stability_control_unverified;engine_mass_thrust_coupling_unverified;flutter_analysis_required,False,True,True,True,True,True,True,True,fails_all_three
D0028,False,False,insufficient_acceleration,insufficient_acceleration;reached_mach_1,gate_failed,pessimistic,21.0,1.0,22.0,0.08,0.0,0,600.0,2.127498826167587,2696.8287499999997,40.13116934475445,0.9543176153796564,,,0.0574259898393643,0.009999999999934062,0.009999999999934062,0.05940988927954599,64595.242529648654,uncalibrated_drag_and_engine;trim_stability_control_unverified;engine_mass_thrust_coupling_unverified;flutter_analysis_required,False,True,True,True,True,True,True,True,fails_all_three
D0029,True,True,target_reached,,hold_complete,optimistic,21.0,1.0,22.0,0.08,3000.0,0,600.0,1.7013015461136038,2696.8287499999997,5.517313680970031,1.0,5.517313680970031,0.8992289191899572,0.8495448894023789,198.7613858769369,198.7613858769369,0.0858472449537602,49084.80084765296,uncalibrated_drag_and_engine;trim_stability_control_unverified;engine_mass_thrust_coupling_unverified;flutter_analysis_required,True,True,True,True,True,True,True,True,baseline_pass_sensitive
D0029,True,True,target_reached,,hold_complete,baseline,21.0,1.0,22.0,0.08,3000.0,0,600.0,1.7013015461136038,2696.8287499999997,7.449166048191932,1.0,7.449166048191932,0.8642167451721507,0.7851234813571281,108.1364880256996,108.1364880256996,0.0858472449537602,49084.80084765296,uncalibrated_drag_and_engine;trim_stability_control_unverified;engine_mass_thrust_coupling_unverified;flutter_analysis_required,True,True,True,True,True,True,True,True,baseline_pass_sensitive
D0029,False,False,fuel_exhausted,fuel_exhausted;reached_mach_1,gate_failed,pessimistic,21.0,1.0,22.0,0.08,3000.0,0,600.0,1.7013015461136038,2696.8287499999997,55.45114804712406,0.982675463097215,,,0.0,0.017955092013551166,0.017955092013551166,0.0858472449537602,47398.79025180753,uncalibrated_drag_and_engine;trim_stability_control_unverified;engine_mass_thrust_coupling_unverified;flutter_analysis_required,False,True,True,True,True,True,True,True,baseline_pass_sensitive
D0030,True,True,target_reached,,hold_complete,optimistic,21.0,1.0,22.0,0.08,6000.0,0,600.0,1.338074034687281,2696.8287499999997,6.509523584271441,1.0,6.509523584271441,0.9099188303369594,0.8752017920114019,169.4430232802793,169.4430232802793,0.1274885816166593,33052.33196919002,uncalibrated_drag_and_engine;trim_stability_control_unverified;engine_mass_thrust_coupling_unverified;flutter_analysis_required,True,True,True,True,True,True,True,True,passes_all_three_assumed_polars
D0030,True,True,target_reached,,hold_complete,baseline,21.0,1.0,22.0,0.08,6000.0,0,600.0,1.338074034687281,2696.8287499999997,8.213202634839174,1.0,8.213202634839174,0.8865101497328425,0.8325257374214282,107.74484756767006,107.74484756767006,0.1274885816166593,33052.33196919002,uncalibrated_drag_and_engine;trim_stability_control_unverified;engine_mass_thrust_coupling_unverified;flutter_analysis_required,True,True,True,True,True,True,True,True,passes_all_three_assumed_polars
D0030,True,True,target_reached,,hold_complete,pessimistic,21.0,1.0,22.0,0.08,6000.0,0,600.0,1.338074034687281,2696.8287499999997,17.17748521926977,1.0,17.17748521926977,0.7638937991670849,0.6369771061182758,19.172086601239442,19.172086601239442,0.1274885816166593,33052.33196919002,uncalibrated_drag_and_engine;trim_stability_control_unverified;engine_mass_thrust_coupling_unverified;flutter_analysis_required,True,True,True,True,True,True,True,True,passes_all_three_assumed_polars
D0031,False,False,q_limit,q_limit;reached_mach_1,gate_failed,optimistic,18.0,3.0,21.0,0.08,0.0,0,600.0,2.228808294080329,2574.245625,3.3262073529233116,0.9573028505467166,,,2.9209072959090947,267.3918739898713,267.3918739898713,0.056709439766839356,65000.00000000001,uncalibrated_drag_and_engine;trim_stability_control_unverified;engine_mass_thrust_coupling_unverified;flutter_analysis_required,False,True,True,True,True,True,True,True,fails_all_three
D0031,False,False,q_limit,q_limit;reached_mach_1,gate_failed,baseline,18.0,3.0,21.0,0.08,0.0,0,600.0,2.228808294080329,2574.245625,4.336238523935,0.9573028505467166,,,2.8970240057601377,156.35506229352234,156.35506229352234,0.056709439766839356,65000.00000000001,uncalibrated_drag_and_engine;trim_stability_control_unverified;engine_mass_thrust_coupling_unverified;flutter_analysis_required,False,True,True,True,True,True,True,True,fails_all_three
D0031,False,False,insufficient_acceleration,insufficient_acceleration;reached_mach_1,gate_failed,pessimistic,18.0,3.0,21.0,0.08,0.0,0,600.0,2.228808294080329,2574.245625,37.162323266365284,0.9543628104438192,,,2.1270900981530714,0.010000000000218279,0.010000000000218279,0.056709439766839356,64601.36094392202,uncalibrated_drag_and_engine;trim_stability_control_unverified;engine_mass_thrust_coupling_unverified;flutter_analysis_required,False,True,True,True,True,True,True,True,fails_all_three
D0032,True,True,target_reached,,hold_complete,optimistic,18.0,3.0,21.0,0.08,3000.0,0,600.0,1.7823159054523467,2574.245625,5.26286123245384,1.0,5.26286123245384,2.9038763593719517,2.8545341350167868,198.9089987234603,198.9089987234603,0.08194509745586201,49084.80084765296,uncalibrated_drag_and_engine;trim_stability_control_unverified;engine_mass_thrust_coupling_unverified;flutter_analysis_required,True,True,True,True,True,True,True,True,baseline_pass_sensitive
D0032,True,True,target_reached,,hold_complete,baseline,18.0,3.0,21.0,0.08,3000.0,0,600.0,1.7823159054523467,2574.245625,7.1036616619588315,1.0,7.1036616619588315,2.8705143134188162,2.792032328285656,108.28362074710546,108.28362074710546,0.08194509745586201,49084.80084765296,uncalibrated_drag_and_engine;trim_stability_control_unverified;engine_mass_thrust_coupling_unverified;flutter_analysis_required,True,True,True,True,True,True,True,True,baseline_pass_sensitive
D0032,False,False,time_limit,time_limit;reached_mach_1,gate_failed,pessimistic,18.0,3.0,21.0,0.08,3000.0,0,600.0,1.7823159054523467,2574.245625,120.0,0.9829068097945997,,,0.840173606678153,0.011126550624283027,0.011126550624283027,0.08194509745586201,47421.1106307753,uncalibrated_drag_and_engine;trim_stability_control_unverified;engine_mass_thrust_coupling_unverified;flutter_analysis_required,False,True,True,True,True,True,True,True,baseline_pass_sensitive
D0033,True,True,target_reached,,hold_complete,optimistic,18.0,3.0,21.0,0.08,6000.0,0,600.0,1.4017918458628658,2574.245625,6.205770821343731,1.0,6.205770821343731,2.914122283936226,2.879723606633233,169.6624427344505,169.6624427344505,0.12169364608862934,33052.33196919002,uncalibrated_drag_and_engine;trim_stability_control_unverified;engine_mass_thrust_coupling_unverified;flutter_analysis_required,True,True,True,True,True,True,True,True,passes_all_three_assumed_polars
D0033,True,True,target_reached,,hold_complete,baseline,18.0,3.0,21.0,0.08,6000.0,0,600.0,1.4017918458628658,2574.245625,7.827199104684212,1.0,7.827199104684212,2.8918437016895404,2.8383341821666987,107.9637841853548,107.9637841853548,0.12169364608862934,33052.33196919002,uncalibrated_drag_and_engine;trim_stability_control_unverified;engine_mass_thrust_coupling_unverified;flutter_analysis_required,True,True,True,True,True,True,True,True,passes_all_three_assumed_polars
D0033,True,True,target_reached,,hold_complete,pessimistic,18.0,3.0,21.0,0.08,6000.0,0,600.0,1.4017918458628658,2574.245625,16.31930891465569,1.0,16.31930891465569,2.775683253058835,2.6524411252965145,19.38838809531248,19.38838809531248,0.12169364608862934,33052.33196919002,uncalibrated_drag_and_engine;trim_stability_control_unverified;engine_mass_thrust_coupling_unverified;flutter_analysis_required,True,True,True,True,True,True,True,True,passes_all_three_assumed_polars
D0034,False,False,q_limit,q_limit;reached_mach_1,gate_failed,optimistic,21.0,3.0,24.0,0.08,0.0,0,600.0,1.9502072573202878,2941.995,3.80607642447925,0.9573028505467166,,,2.9094966646884246,267.04132839317776,267.04132839317776,0.06481078830495927,65000.00000000001,uncalibrated_drag_and_engine;trim_stability_control_unverified;engine_mass_thrust_coupling_unverified;flutter_analysis_required,False,True,True,True,True,True,True,True,fails_all_three
D0034,False,False,q_limit,q_limit;reached_mach_1,gate_failed,baseline,21.0,3.0,24.0,0.08,0.0,0,600.0,1.9502072573202878,2941.995,4.963862936862868,0.9573028505467166,,,2.8821195996830338,156.00532685318683,156.00532685318683,0.06481078830495927,65000.00000000001,uncalibrated_drag_and_engine;trim_stability_control_unverified;engine_mass_thrust_coupling_unverified;flutter_analysis_required,False,True,True,True,True,True,True,True,fails_all_three
D0034,False,False,insufficient_acceleration,insufficient_acceleration;reached_mach_1,gate_failed,pessimistic,21.0,3.0,24.0,0.08,0.0,0,600.0,1.9502072573202878,2941.995,51.6946190287873,0.9542281965260936,,,1.7863236633810886,0.009999999999820375,0.009999999999820375,0.06481078830495927,64583.13804402552,uncalibrated_drag_and_engine;trim_stability_control_unverified;engine_mass_thrust_coupling_unverified;flutter_analysis_required,False,True,True,True,True,True,True,True,fails_all_three
D0035,True,True,target_reached,,hold_complete,optimistic,21.0,3.0,24.0,0.08,3000.0,0,600.0,1.5595264172708034,2941.995,6.027870491840679,1.0,6.027870491840679,2.8899038703918927,2.8395287390744777,198.44556945400743,198.44556945400743,0.09365153994955658,49084.80084765296,uncalibrated_drag_and_engine;trim_stability_control_unverified;engine_mass_thrust_coupling_unverified;flutter_analysis_required,True,True,True,True,True,True,True,True,baseline_pass_sensitive
D0035,True,True,target_reached,,hold_complete,baseline,21.0,3.0,24.0,0.08,3000.0,0,600.0,1.5595264172708034,2941.995,8.143302201084522,1.0,8.143302201084522,2.8515647295727082,2.77123665457425,107.8217044916492,107.8217044916492,0.09365153994955658,49084.80084765296,uncalibrated_drag_and_engine;trim_stability_control_unverified;engine_mass_thrust_coupling_unverified;flutter_analysis_required,True,True,True,True,True,True,True,True,baseline_pass_sensitive
D0035,False,False,time_limit,time_limit;reached_mach_1,gate_failed,pessimistic,21.0,3.0,24.0,0.08,3000.0,0,600.0,1.5595264172708034,2941.995,120.0,0.9825831183266232,,,0.8395474277678654,0.014936879196227437,0.014936879196227437,0.09365153994955658,47389.88227574506,uncalibrated_drag_and_engine;trim_stability_control_unverified;engine_mass_thrust_coupling_unverified;flutter_analysis_required,False,True,True,True,True,True,True,True,baseline_pass_sensitive
D0036,True,True,target_reached,,hold_complete,optimistic,21.0,3.0,24.0,0.08,6000.0,0,600.0,1.2265678651300076,2941.995,7.120604428486752,1.0,7.120604428486752,2.9014624302969607,2.8660976809041223,168.97358330167265,168.97358330167265,0.13907845267271926,33052.33196919002,uncalibrated_drag_and_engine;trim_stability_control_unverified;engine_mass_thrust_coupling_unverified;flutter_analysis_required,True,True,True,True,True,True,True,True,passes_all_three_assumed_polars
D0036,True,True,target_reached,,hold_complete,baseline,21.0,3.0,24.0,0.08,6000.0,0,600.0,1.2265678651300076,2941.995,8.991016624083315,1.0,8.991016624083315,2.87576293984033,2.820813568382189,107.27645021519561,107.27645021519561,0.13907845267271926,33052.33196919002,uncalibrated_drag_and_engine;trim_stability_control_unverified;engine_mass_thrust_coupling_unverified;flutter_analysis_required,True,True,True,True,True,True,True,True,passes_all_three_assumed_polars
D0036,True,True,target_reached,,hold_complete,pessimistic,21.0,3.0,24.0,0.08,6000.0,0,600.0,1.2265678651300076,2941.995,18.9321246803375,1.0,18.9321246803375,2.739791916988427,2.605056172585898,18.70946278163609,18.70946278163609,0.13907845267271926,33052.33196919002,uncalibrated_drag_and_engine;trim_stability_control_unverified;engine_mass_thrust_coupling_unverified;flutter_analysis_required,True,True,True,True,True,True,True,True,passes_all_three_assumed_polars
D0037,False,False,insufficient_acceleration,insufficient_acceleration;reached_mach_1,gate_failed,optimistic,18.0,1.0,19.0,0.12,0.0,0,300.0,1.231709846728603,1552.7195833333333,45.113878801032264,0.9376593826043692,,,0.46796508082506283,0.00999999999990564,0.00999999999990564,0.03420569382761739,62359.820991767,uncalibrated_drag_and_engine;trim_stability_control_unverified;engine_mass_thrust_coupling_unverified;flutter_analysis_required,False,True,True,True,True,True,True,True,fails_all_three
D0037,False,False,insufficient_acceleration,insufficient_acceleration;reached_mach_1,gate_failed,baseline,18.0,1.0,19.0,0.12,0.0,0,300.0,1.231709846728603,1552.7195833333333,34.55707280649776,0.8687782777326075,,,0.5871404489129548,0.009999999999820375,0.009999999999820375,0.03420569382761739,53534.35316811268,uncalibrated_drag_and_engine;trim_stability_control_unverified;engine_mass_thrust_coupling_unverified;flutter_analysis_required,False,True,True,True,True,True,True,True,fails_all_three
D0037,False,False,insufficient_acceleration,insufficient_acceleration;reached_mach_1,gate_failed,pessimistic,18.0,1.0,19.0,0.12,0.0,0,300.0,1.231709846728603,1552.7195833333333,26.035362370384085,0.807712165935859,,,0.6854972884846487,0.009999999999820375,0.009999999999820375,0.03420569382761739,46273.026029689005,uncalibrated_drag_and_engine;trim_stability_control_unverified;engine_mass_thrust_coupling_unverified;flutter_analysis_required,False,True,True,True,True,True,True,True,fails_all_three
D0038,False,False,insufficient_acceleration,insufficient_acceleration;reached_mach_1,gate_failed,optimistic,18.0,1.0,19.0,0.12,3000.0,0,300.0,0.984964053013139,1552.7195833333333,62.2396380197327,0.9567598548555948,,,0.4354320690142873,0.009999999999962483,0.009999999999962483,0.04942720164004375,44931.70737203859,uncalibrated_drag_and_engine;trim_stability_control_unverified;engine_mass_thrust_coupling_unverified;flutter_analysis_required,False,True,True,True,True,True,True,True,fails_all_three
D0038,False,False,insufficient_acceleration,insufficient_acceleration;reached_mach_1,gate_failed,baseline,18.0,1.0,19.0,0.12,3000.0,0,300.0,0.984964053013139,1552.7195833333333,44.23681892071439,0.8832946325949299,,,0.5930129245021525,0.010000000000161435,0.010000000000161435,0.04942720164004375,38296.42340972235,uncalibrated_drag_and_engine;trim_stability_control_unverified;engine_mass_thrust_coupling_unverified;flutter_analysis_required,False,True,True,True,True,True,True,True,fails_all_three
D0038,False,False,insufficient_acceleration,insufficient_acceleration;reached_mach_1,gate_failed,pessimistic,18.0,1.0,19.0,0.12,3000.0,0,300.0,0.984964053013139,1552.7195833333333,35.71258806751414,0.8213623336929595,,,0.6677016208812386,0.009999999999848797,0.009999999999848797,0.04942720164004375,33114.37778898112,uncalibrated_drag_and_engine;trim_stability_control_unverified;engine_mass_thrust_coupling_unverified,False,True,True,True,True,True,True,True,fails_all_three
D0039,False,False,insufficient_acceleration,insufficient_acceleration;reached_mach_1,gate_failed,optimistic,18.0,1.0,19.0,0.12,6000.0,0,300.0,0.7746744411347417,1552.7195833333333,101.47652825641404,0.9812574547994373,,,0.30654646320915413,0.009999999999990905,0.009999999999990905,0.0734025166883796,31824.97303970772,uncalibrated_drag_and_engine;trim_stability_control_unverified;engine_mass_thrust_coupling_unverified;flutter_analysis_required,False,True,True,True,True,True,True,True,fails_all_three
D0039,False,False,insufficient_acceleration,insufficient_acceleration;reached_mach_1,gate_failed,baseline,18.0,1.0,19.0,0.12,6000.0,0,300.0,0.7746744411347417,1552.7195833333333,59.76759338584196,0.8996245805628393,,,0.5847878558394068,0.01000000000007617,0.01000000000007617,0.0734025166883796,26750.058275274943,uncalibrated_drag_and_engine;trim_stability_control_unverified;engine_mass_thrust_coupling_unverified;flutter_analysis_required,False,True,True,True,True,True,True,True,fails_all_three
D0039,False,False,insufficient_acceleration,insufficient_acceleration;reached_mach_1,gate_failed,pessimistic,18.0,1.0,19.0,0.12,6000.0,0,300.0,0.7746744411347417,1552.7195833333333,48.61305590477223,0.8360160834172955,,,0.6582844848206372,0.009999999999877218,0.009999999999877218,0.0734025166883796,23101.031438405353,uncalibrated_drag_and_engine;trim_stability_control_unverified;engine_mass_thrust_coupling_unverified,False,True,True,True,True,True,True,True,fails_all_three
D0040,False,False,insufficient_acceleration,insufficient_acceleration;reached_mach_1,gate_failed,optimistic,21.0,1.0,22.0,0.12,0.0,0,300.0,1.0637494130837934,1797.8858333333333,53.15351715318202,0.9375193478089907,,,0.37316907779501496,0.009999999999848797,0.009999999999848797,0.03960659285303066,62341.19612040494,uncalibrated_drag_and_engine;trim_stability_control_unverified;engine_mass_thrust_coupling_unverified;flutter_analysis_required,False,True,True,True,True,True,True,True,fails_all_three
D0040,False,False,insufficient_acceleration,insufficient_acceleration;reached_mach_1,gate_failed,baseline,21.0,1.0,22.0,0.12,0.0,0,300.0,1.0637494130837934,1797.8858333333333,40.726166675657694,0.8686458714897158,,,0.5134379712010402,0.010000000000019327,0.010000000000019327,0.03960659285303066,53518.03659435601,uncalibrated_drag_and_engine;trim_stability_control_unverified;engine_mass_thrust_coupling_unverified;flutter_analysis_required,False,True,True,True,True,True,True,True,fails_all_three
D0040,False,False,insufficient_acceleration,insufficient_acceleration;reached_mach_1,gate_failed,pessimistic,21.0,1.0,22.0,0.12,0.0,0,300.0,1.0637494130837934,1797.8858333333333,30.969826391193486,0.8075607953995649,,,0.6258816111547908,0.01000000000007617,0.01000000000007617,0.03960659285303066,46255.683920138516,uncalibrated_drag_and_engine;trim_stability_control_unverified;engine_mass_thrust_coupling_unverified;flutter_analysis_required,False,True,True,True,True,True,True,True,fails_all_three
D0041,False,False,insufficient_acceleration,insufficient_acceleration;reached_mach_1,gate_failed,optimistic,21.0,1.0,22.0,0.12,3000.0,0,300.0,0.8506507730568019,1797.8858333333333,74.7701859764728,0.9564809691217736,,,0.32181677039853246,0.010000000000047748,0.010000000000047748,0.05723149663584013,44905.51692139047,uncalibrated_drag_and_engine;trim_stability_control_unverified;engine_mass_thrust_coupling_unverified;flutter_analysis_required,False,True,True,True,True,True,True,True,fails_all_three
D0041,False,False,insufficient_acceleration,insufficient_acceleration;reached_mach_1,gate_failed,baseline,21.0,1.0,22.0,0.12,3000.0,0,300.0,0.8506507730568019,1797.8858333333333,52.79596089421041,0.8830519022648524,,,0.5142714218050612,0.009999999999877218,0.009999999999877218,0.05723149663584013,38275.37850371406,uncalibrated_drag_and_engine;trim_stability_control_unverified;engine_mass_thrust_coupling_unverified;flutter_analysis_required,False,True,True,True,True,True,True,True,fails_all_three
D0041,False,False,insufficient_acceleration,insufficient_acceleration;reached_mach_1,gate_failed,pessimistic,21.0,1.0,22.0,0.12,3000.0,0,300.0,0.8506507730568019,1797.8858333333333,43.15106281228576,0.8210981419433857,,,0.5984768264843533,0.009999999999877218,0.009999999999877218,0.05723149663584013,33093.078690988594,uncalibrated_drag_and_engine;trim_stability_control_unverified;engine_mass_thrust_coupling_unverified,False,True,True,True,True,True,True,True,fails_all_three
D0042,False,False,time_limit,time_limit;reached_mach_1,gate_failed,optimistic,21.0,1.0,22.0,0.12,6000.0,0,300.0,0.6690370173436405,1797.8858333333333,120.0,0.9806158333356036,,,0.17991261278482742,0.0123249306771811,0.0123249306771811,0.08499238774443954,31783.367424908323,uncalibrated_drag_and_engine;trim_stability_control_unverified;engine_mass_thrust_coupling_unverified;flutter_analysis_required,False,True,True,True,True,True,True,True,fails_all_three
D0042,False,False,insufficient_acceleration,insufficient_acceleration;reached_mach_1,gate_failed,baseline,21.0,1.0,22.0,0.12,6000.0,0,300.0,0.6690370173436405,1797.8858333333333,74.62320620907423,0.8991519035508767,,,0.48161959814529687,0.010000000000104592,0.010000000000104592,0.08499238774443954,26721.95585083401,uncalibrated_drag_and_engine;trim_stability_control_unverified;engine_mass_thrust_coupling_unverified;flutter_analysis_required,False,True,True,True,True,True,True,True,fails_all_three
D0042,False,False,insufficient_acceleration,insufficient_acceleration;reached_mach_1,gate_failed,pessimistic,21.0,1.0,22.0,0.12,6000.0,0,300.0,0.6690370173436405,1797.8858333333333,62.48078800012461,0.83552479934131,,,0.5607981057803831,0.010000000000047748,0.010000000000047748,0.08499238774443954,23073.888816522125,uncalibrated_drag_and_engine;trim_stability_control_unverified;engine_mass_thrust_coupling_unverified,False,True,True,True,True,True,True,True,fails_all_three
D0043,False,False,insufficient_acceleration,insufficient_acceleration;reached_mach_1,gate_failed,optimistic,18.0,3.0,21.0,0.12,0.0,0,300.0,1.1144041470401644,1716.1637500000002,50.4134138335005,0.9375682713589915,,,2.405476568746872,0.009999999999962483,0.009999999999962483,0.037806293177892906,62347.70272149442,uncalibrated_drag_and_engine;trim_stability_control_unverified;engine_mass_thrust_coupling_unverified;flutter_analysis_required,False,True,True,True,True,True,True,True,fails_all_three
D0043,False,False,insufficient_acceleration,insufficient_acceleration;reached_mach_1,gate_failed,baseline,18.0,3.0,21.0,0.12,0.0,0,300.0,1.1144041470401644,1716.1637500000002,38.62399189389646,0.8686921513295199,,,2.5385525274001415,0.010000000000133014,0.010000000000133014,0.037806293177892906,53523.73942958803,uncalibrated_drag_and_engine;trim_stability_control_unverified;engine_mass_thrust_coupling_unverified;flutter_analysis_required,False,True,True,True,True,True,True,True,fails_all_three
D0043,False,False,insufficient_acceleration,insufficient_acceleration;reached_mach_1,gate_failed,pessimistic,18.0,3.0,21.0,0.12,0.0,0,300.0,1.1144041470401644,1716.1637500000002,29.265945449273545,0.8076137086230337,,,2.6464673295372756,0.00999999999990564,0.00999999999990564,0.037806293177892906,46261.74567434459,uncalibrated_drag_and_engine;trim_stability_control_unverified;engine_mass_thrust_coupling_unverified;flutter_analysis_required,False,True,True,True,True,True,True,True,fails_all_three
D0044,False,False,insufficient_acceleration,insufficient_acceleration;reached_mach_1,gate_failed,optimistic,18.0,3.0,21.0,0.12,3000.0,0,300.0,0.8911579527261734,1716.1637500000002,70.35075316817493,0.9565782302083918,,,2.3618832386954396,0.01000000000007617,0.01000000000007617,0.054630064970574675,44914.649944571436,uncalibrated_drag_and_engine;trim_stability_control_unverified;engine_mass_thrust_coupling_unverified;flutter_analysis_required,False,True,True,True,True,True,True,True,fails_all_three
D0044,False,False,insufficient_acceleration,insufficient_acceleration;reached_mach_1,gate_failed,baseline,18.0,3.0,21.0,0.12,3000.0,0,300.0,0.8911579527261734,1716.1637500000002,49.8192938144629,0.8831367086224866,,,2.541654964452687,0.010000000000047748,0.010000000000047748,0.054630064970574675,38282.730622652416,uncalibrated_drag_and_engine;trim_stability_control_unverified;engine_mass_thrust_coupling_unverified;flutter_analysis_required,False,True,True,True,True,True,True,True,fails_all_three
D0044,False,False,insufficient_acceleration,insufficient_acceleration;reached_mach_1,gate_failed,pessimistic,18.0,3.0,21.0,0.12,3000.0,0,300.0,0.8911579527261734,1716.1637500000002,40.5135791628001,0.8211904506422173,,,2.6230222224950728,0.00999999999990564,0.00999999999990564,0.054630064970574675,33100.51982521834,uncalibrated_drag_and_engine;trim_stability_control_unverified;engine_mass_thrust_coupling_unverified,False,True,True,True,True,True,True,True,fails_all_three
D0045,False,False,time_limit,time_limit;reached_mach_1,gate_failed,optimistic,18.0,3.0,21.0,0.12,6000.0,0,300.0,0.7008959229314329,1716.1637500000002,120.0,0.9808506738161208,,,2.180086149582109,0.010750720349193443,0.010750720349193443,0.08112909739241957,31798.592377997105,uncalibrated_drag_and_engine;trim_stability_control_unverified;engine_mass_thrust_coupling_unverified;flutter_analysis_required,False,True,True,True,True,True,True,True,fails_all_three
D0045,False,False,insufficient_acceleration,insufficient_acceleration;reached_mach_1,gate_failed,baseline,18.0,3.0,21.0,0.12,6000.0,0,300.0,0.7008959229314329,1716.1637500000002,68.9401442137702,0.8993164073875938,,,2.521080341717825,0.009999999999934062,0.009999999999934062,0.08112909739241957,26731.73454643847,uncalibrated_drag_and_engine;trim_stability_control_unverified;engine_mass_thrust_coupling_unverified;flutter_analysis_required,False,True,True,True,True,True,True,True,fails_all_three
D0045,False,False,insufficient_acceleration,insufficient_acceleration;reached_mach_1,gate_failed,pessimistic,18.0,3.0,21.0,0.12,6000.0,0,300.0,0.7008959229314329,1716.1637500000002,56.860963157975284,0.8356955486192277,,,2.600300917793988,0.00999999999990564,0.00999999999990564,0.08112909739241957,23083.320618988095,uncalibrated_drag_and_engine;trim_stability_control_unverified;engine_mass_thrust_coupling_unverified,False,True,True,True,True,True,True,True,fails_all_three
D0046,False,False,insufficient_acceleration,insufficient_acceleration;reached_mach_1,gate_failed,optimistic,21.0,3.0,24.0,0.12,0.0,0,300.0,0.9751036286601439,1961.3300000000002,58.872461043387055,0.9374148200108292,,,2.305744739910902,0.009999999999848797,0.009999999999848797,0.043207192203306176,62327.295554595155,uncalibrated_drag_and_engine;trim_stability_control_unverified;engine_mass_thrust_coupling_unverified;flutter_analysis_required,False,True,True,True,True,True,True,True,fails_all_three
D0046,False,False,insufficient_acceleration,insufficient_acceleration;reached_mach_1,gate_failed,baseline,21.0,3.0,24.0,0.12,0.0,0,300.0,0.9751036286601439,1961.3300000000002,45.10944120910611,0.8685469059453033,,,2.4610724671466766,0.010000000000104592,0.010000000000104592,0.043207192203306176,53505.842580460856,uncalibrated_drag_and_engine;trim_stability_control_unverified;engine_mass_thrust_coupling_unverified;flutter_analysis_required,False,True,True,True,True,True,True,True,fails_all_three
D0046,False,False,insufficient_acceleration,insufficient_acceleration;reached_mach_1,gate_failed,pessimistic,21.0,3.0,24.0,0.12,0.0,0,300.0,0.9751036286601439,1961.3300000000002,34.62615194405942,0.8074476484874505,,,2.58170625232931,0.010000000000104592,0.010000000000104592,0.043207192203306176,46242.72310978588,uncalibrated_drag_and_engine;trim_stability_control_unverified;engine_mass_thrust_coupling_unverified;flutter_analysis_required,False,True,True,True,True,True,True,True,fails_all_three
D0047,False,False,insufficient_acceleration,insufficient_acceleration;reached_mach_1,gate_failed,optimistic,21.0,3.0,24.0,0.12,3000.0,0,300.0,0.7797632086354017,1961.3300000000002,84.90507200174247,0.9562742707070148,,,2.2299619711656553,0.009999999999962483,0.009999999999962483,0.062434359966371054,44886.11058391376,uncalibrated_drag_and_engine;trim_stability_control_unverified;engine_mass_thrust_coupling_unverified;flutter_analysis_required,False,True,True,True,True,True,True,True,fails_all_three
D0047,False,False,insufficient_acceleration,insufficient_acceleration;reached_mach_1,gate_failed,baseline,21.0,3.0,24.0,0.12,3000.0,0,300.0,0.7797632086354017,1961.3300000000002,59.321946973943994,0.8828708025980553,,,2.454241544665736,0.00999999999990564,0.00999999999990564,0.062434359966371054,38259.68079106487,uncalibrated_drag_and_engine;trim_stability_control_unverified;engine_mass_thrust_coupling_unverified;flutter_analysis_required,False,True,True,True,True,True,True,True,fails_all_three
D0047,False,False,insufficient_acceleration,insufficient_acceleration;reached_mach_1,gate_failed,pessimistic,21.0,3.0,24.0,0.12,3000.0,0,300.0,0.7797632086354017,1961.3300000000002,49.24838017033075,0.8209011503326138,,,2.541733737290201,0.00999999999990564,0.00999999999990564,0.062434359966371054,33077.20171711105,uncalibrated_drag_and_engine;trim_stability_control_unverified;engine_mass_thrust_coupling_unverified,False,True,True,True,True,True,True,True,fails_all_three
D0048,False,False,time_limit,time_limit;reached_mach_1,gate_failed,optimistic,21.0,3.0,24.0,0.12,6000.0,0,300.0,0.6132839325650038,1961.3300000000002,120.0,0.9801112979456579,,,2.17956070198404,0.016593035857596306,0.016593035857596306,0.0927189684484795,31750.670199665867,uncalibrated_drag_and_engine;trim_stability_control_unverified;engine_mass_thrust_coupling_unverified;flutter_analysis_required,False,True,True,True,True,True,True,True,fails_all_three
D0048,False,False,insufficient_acceleration,insufficient_acceleration;reached_mach_1,gate_failed,baseline,21.0,3.0,24.0,0.12,6000.0,0,300.0,0.6132839325650038,1961.3300000000002,97.09481185350324,0.8988143304371338,,,2.325701431115938,0.009999999999990905,0.009999999999990905,0.0927189684484795,26701.894901223433,uncalibrated_drag_and_engine;trim_stability_control_unverified;engine_mass_thrust_coupling_unverified;flutter_analysis_required,False,True,True,True,True,True,True,True,fails_all_three
D0048,False,False,time_limit,time_limit;reached_mach_1,gate_failed,pessimistic,21.0,3.0,24.0,0.12,6000.0,0,300.0,0.6132839325650038,1961.3300000000002,120.0,0.835222928958022,,,2.1566850559425244,0.010138842944542148,0.010138842944542148,0.0927189684484795,23057.218897447405,uncalibrated_drag_and_engine;trim_stability_control_unverified;engine_mass_thrust_coupling_unverified,False,True,True,True,True,True,True,True,fails_all_three
D0049,False,False,q_limit,q_limit;reached_mach_1,gate_failed,optimistic,18.0,1.0,19.0,0.12,0.0,0,450.0,1.8475647700929043,1552.7195833333333,6.182374081712199,0.9573028505467166,,,0.8899667033324289,79.26800137517594,79.26800137517594,0.03420569382761739,65000.00000000001,uncalibrated_drag_and_engine;trim_stability_control_unverified;engine_mass_thrust_coupling_unverified;flutter_analysis_required,False,True,True,True,True,True,True,True,fails_all_three
D0049,False,False,insufficient_acceleration,insufficient_acceleration;reached_mach_1,gate_failed,baseline,18.0,1.0,19.0,0.12,0.0,0,450.0,1.8475647700929043,1552.7195833333333,29.58961152326868,0.9204497517565692,,,0.47496230691994695,0.010000000000047748,0.010000000000047748,0.03420569382761739,60091.745919570436,uncalibrated_drag_and_engine;trim_stability_control_unverified;engine_mass_thrust_coupling_unverified;flutter_analysis_required,False,True,True,True,True,True,True,True,fails_all_three
D0049,False,False,insufficient_acceleration,insufficient_acceleration;reached_mach_1,gate_failed,pessimistic,18.0,1.0,19.0,0.12,0.0,0,450.0,1.8475647700929043,1552.7195833333333,23.252595304313914,0.8552775247037876,,,0.5823023412965443,0.009999999999820375,0.009999999999820375,0.03420569382761739,51883.441018494996,uncalibrated_drag_and_engine;trim_stability_control_unverified;engine_mass_thrust_coupling_unverified;flutter_analysis_required,False,True,True,True,True,True,True,True,fails_all_three
D0050,True,True,target_reached,,hold_complete,optimistic,18.0,1.0,19.0,0.12,3000.0,0,450.0,1.4774460795197086,1552.7195833333333,10.79979903122777,1.0,10.79979903122777,0.8526100886786467,0.774020920461328,45.47817008492143,45.47817008492143,0.04942720164004375,49084.80084765296,uncalibrated_drag_and_engine;trim_stability_control_unverified;engine_mass_thrust_coupling_unverified;flutter_analysis_required,True,True,True,True,True,True,True,True,optimistic_only
D0050,False,False,insufficient_acceleration,insufficient_acceleration;reached_mach_1,gate_failed,baseline,18.0,1.0,19.0,0.12,3000.0,0,450.0,1.4774460795197086,1552.7195833333333,40.464788554441554,0.9393040723728562,,,0.4476547258304375,0.009999999999877218,0.009999999999877218,0.04942720164004375,43307.1339998168,uncalibrated_drag_and_engine;trim_stability_control_unverified;engine_mass_thrust_coupling_unverified;flutter_analysis_required,False,True,True,True,True,True,True,True,optimistic_only
D0050,False,False,insufficient_acceleration,insufficient_acceleration;reached_mach_1,gate_failed,pessimistic,18.0,1.0,19.0,0.12,3000.0,0,450.0,1.4774460795197086,1552.7195833333333,30.397601927995613,0.8704571917834317,,,0.5795556917471143,0.009999999999877218,0.009999999999877218,0.04942720164004375,37191.34365319771,uncalibrated_drag_and_engine;trim_stability_control_unverified;engine_mass_thrust_coupling_unverified;flutter_analysis_required,False,True,True,True,True,True,True,True,optimistic_only
D0051,True,True,target_reached,,hold_complete,optimistic,18.0,1.0,19.0,0.12,6000.0,0,450.0,1.1620116617021126,1552.7195833333333,11.030560106275647,1.0,11.030560106275647,0.8858041985582181,0.8348206892625738,56.42457798387366,56.42457798387366,0.0734025166883796,33052.33196919002,uncalibrated_drag_and_engine;trim_stability_control_unverified;engine_mass_thrust_coupling_unverified;flutter_analysis_required,True,True,True,True,True,True,True,True,optimistic_only
D0051,False,False,insufficient_acceleration,insufficient_acceleration;reached_mach_1,gate_failed,baseline,18.0,1.0,19.0,0.12,6000.0,0,450.0,1.1620116617021126,1552.7195833333333,61.942861136764314,0.9627498035531923,,,0.36269623789110195,0.01000000000007617,0.01000000000007617,0.0734025166883796,30635.782911544797,uncalibrated_drag_and_engine;trim_stability_control_unverified;engine_mass_thrust_coupling_unverified;flutter_analysis_required,False,True,True,True,True,True,True,True,optimistic_only
D0051,False,False,insufficient_acceleration,insufficient_acceleration;reached_mach_1,gate_failed,pessimistic,18.0,1.0,19.0,0.12,6000.0,0,450.0,1.1620116617021126,1552.7195833333333,41.81359863908017,0.8878202802251628,,,0.5633711232710901,0.009999999999962483,0.009999999999962483,0.0734025166883796,26052.669407873767,uncalibrated_drag_and_engine;trim_stability_control_unverified;engine_mass_thrust_coupling_unverified;flutter_analysis_required,False,True,True,True,True,True,True,True,optimistic_only
D0052,False,False,q_limit,q_limit;reached_mach_1,gate_failed,optimistic,21.0,1.0,22.0,0.12,0.0,0,450.0,1.59562411962569,1797.8858333333333,7.170248991845547,0.9573028505467166,,,0.8723850716191778,79.05594948125102,79.05594948125102,0.03960659285303066,65000.00000000001,uncalibrated_drag_and_engine;trim_stability_control_unverified;engine_mass_thrust_coupling_unverified;flutter_analysis_required,False,True,True,True,True,True,True,True,fails_all_three
D0052,False,False,insufficient_acceleration,insufficient_acceleration;reached_mach_1,gate_failed,baseline,21.0,1.0,22.0,0.12,0.0,0,450.0,1.59562411962569,1797.8858333333333,34.850665313358576,0.9203562938932175,,,0.3816258663122103,0.010000000000104592,0.010000000000104592,0.03960659285303066,60079.543708520076,uncalibrated_drag_and_engine;trim_stability_control_unverified;engine_mass_thrust_coupling_unverified;flutter_analysis_required,False,True,True,True,True,True,True,True,fails_all_three
D0052,False,False,insufficient_acceleration,insufficient_acceleration;reached_mach_1,gate_failed,pessimistic,21.0,1.0,22.0,0.12,0.0,0,450.0,1.59562411962569,1797.8858333333333,27.413503337639085,0.8551863412610414,,,0.5075597600691739,0.010000000000218279,0.010000000000218279,0.03960659285303066,51872.37874116544,uncalibrated_drag_and_engine;trim_stability_control_unverified;engine_mass_thrust_coupling_unverified;flutter_analysis_required,False,True,True,True,True,True,True,True,fails_all_three
D0053,True,True,target_reached,,hold_complete,optimistic,21.0,1.0,22.0,0.12,3000.0,0,450.0,1.2759761595852028,1797.8858333333333,12.54766095880045,1.0,12.54766095880045,0.828758540449866,0.7468116653102964,45.198509780160975,45.198509780160975,0.05723149663584013,49084.80084765296,uncalibrated_drag_and_engine;trim_stability_control_unverified;engine_mass_thrust_coupling_unverified;flutter_analysis_required,True,True,True,True,True,True,True,True,optimistic_only
D0053,False,False,insufficient_acceleration,insufficient_acceleration;reached_mach_1,gate_failed,baseline,21.0,1.0,22.0,0.12,3000.0,0,450.0,1.2759761595852028,1797.8858333333333,48.518265291253364,0.9391210528724586,,,0.33776726708666394,0.009999999999877218,0.009999999999877218,0.05723149663584013,43290.25921329683,uncalibrated_drag_and_engine;trim_stability_control_unverified;engine_mass_thrust_coupling_unverified;flutter_analysis_required,False,True,True,True,True,True,True,True,optimistic_only
D0053,False,False,insufficient_acceleration,insufficient_acceleration;reached_mach_1,gate_failed,pessimistic,21.0,1.0,22.0,0.12,3000.0,0,450.0,1.2759761595852028,1797.8858333333333,36.342094994113154,0.8702882278024126,,,0.497341868509029,0.009999999999877218,0.009999999999877218,0.05723149663584013,37176.90667076892,uncalibrated_drag_and_engine;trim_stability_control_unverified;engine_mass_thrust_coupling_unverified;flutter_analysis_required,False,True,True,True,True,True,True,True,optimistic_only
D0054,True,True,target_reached,,hold_complete,optimistic,21.0,1.0,22.0,0.12,6000.0,0,450.0,1.003555526015461,1797.8858333333333,12.835918521326303,1.0,12.835918521326303,0.8671155904969394,0.8141596975738754,56.00781256369669,56.00781256369669,0.08499238774443954,33052.33196919002,uncalibrated_drag_and_engine;trim_stability_control_unverified;engine_mass_thrust_coupling_unverified;flutter_analysis_required,True,True,True,True,True,True,True,True,optimistic_only
D0054,False,False,fuel_exhausted,fuel_exhausted;reached_mach_1,gate_failed,baseline,21.0,1.0,22.0,0.12,6000.0,0,450.0,1.003555526015461,1797.8858333333333,97.27011898800129,0.9623888832996158,,,5.231275482242559e-17,0.01005212829184643,0.01005212829184643,0.08499238774443954,30612.817439245267,uncalibrated_drag_and_engine;trim_stability_control_unverified;engine_mass_thrust_coupling_unverified;flutter_analysis_required,False,True,True,True,True,True,True,True,optimistic_only
D0054,False,False,insufficient_acceleration,insufficient_acceleration;reached_mach_1,gate_failed,pessimistic,21.0,1.0,22.0,0.12,6000.0,0,450.0,1.003555526015461,1797.8858333333333,52.93473768263269,0.8874906712337451,,,0.4472925111885433,0.010000000000161435,0.010000000000161435,0.08499238774443954,26033.3285564583,uncalibrated_drag_and_engine;trim_stability_control_unverified;engine_mass_thrust_coupling_unverified;flutter_analysis_required,False,True,True,True,True,True,True,True,optimistic_only
D0055,False,False,q_limit,q_limit;reached_mach_1,gate_failed,optimistic,18.0,3.0,21.0,0.12,0.0,0,450.0,1.6716062205602467,1716.1637500000002,6.840417625201328,0.9573028505467166,,,2.8782551993021173,79.13008052332535,79.13008052332535,0.037806293177892906,65000.00000000001,uncalibrated_drag_and_engine;trim_stability_control_unverified;engine_mass_thrust_coupling_unverified;flutter_analysis_required,False,True,True,True,True,True,True,True,fails_all_three
D0055,False,False,insufficient_acceleration,insufficient_acceleration;reached_mach_1,gate_failed,baseline,18.0,3.0,21.0,0.12,0.0,0,450.0,1.6716062205602467,1716.1637500000002,33.05814182023812,0.9203889440042098,,,2.4134259398927154,0.009999999999990905,0.009999999999990905,0.037806293177892906,60083.80648931031,uncalibrated_drag_and_engine;trim_stability_control_unverified;engine_mass_thrust_coupling_unverified;flutter_analysis_required,False,True,True,True,True,True,True,True,fails_all_three
D0055,False,False,insufficient_acceleration,insufficient_acceleration;reached_mach_1,gate_failed,pessimistic,18.0,3.0,21.0,0.12,0.0,0,450.0,1.6716062205602467,1716.1637500000002,25.99443772119232,0.855218205330444,,,2.533050257573774,0.009999999999763531,0.009999999999763531,0.037806293177892906,51876.24432177459,uncalibrated_drag_and_engine;trim_stability_control_unverified;engine_mass_thrust_coupling_unverified;flutter_analysis_required,False,True,True,True,True,True,True,True,fails_all_three
D0056,True,True,target_reached,,hold_complete,optimistic,18.0,3.0,21.0,0.12,3000.0,0,450.0,1.3367369290892601,1716.1637500000002,11.963050116412397,1.0,11.963050116412397,2.8367361035482443,2.7559167082971996,45.296273779830585,45.296273779830585,0.054630064970574675,49084.80084765296,uncalibrated_drag_and_engine;trim_stability_control_unverified;engine_mass_thrust_coupling_unverified;flutter_analysis_required,True,True,True,True,True,True,True,True,optimistic_only
D0056,False,False,insufficient_acceleration,insufficient_acceleration;reached_mach_1,gate_failed,baseline,18.0,3.0,21.0,0.12,3000.0,0,450.0,1.3367369290892601,1716.1637500000002,45.68672315751972,0.9391848970876793,,,2.3763989940511996,0.010000000000047748,0.010000000000047748,0.054630064970574675,43296.145412023725,uncalibrated_drag_and_engine;trim_stability_control_unverified;engine_mass_thrust_coupling_unverified;flutter_analysis_required,False,True,True,True,True,True,True,True,optimistic_only
D0056,False,False,insufficient_acceleration,insufficient_acceleration;reached_mach_1,gate_failed,pessimistic,18.0,3.0,21.0,0.12,3000.0,0,450.0,1.3367369290892601,1716.1637500000002,34.26649807694463,0.8703472337890789,,,2.5260469125283236,0.010000000000104592,0.010000000000104592,0.054630064970574675,37181.94806821603,uncalibrated_drag_and_engine;trim_stability_control_unverified;engine_mass_thrust_coupling_unverified;flutter_analysis_required,False,True,True,True,True,True,True,True,optimistic_only
D0057,True,True,target_reached,,hold_complete,optimistic,18.0,3.0,21.0,0.12,6000.0,0,450.0,1.0513438843971494,1716.1637500000002,12.231140791820671,1.0,12.231140791820671,2.8733760142102898,2.821083840164744,56.15350523545641,56.15350523545641,0.08112909739241957,33052.33196919002,uncalibrated_drag_and_engine;trim_stability_control_unverified;engine_mass_thrust_coupling_unverified;flutter_analysis_required,True,True,True,True,True,True,True,True,optimistic_only
D0057,False,False,insufficient_acceleration,insufficient_acceleration;reached_mach_1,gate_failed,baseline,18.0,3.0,21.0,0.12,6000.0,0,450.0,1.0513438843971494,1716.1637500000002,75.58246315592456,0.9625003422612283,,,2.2225593552816902,0.010000000000019327,0.010000000000019327,0.08112909739241957,30619.9086899599,uncalibrated_drag_and_engine;trim_stability_control_unverified;engine_mass_thrust_coupling_unverified;flutter_analysis_required,False,True,True,True,True,True,True,True,optimistic_only
D0057,False,False,insufficient_acceleration,insufficient_acceleration;reached_mach_1,gate_failed,pessimistic,18.0,3.0,21.0,0.12,6000.0,0,450.0,1.0513438843971494,1716.1637500000002,48.516928628189795,0.8876050425072857,,,2.4933960163564794,0.010000000000133014,0.010000000000133014,0.08112909739241957,26040.038839487872,uncalibrated_drag_and_engine;trim_stability_control_unverified;engine_mass_thrust_coupling_unverified;flutter_analysis_required,False,True,True,True,True,True,True,True,optimistic_only
D0058,False,False,q_limit,q_limit;reached_mach_1,gate_failed,optimistic,21.0,3.0,24.0,0.12,0.0,0,450.0,1.4626554429902159,1961.3300000000002,7.831674279293527,0.9573028505467166,,,2.8606135173207887,78.89734687542094,78.89734687542094,0.043207192203306176,65000.00000000001,uncalibrated_drag_and_engine;trim_stability_control_unverified;engine_mass_thrust_coupling_unverified;flutter_analysis_required,False,True,True,True,True,True,True,True,fails_all_three
D0058,False,False,insufficient_acceleration,insufficient_acceleration;reached_mach_1,gate_failed,baseline,21.0,3.0,24.0,0.12,0.0,0,450.0,1.4626554429902159,1961.3300000000002,38.58999617185761,0.9202865383820054,,,2.3152933408980414,0.009999999999877218,0.009999999999877218,0.043207192203306176,60070.436973453805,uncalibrated_drag_and_engine;trim_stability_control_unverified;engine_mass_thrust_coupling_unverified;flutter_analysis_required,False,True,True,True,True,True,True,True,fails_all_three
D0058,False,False,insufficient_acceleration,insufficient_acceleration;reached_mach_1,gate_failed,pessimistic,21.0,3.0,24.0,0.12,0.0,0,450.0,1.4626554429902159,1961.3300000000002,30.378669644372494,0.8551182305885608,,,2.454298029194587,0.009999999999877218,0.009999999999877218,0.043207192203306176,51864.11639707803,uncalibrated_drag_and_engine;trim_stability_control_unverified;engine_mass_thrust_coupling_unverified;flutter_analysis_required,False,True,True,True,True,True,True,True,fails_all_three
D0059,True,True,target_reached,,hold_complete,optimistic,21.0,3.0,24.0,0.12,3000.0,0,450.0,1.1696448129531025,1961.3300000000002,13.72337611744328,1.0,13.72337611744328,2.812715152710798,2.7284865320315994,44.98935272914616,44.98935272914616,0.062434359966371054,49084.80084765296,uncalibrated_drag_and_engine;trim_stability_control_unverified;engine_mass_thrust_coupling_unverified;flutter_analysis_required,True,True,True,True,True,True,True,True,optimistic_only
D0059,False,False,insufficient_acceleration,insufficient_acceleration;reached_mach_1,gate_failed,baseline,21.0,3.0,24.0,0.12,3000.0,0,450.0,1.1696448129531025,1961.3300000000002,54.952918659281345,0.9389852669071677,,,2.2499984214643476,0.010000000000104592,0.010000000000104592,0.062434359966371054,43277.74158384602,uncalibrated_drag_and_engine;trim_stability_control_unverified;engine_mass_thrust_coupling_unverified;flutter_analysis_required,False,True,True,True,True,True,True,True,optimistic_only
D0059,False,False,insufficient_acceleration,insufficient_acceleration;reached_mach_1,gate_failed,pessimistic,21.0,3.0,24.0,0.12,3000.0,0,450.0,1.1696448129531025,1961.3300000000002,40.94908046363784,0.8701623586163512,,,2.433633884815118,0.010000000000104592,0.010000000000104592,0.062434359966371054,37166.153707687714,uncalibrated_drag_and_engine;trim_stability_control_unverified;engine_mass_thrust_coupling_unverified;flutter_analysis_required,False,True,True,True,True,True,True,True,optimistic_only
D0060,True,True,target_reached,,hold_complete,optimistic,21.0,3.0,24.0,0.12,6000.0,0,450.0,0.9199258988475059,1961.3300000000002,14.05526265458069,1.0,14.05526265458069,2.8544936606126763,2.8001901839636414,55.6961191616125,55.6961191616125,0.0927189684484795,33052.33196919002,uncalibrated_drag_and_engine;trim_stability_control_unverified;engine_mass_thrust_coupling_unverified;flutter_analysis_required,True,True,True,True,True,True,True,True,optimistic_only
D0060,False,False,time_limit,time_limit;reached_mach_1,gate_failed,baseline,21.0,3.0,24.0,0.12,6000.0,0,450.0,0.9199258988475059,1961.3300000000002,120.0,0.9621184700947633,,,1.766586743723233,0.011774453343349478,0.011774453343349478,0.0927189684484795,30595.616602410595,uncalibrated_drag_and_engine;trim_stability_control_unverified;engine_mass_thrust_coupling_unverified;flutter_analysis_required,False,True,True,True,True,True,True,True,optimistic_only
D0060,False,False,insufficient_acceleration,insufficient_acceleration;reached_mach_1,gate_failed,pessimistic,21.0,3.0,24.0,0.12,6000.0,0,450.0,0.9199258988475059,1961.3300000000002,100.14753827747238,0.8872990690975853,,,1.9550439298050828,0.010000000000133014,0.010000000000133014,0.0927189684484795,26022.088995107813,uncalibrated_drag_and_engine;trim_stability_control_unverified;engine_mass_thrust_coupling_unverified;flutter_analysis_required,False,True,True,True,True,True,True,True,optimistic_only
D0061,False,False,q_limit,q_limit;reached_mach_1,gate_failed,optimistic,18.0,1.0,19.0,0.12,0.0,0,600.0,2.463419693457206,1552.7195833333333,3.589315620526694,0.9573028505467166,,,0.9147147904819211,187.99953541156992,187.99953541156992,0.03420569382761739,65000.00000000001,uncalibrated_drag_and_engine;trim_stability_control_unverified;engine_mass_thrust_coupling_unverified;flutter_analysis_required,False,True,True,True,True,True,True,True,fails_all_three
D0061,False,False,q_limit,q_limit;reached_mach_1,gate_failed,baseline,18.0,1.0,19.0,0.12,0.0,0,600.0,2.463419693457206,1552.7195833333333,7.9524694035187204,0.9573028505467166,,,0.8119576066389281,22.67879390710965,22.67879390710965,0.03420569382761739,65000.00000000001,uncalibrated_drag_and_engine;trim_stability_control_unverified;engine_mass_thrust_coupling_unverified;flutter_analysis_required,False,True,True,True,True,True,True,True,fails_all_three
D0061,False,False,insufficient_acceleration,insufficient_acceleration;reached_mach_1,gate_failed,pessimistic,18.0,1.0,19.0,0.12,0.0,0,600.0,2.463419693457206,1552.7195833333333,21.207008361679044,0.8917882326576752,,,0.49555965073557984,0.010000000000218279,0.010000000000218279,0.03420569382761739,56407.665632112454,uncalibrated_drag_and_engine;trim_stability_control_unverified;engine_mass_thrust_coupling_unverified;flutter_analysis_required,False,True,True,True,True,True,True,True,fails_all_three
D0062,True,True,target_reached,,hold_complete,optimistic,18.0,1.0,19.0,0.12,3000.0,0,600.0,1.969928106026278,1552.7195833333333,5.822504950099395,1.0,5.822504950099395,0.8937923588006793,0.8239644960374383,131.11946603262822,131.11946603262822,0.04942720164004375,49084.80084765296,uncalibrated_drag_and_engine;trim_stability_control_unverified;engine_mass_thrust_coupling_unverified;flutter_analysis_required,True,True,True,True,True,True,True,True,optimistic_only
D0062,False,False,insufficient_acceleration,insufficient_acceleration;reached_mach_1,gate_failed,baseline,18.0,1.0,19.0,0.12,3000.0,0,600.0,1.969928106026278,1552.7195833333333,53.65914654172482,0.9968759873193207,,,0.03544411784404636,0.009999999999934062,0.009999999999934062,0.04942720164004375,48778.59680801588,uncalibrated_drag_and_engine;trim_stability_control_unverified;engine_mass_thrust_coupling_unverified;flutter_analysis_required,False,True,True,True,True,True,True,True,optimistic_only
D0062,False,False,insufficient_acceleration,insufficient_acceleration;reached_mach_1,gate_failed,pessimistic,18.0,1.0,19.0,0.12,3000.0,0,600.0,1.969928106026278,1552.7195833333333,28.49974606396363,0.9098411022634721,,,0.47836688279471673,0.009999999999820375,0.009999999999820375,0.04942720164004375,40632.92979722879,uncalibrated_drag_and_engine;trim_stability_control_unverified;engine_mass_thrust_coupling_unverified;flutter_analysis_required,False,True,True,True,True,True,True,True,optimistic_only
D0063,True,True,target_reached,,hold_complete,optimistic,18.0,1.0,19.0,0.12,6000.0,0,600.0,1.5493488822694834,1552.7195833333333,6.566019160046931,1.0,6.566019160046931,0.9092251666851785,0.861413881887359,123.78126336646778,123.78126336646778,0.0734025166883796,33052.33196919002,uncalibrated_drag_and_engine;trim_stability_control_unverified;engine_mass_thrust_coupling_unverified;flutter_analysis_required,True,True,True,True,True,True,True,True,baseline_pass_sensitive
D0063,True,True,target_reached,,hold_complete,baseline,18.0,1.0,19.0,0.12,6000.0,0,600.0,1.5493488822694834,1552.7195833333333,11.825202078295508,1.0,11.825202078295508,0.8372334690866547,0.7457061468747447,31.93203682299071,31.93203682299071,0.0734025166883796,33052.33196919002,uncalibrated_drag_and_engine;trim_stability_control_unverified;engine_mass_thrust_coupling_unverified;flutter_analysis_required,True,True,True,True,True,True,True,True,baseline_pass_sensitive
D0063,False,False,insufficient_acceleration,insufficient_acceleration;reached_mach_1,gate_failed,pessimistic,18.0,1.0,19.0,0.12,6000.0,0,600.0,1.5493488822694834,1552.7195833333333,41.3073411832337,0.9314581224794974,,,0.42979269894485433,0.009999999999877218,0.009999999999877218,0.0734025166883796,28676.67368114901,uncalibrated_drag_and_engine;trim_stability_control_unverified;engine_mass_thrust_coupling_unverified;flutter_analysis_required,False,True,True,True,True,True,True,True,baseline_pass_sensitive
D0064,False,False,q_limit,q_limit;reached_mach_1,gate_failed,optimistic,21.0,1.0,22.0,0.12,0.0,0,600.0,2.127498826167587,1797.8858333333333,4.159802191891522,0.9573028505467166,,,0.9011596163885041,187.78691842518288,187.78691842518288,0.03960659285303066,65000.00000000001,uncalibrated_drag_and_engine;trim_stability_control_unverified;engine_mass_thrust_coupling_unverified;flutter_analysis_required,False,True,True,True,True,True,True,True,fails_all_three
D0064,False,False,q_limit,q_limit;reached_mach_1,gate_failed,baseline,21.0,1.0,22.0,0.12,0.0,0,600.0,2.127498826167587,1797.8858333333333,9.23760669331184,0.9573028505467166,,,0.7815731802928878,22.468526762417525,22.468526762417525,0.03960659285303066,65000.00000000001,uncalibrated_drag_and_engine;trim_stability_control_unverified;engine_mass_thrust_coupling_unverified;flutter_analysis_required,False,True,True,True,True,True,True,True,fails_all_three
D0064,False,False,insufficient_acceleration,insufficient_acceleration;reached_mach_1,gate_failed,pessimistic,21.0,1.0,22.0,0.12,0.0,0,600.0,2.127498826167587,1797.8858333333333,24.99092669367911,0.8917170338253808,,,0.40556493806138255,0.009999999999763531,0.009999999999763531,0.03960659285303066,56398.65901045776,uncalibrated_drag_and_engine;trim_stability_control_unverified;engine_mass_thrust_coupling_unverified;flutter_analysis_required,False,True,True,True,True,True,True,True,fails_all_three
D0065,True,True,target_reached,,hold_complete,optimistic,21.0,1.0,22.0,0.12,3000.0,0,600.0,1.7013015461136038,1797.8858333333333,6.752983496750846,1.0,6.752983496750846,0.8768199096286081,0.8055252066645028,130.83854440308014,130.83854440308014,0.05723149663584013,49084.80084765296,uncalibrated_drag_and_engine;trim_stability_control_unverified;engine_mass_thrust_coupling_unverified;flutter_analysis_required,True,True,True,True,True,True,True,True,optimistic_only
D0065,False,False,fuel_exhausted,fuel_exhausted;reached_mach_1,gate_failed,baseline,21.0,1.0,22.0,0.12,3000.0,0,600.0,1.7013015461136038,1797.8858333333333,55.60622580773871,0.9966516964409529,,,0.0,0.018511990909473752,0.018511990909473752,0.05723149663584013,48756.64951731967,uncalibrated_drag_and_engine;trim_stability_control_unverified;engine_mass_thrust_coupling_unverified;flutter_analysis_required,False,True,True,True,True,True,True,True,optimistic_only
D0065,False,False,insufficient_acceleration,insufficient_acceleration;reached_mach_1,gate_failed,pessimistic,21.0,1.0,22.0,0.12,3000.0,0,600.0,1.7013015461136038,1797.8858333333333,34.15206318395143,0.9097051224473437,,,0.3749429789610553,0.009999999999877218,0.009999999999877218,0.05723149663584013,40620.78515917809,uncalibrated_drag_and_engine;trim_stability_control_unverified;engine_mass_thrust_coupling_unverified;flutter_analysis_required,False,True,True,True,True,True,True,True,optimistic_only
D0066,True,True,target_reached,,hold_complete,optimistic,21.0,1.0,22.0,0.12,6000.0,0,600.0,1.338074034687281,1797.8858333333333,7.624402500218457,1.0,7.624402500218457,0.8945933292624577,0.8455985503778455,123.36340960855219,123.36340960855219,0.08499238774443954,33052.33196919002,uncalibrated_drag_and_engine;trim_stability_control_unverified;engine_mass_thrust_coupling_unverified;flutter_analysis_required,True,True,True,True,True,True,True,True,baseline_pass_sensitive
D0066,True,True,target_reached,,hold_complete,baseline,21.0,1.0,22.0,0.12,6000.0,0,600.0,1.338074034687281,1797.8858333333333,13.779356162725447,1.0,13.779356162725447,0.8103418380580082,0.7136701079430279,31.5174924809491,31.5174924809491,0.08499238774443954,33052.33196919002,uncalibrated_drag_and_engine;trim_stability_control_unverified;engine_mass_thrust_coupling_unverified;flutter_analysis_required,True,True,True,True,True,True,True,True,baseline_pass_sensitive
D0066,False,False,insufficient_acceleration,insufficient_acceleration;reached_mach_1,gate_failed,pessimistic,21.0,1.0,22.0,0.12,6000.0,0,600.0,1.338074034687281,1797.8858333333333,56.06600801167116,0.9311879865609293,,,0.2263182738652268,0.010000000000047748,0.010000000000047748,0.08499238774443954,28660.042818014852,uncalibrated_drag_and_engine;trim_stability_control_unverified;engine_mass_thrust_coupling_unverified;flutter_analysis_required,False,True,True,True,True,True,True,True,baseline_pass_sensitive
D0067,False,False,q_limit,q_limit;reached_mach_1,gate_failed,optimistic,18.0,3.0,21.0,0.12,0.0,0,600.0,2.228808294080329,1716.1637500000002,3.9694662114896815,0.9573028505467166,,,2.9056821340779786,187.86124754423227,187.86124754423227,0.037806293177892906,65000.00000000001,uncalibrated_drag_and_engine;trim_stability_control_unverified;engine_mass_thrust_coupling_unverified;flutter_analysis_required,False,True,True,True,True,True,True,True,fails_all_three
D0067,False,False,q_limit,q_limit;reached_mach_1,gate_failed,baseline,18.0,3.0,21.0,0.12,0.0,0,600.0,2.228808294080329,1716.1637500000002,8.807845536990095,0.9573028505467166,,,2.791733828961579,22.54203169093637,22.54203169093637,0.037806293177892906,65000.00000000001,uncalibrated_drag_and_engine;trim_stability_control_unverified;engine_mass_thrust_coupling_unverified;flutter_analysis_required,False,True,True,True,True,True,True,True,fails_all_three
D0067,False,False,insufficient_acceleration,insufficient_acceleration;reached_mach_1,gate_failed,pessimistic,18.0,3.0,21.0,0.12,0.0,0,600.0,2.228808294080329,1716.1637500000002,23.700573491069584,0.8917419073883222,,,2.436253194907676,0.010000000000161435,0.010000000000161435,0.037806293177892906,56401.80542374101,uncalibrated_drag_and_engine;trim_stability_control_unverified;engine_mass_thrust_coupling_unverified;flutter_analysis_required,False,True,True,True,True,True,True,True,fails_all_three
D0068,True,True,target_reached,,hold_complete,optimistic,18.0,3.0,21.0,0.12,3000.0,0,600.0,1.7823159054523467,1716.1637500000002,6.44230886754426,1.0,6.44230886754426,2.8824867702452264,2.8116831353380745,130.93675158515114,130.93675158515114,0.054630064970574675,49084.80084765296,uncalibrated_drag_and_engine;trim_stability_control_unverified;engine_mass_thrust_coupling_unverified;flutter_analysis_required,True,True,True,True,True,True,True,True,optimistic_only
D0068,False,False,insufficient_acceleration,insufficient_acceleration;reached_mach_1,gate_failed,baseline,18.0,3.0,21.0,0.12,3000.0,0,600.0,1.7823159054523467,1716.1637500000002,63.598829125346185,0.9967462614631675,,,1.8570023331166272,0.009999999999934062,0.009999999999934062,0.054630064970574675,48765.90228315111,uncalibrated_drag_and_engine;trim_stability_control_unverified;engine_mass_thrust_coupling_unverified;flutter_analysis_required,False,True,True,True,True,True,True,True,optimistic_only
D0068,False,False,insufficient_acceleration,insufficient_acceleration;reached_mach_1,gate_failed,pessimistic,18.0,3.0,21.0,0.12,3000.0,0,600.0,1.7823159054523467,1716.1637500000002,32.166603751011515,0.9097525678140544,,,2.411269378390968,0.010000000000047748,0.010000000000047748,0.054630064970574675,40625.0223966266,uncalibrated_drag_and_engine;trim_stability_control_unverified;engine_mass_thrust_coupling_unverified;flutter_analysis_required,False,True,True,True,True,True,True,True,optimistic_only
D0069,True,True,target_reached,,hold_complete,optimistic,18.0,3.0,21.0,0.12,6000.0,0,600.0,1.4017918458628658,1716.1637500000002,7.270603144629144,1.0,7.270603144629144,2.8994844882117308,2.850887067319355,123.50948594389806,123.50948594389806,0.08112909739241957,33052.33196919002,uncalibrated_drag_and_engine;trim_stability_control_unverified;engine_mass_thrust_coupling_unverified;flutter_analysis_required,True,True,True,True,True,True,True,True,baseline_pass_sensitive
D0069,True,True,target_reached,,hold_complete,baseline,18.0,3.0,21.0,0.12,6000.0,0,600.0,1.4017918458628658,1716.1637500000002,13.123836689613762,1.0,13.123836689613762,2.8193623293632553,2.7244312072864076,31.662403897356654,31.662403897356654,0.08112909739241957,33052.33196919002,uncalibrated_drag_and_engine;trim_stability_control_unverified;engine_mass_thrust_coupling_unverified;flutter_analysis_required,True,True,True,True,True,True,True,True,baseline_pass_sensitive
D0069,False,False,insufficient_acceleration,insufficient_acceleration;reached_mach_1,gate_failed,pessimistic,18.0,3.0,21.0,0.12,6000.0,0,600.0,1.4017918458628658,1716.1637500000002,49.01477666525333,0.9312793907006626,,,2.323495473343904,0.010000000000047748,0.010000000000047748,0.08112909739241957,28665.669555401444,uncalibrated_drag_and_engine;trim_stability_control_unverified;engine_mass_thrust_coupling_unverified;flutter_analysis_required,False,True,True,True,True,True,True,True,baseline_pass_sensitive
D0070,False,False,q_limit,q_limit;reached_mach_1,gate_failed,optimistic,21.0,3.0,24.0,0.12,0.0,0,600.0,1.9502072573202878,1961.3300000000002,4.541029610923615,0.9573028505467166,,,2.892101395898386,187.6278900984598,187.6278900984598,0.043207192203306176,65000.00000000001,uncalibrated_drag_and_engine;trim_stability_control_unverified;engine_mass_thrust_coupling_unverified;flutter_analysis_required,False,True,True,True,True,True,True,True,fails_all_three
D0070,False,False,q_limit,q_limit;reached_mach_1,gate_failed,baseline,21.0,3.0,24.0,0.12,0.0,0,600.0,1.9502072573202878,1961.3300000000002,10.101652081486314,0.9573028505467166,,,2.7611455012454935,22.311271682832228,22.311271682832228,0.043207192203306176,65000.00000000001,uncalibrated_drag_and_engine;trim_stability_control_unverified;engine_mass_thrust_coupling_unverified;flutter_analysis_required,False,True,True,True,True,True,True,True,fails_all_three
D0070,False,False,insufficient_acceleration,insufficient_acceleration;reached_mach_1,gate_failed,pessimistic,21.0,3.0,24.0,0.12,0.0,0,600.0,1.9502072573202878,1961.3300000000002,27.688010854556865,0.8916638940728492,,,2.3414241049222775,0.009999999999934062,0.009999999999934062,0.043207192203306176,56391.93732326467,uncalibrated_drag_and_engine;trim_stability_control_unverified;engine_mass_thrust_coupling_unverified;flutter_analysis_required,False,True,True,True,True,True,True,True,fails_all_three
D0071,True,True,target_reached,,hold_complete,optimistic,21.0,3.0,24.0,0.12,3000.0,0,600.0,1.5595264172708034,1961.3300000000002,7.376005228544617,1.0,7.376005228544617,2.8654557178604634,2.793172256719873,130.62843102615852,130.62843102615852,0.062434359966371054,49084.80084765296,uncalibrated_drag_and_engine;trim_stability_control_unverified;engine_mass_thrust_coupling_unverified;flutter_analysis_required,True,True,True,True,True,True,True,True,optimistic_only
D0071,False,False,time_limit,time_limit;reached_mach_1,gate_failed,baseline,21.0,3.0,24.0,0.12,3000.0,0,600.0,1.5595264172708034,1961.3300000000002,120.0,0.9965900265411837,,,0.8459663636763023,0.010642626022956847,0.010642626022956847,0.062434359966371054,48750.615865497275,uncalibrated_drag_and_engine;trim_stability_control_unverified;engine_mass_thrust_coupling_unverified;flutter_analysis_required,False,True,True,True,True,True,True,True,optimistic_only
D0071,False,False,insufficient_acceleration,insufficient_acceleration;reached_mach_1,gate_failed,pessimistic,21.0,3.0,24.0,0.12,3000.0,0,600.0,1.5595264172708034,1961.3300000000002,38.65244529095281,0.909604156350564,,,2.2926181315353253,0.010000000000275122,0.010000000000275122,0.062434359966371054,40611.76884295372,uncalibrated_drag_and_engine;trim_stability_control_unverified;engine_mass_thrust_coupling_unverified;flutter_analysis_required,False,True,True,True,True,True,True,True,optimistic_only
D0072,True,True,target_reached,,hold_complete,optimistic,21.0,3.0,24.0,0.12,6000.0,0,600.0,1.2265678651300076,1961.3300000000002,8.33528051931949,1.0,8.33528051931949,2.8847657351424427,2.834967342350255,123.05088370701853,123.05088370701853,0.0927189684484795,33052.33196919002,uncalibrated_drag_and_engine;trim_stability_control_unverified;engine_mass_thrust_coupling_unverified;flutter_analysis_required,True,True,True,True,True,True,True,True,baseline_pass_sensitive
D0072,True,True,target_reached,,hold_complete,baseline,21.0,3.0,24.0,0.12,6000.0,0,600.0,1.2265678651300076,1961.3300000000002,15.103998822040387,1.0,15.103998822040387,2.7921145921964547,2.691876029261763,31.20748819465973,31.20748819465973,0.0927189684484795,33052.33196919002,uncalibrated_drag_and_engine;trim_stability_control_unverified;engine_mass_thrust_coupling_unverified;flutter_analysis_required,True,True,True,True,True,True,True,True,baseline_pass_sensitive
D0072,False,False,time_limit,time_limit;reached_mach_1,gate_failed,pessimistic,21.0,3.0,24.0,0.12,6000.0,0,600.0,1.2265678651300076,1961.3300000000002,120.0,0.9310686714211867,,,1.3458293047893894,0.010666621105769991,0.010666621105769991,0.0927189684484795,28652.698741449658,uncalibrated_drag_and_engine;trim_stability_control_unverified;engine_mass_thrust_coupling_unverified;flutter_analysis_required,False,True,True,True,True,True,True,True,baseline_pass_sensitive
D0073,False,False,insufficient_acceleration,insufficient_acceleration;reached_mach_1,gate_failed,optimistic,18.0,1.0,19.0,0.18,0.0,0,300.0,1.231709846728603,1035.1463888888889,37.967509041387856,0.8864846877372263,,,0.5477756056433633,0.009999999999990905,0.009999999999990905,0.022803795885078262,55738.73771820685,uncalibrated_drag_and_engine;trim_stability_control_unverified;engine_mass_thrust_coupling_unverified;flutter_analysis_required,False,True,True,True,True,True,True,True,fails_all_three
D0073,False,False,insufficient_acceleration,insufficient_acceleration;reached_mach_1,gate_failed,baseline,18.0,1.0,19.0,0.18,0.0,0,300.0,1.231709846728603,1035.1463888888889,33.08631011054791,0.8217586454379212,,,0.6013103897441607,0.009999999999934062,0.009999999999934062,0.022803795885078262,47896.437938816656,uncalibrated_drag_and_engine;trim_stability_control_unverified;engine_mass_thrust_coupling_unverified;flutter_analysis_required,False,True,True,True,True,True,True,True,fails_all_three
D0073,False,False,insufficient_acceleration,insufficient_acceleration;reached_mach_1;positive_excess_thrust;positive_acceleration,gate_failed,pessimistic,18.0,1.0,19.0,0.18,0.0,0,300.0,1.231709846728603,1035.1463888888889,0.0,0.8000000000000002,,,1.0,-86.29750685483037,-86.29750685483037,0.022803795885078262,45393.60000000001,uncalibrated_drag_and_engine;trim_stability_control_unverified;engine_mass_thrust_coupling_unverified;flutter_analysis_required,False,True,True,True,False,False,True,True,fails_all_three
D0074,False,False,insufficient_acceleration,insufficient_acceleration;reached_mach_1,gate_failed,optimistic,18.0,1.0,19.0,0.18,3000.0,0,300.0,0.984964053013139,1035.1463888888889,46.744429739836264,0.9015812936200027,,,0.5713054737049816,0.01000000000007617,0.01000000000007617,0.03295146776002917,39898.52289098374,uncalibrated_drag_and_engine;trim_stability_control_unverified;engine_mass_thrust_coupling_unverified;flutter_analysis_required,False,True,True,True,True,True,True,True,fails_all_three
D0074,False,False,insufficient_acceleration,insufficient_acceleration;reached_mach_1,gate_failed,baseline,18.0,1.0,19.0,0.18,3000.0,0,300.0,0.984964053013139,1035.1463888888889,39.47065205027171,0.8365011711938338,,,0.6337140373142933,0.009999999999934062,0.009999999999934062,0.03295146776002917,34346.31431511375,uncalibrated_drag_and_engine;trim_stability_control_unverified;engine_mass_thrust_coupling_unverified,False,True,True,True,True,True,True,True,fails_all_three
D0074,False,False,insufficient_acceleration,insufficient_acceleration;reached_mach_1;positive_excess_thrust;positive_acceleration,gate_failed,pessimistic,18.0,1.0,19.0,0.18,3000.0,0,300.0,0.984964053013139,1035.1463888888889,0.0,0.8,,,1.0,-41.61672737110803,-41.61672737110803,0.03295146776002917,31414.272542497896,uncalibrated_drag_and_engine;trim_stability_control_unverified;engine_mass_thrust_coupling_unverified,False,True,True,True,False,False,True,True,fails_all_three
D0075,False,False,insufficient_acceleration,insufficient_acceleration;reached_mach_1,gate_failed,optimistic,18.0,1.0,19.0,0.18,6000.0,0,300.0,0.7746744411347417,1035.1463888888889,60.75097379928868,0.9184050386326028,,,0.5793352826099483,0.009999999999877218,0.009999999999877218,0.04893501112558641,27878.578226236445,uncalibrated_drag_and_engine;trim_stability_control_unverified;engine_mass_thrust_coupling_unverified;flutter_analysis_required,False,True,True,True,True,True,True,True,fails_all_three
D0075,False,False,insufficient_acceleration,insufficient_acceleration;reached_mach_1,gate_failed,baseline,18.0,1.0,19.0,0.18,6000.0,0,300.0,0.7746744411347417,1035.1463888888889,49.32083230871443,0.8516093450265213,,,0.6542585621629095,0.010000000000104592,0.010000000000104592,0.04893501112558641,23970.822883314046,uncalibrated_drag_and_engine;trim_stability_control_unverified;engine_mass_thrust_coupling_unverified;flutter_analysis_required,False,True,True,True,True,True,True,True,fails_all_three
D0075,False,False,insufficient_acceleration,insufficient_acceleration;reached_mach_1;positive_excess_thrust;positive_acceleration,gate_failed,pessimistic,18.0,1.0,19.0,0.18,6000.0,0,300.0,0.7746744411347417,1035.1463888888889,0.0,0.8,,,1.0,-12.656919643643562,-12.656919643643562,0.04893501112558641,21153.492460281614,uncalibrated_drag_and_engine;trim_stability_control_unverified;engine_mass_thrust_coupling_unverified,False,True,True,True,False,False,True,True,fails_all_three
D0076,False,False,insufficient_acceleration,insufficient_acceleration;reached_mach_1,gate_failed,optimistic,21.0,1.0,22.0,0.18,0.0,0,300.0,1.0637494130837934,1198.5905555555555,44.4105216446304,0.8863943481466053,,,0.47103582097617286,0.01000000000007617,0.01000000000007617,0.02640439523535378,55727.37788708252,uncalibrated_drag_and_engine;trim_stability_control_unverified;engine_mass_thrust_coupling_unverified;flutter_analysis_required,False,True,True,True,True,True,True,True,fails_all_three
D0076,False,False,insufficient_acceleration,insufficient_acceleration;reached_mach_1,gate_failed,baseline,21.0,1.0,22.0,0.18,0.0,0,300.0,1.0637494130837934,1198.5905555555555,38.93616081550471,0.8216483103605733,,,0.530814128345507,0.009999999999820375,0.009999999999820375,0.02640439523535378,47883.57697912625,uncalibrated_drag_and_engine;trim_stability_control_unverified;engine_mass_thrust_coupling_unverified;flutter_analysis_required,False,True,True,True,True,True,True,True,fails_all_three
D0076,False,False,insufficient_acceleration,insufficient_acceleration;reached_mach_1;positive_excess_thrust;positive_acceleration,gate_failed,pessimistic,21.0,1.0,22.0,0.18,0.0,0,300.0,1.0637494130837934,1198.5905555555555,0.0,0.8000000000000002,,,1.0,-86.5023148659941,-86.5023148659941,0.02640439523535378,45393.60000000001,uncalibrated_drag_and_engine;trim_stability_control_unverified;engine_mass_thrust_coupling_unverified;flutter_analysis_required,False,True,True,True,False,False,True,True,fails_all_three
D0077,False,False,insufficient_acceleration,insufficient_acceleration;reached_mach_1,gate_failed,optimistic,21.0,1.0,22.0,0.18,3000.0,0,300.0,0.8506507730568019,1198.5905555555555,54.954433549838505,0.9014192999039944,,,0.49601368493407677,0.009999999999934062,0.009999999999934062,0.03815433109056009,39884.1864592566,uncalibrated_drag_and_engine;trim_stability_control_unverified;engine_mass_thrust_coupling_unverified;flutter_analysis_required,False,True,True,True,True,True,True,True,fails_all_three
D0077,False,False,insufficient_acceleration,insufficient_acceleration;reached_mach_1,gate_failed,baseline,21.0,1.0,22.0,0.18,3000.0,0,300.0,0.8506507730568019,1198.5905555555555,46.66779522018967,0.8363210820109559,,,0.5669178418929472,0.010000000000104592,0.010000000000104592,0.03815433109056009,34331.52716580715,uncalibrated_drag_and_engine;trim_stability_control_unverified;engine_mass_thrust_coupling_unverified,False,True,True,True,True,True,True,True,fails_all_three
D0077,False,False,insufficient_acceleration,insufficient_acceleration;reached_mach_1;positive_excess_thrust;positive_acceleration,gate_failed,pessimistic,21.0,1.0,22.0,0.18,3000.0,0,300.0,0.8506507730568019,1198.5905555555555,0.0,0.8,,,1.0,-41.912674791917624,-41.912674791917624,0.03815433109056009,31414.272542497896,uncalibrated_drag_and_engine;trim_stability_control_unverified;engine_mass_thrust_coupling_unverified,False,True,True,True,False,False,True,True,fails_all_three
D0078,False,False,insufficient_acceleration,insufficient_acceleration;reached_mach_1,gate_failed,optimistic,21.0,1.0,22.0,0.18,6000.0,0,300.0,0.6690370173436405,1198.5905555555555,72.25483568169939,0.9180908148997545,,,0.4996836878029786,0.009999999999962483,0.009999999999962483,0.056661591829626365,27859.50469777541,uncalibrated_drag_and_engine;trim_stability_control_unverified;engine_mass_thrust_coupling_unverified;flutter_analysis_required,False,True,True,True,True,True,True,True,fails_all_three
D0078,False,False,insufficient_acceleration,insufficient_acceleration;reached_mach_1,gate_failed,baseline,21.0,1.0,22.0,0.18,6000.0,0,300.0,0.6690370173436405,1198.5905555555555,59.0089958036087,0.8512853391705216,,,0.5863344321716802,0.009999999999962483,0.009999999999962483,0.056661591829626365,23952.586330218153,uncalibrated_drag_and_engine;trim_stability_control_unverified;engine_mass_thrust_coupling_unverified;flutter_analysis_required,False,True,True,True,True,True,True,True,fails_all_three
D0078,False,False,insufficient_acceleration,insufficient_acceleration;reached_mach_1;positive_excess_thrust;positive_acceleration,gate_failed,pessimistic,21.0,1.0,22.0,0.18,6000.0,0,300.0,0.6690370173436405,1198.5905555555555,0.0,0.8,,,1.0,-13.096420258164642,-13.096420258164642,0.056661591829626365,21153.492460281614,uncalibrated_drag_and_engine;trim_stability_control_unverified;engine_mass_thrust_coupling_unverified,False,True,True,True,False,False,True,True,fails_all_three
D0079,False,False,insufficient_acceleration,insufficient_acceleration;reached_mach_1,gate_failed,optimistic,18.0,3.0,21.0,0.18,0.0,0,300.0,1.1144041470401644,1144.1091666666666,42.237724635591064,0.8864259304493274,,,2.496914837242005,0.009999999999962483,0.009999999999962483,0.025204195451928608,55731.349099842315,uncalibrated_drag_and_engine;trim_stability_control_unverified;engine_mass_thrust_coupling_unverified;flutter_analysis_required,False,True,True,True,True,True,True,True,fails_all_three
D0079,False,False,insufficient_acceleration,insufficient_acceleration;reached_mach_1,gate_failed,baseline,18.0,3.0,21.0,0.18,0.0,0,300.0,1.1144041470401644,1144.1091666666666,36.9485638902476,0.8216868894325721,,,2.5547667624670503,0.009999999999934062,0.009999999999934062,0.025204195451928608,47888.07366538245,uncalibrated_drag_and_engine;trim_stability_control_unverified;engine_mass_thrust_coupling_unverified;flutter_analysis_required,False,True,True,True,True,True,True,True,fails_all_three
D0079,False,False,insufficient_acceleration,insufficient_acceleration;reached_mach_1;positive_excess_thrust;positive_acceleration,gate_failed,pessimistic,18.0,3.0,21.0,0.18,0.0,0,300.0,1.1144041470401644,1144.1091666666666,0.0,0.8000000000000002,,,3.0,-86.43071531737587,-86.43071531737587,0.025204195451928608,45393.60000000001,uncalibrated_drag_and_engine;trim_stability_control_unverified;engine_mass_thrust_coupling_unverified;flutter_analysis_required,False,True,True,True,False,False,True,True,fails_all_three
D0080,False,False,insufficient_acceleration,insufficient_acceleration;reached_mach_1,gate_failed,optimistic,18.0,3.0,21.0,0.18,3000.0,0,300.0,0.8911579527261734,1144.1091666666666,52.1668542910406,0.9014759299843785,,,2.5215774935504105,0.010000000000019327,0.010000000000019327,0.03642004331371645,39889.19792425002,uncalibrated_drag_and_engine;trim_stability_control_unverified;engine_mass_thrust_coupling_unverified;flutter_analysis_required,False,True,True,True,True,True,True,True,fails_all_three
D0080,False,False,insufficient_acceleration,insufficient_acceleration;reached_mach_1,gate_failed,baseline,18.0,3.0,21.0,0.18,3000.0,0,300.0,0.8911579527261734,1144.1091666666666,44.206039903808474,0.8363840563778889,,,2.5897654080467025,0.010000000000104592,0.010000000000104592,0.03642004331371645,34336.69763833106,uncalibrated_drag_and_engine;trim_stability_control_unverified;engine_mass_thrust_coupling_unverified,False,True,True,True,True,True,True,True,fails_all_three
D0080,False,False,insufficient_acceleration,insufficient_acceleration;reached_mach_1;positive_excess_thrust;positive_acceleration,gate_failed,pessimistic,18.0,3.0,21.0,0.18,3000.0,0,300.0,0.8911579527261734,1144.1091666666666,0.0,0.8,,,3.0,-41.80921349846389,-41.80921349846389,0.03642004331371645,31414.272542497896,uncalibrated_drag_and_engine;trim_stability_control_unverified;engine_mass_thrust_coupling_unverified,False,True,True,True,False,False,True,True,fails_all_three
D0081,False,False,insufficient_acceleration,insufficient_acceleration;reached_mach_1,gate_failed,optimistic,18.0,3.0,21.0,0.18,6000.0,0,300.0,0.7008959229314329,1144.1091666666666,68.27823183028639,0.9182006234926015,,,2.527216168034225,0.01000000000007617,0.01000000000007617,0.05408606492827971,27866.169389127896,uncalibrated_drag_and_engine;trim_stability_control_unverified;engine_mass_thrust_coupling_unverified;flutter_analysis_required,False,True,True,True,True,True,True,True,fails_all_three
D0081,False,False,insufficient_acceleration,insufficient_acceleration;reached_mach_1,gate_failed,baseline,18.0,3.0,21.0,0.18,6000.0,0,300.0,0.7008959229314329,1144.1091666666666,55.63291077831682,0.851398635295674,,,2.6100042898716014,0.009999999999877218,0.009999999999877218,0.05408606492827971,23958.9623728373,uncalibrated_drag_and_engine;trim_stability_control_unverified;engine_mass_thrust_coupling_unverified;flutter_analysis_required,False,True,True,True,True,True,True,True,fails_all_three
D0081,False,False,insufficient_acceleration,insufficient_acceleration;reached_mach_1;positive_excess_thrust;positive_acceleration,gate_failed,pessimistic,18.0,3.0,21.0,0.18,6000.0,0,300.0,0.7008959229314329,1144.1091666666666,0.0,0.8,,,3.0,-12.942773701868674,-12.942773701868674,0.05408606492827971,21153.492460281614,uncalibrated_drag_and_engine;trim_stability_control_unverified;engine_mass_thrust_coupling_unverified,False,True,True,True,False,False,True,True,fails_all_three
D0082,False,False,insufficient_acceleration,insufficient_acceleration;reached_mach_1,gate_failed,optimistic,21.0,3.0,24.0,0.18,0.0,0,300.0,0.9751036286601439,1307.5533333333333,48.84604723362071,0.8863267801414823,,,2.4182074218130825,0.01000000000007617,0.01000000000007617,0.02880479480220412,55718.882245726985,uncalibrated_drag_and_engine;trim_stability_control_unverified;engine_mass_thrust_coupling_unverified;flutter_analysis_required,False,True,True,True,True,True,True,True,fails_all_three
D0082,False,False,insufficient_acceleration,insufficient_acceleration;reached_mach_1,gate_failed,baseline,21.0,3.0,24.0,0.18,0.0,0,300.0,0.9751036286601439,1307.5533333333333,43.05187997155794,0.8215657558341162,,,2.481214809740305,0.010000000000133014,0.010000000000133014,0.02880479480220412,47873.95532620002,uncalibrated_drag_and_engine;trim_stability_control_unverified;engine_mass_thrust_coupling_unverified;flutter_analysis_required,False,True,True,True,True,True,True,True,fails_all_three
D0082,False,False,insufficient_acceleration,insufficient_acceleration;reached_mach_1;positive_excess_thrust;positive_acceleration,gate_failed,pessimistic,21.0,3.0,24.0,0.18,0.0,0,300.0,0.9751036286601439,1307.5533333333333,0.0,0.8000000000000002,,,3.0,-86.65550459792144,-86.65550459792144,0.02880479480220412,45393.60000000001,uncalibrated_drag_and_engine;trim_stability_control_unverified;engine_mass_thrust_coupling_unverified;flutter_analysis_required,False,True,True,True,False,False,True,True,fails_all_three
D0083,False,False,insufficient_acceleration,insufficient_acceleration;reached_mach_1,gate_failed,optimistic,21.0,3.0,24.0,0.18,3000.0,0,300.0,0.7797632086354017,1307.5533333333333,60.72241079615313,0.9012981626418256,,,2.4431194626621338,0.009999999999990905,0.009999999999990905,0.04162290664424737,39873.46750412887,uncalibrated_drag_and_engine;trim_stability_control_unverified;engine_mass_thrust_coupling_unverified;flutter_analysis_required,False,True,True,True,True,True,True,True,fails_all_three
D0083,False,False,insufficient_acceleration,insufficient_acceleration;reached_mach_1,gate_failed,baseline,21.0,3.0,24.0,0.18,3000.0,0,300.0,0.7797632086354017,1307.5533333333333,51.83832219343927,0.8361863185925215,,,2.518929826519415,0.009999999999934062,0.009999999999934062,0.04162290664424737,34320.46380438696,uncalibrated_drag_and_engine;trim_stability_control_unverified;engine_mass_thrust_coupling_unverified,False,True,True,True,True,True,True,True,fails_all_three
D0083,False,False,insufficient_acceleration,insufficient_acceleration;reached_mach_1;positive_excess_thrust;positive_acceleration,gate_failed,pessimistic,21.0,3.0,24.0,0.18,3000.0,0,300.0,0.7797632086354017,1307.5533333333333,0.0,0.8,,,3.0,-42.13403383837678,-42.13403383837678,0.04162290664424737,31414.272542497896,uncalibrated_drag_and_engine;trim_stability_control_unverified;engine_mass_thrust_coupling_unverified,False,True,True,True,False,False,True,True,fails_all_three
D0084,False,False,insufficient_acceleration,insufficient_acceleration;reached_mach_1,gate_failed,optimistic,21.0,3.0,24.0,0.18,6000.0,0,300.0,0.6132839325650038,1307.5533333333333,80.83242948404843,0.9178561797981029,,,2.4403020442953802,0.010000000000047748,0.010000000000047748,0.061812645632319675,27845.26649321379,uncalibrated_drag_and_engine;trim_stability_control_unverified;engine_mass_thrust_coupling_unverified;flutter_analysis_required,False,True,True,True,True,True,True,True,fails_all_three
D0084,False,False,insufficient_acceleration,insufficient_acceleration;reached_mach_1,gate_failed,baseline,21.0,3.0,24.0,0.18,6000.0,0,300.0,0.6132839325650038,1307.5533333333333,66.4311715555951,0.8510430324125208,,,2.534298694668318,0.010000000000047748,0.010000000000047748,0.061812645632319675,23938.952716961394,uncalibrated_drag_and_engine;trim_stability_control_unverified;engine_mass_thrust_coupling_unverified;flutter_analysis_required,False,True,True,True,True,True,True,True,fails_all_three
D0084,False,False,insufficient_acceleration,insufficient_acceleration;reached_mach_1;positive_excess_thrust;positive_acceleration,gate_failed,pessimistic,21.0,3.0,24.0,0.18,6000.0,0,300.0,0.6132839325650038,1307.5533333333333,0.0,0.8,,,3.0,-13.425152425123542,-13.425152425123542,0.061812645632319675,21153.492460281614,uncalibrated_drag_and_engine;trim_stability_control_unverified;engine_mass_thrust_coupling_unverified,False,True,True,True,False,False,True,True,fails_all_three
D0085,False,False,insufficient_acceleration,insufficient_acceleration;reached_mach_1,gate_failed,optimistic,18.0,1.0,19.0,0.18,0.0,0,450.0,1.8475647700929043,1035.1463888888889,30.835969370375004,0.9399182721463327,,,0.4548096380382171,0.010000000000104592,0.010000000000104592,0.022803795885078262,62660.64157935508,uncalibrated_drag_and_engine;trim_stability_control_unverified;engine_mass_thrust_coupling_unverified;flutter_analysis_required,False,True,True,True,True,True,True,True,fails_all_three
D0085,False,False,insufficient_acceleration,insufficient_acceleration;reached_mach_1,gate_failed,baseline,18.0,1.0,19.0,0.18,0.0,0,450.0,1.8475647700929043,1035.1463888888889,23.459752313581728,0.8709274271632298,,,0.5797691458453054,0.010000000000161435,0.010000000000161435,0.022803795885078262,53799.54311305115,uncalibrated_drag_and_engine;trim_stability_control_unverified;engine_mass_thrust_coupling_unverified;flutter_analysis_required,False,True,True,True,True,True,True,True,fails_all_three
D0085,False,False,insufficient_acceleration,insufficient_acceleration;reached_mach_1,gate_failed,pessimistic,18.0,1.0,19.0,0.18,0.0,0,450.0,1.8475647700929043,1035.1463888888889,18.14309629468223,0.8102073206693678,,,0.6713997901268077,0.010000000000104592,0.010000000000104592,0.022803795885078262,46559.35747217395,uncalibrated_drag_and_engine;trim_stability_control_unverified;engine_mass_thrust_coupling_unverified;flutter_analysis_required,False,True,True,True,True,True,True,True,fails_all_three
D0086,False,False,insufficient_acceleration,insufficient_acceleration;reached_mach_1,gate_failed,optimistic,18.0,1.0,19.0,0.18,3000.0,0,450.0,1.4774460795197086,1035.1463888888889,42.319657919283564,0.9594593344024618,,,0.42453434742501456,0.009999999999990905,0.009999999999990905,0.03295146776002917,45185.61296032476,uncalibrated_drag_and_engine;trim_stability_control_unverified;engine_mass_thrust_coupling_unverified;flutter_analysis_required,False,True,True,True,True,True,True,True,fails_all_three
D0086,False,False,insufficient_acceleration,insufficient_acceleration;reached_mach_1,gate_failed,baseline,18.0,1.0,19.0,0.18,3000.0,0,450.0,1.4774460795197086,1035.1463888888889,29.829991822545985,0.88560686362766,,,0.5885316524576065,0.010000000000161435,0.010000000000161435,0.03295146776002917,38497.185592163914,uncalibrated_drag_and_engine;trim_stability_control_unverified;engine_mass_thrust_coupling_unverified;flutter_analysis_required,False,True,True,True,True,True,True,True,fails_all_three
D0086,False,False,insufficient_acceleration,insufficient_acceleration;reached_mach_1,gate_failed,pessimistic,18.0,1.0,19.0,0.18,3000.0,0,450.0,1.4774460795197086,1035.1463888888889,24.08641021061046,0.8239219158273562,,,0.6639795512508168,0.009999999999934062,0.009999999999934062,0.03295146776002917,33321.08567410005,uncalibrated_drag_and_engine;trim_stability_control_unverified;engine_mass_thrust_coupling_unverified,False,True,True,True,True,True,True,True,fails_all_three
D0087,False,False,insufficient_acceleration,insufficient_acceleration;reached_mach_1,gate_failed,optimistic,18.0,1.0,19.0,0.18,6000.0,0,450.0,1.1620116617021126,1035.1463888888889,66.44862701790052,0.9851022646996638,,,0.31934262293404175,0.009999999999962483,0.009999999999962483,0.04893501112558641,32074.857901470914,uncalibrated_drag_and_engine;trim_stability_control_unverified;engine_mass_thrust_coupling_unverified;flutter_analysis_required,False,True,True,True,True,True,True,True,fails_all_three
D0087,False,False,insufficient_acceleration,insufficient_acceleration;reached_mach_1,gate_failed,baseline,18.0,1.0,19.0,0.18,6000.0,0,450.0,1.1620116617021126,1035.1463888888889,39.55580719847352,0.9023460413295479,,,0.5880159466971167,0.009999999999934062,0.009999999999934062,0.04893501112558641,26912.146658409496,uncalibrated_drag_and_engine;trim_stability_control_unverified;engine_mass_thrust_coupling_unverified;flutter_analysis_required,False,True,True,True,True,True,True,True,fails_all_three
D0087,False,False,insufficient_acceleration,insufficient_acceleration;reached_mach_1,gate_failed,pessimistic,18.0,1.0,19.0,0.18,6000.0,0,450.0,1.1620116617021126,1035.1463888888889,31.868349637926286,0.8388804212414173,,,0.6641559103264091,0.009999999999962483,0.009999999999962483,0.04893501112558641,23259.59898994954,uncalibrated_drag_and_engine;trim_stability_control_unverified;engine_mass_thrust_coupling_unverified,False,True,True,True,True,True,True,True,fails_all_three
D0088,False,False,insufficient_acceleration,insufficient_acceleration;reached_mach_1,gate_failed,optimistic,21.0,1.0,22.0,0.18,0.0,0,450.0,1.59562411962569,1198.5905555555555,36.03687025105387,0.9398561861302744,,,0.3628666014881818,0.010000000000104592,0.010000000000104592,0.02640439523535378,62652.363793452474,uncalibrated_drag_and_engine;trim_stability_control_unverified;engine_mass_thrust_coupling_unverified;flutter_analysis_required,False,True,True,True,True,True,True,True,fails_all_three
D0088,False,False,insufficient_acceleration,insufficient_acceleration;reached_mach_1,gate_failed,baseline,21.0,1.0,22.0,0.18,0.0,0,450.0,1.59562411962569,1198.5905555555555,27.416209517074982,0.8708694802125794,,,0.5088993590543941,0.009999999999820375,0.009999999999820375,0.02640439523535378,53792.38427142819,uncalibrated_drag_and_engine;trim_stability_control_unverified;engine_mass_thrust_coupling_unverified;flutter_analysis_required,False,True,True,True,True,True,True,True,fails_all_three
D0088,False,False,insufficient_acceleration,insufficient_acceleration;reached_mach_1,gate_failed,pessimistic,21.0,1.0,22.0,0.18,0.0,0,450.0,1.59562411962569,1198.5905555555555,21.287741856539487,0.8101419080057419,,,0.6144419644528838,0.010000000000275122,0.010000000000275122,0.02640439523535378,46551.839770054794,uncalibrated_drag_and_engine;trim_stability_control_unverified;engine_mass_thrust_coupling_unverified;flutter_analysis_required,False,True,True,True,True,True,True,True,fails_all_three
D0089,False,False,insufficient_acceleration,insufficient_acceleration;reached_mach_1,gate_failed,optimistic,21.0,1.0,22.0,0.18,3000.0,0,450.0,1.2759761595852028,1198.5905555555555,49.831338127627546,0.9593343938872646,,,0.3224124715045095,0.009999999999934062,0.009999999999934062,0.03815433109056009,45173.845611815515,uncalibrated_drag_and_engine;trim_stability_control_unverified;engine_mass_thrust_coupling_unverified;flutter_analysis_required,False,True,True,True,True,True,True,True,fails_all_three
D0089,False,False,insufficient_acceleration,insufficient_acceleration;reached_mach_1,gate_failed,baseline,21.0,1.0,22.0,0.18,3000.0,0,450.0,1.2759761595852028,1198.5905555555555,35.03809237258854,0.8855002657602963,,,0.5166952825018042,0.010000000000104592,0.010000000000104592,0.03815433109056009,38487.918566182074,uncalibrated_drag_and_engine;trim_stability_control_unverified;engine_mass_thrust_coupling_unverified;flutter_analysis_required,False,True,True,True,True,True,True,True,fails_all_three
D0089,False,False,insufficient_acceleration,insufficient_acceleration;reached_mach_1,gate_failed,pessimistic,21.0,1.0,22.0,0.18,3000.0,0,450.0,1.2759761595852028,1198.5905555555555,28.412637240855506,0.8238070932990501,,,0.6036215252798063,0.010000000000218279,0.010000000000218279,0.03815433109056009,33311.799005955276,uncalibrated_drag_and_engine;trim_stability_control_unverified;engine_mass_thrust_coupling_unverified,False,True,True,True,True,True,True,True,fails_all_three
D0090,False,False,insufficient_acceleration,insufficient_acceleration;reached_mach_1,gate_failed,optimistic,21.0,1.0,22.0,0.18,6000.0,0,450.0,1.003555526015461,1198.5905555555555,80.87592451413443,0.9848132069507641,,,0.17166112881390022,0.01000000000007617,0.01000000000007617,0.056661591829626365,32056.03726468798,uncalibrated_drag_and_engine;trim_stability_control_unverified;engine_mass_thrust_coupling_unverified;flutter_analysis_required,False,True,True,True,True,True,True,True,fails_all_three
D0090,False,False,insufficient_acceleration,insufficient_acceleration;reached_mach_1,gate_failed,baseline,21.0,1.0,22.0,0.18,6000.0,0,450.0,1.003555526015461,1198.5905555555555,46.998535160610416,0.9021368048296816,,,0.5105061114741083,0.009999999999848797,0.009999999999848797,0.056661591829626365,26899.667298490527,uncalibrated_drag_and_engine;trim_stability_control_unverified;engine_mass_thrust_coupling_unverified;flutter_analysis_required,False,True,True,True,True,True,True,True,fails_all_three
D0090,False,False,insufficient_acceleration,insufficient_acceleration;reached_mach_1,gate_failed,pessimistic,21.0,1.0,22.0,0.18,6000.0,0,450.0,1.003555526015461,1198.5905555555555,38.05961688645962,0.8386650168806198,,,0.5989036266404952,0.009999999999877218,0.009999999999877218,0.056661591829626365,23247.655509868284,uncalibrated_drag_and_engine;trim_stability_control_unverified;engine_mass_thrust_coupling_unverified,False,True,True,True,True,True,True,True,fails_all_three
D0091,False,False,insufficient_acceleration,insufficient_acceleration;reached_mach_1,gate_failed,optimistic,18.0,3.0,21.0,0.18,0.0,0,450.0,1.6716062205602467,1144.1091666666666,34.284427279819106,0.939877883886726,,,2.393846155762919,0.009999999999877218,0.009999999999877218,0.025204195451928608,62655.25664332178,uncalibrated_drag_and_engine;trim_stability_control_unverified;engine_mass_thrust_coupling_unverified;flutter_analysis_required,False,True,True,True,True,True,True,True,fails_all_three
D0091,False,False,insufficient_acceleration,insufficient_acceleration;reached_mach_1,gate_failed,baseline,18.0,3.0,21.0,0.18,0.0,0,450.0,1.6716062205602467,1144.1091666666666,26.083312723074762,0.8708897358721457,,,2.5327746579677175,0.009999999999820375,0.009999999999820375,0.025204195451928608,53794.8866277959,uncalibrated_drag_and_engine;trim_stability_control_unverified;engine_mass_thrust_coupling_unverified;flutter_analysis_required,False,True,True,True,True,True,True,True,fails_all_three
D0091,False,False,insufficient_acceleration,insufficient_acceleration;reached_mach_1,gate_failed,pessimistic,18.0,3.0,21.0,0.18,0.0,0,450.0,1.6716062205602467,1144.1091666666666,20.223155322238494,0.8101647747731101,,,2.633724568371873,0.010000000000331966,0.010000000000331966,0.025204195451928608,46554.46771733913,uncalibrated_drag_and_engine;trim_stability_control_unverified;engine_mass_thrust_coupling_unverified;flutter_analysis_required,False,True,True,True,True,True,True,True,fails_all_three
D0092,False,False,insufficient_acceleration,insufficient_acceleration;reached_mach_1,gate_failed,optimistic,18.0,3.0,21.0,0.18,3000.0,0,450.0,1.3367369290892601,1144.1091666666666,47.27294140012191,0.9593780348289509,,,2.3571924631503856,0.010000000000104592,0.010000000000104592,0.03642004331371645,45177.95569900857,uncalibrated_drag_and_engine;trim_stability_control_unverified;engine_mass_thrust_coupling_unverified;flutter_analysis_required,False,True,True,True,True,True,True,True,fails_all_three
D0092,False,False,insufficient_acceleration,insufficient_acceleration;reached_mach_1,gate_failed,baseline,18.0,3.0,21.0,0.18,3000.0,0,450.0,1.3367369290892601,1144.1091666666666,33.27146824936912,0.8855375242451065,,,2.5410623827927026,0.009999999999763531,0.009999999999763531,0.03642004331371645,38491.15748491173,uncalibrated_drag_and_engine;trim_stability_control_unverified;engine_mass_thrust_coupling_unverified;flutter_analysis_required,False,True,True,True,True,True,True,True,fails_all_three
D0092,False,False,insufficient_acceleration,insufficient_acceleration;reached_mach_1,gate_failed,pessimistic,18.0,3.0,21.0,0.18,3000.0,0,450.0,1.3367369290892601,1144.1091666666666,26.937031646190228,0.8238472313391577,,,2.624208799898538,0.010000000000218279,0.010000000000218279,0.03642004331371645,33315.04516129484,uncalibrated_drag_and_engine;trim_stability_control_unverified;engine_mass_thrust_coupling_unverified,False,True,True,True,True,True,True,True,fails_all_three
D0093,False,False,insufficient_acceleration,insufficient_acceleration;reached_mach_1,gate_failed,optimistic,18.0,3.0,21.0,0.18,6000.0,0,450.0,1.0513438843971494,1144.1091666666666,75.64241737023693,0.98491370618491,,,2.225222042305332,0.009999999999990905,0.009999999999990905,0.05408606492827971,32062.580173643837,uncalibrated_drag_and_engine;trim_stability_control_unverified;engine_mass_thrust_coupling_unverified;flutter_analysis_required,False,True,True,True,True,True,True,True,fails_all_three
D0093,False,False,insufficient_acceleration,insufficient_acceleration;reached_mach_1,gate_failed,baseline,18.0,3.0,21.0,0.18,6000.0,0,450.0,1.0513438843971494,1144.1091666666666,44.428241804908254,0.9022099083166224,,,2.5372725876512288,0.010000000000189857,0.010000000000189857,0.05408606492827971,26904.027034489074,uncalibrated_drag_and_engine;trim_stability_control_unverified;engine_mass_thrust_coupling_unverified;flutter_analysis_required,False,True,True,True,True,True,True,True,fails_all_three
D0093,False,False,insufficient_acceleration,insufficient_acceleration;reached_mach_1,gate_failed,pessimistic,18.0,3.0,21.0,0.18,6000.0,0,450.0,1.0513438843971494,1144.1091666666666,35.9059272557752,0.8387402969526235,,,2.6216021996976986,0.00999999999990564,0.00999999999990564,0.05408606492827971,23251.829199460346,uncalibrated_drag_and_engine;trim_stability_control_unverified;engine_mass_thrust_coupling_unverified,False,True,True,True,True,True,True,True,fails_all_three
D0094,False,False,insufficient_acceleration,insufficient_acceleration;reached_mach_1,gate_failed,optimistic,21.0,3.0,24.0,0.18,0.0,0,450.0,1.4626554429902159,1307.5533333333333,39.6094149793768,0.9398097919697295,,,2.299713824306101,0.010000000000275122,0.010000000000275122,0.02880479480220412,62646.17852356676,uncalibrated_drag_and_engine;trim_stability_control_unverified;engine_mass_thrust_coupling_unverified;flutter_analysis_required,False,True,True,True,True,True,True,True,fails_all_three
D0094,False,False,insufficient_acceleration,insufficient_acceleration;reached_mach_1,gate_failed,baseline,21.0,3.0,24.0,0.18,0.0,0,450.0,1.4626554429902159,1307.5533333333333,30.13222225497649,0.8708261526498028,,,2.460249746679097,0.010000000000161435,0.010000000000161435,0.02880479480220412,53787.03183921883,uncalibrated_drag_and_engine;trim_stability_control_unverified;engine_mass_thrust_coupling_unverified;flutter_analysis_required,False,True,True,True,True,True,True,True,fails_all_three
D0094,False,False,insufficient_acceleration,insufficient_acceleration;reached_mach_1,gate_failed,pessimistic,21.0,3.0,24.0,0.18,0.0,0,450.0,1.4626554429902159,1307.5533333333333,23.476837581965253,0.8100929912229958,,,2.5747909768089845,0.010000000000161435,0.010000000000161435,0.02880479480220412,46546.21829198599,uncalibrated_drag_and_engine;trim_stability_control_unverified;engine_mass_thrust_coupling_unverified;flutter_analysis_required,False,True,True,True,True,True,True,True,fails_all_three
D0095,False,False,insufficient_acceleration,insufficient_acceleration;reached_mach_1,gate_failed,optimistic,21.0,3.0,24.0,0.18,3000.0,0,450.0,1.1696448129531025,1307.5533333333333,55.16383249508089,0.9592411866966152,,,2.2499269013493213,0.010000000000161435,0.010000000000161435,0.04162290664424737,45165.06802034472,uncalibrated_drag_and_engine;trim_stability_control_unverified;engine_mass_thrust_coupling_unverified;flutter_analysis_required,False,True,True,True,True,True,True,True,fails_all_three
D0095,False,False,insufficient_acceleration,insufficient_acceleration;reached_mach_1,gate_failed,baseline,21.0,3.0,24.0,0.18,3000.0,0,450.0,1.1696448129531025,1307.5533333333333,38.68708641608532,0.8854205874869014,,,2.466365923829071,0.010000000000218279,0.010000000000218279,0.04162290664424737,38480.99250857103,uncalibrated_drag_and_engine;trim_stability_control_unverified;engine_mass_thrust_coupling_unverified;flutter_analysis_required,False,True,True,True,True,True,True,True,fails_all_three
D0095,False,False,insufficient_acceleration,insufficient_acceleration;reached_mach_1,gate_failed,pessimistic,21.0,3.0,24.0,0.18,3000.0,0,450.0,1.1696448129531025,1307.5533333333333,31.494307819891404,0.8237212431952042,,,2.5606265272044997,0.010000000000104592,0.010000000000104592,0.04162290664424737,33304.85642822271,uncalibrated_drag_and_engine;trim_stability_control_unverified;engine_mass_thrust_coupling_unverified,False,True,True,True,True,True,True,True,fails_all_three
D0096,False,False,insufficient_acceleration,insufficient_acceleration;reached_mach_1,gate_failed,optimistic,21.0,3.0,24.0,0.18,6000.0,0,450.0,0.9199258988475059,1307.5533333333333,94.30626903328971,0.9846021473988283,,,2.0342878588833857,0.010000000000019327,0.010000000000019327,0.061812645632319675,32042.298602741685,uncalibrated_drag_and_engine;trim_stability_control_unverified;engine_mass_thrust_coupling_unverified;flutter_analysis_required,False,True,True,True,True,True,True,True,fails_all_three
D0096,False,False,insufficient_acceleration,insufficient_acceleration;reached_mach_1,gate_failed,baseline,21.0,3.0,24.0,0.18,6000.0,0,450.0,0.9199258988475059,1307.5533333333333,52.53307236927805,0.9019806543731211,,,2.4528758490334255,0.009999999999820375,0.009999999999820375,0.061812645632319675,26890.356001611337,uncalibrated_drag_and_engine;trim_stability_control_unverified;engine_mass_thrust_coupling_unverified;flutter_analysis_required,False,True,True,True,True,True,True,True,fails_all_three
D0096,False,False,insufficient_acceleration,insufficient_acceleration;reached_mach_1,gate_failed,pessimistic,21.0,3.0,24.0,0.18,6000.0,0,450.0,0.9199258988475059,1307.5533333333333,42.77757570217219,0.8385041539800775,,,2.5491802203213503,0.009999999999934062,0.009999999999934062,0.061812645632319675,23238.7381791831,uncalibrated_drag_and_engine;trim_stability_control_unverified;engine_mass_thrust_coupling_unverified,False,True,True,True,True,True,True,True,fails_all_three
D0097,False,False,q_limit,q_limit;reached_mach_1,gate_failed,optimistic,18.0,1.0,19.0,0.18,0.0,0,600.0,2.463419693457206,1035.1463888888889,5.4184076882119525,0.9573028505467166,,,0.8715403285175075,69.78568008121727,69.78568008121727,0.022803795885078262,65000.00000000001,uncalibrated_drag_and_engine;trim_stability_control_unverified;engine_mass_thrust_coupling_unverified;flutter_analysis_required,False,True,True,True,True,True,True,True,fails_all_three
D0097,False,False,insufficient_acceleration,insufficient_acceleration;reached_mach_1,gate_failed,baseline,18.0,1.0,19.0,0.18,0.0,0,600.0,2.463419693457206,1035.1463888888889,20.709120514403992,0.9063486823364246,,,0.5087223333072843,0.009999999999990905,0.009999999999990905,0.022803795885078262,58264.66688686806,uncalibrated_drag_and_engine;trim_stability_control_unverified;engine_mass_thrust_coupling_unverified;flutter_analysis_required,False,True,True,True,True,True,True,True,fails_all_three
D0097,False,False,insufficient_acceleration,insufficient_acceleration;reached_mach_1,gate_failed,pessimistic,18.0,1.0,19.0,0.18,0.0,0,600.0,2.463419693457206,1035.1463888888889,16.626999998879207,0.8433023067609947,,,0.6008871543543266,0.009999999999877218,0.009999999999877218,0.022803795885078262,50440.71441018479,uncalibrated_drag_and_engine;trim_stability_control_unverified;engine_mass_thrust_coupling_unverified;flutter_analysis_required,False,True,True,True,True,True,True,True,fails_all_three
D0098,True,True,target_reached,,hold_complete,optimistic,18.0,1.0,19.0,0.18,3000.0,0,600.0,1.969928106026278,1035.1463888888889,10.4443069403105,1.0,10.4443069403105,0.8103611874576367,0.6792279573495028,29.8254159241132,29.8254159241132,0.03295146776002917,49084.80084765296,uncalibrated_drag_and_engine;trim_stability_control_unverified;engine_mass_thrust_coupling_unverified;flutter_analysis_required,True,True,True,True,True,True,True,True,optimistic_only
D0098,False,False,insufficient_acceleration,insufficient_acceleration;reached_mach_1,gate_failed,baseline,18.0,1.0,19.0,0.18,3000.0,0,600.0,1.969928106026278,1035.1463888888889,27.40949648610969,0.9236265660362957,,,0.49959532561643244,0.009999999999820375,0.009999999999820375,0.03295146776002917,41873.55805967266,uncalibrated_drag_and_engine;trim_stability_control_unverified;engine_mass_thrust_coupling_unverified;flutter_analysis_required,False,True,True,True,True,True,True,True,optimistic_only
D0098,False,False,insufficient_acceleration,insufficient_acceleration;reached_mach_1,gate_failed,pessimistic,18.0,1.0,19.0,0.18,3000.0,0,600.0,1.969928106026278,1035.1463888888889,21.412842353030218,0.8578759352261994,,,0.6041807612575669,0.010000000000218279,0.010000000000218279,0.03295146776002917,36124.0141705986,uncalibrated_drag_and_engine;trim_stability_control_unverified;engine_mass_thrust_coupling_unverified;flutter_analysis_required,False,True,True,True,True,True,True,True,optimistic_only
D0099,True,True,target_reached,,hold_complete,optimistic,18.0,1.0,19.0,0.18,6000.0,0,600.0,1.5493488822694834,1035.1463888888889,9.408907765074524,1.0,9.408907765074524,0.8702586466778589,0.7966545319007022,54.65370373893785,54.65370373893785,0.04893501112558641,33052.33196919002,uncalibrated_drag_and_engine;trim_stability_control_unverified;engine_mass_thrust_coupling_unverified;flutter_analysis_required,True,True,True,True,True,True,True,True,optimistic_only
D0099,False,False,insufficient_acceleration,insufficient_acceleration;reached_mach_1,gate_failed,baseline,18.0,1.0,19.0,0.18,6000.0,0,600.0,1.5493488822694834,1035.1463888888889,38.54755674315233,0.944506338800555,,,0.4691455390532074,0.009999999999877218,0.009999999999877218,0.04893501112558641,29485.728335918975,uncalibrated_drag_and_engine;trim_stability_control_unverified;engine_mass_thrust_coupling_unverified;flutter_analysis_required,False,True,True,True,True,True,True,True,optimistic_only
D0099,False,False,insufficient_acceleration,insufficient_acceleration;reached_mach_1,gate_failed,pessimistic,18.0,1.0,19.0,0.18,6000.0,0,600.0,1.5493488822694834,1035.1463888888889,28.52431696553507,0.874453870146251,,,0.6018389815325544,0.010000000000104592,0.010000000000104592,0.04893501112558641,25274.112507884798,uncalibrated_drag_and_engine;trim_stability_control_unverified;engine_mass_thrust_coupling_unverified;flutter_analysis_required,False,True,True,True,True,True,True,True,optimistic_only
D0100,False,False,q_limit,q_limit;reached_mach_1,gate_failed,optimistic,21.0,1.0,22.0,0.18,0.0,0,600.0,2.127498826167587,1198.5905555555555,6.280381058022937,0.9573028505467166,,,0.8511051541868062,69.64458498475051,69.64458498475051,0.02640439523535378,65000.00000000001,uncalibrated_drag_and_engine;trim_stability_control_unverified;engine_mass_thrust_coupling_unverified;flutter_analysis_required,False,True,True,True,True,True,True,True,fails_all_three
D0100,False,False,insufficient_acceleration,insufficient_acceleration;reached_mach_1,gate_failed,baseline,21.0,1.0,22.0,0.18,0.0,0,600.0,2.127498826167587,1198.5905555555555,24.19102971477919,0.9063040157746113,,,0.4261282534231887,0.009999999999820375,0.009999999999820375,0.02640439523535378,58258.92424439911,uncalibrated_drag_and_engine;trim_stability_control_unverified;engine_mass_thrust_coupling_unverified;flutter_analysis_required,False,True,True,True,True,True,True,True,fails_all_three
D0100,False,False,insufficient_acceleration,insufficient_acceleration;reached_mach_1,gate_failed,pessimistic,21.0,1.0,22.0,0.18,0.0,0,600.0,2.127498826167587,1198.5905555555555,19.444611798679755,0.8432570848908698,,,0.5332537481995536,0.009999999999877218,0.009999999999877218,0.02640439523535378,50435.30481446062,uncalibrated_drag_and_engine;trim_stability_control_unverified;engine_mass_thrust_coupling_unverified;flutter_analysis_required,False,True,True,True,True,True,True,True,fails_all_three
D0101,True,True,target_reached,,hold_complete,optimistic,21.0,1.0,22.0,0.18,3000.0,0,600.0,1.7013015461136038,1198.5905555555555,12.12554147614209,1.0,12.12554147614209,0.7798381764196564,0.6410093244430385,29.63981053985401,29.63981053985401,0.03815433109056009,49084.80084765296,uncalibrated_drag_and_engine;trim_stability_control_unverified;engine_mass_thrust_coupling_unverified;flutter_analysis_required,True,True,True,True,True,True,True,True,optimistic_only
D0101,False,False,insufficient_acceleration,insufficient_acceleration;reached_mach_1,gate_failed,baseline,21.0,1.0,22.0,0.18,3000.0,0,600.0,1.7013015461136038,1198.5905555555555,32.207916457735344,0.9235406675519267,,,0.4120051139471959,0.009999999999934062,0.009999999999934062,0.03815433109056009,41865.76982999702,uncalibrated_drag_and_engine;trim_stability_control_unverified;engine_mass_thrust_coupling_unverified;flutter_analysis_required,False,True,True,True,True,True,True,True,optimistic_only
D0101,False,False,insufficient_acceleration,insufficient_acceleration;reached_mach_1,gate_failed,pessimistic,21.0,1.0,22.0,0.18,3000.0,0,600.0,1.7013015461136038,1198.5905555555555,25.17646254945663,0.8577929227211291,,,0.5346110835382618,0.010000000000218279,0.010000000000218279,0.03815433109056009,36117.023416576136,uncalibrated_drag_and_engine;trim_stability_control_unverified;engine_mass_thrust_coupling_unverified;flutter_analysis_required,False,True,True,True,True,True,True,True,optimistic_only
D0102,True,True,target_reached,,hold_complete,optimistic,21.0,1.0,22.0,0.18,6000.0,0,600.0,1.338074034687281,1198.5905555555555,10.92692059412545,1.0,10.92692059412545,0.8493280727473049,0.7730540160445437,54.37629615167961,54.37629615167961,0.056661591829626365,33052.33196919002,uncalibrated_drag_and_engine;trim_stability_control_unverified;engine_mass_thrust_coupling_unverified;flutter_analysis_required,True,True,True,True,True,True,True,True,optimistic_only
D0102,False,False,insufficient_acceleration,insufficient_acceleration;reached_mach_1,gate_failed,baseline,21.0,1.0,22.0,0.18,6000.0,0,600.0,1.338074034687281,1198.5905555555555,46.03251032510639,0.9443279423675235,,,0.3661028891882085,0.009999999999877218,0.009999999999877218,0.056661591829626365,29474.5909792252,uncalibrated_drag_and_engine;trim_stability_control_unverified;engine_mass_thrust_coupling_unverified;flutter_analysis_required,False,True,True,True,True,True,True,True,optimistic_only
D0102,False,False,insufficient_acceleration,insufficient_acceleration;reached_mach_1,gate_failed,pessimistic,21.0,1.0,22.0,0.18,6000.0,0,600.0,1.338074034687281,1198.5905555555555,33.94812925704716,0.8742923040305798,,,0.5261354224294866,0.009999999999763531,0.009999999999763531,0.056661591829626365,25264.773963928586,uncalibrated_drag_and_engine;trim_stability_control_unverified;engine_mass_thrust_coupling_unverified;flutter_analysis_required,False,True,True,True,True,True,True,True,optimistic_only
D0103,False,False,q_limit,q_limit;reached_mach_1,gate_failed,optimistic,18.0,3.0,21.0,0.18,0.0,0,600.0,2.228808294080329,1144.1091666666666,5.992760328011141,0.9573028505467166,,,2.8579238797516444,69.69391046466296,69.69391046466296,0.025204195451928608,65000.00000000001,uncalibrated_drag_and_engine;trim_stability_control_unverified;engine_mass_thrust_coupling_unverified;flutter_analysis_required,False,True,True,True,True,True,True,True,fails_all_three
D0103,False,False,insufficient_acceleration,insufficient_acceleration;reached_mach_1,gate_failed,baseline,18.0,3.0,21.0,0.18,0.0,0,600.0,2.228808294080329,1144.1091666666666,23.018487349924843,0.9063196269419858,,,2.4539416488042516,0.010000000000331966,0.010000000000331966,0.025204195451928608,58260.931292000416,uncalibrated_drag_and_engine;trim_stability_control_unverified;engine_mass_thrust_coupling_unverified;flutter_analysis_required,False,True,True,True,True,True,True,True,fails_all_three
D0103,False,False,insufficient_acceleration,insufficient_acceleration;reached_mach_1,gate_failed,pessimistic,18.0,3.0,21.0,0.18,0.0,0,600.0,2.228808294080329,1144.1091666666666,18.49453471318715,0.8432728915600379,,,2.556059165570819,0.010000000000218279,0.010000000000218279,0.025204195451928608,50437.19562964305,uncalibrated_drag_and_engine;trim_stability_control_unverified;engine_mass_thrust_coupling_unverified;flutter_analysis_required,False,True,True,True,True,True,True,True,fails_all_three
D0104,True,True,target_reached,,hold_complete,optimistic,18.0,3.0,21.0,0.18,3000.0,0,600.0,1.7823159054523467,1144.1091666666666,11.563634508180753,1.0,11.563634508180753,2.7900395113928678,2.653796058927115,29.704694700078505,29.704694700078505,0.03642004331371645,49084.80084765296,uncalibrated_drag_and_engine;trim_stability_control_unverified;engine_mass_thrust_coupling_unverified;flutter_analysis_required,True,True,True,True,True,True,True,True,optimistic_only
D0104,False,False,insufficient_acceleration,insufficient_acceleration;reached_mach_1,gate_failed,baseline,18.0,3.0,21.0,0.18,3000.0,0,600.0,1.7823159054523467,1144.1091666666666,30.57870705072102,0.9235706813232895,,,2.4417437783735,0.010000000000275122,0.010000000000275122,0.03642004331371645,41868.49103136,uncalibrated_drag_and_engine;trim_stability_control_unverified;engine_mass_thrust_coupling_unverified;flutter_analysis_required,False,True,True,True,True,True,True,True,optimistic_only
D0104,False,False,insufficient_acceleration,insufficient_acceleration;reached_mach_1,gate_failed,pessimistic,18.0,3.0,21.0,0.18,3000.0,0,600.0,1.7823159054523467,1144.1091666666666,23.897959813919588,0.8578219351377541,,,2.5582437445641446,0.010000000000218279,0.010000000000218279,0.03642004331371645,36119.466569983,uncalibrated_drag_and_engine;trim_stability_control_unverified;engine_mass_thrust_coupling_unverified;flutter_analysis_required,False,True,True,True,True,True,True,True,optimistic_only
D0105,True,True,target_reached,,hold_complete,optimistic,18.0,3.0,21.0,0.18,6000.0,0,600.0,1.4017918458628658,1144.1091666666666,10.419408243892628,1.0,10.419408243892628,2.8563256484457162,2.780947216820921,54.4732734391136,54.4732734391136,0.05408606492827971,33052.33196919002,uncalibrated_drag_and_engine;trim_stability_control_unverified;engine_mass_thrust_coupling_unverified;flutter_analysis_required,True,True,True,True,True,True,True,True,optimistic_only
D0105,False,False,insufficient_acceleration,insufficient_acceleration;reached_mach_1,gate_failed,baseline,18.0,3.0,21.0,0.18,6000.0,0,600.0,1.4017918458628658,1144.1091666666666,43.42106065965547,0.9443902001347166,,,2.4020506214227133,0.010000000000161435,0.010000000000161435,0.05408606492827971,29478.477516159568,uncalibrated_drag_and_engine;trim_stability_control_unverified;engine_mass_thrust_coupling_unverified;flutter_analysis_required,False,True,True,True,True,True,True,True,optimistic_only
D0105,False,False,insufficient_acceleration,insufficient_acceleration;reached_mach_1,gate_failed,pessimistic,18.0,3.0,21.0,0.18,6000.0,0,600.0,1.4017918458628658,1144.1091666666666,32.06944718063751,0.8743487447655178,,,2.552356638460836,0.009999999999877218,0.009999999999877218,0.05408606492827971,25268.036050146533,uncalibrated_drag_and_engine;trim_stability_control_unverified;engine_mass_thrust_coupling_unverified;flutter_analysis_required,False,True,True,True,True,True,True,True,optimistic_only
D0106,False,False,q_limit,q_limit;reached_mach_1,gate_failed,optimistic,21.0,3.0,24.0,0.18,0.0,0,600.0,1.9502072573202878,1307.5533333333333,6.856586600737262,0.9573028505467166,,,2.8374449217989532,69.53905302283476,69.53905302283476,0.02880479480220412,65000.00000000001,uncalibrated_drag_and_engine;trim_stability_control_unverified;engine_mass_thrust_coupling_unverified;flutter_analysis_required,False,True,True,True,True,True,True,True,fails_all_three
D0106,False,False,insufficient_acceleration,insufficient_acceleration;reached_mach_1,gate_failed,baseline,21.0,3.0,24.0,0.18,0.0,0,600.0,1.9502072573202878,1307.5533333333333,26.578723098684982,0.9062706313777813,,,2.3694921930597723,0.010000000000218279,0.010000000000218279,0.02880479480220412,58254.63229999556,uncalibrated_drag_and_engine;trim_stability_control_unverified;engine_mass_thrust_coupling_unverified;flutter_analysis_required,False,True,True,True,True,True,True,True,fails_all_three
D0106,False,False,insufficient_acceleration,insufficient_acceleration;reached_mach_1,gate_failed,pessimistic,21.0,3.0,24.0,0.18,0.0,0,600.0,1.9502072573202878,1307.5533333333333,21.38383552701974,0.843223277214072,,,2.4867053222556557,0.010000000000388809,0.010000000000388809,0.02880479480220412,50431.26081332584,uncalibrated_drag_and_engine;trim_stability_control_unverified;engine_mass_thrust_coupling_unverified;flutter_analysis_required,False,True,True,True,True,True,True,True,fails_all_three
D0107,True,True,target_reached,,hold_complete,optimistic,21.0,3.0,24.0,0.18,3000.0,0,600.0,1.5595264172708034,1307.5533333333333,13.254244242177082,1.0,13.254244242177082,2.7593472793287313,2.615281357552605,29.50099688676687,29.50099688676687,0.04162290664424737,49084.80084765296,uncalibrated_drag_and_engine;trim_stability_control_unverified;engine_mass_thrust_coupling_unverified;flutter_analysis_required,True,True,True,True,True,True,True,True,optimistic_only
D0107,False,False,insufficient_acceleration,insufficient_acceleration;reached_mach_1,gate_failed,baseline,21.0,3.0,24.0,0.18,3000.0,0,600.0,1.5595264172708034,1307.5533333333333,35.580921207750755,0.9234765215308552,,,2.350439757816863,0.010000000000047748,0.010000000000047748,0.04162290664424737,41859.95432152107,uncalibrated_drag_and_engine;trim_stability_control_unverified;engine_mass_thrust_coupling_unverified;flutter_analysis_required,False,True,True,True,True,True,True,True,optimistic_only
D0107,False,False,insufficient_acceleration,insufficient_acceleration;reached_mach_1,gate_failed,pessimistic,21.0,3.0,24.0,0.18,3000.0,0,600.0,1.5595264172708034,1307.5533333333333,27.825277695936418,0.8577308888091615,,,2.485649523623583,0.009999999999877218,0.009999999999877218,0.04162290664424737,36111.79978001251,uncalibrated_drag_and_engine;trim_stability_control_unverified;engine_mass_thrust_coupling_unverified;flutter_analysis_required,False,True,True,True,True,True,True,True,optimistic_only
D0108,True,True,target_reached,,hold_complete,optimistic,21.0,3.0,24.0,0.18,6000.0,0,600.0,1.2265678651300076,1307.5533333333333,11.946863784299357,1.0,11.946863784299357,2.835265341962454,2.757181813591356,54.16881930469796,54.16881930469796,0.061812645632319675,33052.33196919002,uncalibrated_drag_and_engine;trim_stability_control_unverified;engine_mass_thrust_coupling_unverified;flutter_analysis_required,True,True,True,True,True,True,True,True,optimistic_only
D0108,False,False,insufficient_acceleration,insufficient_acceleration;reached_mach_1,gate_failed,baseline,21.0,3.0,24.0,0.18,6000.0,0,600.0,1.2265678651300076,1307.5533333333333,51.825611774719285,0.9441953324847104,,,2.2863746760619343,0.010000000000161435,0.010000000000161435,0.061812645632319675,29466.313457316137,uncalibrated_drag_and_engine;trim_stability_control_unverified;engine_mass_thrust_coupling_unverified;flutter_analysis_required,False,True,True,True,True,True,True,True,optimistic_only
D0108,False,False,insufficient_acceleration,insufficient_acceleration;reached_mach_1,gate_failed,pessimistic,21.0,3.0,24.0,0.18,6000.0,0,600.0,1.2265678651300076,1307.5533333333333,38.02568592573654,0.8741717853295863,,,2.469227938753329,0.009999999999877218,0.009999999999877218,0.061812645632319675,25257.809089913037,uncalibrated_drag_and_engine;trim_stability_control_unverified;engine_mass_thrust_coupling_unverified;flutter_analysis_required,False,True,True,True,True,True,True,True,optimistic_only
