time_s,mach,q_pa,cl,reynolds,cd_parasite,cd_induced,cd_wave,cd_total,drag_n,speed_m_s,altitude_m,mass_kg,fuel_kg,thrust_n,fuel_flow_kg_s,excess_thrust_n,acceleration_force_n,acceleration_m_s2,climb_rate_m_s,specific_excess_power_m_s,throttle
0.0,0.8,31414.272542497896,0.062434359966371054,2822397.6008368996,0.023032903305474514,0.000551461169078079,0.0006886574074074087,0.02627302188196,99.04174438978828,262.8668427071567,3000.0,24.0,3.0,275.28713531871705,0.014009948864777553,176.24539092892877,176.24539092892877,7.343557955372032,0.0,196.8437635650981,1.0
0.008955230345268734,0.8002000777205784,31429.98774752602,0.06240281615498993,2823103.474435076,0.02303213647745377,0.0005509040786294318,0.0007020914283956205,0.02628513198447882,99.13696514571282,262.9325849555373,3000.0,23.999874540183882,2.9998745401838827,275.26877571120394,0.014009389892512669,176.13181056549112,176.13181056549112,7.338863804083104,0.0,196.76713563186192,1.0
0.017910460690537467,0.8004000272523005,31445.69680995669,0.0623713160686857,2823808.895783352,0.023031370370560893,0.0005503480413484204,0.0007156381046053362,0.02629735651651465,99.23264399059903,262.998285083168,3000.0,23.999749085372112,2.999749085372112,275.25042786660526,0.014008831228352376,176.01778387600623,176.01778387600623,7.334151005074022,0.0,196.68991315846503,1.0
0.02276628047398269,0.8005083926715266,31454.212193962958,0.06235425397422561,2824191.2086573984,0.02303095526427057,0.0005500469796906613,0.0007230304800141614,0.02630403272397539,99.28471522282409,263.03389217768125,3000.0,23.99968106174749,2.9996810617474905,275.2404839979965,0.01400852843167332,175.95576877517237,175.95576877517237,7.331587795790504,0.0,196.6477924438175,1.0
0.02687308331459137,0.8006000129807644,31461.41264205772,0.062339833769243555,2824514.444833625,0.023030604354667313,0.0005497925985529417,0.0007293082465540912,0.026309705199774346,99.32885901371908,263.06399710445277,3000.0,23.999623532008865,2.9996235320088664,275.23207670050743,0.01400827241303359,175.90321768678837,175.90321768678837,7.329415707383164,0.0,196.61203289853063,1.0
0.035844462215438834,0.800800064485519,31477.137571334217,0.062308364593503925,2825220.2259424534,0.02302983831652235,0.0005492376675577525,0.0007431037256042199,0.026322179709684326,99.42562462789388,263.1297307387448,3000.0,23.99949786099726,2.999497860997261,275.2137194986208,0.014007713363864619,175.7880948707269,175.7880948707269,7.324657202782921,0.0,196.5334826390131,1.0
0.04481584111628132,0.8009999858151385,31492.85619324471,0.06227693932975653,2825925.5477937963,0.02302907300622713,0.0005486837905255105,0.0007570107277493351,0.02633476752450198,99.5228455838006,263.19542159962845,3000.0,23.999372194999694,2.999372194999693,275.19537424191407,0.014007154628461017,175.67252865811346,175.67252865811346,7.319880171478615,0.0,196.45433943202568,1.0
0.049957198781164856,0.8011144987461398,31501.861429493725,0.06225894979710317,2826329.54907095,0.023028634747412017,0.0005483668469040214,0.0007650306854085051,0.026342032279724543,99.57876607765598,263.23304866540525,3000.0,23.9993001800307,2.999300180030701,275.1848662630033,0.014006834567909611,175.60610018534732,175.60610018534732,7.317134202582514,0.0,196.40871690533507,1.0
0.0537980704971763,0.8012000180229519,31508.587459806597,0.06224552005930847,2826631.2608230747,0.023028307500856448,0.000548130298465229,0.000771045760714767,0.026347483560036446,99.62063881166698,263.261148893263,3000.0,23.99924638203505,2.9992463820350497,275.1770188107606,0.014006595533139887,175.55637999909362,175.55637999909362,7.315078865580906,0.0,196.37450774705493,1.0
0.06279486538445438,0.8014002427791552,31524.337802802507,0.06221409398285604,2827337.6531624952,0.02302754148826169,0.0005475769659110602,0.0007852145851161949,0.026360333039288947,99.71904519899046,263.3269394551317,3000.0,23.99912037008589,2.999120370085892,275.1586457109089,0.01400603584951696,175.43960051191846,175.43960051191846,7.310251284484498,0.0,196.29395332669648,1.0
0.07179166027173246,0.8016003351008197,31540.08165976951,0.06218271209376322,2828043.57827326,0.023026776211728064,0.0005470246902269649,0.0007994940143303466,0.02637329491628538,99.81790503561898,263.3926865011891,3000.0,23.998994363170652,2.9989943631706524,275.14028476356543,0.014005476485986924,175.32237972794644,175.32237972794644,7.305405263022177,0.0,196.21280643311803,1.0
0.08078845515901055,0.8018002944838507,31555.818983224846,0.06215137440005428,2828749.0343769244,0.023026011672601543,0.0005464734703769988,0.0008138835306335854,0.02638636867361213,99.91721681869669,263.45838986579787,3000.0,23.998868361286444,2.998868361286444,275.1219360149873,0.014004917444058625,175.2047191962906,175.2047191962906,7.300540865456827,0.0,196.13106836307142,1.0
0.08978525004628864,0.8020001204259481,31571.54972579271,0.06212008090939325,2829454.0197013756,0.023025247872219837,0.0005459233053202592,0.000828382616355351,0.02639955379389545,100.01697904112517,263.52404938391055,3000.0,23.998742364430367,2.998742364430367,275.10359951126645,0.014004358725236312,175.08662047014127,175.08662047014127,7.295658156222601,0.0,196.04874042089142,1.0
0.09878204493356672,0.8021998124266065,31587.273840204387,0.06208883162908574,2830158.532480831,0.023024484811912407,0.0005453741940109336,0.0008429907538899787,0.02641284975981332,100.11719019160799,263.5896648910692,3000.0,23.998616372599507,2.9986163725995065,275.08527529833066,0.014003800331019672,174.96808510672267,174.96808510672267,7.290757199923117,0.0,195.96582391845175,1.0
0.09991439756232971,0.802224936502474,31589.25243326686,0.062084901671729885,2830247.170145145,0.023024388824284807,0.0005453051564903863,0.0008448370605971606,0.026414531041372355,100.12983467667297,263.59792024919324,3000.0,23.99860051539917,2.998600515399167,275.08296985337296,0.014003730073602911,174.9531351767,174.9531351767,7.290139067252605,0.0,195.9553462655627,1.0
0.10780832040348905,0.8024000236732491,31603.042770978125,0.06205752438641818,2830864.8771585617,0.02302371999626373,0.0005448243412560995,0.000857755826947484,0.026426300164467315,100.21817932516402,263.6554510139185,3000.0,23.998489972967224,2.998489972967223,275.0669034381484,0.014003240434770987,174.8487241129844,174.8487241129844,7.285821912542847,0.0,195.88204558728768,1.0
0.11683884060102935,0.8026001931515551,31618.812345868857,0.06202624696671981,2831571.0744777257,0.02302295556906603,0.0005442752892132789,0.0008726366442962825,0.02643986750257559,100.31966508162886,263.72122341237923,3000.0,23.998363518949663,2.998363518949663,275.048535410728,0.01400268060520301,174.72887032909915,174.72887032909915,7.280866055351199,0.0,195.79763768655778,1.0
0.12586936079856464,0.802800226176915,31634.575100265018,0.061995014109421945,2832276.7903913064,0.023022191891479332,0.0005437272956350443,0.0008876257649407701,0.026453544952055146,100.42159853448301,263.7869509746462,3000.0,23.99823706998616,2.9982370699861587,275.03017990455453,0.014002121107194478,174.60858137007153,174.60858137007153,7.275892010769782,0.0,195.71264082451688,1.0
0.13489988099610495,0.8030001222504513,31650.330986801306,0.06196382582047529,2832982.0231392626,0.023021428964814822,0.0005431803594443183,0.0009027226658148778,0.02646733199007402,100.52397813880766,263.8526335367962,3000.0,23.99811062607371,2.998110626073709,275.01183696540613,0.014001561942243394,174.48785882659848,174.48785882659848,7.270899844799413,0.0,195.62705635794157,1.0
0.14393040119364525,0.803199880875107,31666.079958222395,0.06193268210547479,2833686.7709679813,0.023020666790375403,0.0005426344795592657,0.0009179268239777071,0.026481228093912373,100.62680234565053,263.91827093550467,3000.0,23.9979841872093,2.9979841872093007,274.9935066388939,0.014001003111843076,174.36670429324337,174.36670429324337,7.265889623603435,0.0,195.54088565102694,1.0
0.14987159634349456,0.8033312272266283,31676.437440201913,0.06191221691226203,2834150.160502247,0.023020165765334295,0.0005422759197718114,0.0009279879085286903,0.026490429593634797,100.69469229442151,263.9614291864116,3000.0,23.9979010056092,2.997901005609199,274.98145398527896,0.014000635639510886,174.28676169085745,174.28676169085745,7.262583575543551,0.0,195.48387473665676,1.0
0.15297278289487465,0.8033997636646119,31681.842639765688,0.061901542150555544,2834391.956849915,0.023019904369832523,0.0005420889399646859,0.0009332578972995334,0.02649525120709674,100.7302055333161,263.98394913274046,3000.0,23.997857587323587,2.9978575873235855,274.9751649187198,0.014000443884126707,174.24495938540372,174.24495938540372,7.260854797198451,0.0,195.45401573869268,1.0
0.16203797589213137,0.8036000113720099,31697.638031526894,0.061870368509175946,2835098.4301610813,0.023019140785583786,0.000541543085031822,0.000948734539658387,0.026509418410273995,100.83431390341923,264.0497472359943,3000.0,23.99773067313759,2.9977306731375886,274.9567897128119,0.013999883585337146,174.12247580939265,174.12247580939265,7.255789231950196,0.0,195.3663394425312,1.0
0.1711031688893881,0.8038001190788543,31713.426312537224,0.061839239799485836,2835804.4095507152,0.023018377963242978,0.0005409982912271019,0.0009643176817880661,0.02652369393625815,100.93886558205757,264.11549933736876,3000.0,23.997603764029265,2.9976037640292628,274.93842735368776,0.013999323628166168,173.99956177163017,173.99956177163017,7.250705673890798,0.0,195.27807657130225,1.0
0.1801683618866448,0.8040000862897263,31729.207435443357,0.06180815602571914,2836509.8932709787,0.023017615904094606,0.0005404545574373447,0.000980006795326803,0.026538077256858757,101.04385898648317,264.18120527407734,3000.0,23.997476859995505,2.9974768599955057,274.9200778868082,0.013998764014105406,173.87621890032503,173.87621890032503,7.245604190588127,0.0,195.18922853456348,1.0
0.18923355488390153,0.8041999125110567,31744.981353004903,0.06177711719175681,2837214.879580563,0.02301685460941484,0.000539911882544765,0.0009958013520988723,0.026552567844058475,101.14929253008407,264.2468648839414,3000.0,23.9973499610332,2.9973499610332,274.90174135746435,0.01399820474464174,173.75244882738028,173.75244882738028,7.240484849765445,0.0,195.09979674916454,1.0
0.19829874788115825,0.804399597251127,31760.74801809472,0.0617461233011282,2837919.366744686,0.02301609408047153,0.0005393702654270122,0.001011700824126291,0.02656716517002483,101.25516462243135,264.31247800539023,3000.0,23.997223067139213,2.9972230671392146,274.8834178107774,0.013997645821257293,173.62825318834606,173.62825318834606,7.235347719299458,0.0,195.00978263919774,1.0
0.19982879512465943,0.8044332865795677,31763.408438815066,0.061740896503539124,2838038.222594392,0.023015965792003986,0.0005392789541112325,0.0010143946897468428,0.02656963943586206,101.27307713680014,264.3235477646404,3000.0,23.997201650151958,2.9972016501519563,274.8803263978716,0.013997551518931586,173.60724926107147,173.60724926107147,7.234478911001364,0.0,194.99453248401372,1.0
0.207393553072384,0.8045997916096628,31776.55885094262,0.06171507333341075,2838625.6518412265,0.023015331837957873,0.0005388279409024711,0.0010277571320304205,0.02658191691089077,101.36182165077449,264.37825857908535,3000.0,23.99709576382597,2.9970957638259708,274.865047500288,0.013997085421366948,173.50322584951348,173.50322584951348,7.230175999508161,0.0,194.91889074967145,1.0
0.21649437116067674,0.8047999747884423,31792.372734932524,0.06168404812583538,2839331.8974956204,0.02301456986554467,0.0005382863213016237,0.001043928696749637,0.02659678488359593,101.4689878284121,264.4440354792964,3000.0,23.996968381448195,2.9969683814481947,274.84667821567956,0.013996525002643232,173.37769038726748,173.37769038726748,7.224983074166317,0.0,194.8273549481376,1.0
0.22559518924896949,0.8050000138926645,31808.179167189377,0.06165306822411047,2840037.6348554087,0.02301380866869051,0.0005377457643768225,0.0010602044040327612,0.02661175883710009,101.57659116534178,264.5097650389775,3000.0,23.99684100416908,2.996841004169082,274.8283221516952,0.01399596493718737,173.25173098635344,173.25173098635344,7.21977242572277,0.0,194.7352365958629,1.0
0.2346960073372622,0.8051999084322955,31823.978100489967,0.06162213363039785,2840742.862191752,0.023013048248644634,0.0005372062689743724,0.0010765837205714208,0.026626838238190426,101.68463003729532,264.57544709711146,3000.0,23.996713631985408,2.996713631985409,274.8099793533016,0.013995405226479695,173.1253493160063,173.1253493160063,7.214544123460563,0.0,194.64253716268212,1.0
0.24379682542555495,0.8053996579191807,31839.769487727383,0.06159124434651043,2841447.5777824437,0.023012288606647897,0.0005366678339361644,0.0010930661133162543,0.026642022553900316,101.79310281636239,264.6410814932988,3000.0,23.99658626489394,2.9965862648939394,274.7916498652929,0.013994845871995667,172.99854704893053,172.99854704893053,7.2092982368088165,0.0,194.54925812553907,1.0
0.2497859939058243,0.8055310319286016,31850.157521263507,0.06157094110119012,2841911.064893696,0.023011789118009506,0.000536314072524739,0.0011039690108121003,0.026652072201346348,101.86472374571632,264.6842488321367,3000.0,23.99650244850598,2.996502448505977,274.7795946737233,0.013994477960783095,172.91487092800696,172.91487092800696,7.205836404662073,0.0,194.4875565025004,1.0
0.2504290852138096,0.8055451345550032,31851.272747831874,0.06156876219219272,2841960.818917348,0.023011735505134353,0.0005362761143951419,0.0011051423512831405,0.026653153970812637,101.87242520571738,264.68888272323176,3000.0,23.99649344879154,2.99649344879154,274.77830058318244,0.013994438465277273,172.90587537746507,172.90587537746507,7.205464237783149,0.0,194.48091637827645,1.0
0.2529089321660565,0.8055995093651921,31855.572855393948,0.06156036214318991,2842152.6530846264,0.023011528803123953,0.0005361297921960204,0.00110967168489781,0.026657330280217786,101.90214322461321,264.70674939157817,3000.0,23.99645874491479,2.9964587449147886,274.7733110212724,0.013994286182049061,172.87116779665917,172.87116779665917,7.204028295770648,0.0,194.45528418964673,1.0
0.2620465704202835,0.8057997737796719,31871.412811893373,0.061529439025858404,2842859.1853383277,0.023010767656415628,0.0005355913080174425,0.0011264264774499542,0.026672785441883028,102.01192267935765,264.77255298450433,3000.0,23.996330872752946,2.9963308727529467,274.7549342822829,0.013993725285455722,172.7430116029252,172.7430116029252,7.198726026863936,0.0,194.36046645579904,1.0
0.2711842086745106,0.8059998904990286,31887.24501923507,0.061498561588926005,2843565.196524077,0.023010007297768826,0.0005350538892622259,0.0011432835687877384,0.026688344755818792,102.12213460639335,264.8383080472421,3000.0,23.99620300571472,2.9962030057147175,274.7365710961492,0.01399316475241151,172.61443648975586,172.61443648975586,7.193406242172879,0.0,194.2650689352159,1.0
0.2803218469287377,0.806199859036964,31903.06943022672,0.061467729832801625,2844270.6849262165,0.023009247728405024,0.000534517534740218,0.0011602424205498815,0.026704007683695123,102.23277734378799,264.9040144200019,3000.0,23.996075143796773,2.996075143796771,274.7182215074951,0.013992604584389669,172.48544416370714,172.48544416370714,7.1880690125400095,0.0,194.16909315106258,1.0
0.28945948518295966,0.806399678909192,31918.88599780357,0.06143694375753226,2844975.6488361866,0.023008488949536866,0.0005339822432567322,0.001177302494705248,0.026719773687498845,102.34384922620644,264.96967194365527,3000.0,23.995947286995765,2.9959472869957637,274.69988556076,0.013992044782858188,172.35603633455355,172.35603633455355,7.182714408943516,0.0,194.0725406334201,1.0
0.2985971234371867,0.8065993496334378,31934.694675028608,0.06140620336280484,2845680.0865525226,0.02300773096236821,0.0005334480136125954,0.001194463253564448,0.026735642229545255,102.45534858495945,265.03528045973474,3000.0,23.995819435308338,2.995819435308338,274.68156330019843,0.013991485349279837,172.226214715239,172.226214715239,7.177342502495204,0.0,193.97541291923244,1.0
0.2997431926869891,0.8066243823677917,31936.67688623094,0.06140235103677194,2845768.401964251,0.023007635949341573,0.0005333810838531682,0.0011966226851525801,0.02673763971834732,102.46936324623758,265.0435058045396,3000.0,23.99580340013741,2.9958034001374134,274.6792662369553,0.01399141520953017,172.20990299071772,172.20990299071772,7.1766675246944045,0.0,193.9631903594594,1.0
0.30776738921270536,0.8067995828854331,31950.55182009717,0.06137539912899186,2846386.508865072,0.023006971065822772,0.0005329129427307373,0.0012117859716416623,0.026751669980195174,102.56767415716365,265.10107381318096,3000.0,23.995691132241912,2.995691132241911,274.66318942075264,0.013990924289540246,172.095515263589,172.095515263589,7.171934090798165,0.0,193.87736166661944,1.0
0.3169423340942705,0.806999767008063,31966.409008946197,0.06134462521823818,2847092.757849367,0.023006211581920413,0.0005323786666494443,0.0012292179263865663,0.02676780817495642,102.68048452724047,265.16685102352574,3000.0,23.99556276885644,2.9955627688564426,274.6448200495343,0.013990363317328794,171.96433552229382,171.96433552229382,7.166505623509873,0.0,193.77868375321867,1.0
0.3261172789758356,0.8071997993121997,31982.258101337255,0.061313897358670676,2847798.4712184737,0.02300545289979243,0.0005318454574326063,0.0012467497614318706,0.02678404811865691,102.79372079154261,265.23257834881053,3000.0,23.995434410616138,2.995434410616139,274.626464609542,0.013989802720484773,171.83274381799936,171.83274381799936,7.1610599282160345,0.0,193.6794306385042,1.0
0.3352922238574007,0.8073996793178027,31998.099050277495,0.06128321554852745,2848503.64727881,0.02300469502062192,0.000531313313848537,0.0012643809339799956,0.02680038926845045,102.90738124774458,265.29825563130197,3000.0,23.99530605751755,2.995306057517549,274.60812314482536,0.013989242500467649,171.70074189708077,171.70074189708077,7.1555970774245745,0.0,193.57960390563366,1.0
0.3444671687389658,0.8075994065468756,32013.931808905283,0.06125257978568897,2849208.2843440063,0.023003937945583117,0.0005307822346612132,0.0012821109016390724,0.026816831081883402,103.02146419036163,265.36388271393827,3000.0,23.99517770955721,2.9951777095572103,274.58979569924645,0.013988682658731554,171.56833150888482,171.56833150888482,7.150117143768835,0.0,193.47920514446753,1.0
0.349700391468154,0.8077132587433763,32022.958842219825,0.061235126322039944,2849609.9545518234,0.023003506484249595,0.000530479792915296,0.0012922677930018048,0.0268262540701667,103.08672359758563,265.40129267322504,3000.0,23.99510450450032,2.9951045045003175,274.579348350905,0.013988363505096687,171.49262475331935,171.49262475331935,7.146983865861291,0.0,193.42168393021774,1.0
0.3536586589547486,0.8077993402798986,32029.78485965108,0.06122193494631058,2849913.6499545197,0.02300318031277543,0.000530251263802974,0.001299971360792532,0.026833402937370937,103.13617477635844,265.4295776503763,3000.0,23.99504913529348,2.9950491352934807,274.57144930437397,0.013988122188181802,171.43527452801553,171.43527452801553,7.144610271952199,0.0,193.37805335775337,1.0
0.3628721155638342,0.8079995969908874,32045.66745350887,0.061191263243971034,2850620.1550303274,0.023002421681601465,0.0005297200935631441,0.0013179729186992531,0.026850114693863864,103.25158158817601,265.495378712062,3000.0,23.994920258923276,2.9949202589232766,274.5530732722751,0.013987560762110265,171.30149168409912,171.30149168409912,7.139073180307619,0.0,193.27608690622145,1.0
0.3720855721729147,0.8081996982035707,32061.541646901038,0.06116063796773359,2851326.1115085804,0.02300166386482984,0.0005291899929017623,0.0013360724612739622,0.026866926319005564,103.36740925212221,265.56112867956193,3000.0,23.99479138772397,2.99479138772397,274.5347115090707,0.013986999721877533,171.16730225694846,171.16730225694846,7.133519083000644,0.0,193.17354847362196,1.0
0.3812990287820004,0.8083996434422076,32077.407392908888,0.06113005911401692,2852031.5177108645,0.023000906863613824,0.0005286609605500135,0.0013542694410291468,0.026883837265192986,103.4836560288313,265.6268273965554,3000.0,23.994662521692,2.994662521692001,274.5163640584157,0.013986439068934426,171.0327080295844,171.0327080295844,7.127948054070981,0.0,193.0704396965657,1.0
0.390512485391086,0.8085994322331354,32093.264644748502,0.06109952667888456,2852736.3719661003,0.023000150679097782,0.0005281329952348961,0.00137256331094768,0.026900846985280356,103.60032017597848,265.69247470740476,3000.0,23.994533660823794,2.9945336608237954,274.49803096377457,0.013985878804726315,170.8977107877961,170.8977107877961,7.12236016767532,0.0,192.9667622181991,1.0
0.39965759024931885,0.8087975836772969,32108.99581070416,0.06106926665341491,2853435.4496668545,0.022999400913232236,0.0005276100006613412,0.0013908167398712203,0.026917827653764798,103.71652984415886,265.7575840130355,3000.0,23.994405761036944,2.9944057610369423,274.47984811596706,0.013985323082783288,170.7633182718082,170.7633182718082,7.116797138985636,0.0,192.86329312942811,1.0
0.3997262349201504,0.8087990704490927,32109.113859506986,0.06106903968955347,2853440.6949932915,0.02299939528841506,0.00052760607894467,0.0013909541106932588,0.026917955478052993,103.7174036771932,265.75807254179523,3000.0,23.994404801019186,2.994404801019186,274.47971168625094,0.013985318912899492,170.76230800905773,170.76230800905773,7.116755319632035,0.0,192.86251436494393,1.0
0.4089791756021457,0.8089993994312041,32125.02184689248,0.06103846973140355,2854147.4550414034,0.022998637508888246,0.0005270779927349892,0.0014095195516489899,0.026935235053272222,103.83540174450651,265.8238973505832,3000.0,23.994275398292682,2.994275398292681,274.461329022382,0.01398475703368294,170.62592727787552,170.62592727787552,7.111109814552535,0.0,192.7572540462174,1.0
0.41823211628414103,0.8091995691991872,32140.92112621063,0.06100794657647491,2854853.653382548,0.022997880556489814,0.0005265509788447301,0.0014281810604296662,0.02695261259576421,103.95381547029223,265.8896698442271,3000.0,23.994146000763383,2.994146000763382,274.44296096838013,0.013984195550886938,170.4891454980879,170.4891454980879,7.105447532604983,0.0,192.6514251594395,1.0
0.4274850569661363,0.8093995792817018,32156.81165062354,0.060977470219355026,2855559.2883538385,0.022997124432342836,0.0005260250359678916,0.0014469380849794886,0.026970087553290216,104.07264307823756,265.9553898678524,3000.0,23.994016608427614,2.9940166084276143,274.4246075674967,0.013983634465953385,170.35196448925916,170.35196448925916,7.099768549356803,0.0,192.54502939492136,1.0
0.4367379976481316,0.809599429209523,32172.6933734319,0.0609470406542783,2856264.358299851,0.022996369137561364,0.0005255001627944304,0.001465790073778537,0.026987659374134332,104.19188278927786,266.0210572672794,3000.0,23.99388722128169,2.9938872212816903,274.4062688627889,0.013983073780318624,170.21438607351106,170.21438607351106,7.094072940483659,0.0,192.43806844933394,1.0
0.4459909383301269,0.8097991185155402,32188.566248075196,0.060916657875127865,2856968.8615726205,0.0229956146732505,0.0005249763580103056,0.0014847364758539432,0.02700532750711475,104.31153282164766,266.0866718890233,3000.0,23.99375783932191,2.993757839321908,274.3879448971198,0.013982513495413431,170.07641207547212,170.07641207547212,7.088360781767341,0.0,192.33054402565068,1.0
0.4496147890304837,0.8098772815887152,32194.780329132027,0.060904771416653604,2857244.6206603744,0.02299531941903533,0.0005247715043268796,0.0014921823134851214,0.02701227323684733,104.35850436609503,266.11235498935054,3000.0,23.993707169178002,2.993707169178003,274.3807724676191,0.013982294173190572,170.0222681015241,170.0222681015241,7.086119160441053,0.0,192.28827963882958,1.0
0.4552684942045648,0.8099991773156846,32204.472418479152,0.060886241236289114,2857674.6684195627,0.02299485903676022,0.0005244522311032377,0.0015038275174654543,0.027023138785328915,104.43191132074311,266.15240792046046,3000.0,23.99362811837609,2.9936281183760918,274.3695870257908,0.013981952123769091,169.9376757050477,169.9376757050477,7.082616887560114,0.0,192.2221695484433,1.0
0.464561896651488,0.8101994149989963,32220.396745797134,0.06085581978651843,2858381.1063657827,0.022994102948840883,0.0005239282831283994,0.0015230452164664487,0.02704107644843573,104.5529053922436,266.2182027299644,3000.0,23.993498181079435,2.9934981810794334,274.35121273971686,0.01398139020004051,169.79830734747327,169.79830734747327,7.076846655123062,0.0,192.11304548672808,1.0
0.47385529909841123,0.8103994892486106,32236.312007008248,0.06082544551207044,2859086.967718409,0.02299334770196884,0.000523405408897269,0.0015423564883840079,0.02705910959925012,104.67430796079104,266.2839438378433,3000.0,23.993368249003062,2.993368249003062,274.3328534507077,0.013980828684860095,169.65854548991666,169.65854548991666,7.0710599582851845,0.0,192.00335821162525,1.0
0.48314870154533446,0.8105993995998545,32252.21815550545,0.060795118405336926,2859792.2508380753,0.022992593297227398,0.0005228836070626771,0.0015617607773213318,0.027077237681611403,104.79611721069642,266.34963109141324,3000.0,23.99323832214317,2.993238322143172,274.3145092014029,0.013980267579654848,169.5183919907065,169.5183919907065,7.065256874236076,0.0,191.89310947355628,1.0
0.4924421039922577,0.8107991455902069,32268.115144824435,0.0607648384583604,2860496.9540930097,0.022991839735690873,0.0005223628762735985,0.0015812575279947187,0.027095460139959192,104.91833132378449,266.41526433869745,3000.0,23.993108400495945,2.9931084004959443,274.2961800342444,0.013979706885846094,169.37784871045992,169.37784871045992,7.0594374802624085,0.0,191.78230102905863,1.0
0.4995719878116486,0.8109522786940149,32280.305052222735,0.06074163969463484,2861037.2072240054,0.02299126217673046,0.0005219640976371816,0.0015962777372008645,0.027109504011568503,105.01236711694646,266.4655813580874,3000.0,23.993008728342677,2.993008728342677,274.2821281764211,0.013979277002202532,169.26976105947466,169.26976105947466,7.054961842260248,0.0,191.6969106429821,1.0
0.5004290852138096,0.8109706805847077,32281.770059228336,0.06073885279394175,2861102.1290391823,0.02299119278071013,0.0005219162020340352,0.0015980869766320223,0.027111195959376187,105.0236872789515,266.4716279167202,3000.0,23.992996746762813,2.992996746762814,274.28043957516337,0.013979225341431957,169.25675229621186,169.25675229621186,7.054423175339626,0.0,191.6866236223572,1.0
0.5017433175603322,0.8109988944381794,32284.016278470084,0.060734580271946254,2861201.667429619,0.022991086386119675,0.00052184277884864,0.0016008626885479424,0.027113791853516256,105.0410517083962,266.4808985249486,3000.0,23.99297837486474,2.9929783748647405,274.2778506048639,0.013979146134106314,169.2367988964677,169.2367988964677,7.053596942085426,0.0,191.6708408028995,1.0
0.5110785238359484,0.8111992068323436,32299.966207087247,0.06070425898353002,2861908.3689555023,0.02299033113471288,0.000521321856646147,0.0016206315069944527,0.027132284498353483,105.16462469014736,266.5467178832099,3000.0,23.992847879277335,2.9928478792773356,274.25946946314446,0.013978583750210986,169.09484477299708,169.09484477299708,7.047718787857802,0.0,191.55841306331232,1.0
0.5204137301115646,0.8113993519950835,32315.90675398623,0.060673985253718504,2862614.4804894226,0.022989576737313215,0.0005208020110241309,0.0016404919409437903,0.027150870689281133,105.28860065812162,266.6124822919756,3000.0,23.992717388937947,2.9927173889379484,274.24110366697823,0.013978021785694471,168.9525030088566,168.9525030088566,7.04182441155055,0.0,191.44542593319048,1.0
0.5297489363871808,0.8115993294665333,32331.83787267014,0.06064375907301752,2863320.0004089745,0.022988823194972235,0.000520283240597564,0.0016604434302072478,0.02716954986577705,105.41297776004764,266.6781916001413,3000.0,23.992586903842653,2.9925869038426534,274.2227532585637,0.013977460241973758,168.8097754985161,168.8097754985161,7.035913891864638,0.0,191.33188121700826,1.0
0.5390841426627919,0.8117991387890873,32347.759516794347,0.06061358043157552,2864024.927099726,0.022988070508732125,0.0005197655439775336,0.001680485415283373,0.027188321467993035,105.53775414143229,266.74384565734533,3000.0,23.992456423987516,2.9924564239875147,274.20441827989174,0.013976899120459822,168.66666413845945,168.66666413845945,7.029987307586709,0.0,191.2177807251208,1.0
0.548419348938408,0.8119987795074008,32363.67164016687,0.060583449319185016,2864729.258955223,0.022987318679625682,0.0005192489197712812,0.0017006173373692527,0.027207184936766216,105.66292794561552,266.8094443139689,3000.0,23.99232594936858,2.992325949368582,274.18609877274594,0.013976338422557666,168.5231708271304,168.5231708271304,7.024044737586833,0.0,191.1031262737021,1.0
0.5495291865928135,0.8120225030220317,32365.5627544711,0.06057987027268938,2864812.9554436947,0.022987229353735008,0.0005191875709655142,0.0017030167231836403,0.02720943364788416,105.67783586930547,266.8172394707051,3000.0,23.992310437938904,2.9923104379389063,274.18392184661843,0.013976271790927352,168.50608597731298,168.50608597731298,7.0233371818520345,0.0,191.08945855452387,1.0
0.5577916276658067,0.812199042982901,32379.63733066741,0.06055324635048174,2865435.7878962066,0.022986564728093944,0.0005187313213241018,0.0017209191196784822,0.027226215169096527,105.78899676744734,266.8752475983618,3000.0,23.992194961865575,2.9921949618655743,274.1677221199194,0.013975775925530839,168.37872535247206,168.37872535247206,7.018062566601423,0.0,190.9874610720837,1.0
0.5671689085280426,0.8123992423463875,32395.601845185083,0.060523075185922,2866142.090650198,0.022985811240872612,0.0005182145256129712,0.0017413213351383655,0.02724534710162395,105.91553002056921,266.9410298166014,3000.0,23.992063909726525,2.9920639097265256,274.14935135016384,0.01397521355843751,168.23382132959463,168.23382132959463,7.0120612366905055,0.0,190.8711790121229,1.0
0.5765461893902785,0.8125992702138656,32411.556613644523,0.060492951946679974,2866847.788366786,0.02298505862160706,0.0005176988077534299,0.001761812608170021,0.027264570037530515,106.04245863817157,267.00675568407314,3000.0,23.991932862858924,2.991932862858924,274.1309963172898,0.013974651623011598,168.08853767911825,168.08853767911825,7.006044016542337,0.0,190.75434353594576,1.0
0.5859234702525143,0.8127991261329967,32427.501589849817,0.06046287662098002,2867552.8794501224,0.022984306871306197,0.0005171841663186046,0.0017823923753319897,0.02728388341295679,106.169780730112,267.07242505214606,3000.0,23.991801821258715,2.9918018212587163,274.11265706280517,0.01397409012065276,167.94287633269317,167.94287633269317,7.000010986414615,0.0,190.63695650741244,1.0
0.5953007511147502,0.812998809653743,32443.436727761895,0.06043284919669285,2868257.362312474,0.02298355599096945,0.0005166705998779248,0.0018030600739495253,0.0273032866647969,106.297494404314,267.1380377729451,3000.0,23.991670784921833,2.9916707849218347,274.09433362800627,0.013973529052754518,167.79683922369227,167.79683922369227,6.993962226638605,0.0,190.51901979598895,1.0
0.5994863853739782,0.8130878844343621,32450.54633305947,0.06041946164304638,2868571.617871367,0.0229832211098125,0.0005164417114731401,0.001812313524590694,0.027311976345876336,106.3546264631141,267.1673062808778,3000.0,23.99161229736376,2.9916122973637598,274.0861599142777,0.013973278755623892,167.73153345116359,167.73153345116359,6.991257251585139,0.0,190.4662007334467,1.0
0.6047020753507962,0.8131988316517453,32459.40280114985,0.060402792855266334,2868963.0393215697,0.022982804059680995,0.0005161567943426116,0.00182386846999076,0.02732282932401437,106.42592672343015,267.2037617118037,3000.0,23.991539417886916,2.9915394178869144,274.07597913372933,0.013972966983803532,167.65005241029917,167.65005241029917,6.987882248410767,0.0,190.4002307795724,1.0
0.6141227839511532,0.8133990913484245,32475.391782675386,0.0603727228122069,2869669.5549308835,0.022982051457130854,0.0005156430103614556,0.001844807292746159,0.027342501760238468,106.55501483786827,267.26956375453807,3000.0,23.991407785287937,2.9914077852879357,274.05760282765647,0.013972404196775002,167.5025879897882,167.5025879897882,6.981774037141101,0.0,190.28064641232862,1.0
0.623543492551505,0.813599175694295,32491.370695794787,0.06034270107631752,2870375.451903071,0.02298129973559747,0.0005151303069904278,0.0018658331602857917,0.027362263202873688,106.6844924160569,267.3353081798807,3000.0,23.991276157988725,2.991276157988725,274.0392426121909,0.01397184185243271,167.35475019613398,167.35475019613398,6.975650194431505,0.0,190.16051296654734,1.0
0.6329642011518619,0.8137990842423958,32507.339494467327,0.060312727633878196,2871080.728661254,0.02298054889605595,0.0005146186827643731,0.0018869455053089756,0.0273821130841293,106.81435753220242,267.4009948409675,3000.0,23.991144535985107,2.9911445359851068,274.0208985283467,0.013971279952164692,167.2065409961443,167.2065409961443,6.969510802010538,0.0,190.0398323599279,1.0
0.6423849097522188,0.8139988165481102,32523.298132813674,0.060282802470816924,2871785.3836368266,0.022979798939471906,0.0005141081362145778,0.0019081437613510293,0.027402050837037513,106.9446082588185,267.4666235917047,3000.0,23.99101291927289,2.9910129192728916,274.0025706169232,0.013970718497352716,167.0579623581047,167.0579623581047,6.96335594167017,0.0,189.91860651555385,1.0
0.6494435841551431,0.8141483546338595,32535.24880983055,0.060260412010917176,2872312.9535548924,0.02297923759711671,0.0005137263032743183,0.0019240829850552708,0.0274170468854463,107.04245304585422,267.51575934728646,3000.0,23.99091430600368,2.9909143060036802,273.98884864650756,0.013970298107661299,166.94639560065335,166.94639560065335,6.958734188753921,0.0,189.82741921047744,1.0
0.6518167576007071,0.8141986080232622,32539.265416825867,0.060252890274188446,2872490.2473619976,0.02297904898160532,0.000513598064096572,0.001929452579275129,0.02742209962497702,107.0753973580522,267.53227178454597,3000.0,23.99088115223083,2.9908811522308305,273.9842372759713,0.013970156826289432,166.90883991791907,166.90883991791907,6.9571783903568205,0.0,189.79669305853795,1.0
0.6612818938434687,0.8143989261488422,32555.27872471446,0.0602229211272902,2873196.9691082994,0.022978297268524007,0.0005130872747277252,0.001950922034040233,0.027442306577291964,107.20703273673656,267.5980930260563,3000.0,23.990748925458877,2.990748925458878,273.96585560832347,0.013969593624532092,166.75882287158691,166.75882287158691,6.950963614754985,0.0,189.673803796601,1.0
0.6707470300862303,0.8145990650309578,32571.28163799102,0.06019300067138977,2873903.0584841957,0.02297754644961981,0.0005125775687459137,0.0019724764983974166,0.027462600516763143,107.33905151317559,267.6638553711121,3000.0,23.990616704015565,2.9906167040155642,273.9474903884824,0.013969030876596846,166.60843887530677,166.60843887530677,6.944733473542585,0.0,189.55037000945518,1.0
0.6802121663289918,0.8147990242282042,32587.274110783175,0.06016312889080146,2874608.513932412,0.022976796525833416,0.0005120689446475062,0.001994115401337476,0.0274829808718184,107.47145172616284,267.7295586746751,3000.0,23.990484487896587,2.9904844878965875,273.9291416569522,0.013968468583859616,166.45768993078934,166.45768993078934,6.938488049908651,0.0,189.42639366874013,1.0
0.6896773025717535,0.8149988033015649,32603.256097384467,0.06013330576948958,2875313.3339041006,0.02297604749809588,0.0005115614009254587,0.00201583817275722,0.027503447071778563,107.60423141304665,267.79520279249175,3000.0,23.99035227709763,2.990352277097633,273.9108094540181,0.013967906747689924,166.30657804097143,166.30657804097143,6.932227427095177,0.0,189.30187675124802,1.0
0.6991424388145151,0.8151984018144138,32619.227552254797,0.060103531291069906,2876017.516858845,0.02297529936732863,0.0005110549360693513,0.0020376442434702773,0.02752399854686826,107.73738860978713,267.8607875810938,3000.0,23.990220071614374,2.9902200716143725,273.8924938197461,0.0139673453694509,166.15510520995898,166.15510520995898,6.925951688394741,0.0,189.17682123885547,1.0
0.699400782936308,0.8152038471775054,32619.663333607255,0.06010271929978168,2876036.728083502,0.02297527896021845,0.0005110411275844296,0.0020382405870084997,0.027524560674811384,107.74102831413516,267.8625768378479,3000.0,23.990216463234777,2.9902164632347783,273.8919941402773,0.013967330053466395,166.1509658261421,166.1509658261421,6.9257801854672705,0.0,189.17340040602767,1.0
0.7086517683895784,0.8153987500005935,32635.26292751076,0.06007366676091052,2876724.344658852,0.022974548647672264,0.0005105471914030212,0.0020596354385967967,0.027544731277672083,107.87154570173495,267.92661870002274,3000.0,23.990087254203775,2.990087254203776,273.8741093936662,0.013966781832611791,166.00256369193124,166.00256369193124,6.919631510003894,0.0,189.05064146527877,1.0
0.7181623380369191,0.8155989411507429,32651.289669826536,0.06004384740981962,2877430.6184362154,0.022973798737496314,0.0005100404666338886,0.0020817124477901737,0.027565551651920372,108.00609742745009,267.9923982194949,3000.0,23.98995442483071,2.989954424830709,273.85573937758596,0.013966218687330759,165.8496419501359,165.8496419501359,6.913295415787612,0.0,188.92390552092328,1.0
0.7276729076842597,0.8157989486907066,32667.30564170823,0.06001407711783297,2878136.2444373933,0.0229730497356637,0.0005095348265033905,0.0021038718341411873,0.027586456396308273,108.14102432038311,268.0581174076797,3000.0,23.989821600811258,2.9898216008112573,273.837386210013,0.013965656008489856,165.69636188962988,165.69636188962988,6.906944313584498,0.0,188.7966318507481,1.0
0.7371834773316004,0.8159987721872637,32683.31079763678,0.05998435586692805,2878841.2211339856,0.0229723016430702,0.0005090302694659327,0.002126113024065276,0.02760744493660141,108.27632438299051,268.12377612222804,3000.0,23.989688782140977,2.989688782140976,273.8190499307008,0.013965093797445826,165.54272554771032,165.54272554771032,6.900578288074662,0.0,188.66882248531746,1.0
0.7466940469789412,0.8161984112096293,32699.305092264258,0.05995468363873551,2879545.5470061833,0.022971554460601926,0.0005085267939726857,0.0021484354449654085,0.027628516699540022,108.41199561659724,268.18937422159104,3000.0,23.989555968815406,2.989555968815407,273.80073057917923,0.013964532055548878,165.388734962582,165.388734962582,6.894197423977949,0.0,188.54047946003487,1.0
0.7493579817174728,0.8162542974764126,32703.783181480543,0.059946381158427854,2879742.7135877945,0.022971345336179772,0.0005083859628947917,0.002154702496991893,0.027634433796066456,108.45006374514428,268.20773752971604,3000.0,23.989518768422833,2.9895187684228324,273.79560232241704,0.013964374794507257,165.34553857727275,165.34553857727275,6.892407479007685,0.0,188.50443485568925,1.0
0.7504290852138096,0.8162767638965436,32705.58347103852,0.0599430440162447,2879821.9750506408,0.022971261272476697,0.0005083293620129134,0.002157224107424717,0.02763681474191433,108.46537816983685,268.2151196258745,3000.0,23.989503811166024,2.989503811166024,273.7935407502708,0.01396431157407111,165.3281625804339,165.3281625804339,6.89168745972483,0.0,188.48993044864804,1.0
0.7562357877559502,0.8163985187408995,32715.340848391563,0.0599249634042234,2880251.525776391,0.02297080574471044,0.0005080227536316222,0.0021709120838922947,0.027649740582234357,108.54848250208819,268.25512626527467,3000.0,23.989422725557365,2.9894227255573655,273.7823682361662,0.013963968945336448,165.233885734078,165.233885734078,6.887780820088033,0.0,188.41118155335946,1.0
0.7657933049592488,0.8165987701228004,32731.39206733671,0.05989524345872342,2880958.0120511926,0.02297005671101855,0.0005075189681090226,0.0021935066984677017,0.027671082377595274,108.68556554743711,268.3209255759097,3000.0,23.989289267377472,2.989289267377472,273.7639926930771,0.013963405380179497,165.07842714564,165.07842714564,6.8813388052361635,0.0,188.28113549707516,1.0
0.7753508221625474,0.8167988339113071,32747.432180799802,0.059865572963152355,2881663.836497063,0.022969308599090774,0.0005070162701090594,0.0022161816145954303,0.027692506483795266,108.8230173593333,268.3866632464407,3000.0,23.989155814581583,2.9891558145815824,273.74563436400416,0.013962842292873548,164.92261700467085,164.92261700467085,6.874882062520274,0.0,188.150556711275,1.0
0.7849083393658459,0.8169987096792628,32763.461143467845,0.05983595189745461,2882368.9976069923,0.022968561409786575,0.0005065146580467876,0.002238936255296427,0.02771401232312979,108.96083590541421,268.45233913651094,3000.0,23.98902236716512,2.9890223671651204,273.7272932881441,0.013962279684761845,164.76645738272987,164.76645738272987,6.868410678054697,0.0,188.01944728056702,1.0
0.7944658565691393,0.8171983970020203,32779.47891020607,0.0598063802412256,2883073.4938828275,0.02296781514395549,0.0005060141303341039,0.002261770044654259,0.02773559931894385,109.09901915246948,268.5179531065883,3000.0,23.988888925123497,2.9888889251234976,273.70896950446365,0.013961717557180875,164.60995035199417,164.60995035199417,6.86192473798145,0.0,187.8878092941261,1.0
0.7993151804986377,0.8172996428019754,32787.60176058105,0.059791394966913006,2883430.688761438,0.022967436854603788,0.0005057605851257705,0.0022733856099084043,0.027746583049637966,109.16926982981016,268.55122081130276,3000.0,23.988821220923604,2.988821220923604,273.6996789490528,0.013961432527259593,164.53040911924262,164.53040911924262,6.858628342093583,0.0,187.82081693139176,1.0
0.8040465072873759,0.8173983781044817,32795.524165418115,0.059776786576370845,2883779.0266125766,0.022967067999495553,0.000505513477809337,0.002284737960966021,0.027757319438270908,109.23790084860524,268.5836636078447,3000.0,23.98875516548152,2.988755165481521,273.6906187628588,0.013961154552609278,164.45271791425353,164.45271791425353,6.85540857705246,0.0,187.7553243108902,1.0
0.8136509849602509,0.8175986656414588,32811.597942123895,0.05974716910448707,2884485.6404423793,0.022966319929996985,0.0005050126706233497,0.0023078416670409235,0.027779174267661258,109.37749166816343,268.6494747984432,3000.0,23.98862107859279,2.98862107859279,273.672239902094,0.013960590635194883,164.2947482339306,164.2947482339306,6.848861703874493,0.0,187.62198097342656,1.0
0.8232554626331259,0.8177987616024925,32827.66027662363,0.059717601464732706,2885191.578392828,0.022965572795588605,0.0005045129536271182,0.0023310235590069473,0.027801109308222667,109.51744460203352,268.71522304033743,3000.0,23.98848699711784,2.9884869971178385,273.65387862079336,0.013960027207062534,164.13643401875984,164.13643401875984,6.842300393454596,0.0,187.48811024520506,1.0
0.8328599403060009,0.8179986655668589,32843.71112384252,0.05968808363499776,2885896.8389796093,0.022964826597092376,0.0005040143251965664,0.002354283056844457,0.027823123979133405,109.65775758402161,268.78090819528444,3000.0,23.988352921051963,2.988352921051961,273.63553495756366,0.013959464269540915,163.97777737354204,163.97777737354204,6.8357247332990765,0.0,187.35371426420787,1.0
0.8424644179788757,0.8181983771163936,32859.75043888917,0.0596586155928248,2886601.420727442,0.022964081335320248,0.0005035167837045987,0.002377619581669176,0.027845217700694022,109.79842854736137,268.8465301258824,3000.0,23.98821885039044,2.9882188503904397,273.61720895077644,0.013958901823951776,163.81878040341508,163.81878040341508,6.829134810930271,0.0,187.21879517271216,1.0
0.8492723792798026,0.8183398222962797,32871.112610187,0.059637757841747956,2887100.438897893,0.022963553637667715,0.0005031647677636643,0.002394207592118555,0.027860925997549933,109.89835630674607,268.89300668569837,3000.0,23.98812382008323,2.98812382008323,273.6042296046513,0.013958503443161236,163.70587329790527,163.70587329790527,6.8244550730911335,0.0,187.12284455904333,1.0
0.852083013459698,0.8183981889697916,32875.80172799609,0.05962915410953183,2887306.3563470035,0.022963335917668,0.0005030195985685994,0.002401067026913137,0.027867422543149736,109.93966298386552,268.9121850146801,3000.0,23.988084588067387,2.9880845880673883,273.5988737398683,0.013958339045949002,163.65921075600278,163.65921075600278,6.8225209960037105,0.0,187.08315564885967,1.0
0.8617359779473042,0.8185985199344763,32891.89865304603,0.05959963751054773,2888013.1233896283,0.022962588782632336,0.0005025217295904289,0.002424674756860792,0.027889785269083554,110.08175886310948,268.97801047490907,3000.0,23.987949851440195,2.987949851440195,273.5804908940737,0.013957774755712487,163.49873203096422,163.49873203096422,6.815869344547093,0.0,186.946508333957,1.0
0.8713889424349103,0.8187986552822992,32907.98379397925,0.05957017113278592,2888719.200296551,0.0229618425962076,0.0005020249535936676,0.002448358542444857,0.027912226092246126,110.22421006770243,269.04377165865446,3000.0,23.987815120257657,2.9878151202576584,273.56212599854763,0.013957210966359811,163.3379159308452,163.3379159308452,6.80920355238634,0.0,186.80933914492,1.0
0.881041906922511,0.8189985945991487,32924.05710597087,0.05954075495205012,2889424.585606787,0.022961097359177497,0.0005015292689145653,0.00247211780069228,0.02793474442878434,110.36701449767965,269.109468429846,3000.0,23.98768039451494,2.9876803945149386,273.54377909128993,0.01395664767920461,163.1767645936103,163.1767645936103,6.8025237084166985,0.0,186.67165027338007,1.0
0.8906948714101173,0.8191983374735251,32940.118544384866,0.059511388943797934,2890129.277868567,0.022960353072315646,0.0005010346738864896,0.002495951949839202,0.02795733969604134,110.51017005278862,269.1751006532717,3000.0,23.987545674207183,2.9875456742071815,273.5254502100608,0.013956084895553441,163.01528015727217,163.01528015727217,6.795829901537437,0.0,186.5334439149815,1.0
0.8992295780609674,0.8193747769717739,32954.30940296435,0.05948546664249914,2890751.7558892546,0.022959695800194913,0.0005005982820185916,0.0025170869216691273,0.027977381003882633,110.63703238638786,269.2330757705636,3000.0,23.98742656523846,2.9874265652384615,273.50925970205077,0.013955587728596943,162.8722273156629,162.8722273156629,6.78989998667428,0.0,186.41081894294436,1.0
0.900353572247211,0.8193980020197165,32956.17759877508,0.05948205567686775,2890833.6937887454,0.022959609294935224,0.0005005408738926818,0.0025198746391074454,0.02798002480793535,110.653760014614,269.24070713934407,3000.0,23.987410879275767,2.9874108792757688,273.5071285164122,0.013955522282717498,162.8533685017982,162.8533685017982,6.7891182304505175,0.0,186.3946396801262,1.0
0.9100560537389212,0.8195983727612498,32972.297386990474,0.05945263997264269,2891540.6011639726,0.022958863105490432,0.0005000459306209661,0.0025439800845175934,0.02800288912062899,110.7983505336359,269.3065456695913,3000.0,23.987275478818788,2.9872754788187867,273.48874202059943,0.013954957629838416,162.69039148696353,162.69039148696353,6.782362241623572,0.0,186.2546890907201,1.0
0.9197585352306313,0.8197985438060614,32988.405045108,0.0594232748803488,2892246.804009764,0.02295811787827481,0.0004995520831300636,0.0025681594319843866,0.02802582939338926,110.9432894105062,269.37231858278005,3000.0,23.987140083837858,2.9871400838378577,273.47037384943275,0.013954393489566648,162.52708443892655,162.52708443892655,6.7755924162228345,0.0,186.11422238275514,1.0
0.9294610167223415,0.8199985147469163,33004.500528573146,0.05939396037367262,2892952.3008893966,0.022957373614032897,0.0004990593297162294,0.0025924120957667835,0.028048845039515907,111.08857451190828,269.4380257450997,3000.0,23.987004694328,2.9870046943280015,273.4520240402812,0.013953829863200057,162.36344952837288,162.36344952837288,6.768808844514278,0.0,185.97324180142013,1.0
0.9391634982140517,0.8201982851792464,33020.58379302591,0.05936469642595594,2893657.0903755547,0.022956630313498965,0.0004985676686729732,0.002616737491407848,0.028071935473579786,111.23420370453091,269.5036670236158,3000.0,23.986869310284227,2.9868693102842268,273.43369263026864,0.01395326675202925,162.19948892573774,162.19948892573774,6.762011616755492,0.0,185.83174959562072,1.0
0.9488659797057618,0.8203978547011485,33036.654794300994,0.05933548301019751,2894361.171050325,0.02295588797739709,0.0004980770982910993,0.002641135035744191,0.028095100111432382,111.38017485512627,269.56924228626946,3000.0,23.98673393170153,2.9867339317015276,273.4153796562748,0.013952704157337573,162.03520480114855,162.03520480114855,6.755200823193288,0.0,185.68974801790606,1.0
0.9491867768421323,0.8204044497145009,33037.18594648277,0.059334517977700715,2894384.4382376545,0.022955863449712368,0.0004980608969676199,0.002641942927226843,0.02809586727390683,111.3850069746912,269.57140929919143,3000.0,23.986729455716972,2.986729455716972,273.41477448216375,0.013952685564873248,162.02976750747257,162.02976750747257,6.754975404487858,0.0,185.68504428822968,1.0
0.9586173432973656,0.8205982268406116,33052.794362548615,0.059306173301126267,2895068.083357444,0.02295514287378267,0.0004975851535549736,0.0026657276050209766,0.028118455632358617,111.52722381705554,269.6350812758534,3000.0,23.986597876564954,2.9865978765649523,273.39699303218464,0.013952139249912654,161.8697692151291,161.8697692151291,6.748342138727261,0.0,185.5465200708694,1.0
0.9683703783625579,0.8207984295274949,33068.924218148,0.05927690956789771,2895774.3978363704,0.022954398618311247,0.0004970942229863606,0.002690396108505728,0.028141888949803337,111.67463916438997,269.70086458610655,3000.0,23.986461803614752,2.9864618036147528,273.37862195746624,0.0139515747700657,161.70398279307625,161.70398279307625,6.741468755041959,0.0,185.40275749772246,1.0
0.9781234134277556,0.820998427998651,33085.04154929943,0.0592476968103749,2896479.9918428226,0.022953655339488347,0.0004966043892592741,0.0027151357486694034,0.028165395477417025,111.8223935547351,269.76658079443035,3000.0,23.986325736167384,2.9863257361673825,273.36026962206876,0.01395101081595322,161.53787606733366,161.53787606733366,6.734581938231642,0.0,185.25848710382013,1.0
0.9878764484929532,0.8211982218567265,33101.14631194103,0.05921853499975101,2897184.8639749405,0.02295291303800793,0.0004961156506270214,0.002739945938555846,0.028188974627190798,111.97048482218831,269.8322297702611,3000.0,23.986189674217705,2.986189674217705,273.34193606245407,0.013950447388849077,161.37145124026574,161.37145124026574,6.727681779891903,0.0,185.11371119118058,1.0
0.997629483558151,0.8213978107070907,33117.238462211586,0.0591894241068773,2897889.012840468,0.02295217171455358,0.0004956280053403392,0.002764826092578193,0.028212625812472115,112.1189108012142,269.8978113839296,3000.0,23.98605361776057,2.9860536177605703,273.32362131483467,0.013949884490019712,161.20471051362046,161.20471051362046,6.720768371594724,0.0,184.96843206515504,1.0
0.9991439756232972,0.8214287852840998,33119.73618446215,0.05918490821107016,2897998.2910552644,0.022952056686519076,0.0004955523797000376,0.002768695824949962,0.028216304891169074,112.14198889150424,269.9079891205078,3000.0,23.986032490837356,2.986032490837357,273.32077901397713,0.013949797128202632,161.1787901224729,161.1787901224729,6.719693646043507,0.0,184.945827526164,1.0
1.0004290852138096,0.8214550646171582,33121.8553663463,0.059181077247699734,2898091.0044634845,0.022951959098951875,0.000495488228833533,0.0027719807644802402,0.02821942809226565,112.16157789516392,269.9166240771447,3000.0,23.98601456386691,2.986014563866909,273.3183675598719,0.013949723008080334,161.15678966470796,161.15678966470796,6.718781448064252,0.0,184.92663716698905,1.0
1.0074232577383113,0.8215980265651817,33133.38509502305,0.05916024282326985,2898595.3737873747,0.022951428279380084,0.0004951394215653988,0.0027898799871735065,0.02823644768811899,112.26829139591037,269.96359902202494,3000.0,23.985916998507832,2.985916998507831,273.3052490314949,0.01394931977278042,161.03695763558454,161.03695763558454,6.713812844662252,0.0,184.82204205363922,1.0
1.017228558865725,0.8217982701906309,33149.53790324793,0.059131078568923794,2899301.832697438,0.0229506849585171,0.0004946513636400205,0.0028150328622316588,0.028260369184388782,112.41818153252109,270.02939578401754,3000.0,23.985780223996624,2.9857802239966227,273.2868742001563,0.013948754927068098,160.86869266763523,160.86869266763523,6.706835932178425,0.0,184.67497610179603,1.0
1.0270338599931386,0.8219983054212487,33165.67783135498,0.05910196568881001,2900007.5563911614,0.022949942628207775,0.0004941644054740328,0.002840254680446254,0.028284361714128063,112.56840339315391,270.0951240708959,3000.0,23.985643455021265,2.985643455021264,273.2685184916231,0.013948190619115116,160.7001150984692,160.7001150984692,6.699845905731894,0.0,184.52740856098055,1.0
1.036839161120552,0.8221981318671433,33181.80483559716,0.059072904151928736,2900712.543493007,0.022949201289104684,0.0004936785452797503,0.0028655448524456703,0.028308424686830105,112.71895477939167,270.16078375454805,3000.0,23.98550669157647,2.9855066915764716,273.2501819416727,0.013947626850177957,160.53122716228103,160.53122716228103,6.6928428582523285,0.0,184.3793417865916,1.0
1.0466444622479656,0.8223977491411809,33197.9188724323,0.05904389392694268,2901416.7926371684,0.022948460941850008,0.0004931937812671072,0.002890902790301638,0.028332557513418753,112.86983349347976,270.2263747077681,3000.0,23.985369933656955,2.985369933656954,273.2318645858294,0.013947063621505546,160.36203109234964,160.36203109234964,6.685826882633362,0.0,184.23077813705518,1.0
1.049101174404462,0.8224477303116526,33201.95419783354,0.05903663346786417,2901593.126056702,0.0229482756037611,0.0004930724954620108,0.002897266753398139,0.02833861485262125,112.90768708401312,270.24279769836403,3000.0,23.985335669909453,2.9853356699094524,273.22727819474966,0.013946922589693787,160.31959111073655,160.31959111073655,6.68406701982761,0.0,184.19347804210202,1.0
1.0564887174852673,0.8225979486396058,33214.083838034385,0.05901482003746002,2902123.095867222,0.02294771865177646,0.000492708192320389,0.002916429048625837,0.028356855892722688,113.02163868047408,270.29215697034624,3000.0,23.98523263798392,2.985232637983919,273.2134938036915,0.013946498699999633,160.1918551232174,160.1918551232174,6.678770122476592,0.0,184.0811268183632,1.0
1.066345995499559,0.82279820094711,33230.2570038467,0.058985759445305846,2902829.58540755,0.022946976382739577,0.0004922230644685955,0.0029420563303444404,0.028381255777552614,113.17397082959789,270.3579565851193,3000.0,23.98509516625463,2.985095166254632,273.1951181756669,0.013945933579322205,160.021147346069,160.021147346069,6.671691158065851,0.0,183.93078048688307,1.0
1.076203273513851,0.8229982406987252,33246.41693323969,0.05895675061314009,2903535.3250513384,0.022946235117984222,0.0004917390389925244,0.0029677503191129907,0.028405724476089737,113.32662710673732,270.4236863575231,3000.0,23.984957700093183,2.9849577000931844,273.1767620522762,0.013945369008404677,159.8501349455389,159.8501349455389,6.664599410359514,0.0,183.77993918877442,1.0
1.0860605515281427,0.8231980675123708,33262.5635828139,0.05892779350776498,2904240.313450609,0.022945494858120682,0.0004912561140641545,0.0029935104235796484,0.028430261395764482,113.47960528231626,270.48934616201217,3000.0,23.98482023949415,2.9848202394941503,273.1584254685801,0.013944804988485092,159.67882018626386,159.67882018626386,6.657494973563811,0.0,183.62860533170428,1.0
1.0959178295424346,0.823397681008783,33278.696909380844,0.0588988880956465,2904944.549267319,0.02294475560374871,0.0004907742878532203,0.0030193360539126643,0.028454865945514593,113.63290312774112,270.55493587396666,3000.0,23.984682784452094,2.9846827844520933,273.14010845938066,0.013944241520793767,159.50720533163954,159.50720533163954,6.650377941835403,0.0,183.4767813260308,1.0
1.099058373185627,0.8234612333004435,33283.83420602242,0.0588896896406444,2905168.761561707,0.022944520287494476,0.0004906210077884693,0.0030275778071244003,0.028462719102407344,113.6818108388536,270.5758181117862,3000.0,23.98463899223475,2.984638992234751,273.1342767499426,0.013944062115333989,159.452465911089,159.452465911089,6.648107814452126,0.0,183.4283074027056,1.0
1.105811700496198,0.8235978206400925,33294.87668675655,0.05886992732601389,2905650.6412863694,0.022944014616751027,0.0004902917759684094,0.003045322855000743,0.028479629247720177,113.78708926648662,270.6206984651953,3000.0,23.984544824721418,2.984544824721416,273.1217431707917,0.013943676517892682,159.3346539043051,159.3346539043051,6.643221919311774,0.0,183.32390325579556,1.0
1.1157226812115053,0.823798090157776,33311.070900562234,0.05884096861770294,2906357.1915441584,0.022943273365124934,0.0004898095357126574,0.0030714195910143145,0.028504502491851907,113.9418604189598,270.68650373495024,3000.0,23.984406632014725,2.9844066320147253,273.1033659635201,0.013943111098162497,159.1615055445603,159.1615055445603,6.636040990570485,0.0,183.17027062037909,1.0
1.1256336619268124,0.8239981428910264,33327.25151570714,0.058812062063387696,2907062.9769871165,0.022942533131736668,0.0004893284005975539,0.0030975807838837157,0.028529442316217936,114.09694796105443,270.7522377729058,3000.0,23.984268444909116,2.984268444909115,273.08500864890374,0.013942546240389457,158.98806068784933,158.98806068784933,6.628847615387494,0.0,183.01614982912153,1.0
1.1355446426421196,0.8241979784658345,33343.41848915741,0.05878320762762756,2907767.9962957418,0.02294179391715314,0.0004888483687539574,0.0031238058403734656,0.028554448126280566,114.25234963218115,270.8179004561688,3000.0,23.98413026339901,2.9841302633990106,273.06667126126246,0.013941981945792483,158.8143216290813,158.8143216290813,6.621641889238733,0.0,182.86154334214567,1.0
1.1454556233574213,0.8243975965110708,33359.571778096746,0.05875440527464638,2908472.24816069,0.0229410557219306,0.0004883694383106136,0.0031500941688464277,0.028579519329087644,114.4080631730643,270.8834916627921,3000.0,23.983992087478825,2.9839920874788257,273.0483538346522,0.013941418215582561,158.64029066158787,158.64029066158787,6.61442390753657,0.0,182.70645362191527,1.0
1.1490155719667916,0.8244692446179711,33365.370567512386,0.058744072396126605,2908725.0224669655,0.022940790816779237,0.00048819767865026804,0.003159552067481839,0.028588540562911345,114.46406998390754,270.90703405235064,3000.0,23.983942457106632,2.9839424571066315,273.0417792339523,0.013941215865996165,158.57770925004476,158.57770925004476,6.611828290267471,0.0,182.65062909146195,1.0
1.1554016985184965,0.8245977023400426,33375.7684651264,0.05872555325690776,2909178.220925194,0.022940315938114696,0.0004878899173625207,0.003176538597976175,0.028604744453453394,114.56463934590829,270.94924314712847,3000.0,23.983853427896413,2.983853427896415,273.02999164784603,0.01394085305782229,158.46535230193774,158.46535230193774,6.607168142447929,0.0,182.5503314120607,1.0
1.165367445194583,0.8247979834759442,33391.983277713196,0.0586966967097155,2909884.812172022,0.022939575721876094,0.0004874105567223462,0.0032030980465533303,0.028630084325151774,114.72183564299841,271.0150522344388,3000.0,23.98371449970569,2.98371449970569,273.01161337445916,0.013940287354789315,158.28977773146073,158.28977773146073,6.5998858405941725,0.0,182.3934173066198,1.0
1.1753331918706693,0.8249980435600184,33408.18412520134,0.05866789271161318,2910590.6235486646,0.02293883653792269,0.0004869323039825938,0.0032297196781329537,0.02865548852003824,114.87934040100369,271.0807886877542,3000.0,23.98357557714976,2.9835755771497623,272.9932553853137,0.013939722226033858,158.11391498431004,158.11391498431004,6.592591437239755,0.0,182.23602211795955,1.0
1.1852989385467558,0.825197882226691,33424.37096495167,0.05863914122487636,2911295.6537653785,0.022938098386776754,0.00048645515723255554,0.0032564028978228224,0.028680956441832134,115.0371513289701,271.146452386953,3000.0,23.983436660222903,2.9834366602229037,272.9749177139556,0.01393915767275469,157.93776638498554,157.93776638498554,6.585285029102149,0.0,182.07814835830385,1.0
1.1952646852228421,0.8253974991133315,33440.543754549246,0.05861044221144584,2911999.901542804,0.02293736126894974,0.00048597911455954066,0.003283147112408304,0.028706487495917588,115.19526613759835,271.21204321288076,3000.0,23.983297748919373,2.983297748919372,272.9566003936608,0.013938593696142441,157.7613342560624,157.7613342560624,6.577966712820832,0.0,181.91979854185215,1.0
1.1989727707479565,0.8254717164902293,33446.55778057539,0.05859977718152065,2912261.740225925,0.02293708726376355,0.0004858022685899674,0.0032931136320084853,0.028716003164362,115.25417508768233,271.2364298223047,3000.0,23.983246063810668,2.9832460638106673,272.9497900306351,0.013938383997439888,157.69561494295277,157.69561494295277,6.575240671066055,0.0,181.86075824490234,1.0
1.2052654923544446,0.8255975949576033,33456.75927472929,0.05858169494402475,2912705.8390813167,0.02293662259715349,0.0004855025051058247,0.0033100461375157085,0.02873217123977502,115.35424039313436,271.27779141640895,3000.0,23.98315835455976,2.9831583545597584,272.93823912307454,0.013938028316309982,157.58399872994016,157.58399872994016,6.570610776123227,0.0,181.7604155959034,1.0
1.2152870751663638,0.8257978817161064,33472.99420253857,0.05855294088689919,2913412.450164665,0.022935883435690137,0.0004850260169913272,0.0033370614631233536,0.02875797091580482,115.51384724898091,271.34360235121363,3000.0,23.983018676291213,2.983018676291213,272.91986033374434,0.013937462346885553,157.40601308476343,157.40601308476343,6.563227724138397,0.0,181.60022573652265,1.0
1.2253086579782828,0.8259979431169283,33489.214794619234,0.05852423977488548,2914118.26618679,0.02293514532064778,0.00048455063952844364,0.003364136674232859,0.028783832634409083,115.67375444473159,271.4093392371907,3000.0,23.98287900369164,2.9828790036916395,272.90150222377093,0.013936896964181392,157.22774777903936,157.22774777903936,6.555832923763556,0.0,181.43956213264335,1.0
1.2353302407901963,0.8261977788033166,33505.42100875794,0.05849559156793209,2914823.2858890695,0.022934408252502654,0.000484076370764424,0.003391271174531995,0.02880975579779907,115.83395965977154,271.47500195711706,3000.0,23.98273933675515,2.9827393367551487,272.8831648258909,0.013936332169375022,157.04920516611935,157.04920516611935,6.548426472927176,0.0,181.27842734817114,1.0
1.2453518236021155,0.8263973884215277,33521.612802972435,0.058466996225653566,2915527.508023498,0.022933672231720055,0.0004836032087446698,0.0034184643694662596,0.028835739809930983,115.99446057549171,271.54059039475845,3000.0,23.98259967547584,2.982599675475839,272.8648481725644,0.013935767963635628,156.8703875970727,156.8703875970727,6.541008469464861,0.0,181.1168239486067,1.0
1.2489299695291214,0.8264686030017039,33527.39048444966,0.058456799229884254,2915778.752848791,0.022933409693745282,0.0004834345368385439,0.0034281876429290833,0.028845031873512908,116.05183765915964,271.5639903345655,3000.0,23.98254981162463,2.9825498116246303,272.8583133533079,0.013935566660296354,156.80647569414825,156.80647569414825,6.538357135743017,0.0,181.05901138664623,1.0
1.2504290852138096,0.8264984307904654,33529.81057872463,0.058452529053115404,2915883.9851980894,0.022933299739395955,0.00048336391116088535,0.003432263543362175,0.028848927193919016,116.0758877053827,271.57379125538637,3000.0,23.982528920661277,2.982528920661277,272.8555762844675,0.013935482343746202,156.7796885790848,156.7796885790848,6.537245888360712,0.0,181.03477235047694,1.0
1.2554062844938099,0.8265974253696172,33537.843185074096,0.05843836015401758,2916233.237776457,0.022932934849233817,0.000483129604638012,0.0034458051652769394,0.028861869619148772,116.15578287780788,271.6063192459698,3000.0,23.98245956168507,2.9824595616850695,272.8464923064319,0.013935202500028178,156.69070942862402,156.69070942862402,6.53355461834935,0.0,180.95422203121086,1.0
1.2654856417770162,0.8267977285323662,33554.099103093875,0.05840970650229451,2916939.9067339352,0.02293219669995146,0.00048265594201233594,0.003473271762559549,0.028888124404523347,116.31779870062573,271.67213557093993,3000.0,23.98231910665457,2.982319106654567,272.8281120118091,0.013934636233732261,156.51031331118335,156.51031331118335,6.52607083640027,0.0,180.7907492377205,1.0
1.2755649990602222,0.8269978019537122,33570.34030801285,0.05838110620169378,2917645.765164433,0.022931459611495102,0.00048218339296985226,0.0035007959341516255,0.02891443893861658,116.48010659815397,271.7378764066635,3000.0,23.982178657328646,2.982178657328647,272.80975279880386,0.013934070566824884,156.3296462006499,156.3296462006499,6.518575665471393,0.0,180.62681022891093,1.0
1.2856443563434286,0.8271976452859574,33586.566758058856,0.05835255920979252,2918350.811841273,0.022930723584293978,0.0004817119555149538,0.003528377082401195,0.028940812622210127,116.64270422019993,271.8035416388927,3000.0,23.98203821370126,2.98203821370126,272.79141469932176,0.013933505500461702,156.14871047912183,156.14871047912183,6.511069204698039,0.0,180.46240762063044,1.0
1.2957237136266349,0.8273972581844079,33602.778411692016,0.058324065483845014,2919055.0455483766,0.022929988618766484,0.00048124162765048994,0.0035560146114853187,0.028967244857902294,116.80558921887788,271.8691311543668,3000.0,23.981897775766345,2.9818977757663454,272.7730977449927,0.013932941035790052,155.9675085261148,155.9675085261148,6.5035515531101815,0.0,180.29754402998964,1.0
1.2988871683102863,0.8274598600858959,33607.86345973502,0.05831513356665646,2919275.9048690856,0.022929758165267232,0.00048109424144911103,0.0035647003127840552,0.0289755527195004,116.85677033607877,271.88970110960634,3000.0,23.981853699818807,2.9818536998188074,272.76735324561736,0.013932764000080339,155.9105829095386,155.9105829095386,6.501189810473932,0.0,180.2457061714832,1.0
1.3058422749379441,0.8275974153604256,33619.038196689995,0.058295514464261775,2919761.1994651053,0.022929251862850056,0.0004807705844882005,0.0035838157497227238,0.02899383819706098,116.96939445787709,271.93489951049804,3000.0,23.981756797312567,2.981756797312568,272.75473084645955,0.01393237498196609,155.78533638858246,155.78533638858246,6.495993504781102,0.0,180.1315781580353,1.0
1.3159787688566804,0.8277976937281546,33635.31176323798,0.058266966581521945,2920467.7809458273,0.022928514874828044,0.0004802998236837749,0.0036117219286799698,0.02902053662719179,117.13377563904751,272.00070768823235,3000.0,23.981615574749696,2.9816155747496955,272.73635282708676,0.013931808535246587,155.60257718803925,155.60257718803925,6.488410953925623,0.0,179.96485764658146,1.0
1.326115262775411,0.8279977380113334,33651.57024012856,0.05823847243828041,2921173.536576958,0.02292777896175805,0.0004798301789973018,0.0036396833271829993,0.02904729246793835,117.29844033244615,272.0664389496334,3000.0,23.981474357925503,2.981474357925502,272.717996287869,0.01393124270050075,155.41955595542288,155.41955595542288,6.480817385777582,0.0,179.79767888436717,1.0
1.3362517566941472,0.8281975478716307,33667.81358606304,0.058210031989759194,2921878.4651648668,0.022927044124021665,0.0004793616483915101,0.0036676993467613336,0.029074105119174513,117.46338616007625,272.132093183531,3000.0,23.98133314683378,2.9813331468337787,272.69966125985246,0.01393067747886142,155.2362750997762,155.2362750997762,6.473212900604395,0.0,179.63004453754448,1.0
1.3463882506128835,0.8283971229737874,33684.04175998223,0.05818164519085814,2922582.565526759,0.022926310361989492,0.00047889422982771507,0.003695769390854097,0.029100973982671308,117.6286107466148,272.1976702797646,3000.0,23.981191941468307,2.9811919414683055,272.68134777380124,0.013930112871452878,155.05273702718642,155.05273702718642,6.465597598552599,0.0,179.46195727312164,1.0
1.3488443670914512,0.8284454455170045,33687.97162886387,0.05817477501584573,2922753.0473143123,0.02292613273020651,0.0004787811394222661,0.0037025789485676994,0.029107492818196475,117.6686870696114,272.2135482727235,3000.0,23.98115772765643,2.9811577276564303,272.6769135823034,0.013929976157199117,155.00822651269203,155.00822651269203,6.463750761037185,0.0,179.42116113172682,1.0
1.356569516356588,0.8285973429274659,33700.32629820117,0.05815318697025995,2923288.940922886,0.022925574442211986,0.0004784258640892789,0.003724017200876046,0.029128017507177313,117.79484332939101,272.26345926360267,3000.0,23.981050118171584,2.9810501181715834,272.66297511464063,0.013929546389663972,154.8681317852496,154.8681317852496,6.457937872699688,0.0,179.2926743516541,1.0
1.3667650997321976,0.8287976064383936,33716.6183157827,0.05812474287608671,2923995.469988858,0.022924838575766753,0.0004779579598195499,0.003752358149517126,0.029155154685103428,117.96158669462832,272.32926255963645,3000.0,23.980908101209184,2.980908101209186,272.6445984585633,0.01392897973447664,154.68301176393496,154.68301176393496,6.450256642121714,0.0,179.12270088862184,1.0
1.3769606831078074,0.8289976314439658,33732.89486036938,0.05809635291954334,2924701.157608651,0.022924103798665534,0.00047749117437763004,0.003780751949312986,0.029182346922356148,118.12860486127967,272.394987486733,3000.0,23.980766090020985,2.9807660900209854,272.6262436883046,0.013928413704073744,154.49763882702496,154.49763882702496,6.442564772412146,0.0,178.95227733871133,1.0
1.387156266483417,0.8291974176155723,33749.15589116156,0.05806801705343694,2925406.002622929,0.02292337011124086,0.00047702550568352886,0.003809198001083079,0.029209593618007464,118.29589542379338,272.46063393691645,3000.0,23.980624084600606,2.9806240846006062,272.60791083401864,0.013927848299564333,154.31201541022526,154.31201541022526,6.434862364958977,0.0,178.78140641845366,1.0
1.3973518498590265,0.8293969646277483,33765.40136760666,0.0580397352302529,2926110.0038834536,0.02292263751381409,0.0004765609516559713,0.0038376957076388506,0.029236894173108915,118.46345597967155,272.52620180324436,3000.0,23.980482084941663,2.980482084941664,272.5895999255709,0.013927283522048675,154.12614394589934,154.12614394589934,6.427149521013238,0.0,178.61009084481236,1.0
1.398801565872616,0.829425318895582,33767.710056062824,0.05803571820688569,2926210.037655338,0.02292253343388462,0.0004764949868398582,0.0038417519733997675,0.029240780394124248,118.48730329941527,272.5355185493228,3000.0,23.98046189439389,2.9804618943938896,272.5869980705155,0.013927203266978652,154.09969477110025,154.09969477110025,6.4260519855593525,0.0,178.5856954321122,1.0
1.4075990636165687,0.8295972808405022,33781.713397683845,0.05801136459390584,2926816.718881311,0.022921902305122355,0.00047609516617511886,0.003866389173523807,0.029264386644821283,118.63213468732312,272.5920224162315,3000.0,23.980339371995996,2.9803393719959943,272.57121843344856,0.01392671651736863,153.93908374612545,153.93908374612545,6.419387205416033,0.0,178.43746243592227,1.0
1.417854835632352,0.8297975218121181,33798.02323776137,0.05798302482571644,2927523.1684286585,0.02292116758546281,0.0004756301148503229,0.0038951576431043725,0.029291955343417504,118.80122248515518,272.6578183062181,3000.0,23.980196545673707,2.9801965456737047,272.5528438456321,0.013926149675496647,153.75162136047692,153.75162136047692,6.411608056157297,0.0,178.26424563193552,1.0
1.428110607648141,0.8299975198199054,33814.31721726768,0.057954739593698464,2928228.760800347,0.022920433969619836,0.0004751661850431842,0.00392397657198614,0.029319576726649164,118.97057617331203,272.72353436228656,3000.0,23.980053725161554,2.9800537251615524,272.5344915527543,0.013925583471341417,153.56391537944225,153.56391537944225,6.403818654430796,0.0,178.09058718843937,1.0
1.4383663796639297,0.8301972745454473,33830.5952959409,0.057926508848192754,2928933.494873004,0.022919701457875242,0.0004747033746304241,0.003952845360552011,0.02934725019305768,119.14019331960692,272.78917047981037,3000.0,23.979910910452993,2.979910910452992,272.516161584034,0.013925017905986862,153.37596826442712,153.37596826442712,6.396019102705239,0.0,177.916489871667,1.0
1.4486221516797186,0.8303967856735468,33846.85743377404,0.05789833253921882,2929637.369534614,0.022918970050499535,0.00047424168148760796,0.003981763411260228,0.029374975143247377,119.31007149529802,272.8547265552209,3000.0,23.979768101541467,2.979768101541465,272.49785396839445,0.01392445298050788,153.18778247309643,153.18778247309643,6.38820950329579,0.0,177.74195644784268,1.0
1.4487587646537807,0.8303994416348012,33847.0739473426,0.05789795758121519,2929646.7397579546,0.0229189603151735,0.00047423553899159695,0.003982148946641456,0.029375344800806558,119.31233612419027,272.85559926040753,3000.0,23.979766199281045,2.979766199281045,272.4976102510727,0.013924445459688368,153.1852741268824,153.1852741268824,6.388105407444513,0.0,177.73962862821887,1.0
1.4589384024953913,0.8305972272569405,33863.19934794075,0.05787004494129775,2930344.5268397117,0.022918235444396872,0.0004737783907409153,0.004010901089993925,0.029402914925131717,119.48121234243331,272.9205883629383,3000.0,23.979624456320426,2.9796244563204266,272.479460971964,0.013923885370259329,152.99824862953068,152.99824862953068,6.380343816819208,0.0,177.56595661557552,1.0
1.4692554698007236,0.8307974375662976,33879.526343756545,0.057841810089091956,2931050.868210702,0.022917501898232773,0.00047331618963105494,0.0040400897190490045,0.029430907806912834,119.65262596379681,272.986374177811,3000.0,23.979480805583403,2.9794808055834046,272.4610891977893,0.013923318364762557,152.80846323399248,152.80846323399248,6.372467547271183,0.0,177.38950715028363,1.0
1.4795725371060557,0.830997400416683,33895.83708723891,0.057813630171771255,2931756.3365471824,0.022916769470433456,0.0004728551127041421,0.004069326392315379,0.02945895097545298,119.82429636298944,273.0520786817354,3000.0,23.97933716069286,2.97933716069286,272.4427401310384,0.013922752010033936,152.61844376804896,152.61844376804896,6.3645814204665525,0.0,177.2126247798733,1.0
1.489889604411388,0.8311971155003729,33912.13153870508,0.05778550513715623,2932460.930763504,0.022916038161228315,0.00047239515779301126,0.004098610510024859,0.029487043829046183,119.99622108218112,273.1177017735986,3000.0,23.97919352164207,2.9791935216420704,272.42441379994875,0.01392218630713084,152.42819271776762,152.42819271776762,6.356685539911748,0.0,177.03531231951416,1.0
1.4987159634349456,0.8313677769604478,33926.05865158618,0.05776148739676641,2933063.0238828426,0.02291541340654982,0.000472002550464958,0.004123700584435047,0.029511116541449826,120.14350447908262,273.1737783225757,3000.0,23.979070641561226,2.979070641561225,272.4087534984643,0.013921702860527284,152.26524901938168,152.26524901938168,6.349922867964328,0.0,176.88328041673165,1.0
1.50021131272181,0.8313966721848426,33928.41697756543,0.05775742231804217,2933164.966147852,0.02291530764261991,0.00047193611657985455,0.004127954679192526,0.029515198438392294,120.16847517520341,273.18327281808314,3000.0,23.979049823813984,2.9790498238139853,272.4061020039483,0.01392162100306767,152.2376268287449,152.2376268287449,6.348776450581259,0.0,176.85749253416424,1.0
1.5004290852138096,0.8314008798534052,33928.76039942295,0.057756830403644974,2933179.8107899223,0.022915292241842068,0.00047192644355985666,0.004128574297693431,0.029515792983095354,120.17211217468937,273.1846553887709,3000.0,23.979046792069184,2.9790467920691848,272.4057158982733,0.0139216090830503,152.2336037235839,152.2336037235839,6.348609477418158,0.0,176.85373621841964,1.0
1.510591208334123,0.8315971031412651,33944.77769920944,0.05772923647677839,2933872.085961028,0.022914574135323926,0.0004714756157388551,0.004157510956053357,0.02954356070711614,120.34195207753872,273.24913113395263,3000.0,23.978905321788808,2.9789053217888077,272.38770998267404,0.013921053172225611,152.0457579051353,152.0457579051353,6.340813138245162,0.0,176.67824187752615,1.0
1.5209717640144502,0.8317972951080218,33961.12284934653,0.05770110424105097,2934578.3626193786,0.022913841714384084,0.0004710162148463442,0.00418711532861805,0.02957197325784848,120.51569000488591,273.31491092174844,3000.0,23.97876081646575,2.9787608164657517,272.36933989166,0.01392048596829158,151.85364988677406,151.85364988677406,6.332839759696802,0.0,176.49855300262968,1.0
1.5313523196947776,0.8319972350313924,33977.45134769971,0.0576730273505574,2935283.7500694194,0.022913110426668274,0.00047055794101086187,0.004216765316783869,0.02960043368446301,120.68967544615842,273.3806078922329,3000.0,23.978616317027143,2.978616317027143,272.35099292874645,0.013919919428435122,151.66131748258803,151.66131748258803,6.324856925747371,0.0,176.31844015970955,1.0
1.541732875375105,0.8321969226145062,33993.76315517434,0.057645005750562375,2935988.247263791,0.022912380272352706,0.0004701007920206543,0.004246460320698845,0.02962894138507221,120.86390591792254,273.44622194785904,3000.0,23.97847182346608,2.978471823466079,272.3326691211751,0.013919353553686658,151.4687632032526,151.4687632032526,6.3168647409390175,0.0,176.13790621317327,1.0
1.5486731622161105,0.8323302898952283,34004.659660341604,0.057626301734484846,2936458.766630216,0.022911892734205335,0.00046979577526624336,0.004266338776510922,0.029648027285982502,120.98052929524276,273.49004424286386,3000.0,23.97837522047154,2.9783752204715395,272.32043102229,0.013918975589654797,151.33990172704722,151.33990172704722,6.311516119651041,0.0,176.01697040303384,1.0
1.552134128811681,0.8323967549638739,34010.09070690125,0.05761698367912462,2936693.255193072,0.022911649799142775,0.0004696438575138609,0.004276259084046944,0.02965755274070358,121.03872706272436,273.51188357129536,3000.0,23.978327047687973,2.9783270476879733,272.31433202950797,0.013918787218765943,151.2756049667836,151.2756049667836,6.308847346436115,0.0,175.95659281074683,1.0
1.562577137230801,0.8325971340578958,34026.466867389936,0.057588904849617435,2937400.192035854,0.022910917538616245,0.00046918622034855225,0.004306221733046612,0.02968632549201141,121.21449249221753,273.57772484603294,3000.0,23.978181696641922,2.9781816966419234,272.29594476725094,0.013918219284186524,151.08145227503343,151.08145227503343,6.300788532943345,0.0,175.77413200008303,1.0
1.5730201456499209,0.8327972568822347,34042.82601813574,0.05756088180942947,2938106.2247599624,0.02291018642563711,0.00046872971486727527,0.004336228128549104,0.029715144269053487,121.39049837462294,273.64348191476745,3000.0,23.978036351523286,2.9780363515232846,272.2775810209095,0.013917652025823332,150.88708264628656,150.88708264628656,6.292720572871303,0.0,175.59125371836396,1.0
1.583463154069041,0.8329971231478787,34059.168120400696,0.05753291450160509,2938811.3523457646,0.022909456460339265,0.000468274338815835,0.004366277668935198,0.029744008468090298,121.56674219871714,273.7091546825343,3000.0,23.97789101232499,2.97789101232499,272.25924081700424,0.013917085444688152,150.69249861828712,150.69249861828712,6.284643571898336,0.0,175.40796087810992,1.0
1.593906162488161,0.833196732569138,34075.493135715304,0.05750500286888492,2939515.573785348,0.022908727642845232,0.0004678200899395356,0.004396369754888949,0.029772917487673717,121.74322145777326,273.7747430554606,3000.0,23.977745679039963,2.977745679039963,272.2409241817505,0.01391651954178339,150.49770272397723,150.49770272397723,6.27655763550508,0.0,175.22425639063212,1.0
1.5986303609972754,0.8332869472422181,34082.87260752132,0.057492394504785084,2939833.850881425,0.022908398318158718,0.00046761496693820776,0.0044099966013171205,0.02978600988641405,121.82313365340248,273.8043861133086,3000.0,23.977679935243316,2.977679935243316,272.2326458687785,0.013916263762224186,150.40951221537603,150.40951221537603,6.272896819942047,0.0,175.14101787423414,1.0
1.6043845808992125,0.8333967603866066,34091.85629324605,0.05747705249450807,2940221.271325503,0.022907997507848284,0.00046736543144856575,0.004426606038107461,0.02980196897740431,121.92053323601334,273.84046890650006,3000.0,23.97759985889732,2.97759985889732,272.2225691534655,0.013915952402706891,150.30203591745214,150.30203591745214,6.268435406460412,0.0,175.03951818564207,1.0
1.6148922508212928,0.8335970863591633,34108.24777784076,0.05744908026527282,2940928.020755915,0.022907266495267514,0.00046691063875296297,0.00445696853551259,0.02983114566953307,122.09857295919545,273.90629272639785,3000.0,23.977453637647766,2.977453637647767,272.2041867657605,0.01391538436810956,150.10561380656503,150.10561380656503,6.260281682742133,0.0,174.85385398101016,1.0
1.6253999207433731,0.8337971514466241,34124.62184765975,0.05742116422643102,2941633.8497844907,0.02290653664505269,0.0004664569803615263,0.004487372295022514,0.029860365920436727,122.27684343211796,273.9720308237438,3000.0,23.97730742236331,2.9773074223633116,272.1858283174924,0.013914817023164584,149.90898488537442,149.90898488537442,6.252119232769078,0.0,174.66778187800435,1.0
1.6359075906654534,0.8339969553715442,34140.97846461611,0.05739330431842635,2942338.7574324063,0.022905807957282344,0.0004660044539756416,0.0045178167155929295,0.029889629126850913,122.45534212022154,274.0376831073741,3000.0,23.977161213036702,2.9771612130367036,272.16749383412014,0.01391425036885471,149.7121517138986,149.7121517138986,6.24394816315862,0.0,174.48130483646634,1.0
1.6464152605875337,0.8341964978598849,34157.317590900246,0.05736550048139865,2943042.742732853,0.022905080432023467,0.00046555305729631695,0.004548301198568965,0.029918934687888747,122.63406649387413,274.10324948724417,3000.0,23.977015009660683,2.977015009660682,272.1491833407903,0.01391368440615306,149.51511684691616,149.51511684691616,6.235768580312202,0.0,174.2944258145273,1.0
1.6485875597784403,0.8342377175655068,34160.69326884854,0.05735975945420978,2943188.1657306715,0.022904930172375975,0.0004654598786786656,0.00455460833920426,0.029924998390258903,122.67104292965047,274.11679360458686,3000.0,23.976984785102296,2.9769847851022977,272.1454009225638,0.013913567488424363,149.47435799291333,149.47435799291333,6.234076525159526,0.0,174.25574157967847,1.0
1.6569751270065023,0.8343967679079038,34173.7202221557,0.05733761495849829,2943749.294861663,0.022904350464051187,0.0004651005541369985,0.0045789768718996265,0.029948427890087816,122.8139034971119,274.1690549312586,3000.0,23.97686808601197,2.97686808601197,272.1308060848538,0.013913116329793035,149.31690258774194,149.31690258774194,6.227539896040591,0.0,174.10621648005764,1.0
1.6675485964686483,0.8345970308439309,34190.12620810646,0.05730975013043244,2944455.8218993875,0.0229036207322064,0.000464648606567913,0.004609731393214442,0.029978000731988752,122.99419541920841,274.23485803838946,3000.0,23.976720979105377,2.9767209791053766,272.1124294815307,0.01391254822343847,149.11823406232227,149.11823406232227,6.21929221232011,0.0,173.9173639259958,1.0
1.6781220659307945,0.834797028244143,34206.51437006029,0.057281941893420334,2945161.412127553,0.02290289217761184,0.0004641977958864402,0.004640524669584979,0.030007614643083255,123.17470817998307,274.30057389481874,3000.0,23.97657387820193,2.9765738782019278,272.09407724440547,0.01391198082028907,148.9193690644224,148.9193690644224,6.211036231486393,0.0,173.72811334943432,1.0
1.6886955353929407,0.8349967598432535,34222.884670630956,0.05725419018524272,2945866.064610229,0.022902164800288678,0.0004637481197488561,0.004671356100866634,0.030037269020904173,123.35543922277434,274.3662024133775,3000.0,23.976426783294183,2.9764267832941824,272.07574939782154,0.01391141412129685,148.7203101750472,148.7203101750472,6.202772061042455,0.0,173.53846775647312,1.0
1.6985447585596052,0.8351825711695763,34238.11756117442,0.05722839017207738,2946521.606412256,0.022901488304893722,0.0004633302634566137,0.004700109483910086,0.030064928052260423,123.52398493458514,274.4272569592396,3000.0,23.97628976926894,2.9762897692689427,272.0586989085772,0.013910886873525558,148.53471397399204,148.53471397399204,6.195066684770093,0.0,173.36145951788092,1.0
1.6992735903992688,0.835196311826717,34239.24416060505,0.05722648294463452,2946570.083409441,0.02290143828556043,0.00046329938153014496,0.004702238484837974,0.03006697615192855,123.5364645164365,274.43177191318875,3000.0,23.976279630585882,2.9762796305858816,272.05743803319666,0.013910847882094549,148.52097351676017,148.52097351676017,6.194496218975359,0.0,173.34834765011047,1.0
1.7099140054733433,0.8353967713004519,34255.681983542716,0.057198669315915954,2947277.3038316085,0.02290070867660059,0.0004628491387461009,0.004733340248028563,0.030096898063375253,123.71877225001025,274.49763959937803,3000.0,23.97613161641751,2.9761316164175127,272.039043395106,0.013910279017689159,148.32027114509572,148.32027114509572,6.186163536220093,0.0,173.15671395105946,1.0
1.7205544205474177,0.835596960810127,34272.1016061127,0.057170912742815806,2947983.571821383,0.02289998025985994,0.00046240003778010675,0.004764478838526495,0.030126859136166542,123.90129328652934,274.56341857981727,3000.0,23.97598360829829,2.9759836082982907,272.02067352955953,0.013909710869224271,148.1193802430302,148.1193802430302,6.177822885721562,0.0,172.96468935715498,1.0
1.7311948356214923,0.8357968800996561,34288.502991386755,0.057143213160692624,2948688.8864752934,0.02289925303531218,0.0004619520762427656,0.004795653654865757,0.030156858766420706,124.08402504278929,274.62910877036074,3000.0,23.975835606220592,2.9758356062205906,272.00232846005633,0.01390914343762957,147.91830341726705,147.91830341726705,6.169474376062592,0.0,172.7722769222565,1.0
1.7418352506955668,0.8359965289165356,34304.88610273201,0.05711557050459915,2949393.246902507,0.02289852700291902,0.0004615052517445241,0.0048268640981402,0.03018689635280375,124.26696494134906,274.6947100880399,3000.0,23.975687610176774,2.975687610176775,271.98400820976684,0.013908576723824562,147.7170432684178,147.7170432684178,6.161118115574608,0.0,172.57947969754585,1.0
1.74850195734077,0.8361214800992823,34315.14154346095,0.057098280094130205,2949834.0743005145,0.022898072717865824,0.00046122587407765336,0.00484643675580085,0.03020573534774433,124.38169006586021,274.73576699166637,3000.0,23.975594886958426,2.9755948869584263,271.9725423920492,0.013908222017866819,147.590852326189,147.590852326189,6.155878635006106,0.0,172.45848870878586,1.0
1.7504290852138096,0.8361575796097425,34318.10471707214,0.05709328615577571,2949961.433265157,0.022897941486032657,0.0004611451979924337,0.00485209711530398,0.03021118379932907,124.41486831025063,274.74762869708877,3000.0,23.975568084134864,2.9755680841348626,271.96922981510886,0.013908119536517683,147.55436150485824,147.55436150485824,6.154363516520722,0.0,172.42348633875432,1.0
1.7524954156533448,0.8361962768295488,34321.28126179078,0.05708793355957895,2950097.9569405825,0.022897800818348385,0.0004610587356955769,0.004858167599543385,0.030217027153587345,124.45045054001284,274.7603439670788,3000.0,23.975539345477614,2.9755393454776136,271.96567886618044,0.013908009678832798,147.5152283261676,147.5152283261676,6.152738680891976,0.0,172.38594181513872,1.0
1.7632052546113322,0.8363966816437055,34337.73427503778,0.05706022523780546,2950804.9845239227,0.02289707245477053,0.0004606112833981011,0.004889651772823899,0.030247335510992533,124.63499631652508,274.82619369302967,3000.0,23.975390395981115,2.975390395981117,271.9472892437827,0.013907440718872092,147.3122929272576,147.3122929272576,6.144312584455387,0.0,172.19111933698625,1.0
1.7739150935693193,0.8365968116946844,34354.16866512389,0.057032574387781046,2951511.0427435953,0.022896345298771846,0.0004601649757461586,0.00492117022951508,0.030277680504033087,124.81974513891433,274.8919531363192,3000.0,23.975241452574185,2.9752414525741853,271.9289248343077,0.013906872488843692,147.10917969539335,147.10917969539335,6.135878964405527,0.0,171.99591631530555,1.0
1.7846249325273065,0.8367966667393661,34370.5843958828,0.05700498094208301,2952216.1307418766,0.022895619350265538,0.00045971981030337516,0.004952722369381249,0.030308061529950164,125.00469440289127,274.95762221706246,3000.0,23.975092515248992,2.9750925152489924,271.9105856600645,0.013906304989644326,146.9058912571732,146.9058912571732,6.1274379301658985,0.0,171.8003358497606,1.0
1.7953347714852876,0.8369962465381091,34386.98143143709,0.056977444833009414,2952920.247673311,0.022894894609153397,0.00045927578463377943,0.004984307594805236,0.030338477988592412,125.18984151021479,275.02320085651706,3000.0,23.974943583997703,2.9749435839977045,271.89227174304335,0.013905738222160824,146.70243023282856,146.70243023282856,6.118989590897159,0.0,171.60438103697456,1.0
1.7984591561219347,0.8370544181191256,34391.76141604736,0.05696942250887973,2953125.476836683,0.022894683407684087,0.0004591464632913656,0.00499352811062381,0.03034735798159926,125.24389143726508,275.04231508131346,3000.0,23.974900137380942,2.974900137380941,271.88693378041165,0.013905573016902532,146.6430423431466,146.6430423431466,6.116523593543782,0.0,171.5471449901604,1.0
1.8060927292152882,0.8371964456971027,34403.43328078413,0.05694984266064933,2953626.5497058523,0.022894167827248495,0.0004588309089894574,0.005016067440035713,0.030369066176273662,125.37601703941786,275.0889830075637,3000.0,23.97479398971273,2.9747939897127305,271.8739009920525,0.01390516964575801,146.49788395263462,146.49788395263462,6.110496049121212,0.0,171.40717205411536,1.0
1.8168705066615038,0.8373967347208,34419.89645223833,0.05692224751073921,2954333.168780799,0.02289344092777355,0.0004583863620145313,0.005047918068824047,0.030399745358612132,125.56273049014108,275.15479468667394,3000.0,23.97464412595524,2.9746441259552405,271.85552199486267,0.013904600763965595,146.2927915047216,146.2927915047216,6.101979688880689,0.0,171.209227256629,1.0
1.8276482841077195,0.8375967442859711,34436.34058292297,0.05689471021906934,2955038.801926903,0.022892715250690223,0.00045794296189412113,0.005079800398088763,0.03043045861067311,125.7496364174016,275.2205145403086,3000.0,23.97449426832502,2.9744942683250213,271.8371686414519,0.013904032625845185,146.0875322240503,146.0875322240503,6.093456261851596,0.0,171.01091276997366,1.0
1.8384260615539352,0.8377964741626123,34452.765637459735,0.05686723071551276,2955743.4483327125,0.022891990795851653,0.00045750070614747427,0.005111713829519254,0.03046120533151838,125.936732198561,275.28614249289234,3000.0,23.974344416814052,2.9743444168140525,271.8188409529259,0.013903465232259951,145.88210875436488,145.88210875436488,6.084925878183873,0.0,170.81223173666987,1.0
1.8484163549030996,0.8379813606894916,34467.97351964148,0.056841810564185614,2956395.7274450767,0.022891320365108308,0.0004570917839003754,0.005141322746379466,0.03048973489538815,126.1103249994153,275.34689316486714,3000.0,23.97420551974214,2.9742055197421378,271.801875325478,0.013902939961257871,145.69155032606272,145.69155032606272,6.077012654541962,0.0,170.62774282264698,1.0
1.8492089852739153,0.8379960192926207,34469.17940986129,0.05683979584982787,2956447.4429529556,0.02289126721805528,0.00045705938193955724,0.005143673027591836,0.03049199962758667,126.12410468744501,275.35170974077096,3000.0,23.974194499866186,2.974194499866185,271.80053021719027,0.013902898313672585,145.67642552974525,145.67642552974525,6.076384569690479,0.0,170.61309216773435,1.0
1.86005719638796,0.8381964896512277,34485.673223983125,0.0568122531012156,2957154.7017769194,0.02289054049342402,0.00045661653651988323,0.005175855942330086,0.030523012972273993,126.31279814078864,275.4175810035502,3000.0,23.974043681380405,2.9740436813804045,271.78213458027784,0.013902328716305206,145.4693364394892,145.4693364394892,6.067784741398002,0.0,170.4123829774786,1.0
1.8709054075020044,0.8383966759748672,34502.14760585953,0.05678476868314661,2957860.95852637,0.02288981500654613,0.0004561748429258117,0.005208068560881247,0.03055405841035319,126.50167598784715,275.48335893711055,3000.0,23.97389286906963,2.973892869069631,271.7637650070896,0.01390175987580334,145.26208901924247,145.26208901924247,6.059178199075674,0.0,170.21131198522218,1.0
1.881753618616049,0.8385965780435838,34518.60252063697,0.05675734252297582,2958566.2124253055,0.022889090757224246,0.0004557342986299099,0.005240310284211255,0.030585135340065413,126.69073558123254,275.54904346917823,3000.0,23.973742062925652,2.9737420629256515,271.7454215178092,0.013901191793005467,145.05468593657662,145.05468593657662,6.050565053876064,0.0,170.00988238017942,1.0
1.8926018297300875,0.8387961956410827,34535.037933769876,0.05672997454777689,2959270.462710637,0.022888367745249112,0.0004552949011053685,0.005272580516076384,0.03061624316243087,126.87997428048872,275.61463452868236,3000.0,23.973591262940243,2.9735912629402432,271.7271041322843,0.013900624468739568,144.84712985179556,144.84712985179556,6.041945416651388,0.0,169.80809734747544,1.0
1.8983735536842645,0.8389022849436198,34543.7743343438,0.056715437273554416,2959644.7454518317,0.022887983575391815,0.00045506158886285305,0.005289761108932135,0.030632806273186805,126.98072965543632,275.6494937286861,3000.0,23.973511033243295,2.973511033243296,271.7173691255565,0.013900322936782526,144.73663947012017,144.73663947012017,6.03735678388612,0.0,169.70059510002474,1.0
1.9034835528577687,0.8389961438875255,34551.50449222201,0.05670258040937869,2959975.879524452,0.022887643742627875,0.00045485529575554256,0.005304978480266887,0.030647477518650303,127.06997485931028,275.68033423399146,3000.0,23.973440003286274,2.9734400032862736,271.7087564056259,0.013900056154782774,144.6387815463156,144.6387815463156,6.033292740903623,0.0,169.60533508831512,1.0
1.9144033775477642,0.8391965040743032,34568.00891254012,0.05667514905656424,2960682.749662533,0.02288691845605359,0.00045441530597382354,0.005337517519117566,0.030678851281144975,127.2608165415735,275.74616929611955,3000.0,23.97328822022019,2.97328822022019,271.69037087834255,0.013899486619801494,144.42955433676906,144.42955433676906,6.024603425697374,0.0,169.40150980858192,1.0
1.9253232022377595,0.8393965753844245,34584.493469425855,0.056647776435365144,2961388.600644636,0.022886194422505723,0.00045397647045245263,0.0053700836429554635,0.03071025453591364,127.45183169300533,275.81190943812936,3000.0,23.973136443369125,2.9731364433691247,271.6720118590683,0.013898917855860823,144.22018016606296,144.22018016606296,6.0159078686574485,0.0,169.19733408026983,1.0
1.936243026927755,0.8395963576122681,34600.958128909944,0.05662046247026416,2962093.4317453313,0.02288547164172233,0.0004535387866170143,0.00540267625510406,0.030741686683443403,127.64301764950723,275.8775545924572,3000.0,23.972984672724657,2.972984672724655,271.6536793666714,0.013898349863762266,144.01066171716417,144.01066171716417,6.007206181590429,0.0,168.99281113426707,1.0
1.9471628516177506,0.8397958505559714,34617.402857341396,0.05659320708546238,2962797.242252446,0.022884750113429324,0.00045310225189384,0.005435294761767202,0.030773147127090367,127.83437175440703,275.9431046927742,3000.0,23.97283290827835,2.972832908278347,271.6353734196753,0.013897782644296532,143.8010016652683,143.8010016652683,5.998498475981561,0.0,168.78794419676717,1.0
1.9483307524654294,0.8398171696613187,34619.16047837629,0.056590295522702797,2962872.455992176,0.022884673018417165,0.0004530556313973056,0.005438784895762828,0.030776513545577297,127.85484736791143,275.9501098001642,3000.0,23.972816677081617,2.972816677081618,271.63341712786246,0.013897722024614024,143.77856975995104,143.77856975995104,5.997566814808439,0.0,168.76601296877223,1.0
1.958147692059487,0.8399962391914059,34633.925353249506,0.056565848451905286,2963504.2127573024,0.022884025552624403,0.00045266427487241837,0.0054681330052316676,0.030804822832728493,128.02703214105537,276.00894910266305,3000.0,23.97268024648391,2.9726802464839106,271.61698528187554,0.013897212827987285,143.58995314082017,143.58995314082017,5.989732965377562,0.0,168.5815136850442,1.0
1.9691403188573104,0.8401964764185678,34650.43930279645,0.05653852961388052,2964210.6490942277,0.022883301746434093,0.00045222714624585086,0.005501019559026171,0.030836548451706115,128.21999405203013,276.0747437622837,3000.0,23.9725274827403,2.9725274827403,271.59861103765905,0.013896643392042685,143.37861698562892,143.37861698562892,5.980955370219449,0.0,168.3745949215062,1.0
1.980132945655134,0.8403964198981906,34666.932953866264,0.05651126990674402,2964916.0490907156,0.022882579208579657,0.00045179117425236736,0.005533930558621511,0.030868300941453534,128.4131182964564,276.1404419012941,3000.0,23.97237472525197,2.97237472525197,271.5802637484154,0.013896074741415278,143.16714545195902,143.16714545195902,5.972172014362428,0.0,168.16733738397747,1.0
1.9911255724529513,0.8405960694397459,34683.40627343901,0.05648406925203034,2965620.4120745827,0.022881857938732014,0.00045135635626973944,0.005566865410094164,0.030900079705095916,128.6064021952187,276.2060434570898,3000.0,23.97222197401028,2.9722219740102798,271.5619434316279,0.013895506876867416,142.95554123640923,142.95554123640923,5.963383010193877,0.0,167.9597443433671,1.0
1.9982879512465943,0.8407259952689347,34694.12870894978,0.05646637807241438,2966078.790010319,0.02288138866873518,0.0004510736650262056,0.005588337062753876,0.030920799396515264,128.73242328555807,276.248734947721,3000.0,23.97212245045022,2.9721224504502226,271.5500211285208,0.013895137301166744,142.81759784296275,142.81759784296275,5.957653442583699,0.0,167.82430562635375,1.0
2.00042908521381,0.8407648112714142,34697.33241260971,0.05646109429807133,2966215.7327506593,0.022881248488819266,0.000450989251609625,0.005594757728956619,0.03092699546938551,128.7701090789452,276.2614892477439,3000.0,23.97209269921798,2.972092699217982,271.54645927981176,0.013895026884449331,142.77635020086655,142.77635020086655,5.955940183959167,0.0,167.78379009050403,1.0
2.0021373254616575,0.8407957714611307,34699.8878377619,0.0564568803981877,2966324.960207131,0.022881136684913417,0.0004509219361365302,0.0055998808866545595,0.03093193950770451,128.8001797826139,276.2716622568944,3000.0,23.97206896324904,2.9720689632490394,271.54361829916644,0.013894938813170828,142.74343851655254,142.74343851655254,5.954573163267169,0.0,167.75145700581896,1.0
2.013205549940862,0.8409962000021575,34716.433298802636,0.056429611667084344,2967032.071498798,0.02288041301382444,0.0004504864498173628,0.005633088601118507,0.030963988064760313,128.99510715782068,276.3375197791045,3000.0,23.971915174103312,2.9719151741033136,271.5252264995346,0.013894368632688909,142.5301193417139,142.5301193417139,5.945712651932299,0.0,167.54176885625708,1.0
2.0242737744200667,0.8411963299883527,34732.95804883827,0.056402402562691835,2967738.129489914,0.02287969062717229,0.00045005212544858733,0.005666318702876277,0.03099606145549716,129.19018826555947,276.40327920110724,3000.0,23.971761391264053,2.971761391264054,271.5068620960043,0.01389379925139985,142.3166738304448,142.3166738304448,5.936846755128673,0.0,167.3317505194963,1.0
2.0353419988992716,0.8413961612406226,34749.46205547888,0.056375253003821374,2968443.133548637,0.02287896952457206,0.0004496189603580398,0.005699570597777814,0.03102815908270791,129.3854204035105,276.4689404640552,3000.0,23.97160761472241,2.9716076147224078,271.48852510500944,0.013893230670037473,142.10310470149895,142.10310470149895,5.927975586177411,0.0,167.1214053124416,1.0
2.0464102233784764,0.8415956935835746,34765.94528665259,0.05634816290903482,2969147.0830561835,0.0228782497056272,0.0004491869518750878,0.005732843694691149,0.031060280352193437,129.5808008774937,276.5345035103174,3000.0,23.971453844469515,2.971453844469514,271.47021554264455,0.01389266288932491,141.88941466515087,141.88941466515087,5.919099258048813,0.0,166.91073654640644,1.0
2.048245150027759,0.8416287438147589,34768.675921087655,0.05634367756458105,2969263.684172686,0.022878130495691623,0.0004491154436692701,0.0057383618258643205,0.03106560776522522,129.61320584168877,276.5453632727201,3000.0,23.971428352538442,2.971428352538441,271.46718277482313,0.013892568838190981,141.85397693313436,141.85397693313436,5.917627220495303,0.0,166.87578014963427,1.0
2.0575398524539352,0.8417960313226733,34782.498983191996,0.0563209824004089,2969853.8739989204,0.02287752718719624,0.00044875371023781976,0.005766322169662425,0.031092603067096485,129.77741214792908,276.6003311965074,3000.0,23.97129922745806,2.971299227458063,271.4518320752137,0.013892092766707727,141.67441992728462,141.67441992728462,5.910168597161511,0.0,166.69857610928008,1.0
2.068681684420726,0.8419962856412737,34799.049724380355,0.05629383214860477,2970560.370634389,0.022876805175804434,0.0004483211595599353,0.0057998576330175605,0.031124983968381932,129.9743837743517,276.6661314720936,3000.0,23.971144447270603,2.9711444472706017,271.43345626264613,0.013891522831315898,141.45907248829442,141.45907248829442,5.901223147666661,0.0,166.485862064875,1.0
2.079823516387517,0.8421962365489345,34815.57931691052,0.05626674190433233,2971265.7968369727,0.022876084463916573,0.00044788977278219797,0.005833412795453491,0.03115738703215226,130.17149754306917,276.7318320518351,3000.0,23.97098967342873,2.9709896734287287,271.415108291788,0.013890953709400269,141.24361074871882,141.24361074871882,5.892272812802719,0.0,166.27283021583477,1.0
2.0909653483543016,0.8423958838818995,34832.08772937319,0.05623971158350942,2971970.1520289397,0.022875365051080544,0.00044745954718677515,0.005866987066342747,0.031189811664610066,130.368750739719,276.79743288192435,3000.0,23.97083490592338,2.9708349059233776,271.396788177666,0.013890385401654659,141.028037437947,141.028037437947,5.883317706347303,0.0,166.05948391608806,1.0
2.098202348808924,0.8425253989392129,34842.79914599028,0.05622218652877474,2972427.080762732,0.02287489846357096,0.0004471807217434331,0.0058888046607137425,0.031210883846028138,130.4969468419189,276.83998939967313,3000.0,23.970734382532246,2.9707343825322448,271.3849035679632,0.013890016702847266,140.88795672604428,140.88795672604428,5.877498556269138,0.0,165.92074133512898,1.0
2.102133963354413,0.8425957063016127,34848.61453748261,0.05621267634146606,2972675.12492643,0.022874645212174315,0.0004470294500479976,0.005900660631257579,0.03122233529347989,130.56661531230233,276.86309124263954,3000.0,23.970679772734037,2.970679772734037,271.37845199716753,0.013889816545589602,140.8118366848652,140.8118366848652,5.8743363984627015,0.0,165.84531254582734,1.0
2.1133522165588143,0.8427961094265839,34865.193311176175,0.056185581385697736,2973382.1465503285,0.022873923487056573,0.0004465986104272687,0.005934501997098999,0.03125502409458284,130.76549484037199,276.9289404135518,3000.0,23.970523956456162,2.9705239564561614,271.3600625297735,0.013889245986203513,140.5945676894015,140.5945676894015,5.86531057663986,0.0,165.62987800984794,1.0
2.1245704697632157,0.8429962043218476,34881.75051945186,0.05615854692019076,2974088.080740744,0.022873203077420187,0.00044616893969136534,0.005968360951603837,0.03128773296871539,130.9645074880751,276.99468830525154,3000.0,23.970368146574327,2.9703681465743252,271.34170134627044,0.013888676254243778,140.37719385819534,140.37719385819534,5.856280262356214,0.0,165.4141348880154,1.0
2.135788722967617,0.8431959908358202,34898.28613159823,0.05613157285810545,2974792.926962889,0.022872483982755116,0.00044574043507299675,0.0060022369046350815,0.031320461322463196,131.16365052059712,277.06033486793086,3000.0,23.970212343079243,2.970212343079244,271.3233684605682,0.01388810735037351,140.15971793997107,140.15971793997107,5.847245570206158,0.0,165.1980865776125,1.0
2.1470069761720185,0.8433954688208235,34914.80011724334,0.05610465911235036,2975496.6846957547,0.022871766202539192,0.0004453130938066262,0.006036129269251396,0.031353208565597215,131.3629212122482,277.1258800530651,3000.0,23.970056545961626,2.9700565459616266,271.30506388621797,0.01388753927524449,139.94214267396976,139.94214267396976,5.83820661439143,0.0,164.98173646911542,1.0
2.148159547590089,0.8434159458493956,34916.495549730884,0.05610189738806259,2975568.927591148,0.022871692531722623,0.0004452692542490084,0.006039612301695034,0.031356574087666664,131.3834015504184,277.1326084678761,3000.0,23.9700405396144,2.970040539614398,271.3031848653728,0.013887480957768601,139.91978331495443,139.91978331495443,5.83727770855098,0.0,164.9594915411603,1.0
2.1582948980881707,0.8435958740694337,34931.394800930975,0.05607763901520164,2976203.7138118455,0.02287104529087192,0.0004448842700392631,0.006070248089975128,0.03138617765088631,131.56355553783192,277.1917299217702,3000.0,23.96989978772484,2.9698997877248434,271.2866742239537,0.013886968509323874,139.72311868612178,139.72311868612178,5.8291073355957455,0.0,164.76374156857497,1.0
2.1695907974237967,0.8437961079562061,34947.97923255085,0.056050660777063256,2976910.138363886,0.022870325200858972,0.0004444563166895659,0.006104406473059615,0.03141918799060815,131.7644555279262,277.25752348379376,3000.0,23.96974292514846,2.9697429251484606,271.26830028625926,0.01388639818127776,139.50384475833306,139.50384475833306,5.819997535808742,0.0,164.5452935977234,1.0
2.1808866967594227,0.843996028601108,34964.541646561476,0.05602374342549848,2977615.457799548,0.022869606441884315,0.0004440295344138963,0.00613857972219966,0.03145221569849787,131.9654766800116,277.3232141196905,3000.0,23.969586069009697,2.969586069009696,271.2499550923839,0.013885828695406378,139.28447841237232,139.28447841237232,5.8108837595845415,0.0,164.32654995170583,1.0
2.1921825960950425,0.8441956358693885,34981.08201335226,0.055996886870574955,2978319.671643428,0.022868889013365253,0.00044360392039623106,0.006172767251291755,0.03148526018505324,132.1666162494098,277.3888017851833,3000.0,23.969429219299034,2.9694292192990326,271.23163865469263,0.013885260052328636,139.06502240528283,139.06502240528283,5.801766121878044,0.0,164.10751406296959,1.0
2.198116746371254,0.8443003712883971,34989.76243149012,0.05598280246535732,2978689.177887594,0.022868512654704555,0.00044338079686273715,0.006190732739064815,0.031502626190632106,132.2723287653907,277.42321612132633,3000.0,23.96934682296473,2.96934682296473,271.2220278835375,0.013884961661137972,138.9496991181468,138.9496991181468,5.796974783852718,0.0,163.99233054209662,1.0
2.2035159369967543,0.8443955896911124,34997.65501870841,0.055970002305008086,2979025.108126818,0.02286817054332542,0.00044317806687326015,0.006207081863574874,0.031518430473773555,132.36853877427276,277.4545033224381,3000.0,23.96927185614236,2.9692718561423592,271.21329041643315,0.013884690372017075,138.8447516421604,138.8447516421604,5.792614497239309,0.0,163.88746190288091,1.0
2.2148907165926817,0.8445959571636639,35014.26624632649,0.05594308079315408,2979732.003969087,0.02286745079173,0.0004427518330449711,0.006241535216761131,0.0315517378415361,132.57131391814076,277.5203407785516,3000.0,23.969113924097435,2.9691139240974334,271.19490422058993,0.013884119463022013,138.62359030244917,138.62359030244917,5.78342573452761,0.0,163.66631629695638,1.0
2.2262654961886086,0.8447960064808923,35030.85502949994,0.05591622065394327,2980437.77736033,0.022866732387381985,0.00044232677526339433,0.006276001281084427,0.03158506044372981,132.774200820275,277.58607369405854,3000.0,23.968955998541603,2.9689559985416016,271.17654721943586,0.013883549410449995,138.40234639916085,138.40234639916085,5.774233404558045,0.0,163.44488478372776,1.0
2.2376402757845355,0.8449957375216586,35047.42133943535,0.055889421794517856,2981142.427873169,0.022866015329635732,0.00044190289066085457,0.006310479471550638,0.031618397691847225,132.97719671807997,277.6517020291546,3000.0,23.968798079465117,2.968798079465115,271.1582194240869,0.013882980214885115,138.18102270600693,138.18102270600693,5.765037622991672,0.0,163.2231708367026,1.0
2.2480739451524183,0.8451786635352556,35062.5972243036,0.055864893985547455,2981787.7903005523,0.022865358782314875,0.0004415151059624803,0.006342115220213922,0.03164898910849128,133.16349092008815,277.71180850870866,3000.0,23.968653231760136,2.9686532317601353,271.14143369800075,0.01388245886667892,137.9779427779126,137.9779427779126,5.756599732315465,0.0,163.01955535499644,1.0
2.24901851291256,0.8451952107349523,35063.97017301314,0.05586267600374749,2981846.1687714583,0.022865299400486327,0.0004414800480590372,0.006344979691906099,0.031651759140451464,133.18036061090234,277.71724564638356,3000.0,23.968640118859334,2.968640118859333,271.1399152876001,0.013882411704275142,137.95955467669776,137.95955467669776,5.755835708349033,0.0,163.0011104011864,1.0
2.25042908521381,0.845219917442301,35066.02017968755,0.05585936456014128,2981933.3339608903,0.022865210739775085,0.0004414277092504998,0.006349257497561897,0.031655895946587485,133.2055543282951,277.7253638640766,3000.0,23.968620536763577,2.968620536763576,271.13764814137033,0.013882341285214633,137.93209381307523,137.93209381307523,5.754694710173748,0.0,162.97356205326807,1.0
2.260470348059852,0.845395652403607,35080.60328686734,0.05583581893753565,2982553.326377357,0.02286458019966287,0.0004410556498911599,0.0063797141485920335,0.03168534999814606,133.38494319486057,277.78310748211635,3000.0,23.968481143041217,2.968481143041218,271.12152228334594,0.013881840383373999,137.73657908848537,137.73657908848537,5.746571018267234,0.0,162.7773352593334,1.0
2.2719271547363324,0.8455958579286146,35097.22074215416,0.055809012080889495,2983259.6508691763,0.022863862050376674,0.00044063224865485104,0.006414474219257303,0.03171896851828883,133.58971677597856,277.8488917249304,3000.0,23.968322104749657,2.9683221047496575,271.1031509481945,0.01388126968538748,137.51343417221597,137.51343417221597,5.737299155578595,0.0,162.55318705897446,1.0
2.283383961412813,0.8457957401157518,35113.815285088545,0.05578226701072063,2983964.8346259585,0.022863145264437154,0.0004402100259277712,0.00644924424319442,0.03175259953355934,133.79458978113496,277.9145697242381,3000.0,23.96816307299148,2.9681630729914805,271.0848092832951,0.01388069985907814,137.29021950216014,137.29021950216014,5.728024258015234,0.0,162.32876640201314,1.0
2.2948407680892875,0.8459952988616019,35130.38688804767,0.055755583630957735,2984668.877282851,0.022862429841122717,0.0004397889787916657,0.0064840236398453896,0.03178624245975977,133.99955943943786,277.9801414460584,3000.0,23.968004047756693,2.9680040477566947,271.0664972981375,0.01388013090498337,137.06693785869965,137.06693785869965,5.718746441530602,0.0,162.10407679593132,1.0
2.298031143933583,0.8460508123776224,35134.997493528754,0.0557481640811376,2984864.7288008886,0.022862230859720608,0.00043967193870651637,0.006493710245363559,0.03179561304379069,134.0566541518555,277.99838227441325,3000.0,23.967959765174847,2.967959765174846,271.06140324587193,0.013879972623724061,137.00474909401643,137.00474909401643,5.716162344910252,0.0,162.04146010135642,1.0
2.3063549174310385,0.8461955304484037,35147.01829381483,0.05572882875490067,2985375.293720602,0.022861712209162638,0.0004393670057544802,0.006518985972218719,0.031820065187135836,134.20564958911723,278.0459342523494,3000.0,23.96784423314426,2.96784423314426,271.0481235714938,0.013879559982511006,136.8424739823766,136.8424739823766,5.709419364180535,0.0,161.8779951514566,1.0
2.31789119780586,0.8463958190671337,35163.658374267405,0.055702084747444626,2986081.9113668255,0.022860994576629868,0.00043894540654808404,0.006554023829780153,0.0318539638129581,134.4122281662162,278.1117457983941,3000.0,23.967684117944057,2.9676841179440565,271.02974461146476,0.013878988847249986,136.61751644524855,136.61751644524855,5.700071636999177,0.0,161.6512136297055,1.0
2.3294274781806816,0.8465957794498421,35180.275113154305,0.055675402994547915,2986787.370997349,0.022860278323416833,0.00043852499040409167,0.00658906943851309,0.03188787275233401,134.6188963440441,278.17744949148044,3000.0,23.967524009327516,2.9675240093275157,271.0113957711538,0.013878418597917325,136.3924994271097,136.3924994271097,5.690721301625875,0.0,161.42417007368712,1.0
2.3409637585555036,0.8467954115069715,35196.86848370082,0.05564878339726309,2987491.672296214,0.022859563448738844,0.0004381057543545853,0.006624122219688485,0.03192179142278192,134.82565133661407,278.2430453021814,3000.0,23.967363907284415,2.9673639072844145,270.9930770587788,0.013877849235014748,136.16742572216472,136.16742572216472,5.681368474602218,0.0,161.1968680290548,1.0
2.347988342714748,0.8469168090770985,35206.960934674775,0.0556326047986994,2987919.962559556,0.022859128827610993,0.00043785105312417233,0.006645469560957701,0.03194244944169287,134.95158835818057,278.2829345471459,3000.0,23.967266422380856,2.967266422380855,270.98193732900717,0.013877502977304904,136.0303489708266,136.0303489708266,5.675672251208431,0.0,161.05833588372053,1.0
2.352532358412801,0.8469952730509959,35213.484848242886,0.05562215154119067,2988196.783224156,0.02285884795483541,0.00043768652587172736,0.006659279827463552,0.03195581430817069,135.03306995448384,278.3087165185017,3000.0,23.96720336329802,2.9672033632980193,270.9747372881405,0.013877279167663847,135.94166733365665,135.94166733365665,5.671987059692989,0.0,160.96867316491424,1.0
2.3641512787956356,0.8471956714483394,35230.14978359932,0.055595466554573585,2988903.788168999,0.02285813074241137,0.0004372666623074329,0.006694596458515601,0.0319899938632344,135.24147304538053,278.3745641359933,3000.0,23.967042127618065,2.9670421276180656,270.9563482545648,0.013876707518872346,135.71487520918424,135.71487520918424,5.662562550962233,0.0,160.73923123767136,1.0
2.3757701991784703,0.8473957365505094,35246.79093506795,0.055568844313844214,2989609.6172494683,0.02285741492587414,0.00043684798676136736,0.006729918619592487,0.032024181532228,135.44995575997248,278.4403022381724,3000.0,23.96688089857482,2.9668808985748223,270.9379898049469,0.013876136770716075,135.4880340449744,135.4880340449744,5.653135867714481,0.0,160.50953787479654,1.0
2.387389119561305,0.8475954682824889,35263.40827676871,0.05554228471704274,2990314.2702009054,0.022856700504372957,0.0004364304962132964,0.006765245733800456,0.03205837673438671,135.658515297017,278.50593080038976,3000.0,23.966719676157823,2.9667196761578243,270.9196619461706,0.013875566923659299,135.2611466491536,135.2611466491536,5.64370712708389,0.0,160.27959666076515,1.0
2.397945541495913,0.8477766463424943,35278.48537186088,0.05551820810411827,2990953.46585326,0.02285605262232068,0.00043605220818600113,0.006797346153430308,0.03208945098393699,135.84806725534415,278.56546293114155,3000.0,23.96657320254804,2.9665732025480414,270.9030366164634,0.013875049968219436,135.05496936111925,135.05496936111925,5.635138917012996,0.0,160.07047066011503,1.0
2.3990157134237493,0.8477949981517462,35280.01273415477,0.05551577018319578,2991018.210981265,0.022855987006600912,0.00043601391309337035,0.006800600563132449,0.032092601482826735,135.86728667835376,278.5714930338366,3000.0,23.966558353887088,2.966558353887088,270.9013526107978,0.013874997602703656,135.03406593244404,135.03406593244404,5.634270216797446,0.0,160.04925906903406,1.0
2.4107185469161663,0.8479954991673607,35296.70194522949,0.05548914492218282,2991725.5779630593,0.02285527023906399,0.0004355957904453597,0.006836191077555187,0.03212705710706454,136.07749909025085,278.6373743700043,3000.0,23.966395980449164,2.9663959804491653,270.8829541607255,0.013874425460599788,134.80545507047464,134.80545507047464,5.62476958072643,0.0,159.81716767804318,1.0
2.422421380408583,0.8481956617765045,35313.36692467926,0.055462582900762114,2992431.7510478403,0.022854554884115082,0.00043517886077573567,0.006871784878529501,0.03216151862342032,136.28778096044968,278.70314451137136,3000.0,23.966233613701576,2.9662336137015757,270.86458676363577,0.013873854234000513,134.5768058031861,134.5768058031861,5.615267211876299,0.0,159.5848357208145,1.0
2.4341242139009998,0.8483954859194743,35330.00764758264,0.055436084013869694,2993136.7300249743,0.022853840940834685,0.00043476312101071437,0.00690738139130877,0.03219598545315417,136.49812947376756,278.7688034383203,3000.0,23.966071253633604,2.966071253633603,270.8462504250072,0.01387328392333043,134.34812095123965,134.34812095123965,5.605763227916237,0.0,159.35226681942817,1.0
2.4458270473934167,0.848594971540823,35346.624089401834,0.055409648156223255,2993840.514698844,0.02285312840829074,0.000434348568079627,0.006942980044840111,0.032230457021210475,136.70854182700182,278.83435113263204,3000.0,23.965908900234524,2.965908900234526,270.82794514992776,0.013872714529001613,134.11940332292593,134.11940332292593,5.596257746002426,0.0,159.1194645855162,1.0
2.447902740277078,0.8486303182959832,35349.5687556558,0.05540496588862664,2993965.2179450463,0.022853002175976838,0.0004342751638850336,0.006949294240786565,0.03223657158064844,136.7458684244102,278.8459654950432,3000.0,23.965880104844423,2.965880104844423,270.8247016476041,0.013872613633120336,134.07883322319393,134.07883322319393,5.5945716425449135,0.0,159.0781491331521,1.0
2.457599966021648,0.8487953102077235,35363.31551858305,0.055383117471217075,2994547.3089148626,0.022852413031059702,0.0004339327269173828,0.006978793475589396,0.03226513923356648,136.92027587611489,278.9001791236824,3000.0,23.965745581262496,2.9657455812624955,270.80956159735956,0.01387214264971586,133.88928572124468,133.88928572124468,5.586693944791159,0.0,158.88503636934593,1.0
2.4693879955975198,0.8489955626681778,35380.00370293373,0.05535661642760486,2995253.7989947977,0.022851698164116703,0.000433517549176344,0.007014653894275843,0.03229986960756889,137.1323407584077,278.96597878871233,3000.0,23.965582059405104,2.965582059405105,270.7911859552999,0.01387157096633909,133.6588451968922,133.6588451968922,5.577116586010012,0.0,158.6500779812724,1.0
2.4811760251733914,0.849195471516824,35396.66717872187,0.05533017901107047,2995959.076813304,0.02285098472559862,0.00043310356624354717,0.0070505147617524145,0.032334603053594584,137.34446191730058,279.0316655485534,3000.0,23.96541854428125,2.9654185442812477,270.772841843877,0.013871000213876957,133.42837992657644,133.42837992657644,5.567538062397654,0.0,158.41489382773767,1.0
2.492964054749263,0.8493950367144677,35413.305922449144,0.055303805113129635,2996663.142232104,0.022850272714501504,0.00043269077499361356,0.007086375509537647,0.032369338999032764,137.5566365376253,279.09723939032693,3000.0,23.96525503587994,2.965255035879943,270.7545292666875,0.013870430392699166,133.19789272906218,133.19789272906218,5.557958491559675,0.0,158.17948755592695,1.0
2.4978599390582428,0.8494778204730457,35420.20916370513,0.05529286997028336,2996955.203084103,0.022849977416524028,0.00043251968124542566,0.007101269269335622,0.03238376636710508,137.64477338777053,279.124440771883,3000.0,23.965187128436156,2.9651871284361575,270.74693283210416,0.013870194004507083,133.10215944433364,133.10215944433364,5.5539795592248815,0.0,158.08165260584545,1.0
2.50042908521381,0.8495212380539139,35423.82997418274,0.05528713605838902,2997108.3801791985,0.022849822555459302,0.00043242998066899714,0.007109084802874264,0.03239133733900256,137.69102718398682,279.138707074884,3000.0,23.965151494039826,2.9651514940398274,270.7429487316176,0.013870070022613475,133.0519215476308,133.0519215476308,5.551891528026478,0.0,158.03029810927413,1.0
2.504794534408235,0.8495949750251268,35429.97969516575,0.055277399992391674,2997368.523992504,0.022849559573486444,0.0004322776922190641,0.007122364707297366,0.03240420197300287,137.76962615298498,279.1629358309009,3000.0,23.965090945413476,2.965090945413476,270.73618245176016,0.013869859456208776,132.96655629877517,132.96655629877517,5.54834348852003,0.0,157.9430138990903,1.0
2.5166712940684994,0.8497953472473657,35446.6935909055,0.055250955708777916,2998075.436591656,0.02284884508681207,0.0004318641944938564,0.007158493427375035,0.03243920270868096,137.9834974497463,279.2287748476836,3000.0,23.964926219825227,2.9649262198252266,270.71779582007434,0.013869287230488865,132.73429837032805,132.73429837032805,5.538690048647939,0.0,157.7053975154636,1.0
2.528548053728764,0.8499953705292566,35463.38231117714,0.05522457557110052,2998781.118130306,0.022848132045993466,0.00043145189693278527,0.00719462031088361,0.03247420425380986,138.1974144844937,279.2944992084068,3000.0,23.964761501027546,2.964761501027546,270.69944120798476,0.01386871595118671,132.50202672349107,132.50202672349107,5.529035902060187,0.0,157.46756674003885,1.0
2.5404248133890284,0.8501950448479001,35480.04583351385,0.055198259467614204,2999485.568527666,0.022847420449954043,0.0004310407963542568,0.007230744791787914,0.03250920603809621,138.41137442913583,279.3601089055462,3000.0,23.96459678900919,2.964596789009188,270.6811186175927,0.013868145618629646,132.26974418845685,132.26974418845685,5.519381166851901,0.0,157.22952525714368,1.0
2.5478171378394077,0.8503191497934235,35490.40479892602,0.05518191209914577,2999923.410403288,0.022846978267851616,0.00043078552238830274,0.0072532279045458125,0.03253099169478573,138.54456765101352,279.4008877495388,3000.0,23.964494272487794,2.9644942724877947,270.6697304526154,0.013867791110801025,132.12516280160187,132.12516280160187,5.513371628012484,0.0,157.08125887635512,1.0
2.552333875639424,0.850394911836665,35496.729354520634,0.05517193597238923,3000190.6986646373,0.02284670836809009,0.00043062977633521934,0.007266964547156356,0.032544302691581664,138.6259565609606,279.4257819109188,3000.0,23.9644316358003,2.9644316358003,270.66277834733205,0.013867574685801302,132.03682178637146,132.03682178637146,5.5096996996633365,0.0,156.99062846872096,1.0
2.5642961867864282,0.8505953192343761,35513.461922629875,0.055145559365362536,3000897.735362749,0.022845994562486736,0.00043021812367032475,0.007303342683031104,0.03257955536918816,138.84153588718505,279.4916324857831,3000.0,23.964265750982378,2.9642657509823787,270.64438848786125,0.013867002159088412,131.8028526006762,131.8028526006762,5.499974585921672,0.0,156.750457663888,1.0
2.5762584979334324,0.850795372578556,35530.168862185936,0.05511924737612266,3001603.522961065,0.022845282219193023,0.00042980767560522144,0.007339716676526539,0.03261480657132478,139.05715018640413,279.55736672448006,3000.0,23.964099873007445,2.9640998730074455,270.6260311171845,0.013866430593734177,131.56888093078035,131.56888093078035,5.4902492323100445,0.0,156.51008428420454,1.0
2.5882208090804366,0.8509950718626148,35546.85015177836,0.05509299988980472,3002308.061436336,0.022844571337061113,0.0004293984289061872,0.007376085964888235,0.03265005573085553,139.27279662143206,279.6229846248443,3000.0,23.963934001864,2.963934001864,270.6077062359066,0.013865859990023224,131.33490961447455,131.33490961447455,5.480523757253665,0.0,156.26951204648233,1.0
2.5977743366205726,0.8511543045228112,35560.153986900696,0.05507208396350461,3002869.8337839767,0.022844004649952634,0.00042907245061303805,0.007405128019392407,0.03267820511995808,139.4450407297483,279.67530585814643,3000.0,23.963801536162688,2.9638015361626864,270.5930946682817,0.013865404976447285,131.1480539385334,131.1480539385334,5.472756638408301,0.0,156.07724215038192,1.0
2.6002010630718124,0.8511947158257056,35563.53073365502,0.055066777566391875,3003012.4047393976,0.022843860851930912,0.0004289897691904794,0.007412504529176825,0.03268535515029822,139.4887958913672,279.6885843476484,3000.0,23.9637678887578,2.963767888757799,270.58938643101226,0.013865289494517232,131.10059053964505,131.10059053964505,5.470783690954906,0.0,156.02838337203636,1.0
2.612252480557221,0.8513951873930007,35580.2844004054,0.055040464521422305,3003719.6678276095,0.022843147622741304,0.0004285798911965939,0.007449133531663976,0.03272086104560187,139.70610501943932,279.75445600758263,3000.0,23.963600795818703,2.9636007958187016,270.57099068318774,0.01386471658391084,130.86488566374842,130.86488566374842,5.460985883498044,0.0,155.78562864006398,1.0
2.6243038980426356,0.8515952996114952,35597.01197063584,0.055014216592076365,3004425.66313433,0.02284243587298407,0.0004281712226838598,0.007485756063915555,0.03275636315958349,139.92343818074258,279.82020959141107,3000.0,23.9634337097781,2.963433709778103,270.5526279100639,0.013864144650120085,130.62918972932133,130.62918972932133,5.451188310964762,0.0,155.5426833522569,1.0
2.636355315528051,0.8517950524917565,35613.713424051864,0.05498803366020783,3005130.390696842,0.02284172560143651,0.00042776376036333556,0.007522371566489115,0.03279186092828896,140.14079252897358,279.885845102606,3000.0,23.963266630624233,2.9632666306242332,270.53429811067093,0.013863573693384614,130.39350558169735,130.39350558169735,5.441391092108407,0.0,155.2995512584373,1.0
2.6477315354017374,0.851983284245812,35629.45517418085,0.054963377194512004,3005794.4717606525,0.02284105647904094,0.0004273802304522534,0.007556928683932763,0.032825365393425954,140.34598618334127,279.9476949612133,3000.0,23.96310891862309,2.963108918623088,270.51702551722093,0.013863035621984869,130.17103933387966,130.17103933387966,5.432143207124364,0.0,155.06987294679408,1.0
2.6484117995368233,0.8519945297999657,35630.39574571394,0.054961904640862605,3005834.1460419814,0.022841016509190532,0.00042735733040790905,0.007558994872563442,0.03282736871216188,140.35825662057547,279.95139006535686,3000.0,23.963099488108085,2.9630994881080848,270.5159935984249,0.013863003474512267,130.15773697784945,130.15773697784945,5.431590226566537,0.0,155.0561337656293,1.0
2.6605536480118044,0.852195056048545,35647.16972759134,0.05493565612297449,3006541.6020456,0.022840303888991605,0.000426949236183433,0.007595869253844956,0.03286312237902,140.57727614682372,280.0172796926618,3000.0,23.96293116910175,2.9629311691017524,270.49759283291576,0.013862430207007946,129.92031668609204,129.92031668609204,5.421720563701895,0.0,154.81081138835071,1.0
2.6726954964867855,0.8523952176047356,35663.91713973467,0.054909473219892854,3007247.7714155656,0.02283959276546168,0.00042654235630607907,0.007632734815894628,0.03289886993766239,140.79630857372393,280.0830494880458,3000.0,23.962762857049928,2.962762857049928,270.4792255324475,0.013861857931929743,129.68291695872358,129.68291695872358,5.411851618794884,0.0,154.565310760442,1.0
2.6848373449617666,0.8525950144971705,35680.63796304211,0.05488335581008779,3007952.654252894,0.022838883137300096,0.0004261366874303603,0.007669591002952253,0.03293461082768271,141.015351047548,280.1486994609171,3000.0,23.962594551940562,2.9625945519405623,270.46089169439284,0.013861286649469721,129.44554064684485,129.44554064684485,5.401983510853251,0.0,154.3196356630304,1.0
2.6969791934367477,0.85279444675896,35697.33217882808,0.05485730377185425,3008656.250674399,0.022838175003193614,0.00042573222621530876,0.0077064372633540885,0.03297034449276301,141.23440072902676,280.2142296221553,3000.0,23.9624262537616,2.9624262537616,270.44259131571346,0.013860716359806607,129.2081905866867,129.2081905866867,5.392116358267507,0.0,154.073789863506,1.0
2.6976887341829023,0.8528060898301029,35698.30692583069,0.05485578337181793,3008697.3273944743,0.0228381336676982,0.00042570862774153075,0.007708590152540632,0.03297243244798036,141.2472016343066,280.21805534384373,3000.0,23.962416419030387,2.962416419030385,270.44152291981305,0.013860683064142197,129.19432128550645,129.19432128550645,5.391539777386698,0.0,154.05941802024958,1.0
2.7092074454919786,0.8529949297226814,35714.118282941345,0.05483113229016996,3009363.5539691695,0.02283746333857501,0.00042532610398341824,0.007743535140775329,0.03300632458333376,141.4550136305204,280.28010502676784,3000.0,23.962256764934832,2.962256764934831,270.4241945221258,0.013860143015446517,128.9691808916054,128.9691808916054,5.382180074137777,0.0,153.82602585514047,1.0
2.7214410601443486,0.8531951306057098,35730.884706356956,0.054805015431619364,3010069.8620841005,0.022836752875539656,0.0004249210225729771,0.007780638100734795,0.033042311998847426,141.67572485547507,280.3458877443039,3000.0,23.96208720878961,2.9620872087896113,270.4058236129334,0.013859570427613857,128.7300987574583,128.7300987574583,5.3722406414679265,0.0,153.5779875705113,1.0
2.7336746747967253,0.853394961454462,35747.62406391647,0.05477896456297466,3010774.8647192144,0.02283604392513224,0.0004245171569497888,0.007817729320208902,0.03307829040229093,141.89643479737828,280.4115488746626,3000.0,23.961917659643042,2.961917659643041,270.3874866589663,0.013858998848106638,128.491051861588,128.491051861588,5.3623025371627175,0.0,153.3297874381497,1.0
2.745908289449102,0.8535944223212053,35764.3363382225,0.05475297955903839,3011478.5620589107,0.022835336485957973,0.0004241145037150912,0.007854808251702735,0.0331142592413758,142.1171406119588,280.4770884350182,3000.0,23.961748117482777,2.9617481174827787,270.36918365542834,0.013858428277052836,128.25204304346954,128.25204304346954,5.352365879762141,0.0,153.08142925408984,1.0
2.7476459329640672,0.8536227234263627,35766.707925937895,0.054749294024480054,3011578.4082730324,0.0228352361248925,0.0004240574096148109,0.00786007385705796,0.03311936739156527,142.1484888223136,280.4863877127155,3000.0,23.9617240365451,2.9617240365451,270.3665866787066,0.013858347315830737,128.218097856393,128.218097856393,5.350954616656207,0.0,153.04614024570856,1.0
2.75042908521381,0.8536680372461634,35770.50531588725,0.0547433937327715,3011738.2752933954,0.022835075441841258,0.00042396601382095617,0.007868507138844336,0.03312754859450655,142.19869837225315,280.501277088643,3000.0,23.961685466834997,2.9616854668349952,270.3624285748255,0.013858217684098896,128.16373020257237,128.16373020257237,5.348694288636826,0.0,152.9896120203495,1.0
2.758213441509982,0.8537946763805434,35781.11900091217,0.054726908921856735,3012185.057779703,0.022834626433049492,0.00042371071553558477,0.007892091061086744,0.033150428209671824,142.3391300041756,280.54288862541506,3000.0,23.961577590941303,2.961577590941303,270.3508078666513,0.013857855386955557,128.0116778624757,128.0116778624757,5.342372695480227,0.0,152.8314631503692,1.0
2.7705427816108283,0.8539949487671761,35797.90713686196,0.05470085361689653,3012891.6181591353,0.022833916515004143,0.0004233073569650977,0.007929433585376268,0.03318665745734551,142.56154582090824,280.6086948378595,3000.0,23.961406736262536,2.961406736262536,270.33243039611807,0.013857282394257635,127.77088457520983,127.77088457520983,5.332361575493182,0.0,152.58085300308403,1.0
2.7828721217116748,0.8541948455432309,35814.667713103714,0.054674864827653304,3013596.8533855756,0.022833208127600913,0.0004229052194637421,0.007966761977659236,0.03322287532472389,142.78394882746306,280.6743776308456,3000.0,23.961235888642072,2.961235888642074,270.3140873925049,0.013856710426175853,127.53013856504185,127.53013856504185,5.3223522842364215,0.0,152.330093855717,1.0
2.7952014618125207,0.8543943667800665,35831.40071350995,0.05464894242538697,3014300.7637107763,0.02283250126936309,0.00042250429957354103,0.008004075694456932,0.03325908126339357,143.0063361734215,280.7399370278206,3000.0,23.961065048067283,2.9610650480672813,270.2957788492636,0.013856139482787765,127.28944267584214,127.28944267584214,5.312344940447853,0.0,152.07918953479444,1.0
2.797603131745232,0.8544331884384341,35834.65697561578,0.05464390063562683,3014437.726405073,0.022832363756101773,0.0004224263445576181,0.008011342393922448,0.03326613249458184,143.04965362184706,280.7526931862753,3000.0,23.961031770327118,2.961031770327118,270.29221648155686,0.013856028386223957,127.2425628597098,127.2425628597098,5.310395815980034,0.0,152.0302985445104,1.0
2.807604764737583,0.8545947060816839,35848.20625361632,0.05462293137176327,3015007.5601660744,0.022831791712181856,0.0004221021996930302,0.008041597900526635,0.033295491812401525,143.23003893678762,280.8057652274285,3000.0,23.960893189728594,2.960893189728593,270.27739523845236,0.013855566148349546,127.04735630166473,127.04735630166473,5.302279647743958,0.0,151.8266374281291,1.0
2.820025960510418,0.8547949536673076,35865.00803750469,0.054596949863896994,3015714.033047622,0.022831082679279614,0.00042170074766020215,0.008079158258258801,0.03333194168519862,143.4540427734343,280.8715632906693,3000.0,23.96072109058942,2.960721090589421,270.2590200437187,0.013854993026214749,126.80497727028438,126.80497727028438,5.292202049799205,0.0,151.5735814959428,1.0
2.8324471562832465,0.8549948203416265,35881.78178629787,0.05457103534141363,3016419.1620752276,0.02283037519382573,0.00042130052090772163,0.008116702084515655,0.03336837779924911,143.67802209064834,280.93723619272004,3000.0,23.960548998562647,2.9605489985626465,270.2406798023124,0.013854420944257413,126.56265771166406,126.56265771166406,5.282126787631467,0.0,151.32038983105494,1.0
2.8448683520560816,0.8551943061951159,35898.52748517027,0.05454518767219838,3017122.9475680897,0.02282966925426314,0.00042090151592317094,0.008154228840770963,0.03340479961095727,143.90197403646658,281.0027839633094,3000.0,23.96037691363535,2.9603769136353515,270.2223745059312,0.013853849902504227,126.32040046946463,126.32040046946463,5.272053979984694,0.0,151.0670662846685,1.0
2.847560330526397,0.8552374894825152,35902.1529900589,0.054539594648401156,3017275.2980765295,0.022829516463474656,0.00042081520247918685,0.008162359508601724,0.03341269117455557,143.9505060430182,281.01697328132985,3000.0,23.960339619536086,2.960339619536084,270.21841190477056,0.013853726280868003,126.26790586175235,126.26790586175235,5.269871290088046,0.0,151.01214783057617,1.0
2.857364614757986,0.8553946134481789,35915.34606663136,0.05451925112059824,3017829.630956183,0.02282896060673411,0.0004205013288904698,0.008191964623037916,0.0334414265586625,144.1272489379441,281.0686016322894,3000.0,23.960203795871564,2.9602037958715655,270.20399383597135,0.013853276459352705,126.07674489802724,126.07674489802724,5.261922893984347,0.0,150.81208258774507,1.0
2.8698816477387936,0.8555948674342542,35932.16411287501,0.05449333902256035,3018536.126418505,0.022828252346678072,0.00042010170923047555,0.008229744723316562,0.03347809877922511,144.35286474265888,281.13440179861334,3000.0,23.96003039754258,2.960030397542581,270.18561805391715,0.013852703118525492,125.83275331125827,125.83275331125827,5.2517776990868965,0.0,150.55654905723085,1.0
2.8823986807196014,0.8557947350041626,35948.95363188287,0.054467494408344724,3019241.258605748,0.022827545651622858,0.00041970331955079544,0.008267505867350608,0.033514754838524265,144.5784441208837,281.20007499494005,3000.0,23.959857006383512,2.959857006383513,270.1672777303294,0.013852130834016539,125.58883360944569,125.58883360944569,5.241635356003404,0.0,150.300893292234,1.0
2.8949157137004096,0.8559942162685429,35965.714610206676,0.0544417171422715,3019945.027908246,0.022826840519926776,0.0004193061562810044,0.008305247521631995,0.03355139419783978,144.80398421928595,281.26562125762365,3000.0,23.959683622381142,2.959683622381142,270.1489728550557,0.013851559605798832,125.34498863576977,125.34498863576977,5.231495983472958,0.0,150.0451191689603,1.0
2.8975175293075615,0.8560356323606354,35969.19499676838,0.05443636746994841,3020091.1437569438,0.022826694145939297,0.000419223754753419,0.008313090082071784,0.033559007982764504,144.8508602436196,281.2792299043307,3000.0,23.959647583331478,2.9596475833314773,270.1451724159396,0.013851441001751874,125.29431217232002,125.29431217232002,5.2293887769654095,0.0,149.99193894501997,1.0
2.907509755866156,0.8561945350503598,35982.549890184055,0.05441584911900416,3020651.7519697496,0.02282613262615643,0.0004189077836694912,0.008343201170745176,0.033588241580571096,145.03086940757447,281.3314427147626,3000.0,23.959509178868977,2.959509178868976,270.1305911271901,0.013850985929202548,125.09972171961562,125.09972171961562,5.221297347357473,0.0,149.78765588400125,1.0
2.920124005727984,0.8563947834763932,35999.38319452625,0.05439000765626671,3021358.2278162595,0.022825425179625426,0.00041851000913585546,0.0083811948673573,0.033625130056118585,145.25807302271937,281.3972410541482,3000.0,23.959334462690055,2.959334462690056,270.1122158553385,0.013850412403923719,124.85414283261912,124.85414283261912,5.211085601189985,0.0,149.52966722294147,1.0
2.932738255589812,0.8565946399393854,36016.18747462471,0.054364234175846904,3022063.320818336,0.02282471931573303,0.00041811346924436256,0.008419167164183432,0.03366199994916083,145.48522811277408,281.46291060092494,3000.0,23.95915975373897,2.9591597537389696,270.0938765509478,0.013849839951241293,124.60864843817373,124.60864843817373,5.200877231044291,0.0,149.27157012107145,1.0
2.945352505451633,0.8567941045711939,36032.962718499344,0.054338528538386964,3022767.0314411707,0.022824015032749383,0.00041771816036517093,0.008457117533165026,0.03369885072627958,145.71233182515678,281.52845139841895,3000.0,23.958985052002184,2.9589850520021854,270.0755732019185,0.01384926857107151,124.36324137676169,124.36324137676169,5.19067235556245,0.0,149.01336847731693,1.0
2.9474747280887263,0.8568276240238939,36035.782132892804,0.05433421047659965,3022885.287969773,0.02282389669934712,0.00041765177427754584,0.008463500114818298,0.03370504858844297,145.75053452540365,281.5394653392946,3000.0,23.958955660872817,2.958955660872817,270.0724973772147,0.013849172547407224,124.32196285181104,124.32196285181104,5.188955838122788,0.0,148.96991860974964,1.0
2.958048773315063,0.8569944706015605,36049.81770351065,0.054312724127487055,3023473.9221954164,0.0228233077651071,0.0004173215205602864,0.008495291983892966,0.033735921269560355,145.94085741931661,281.5942883806543,3000.0,23.95880922162377,2.95880922162377,270.0571871384135,0.013848694558677616,124.11632971909688,124.11632971909688,5.180404776005187,0.0,148.75338636771204,1.0
2.9707616309619467,0.8571947010048776,36066.66521661254,0.054286954577399904,3024180.334457837,0.02282260117441426,0.0004169256046216145,0.008533492996418887,0.033773019775454764,146.16962371144342,281.6600807980717,3000.0,23.958633168788943,2.958633168788943,270.0388135203692,0.013848120884662795,123.8691898089258,123.8691898089258,5.170127566805061,0.0,148.49296632414243,1.0
2.9834744886088305,0.8573945338594483,36083.48320383366,0.05426125350768555,3024885.344169473,0.022821896184070732,0.0004165309279406394,0.00857167014773261,0.03381009725974399,146.39832919103455,281.7257425875094,3000.0,23.95845712324023,2.958457123240228,270.0204763823435,0.013847548299651126,123.62214719130893,123.62214719130893,5.159854265882285,0.0,148.232451927928,1.0
2.996187346255714,0.8575939693194574,36100.27165475801,0.05423562077519103,3025588.9518742873,0.022821192792254755,0.00041613748682665084,0.008609822915675493,0.0338471531947569,146.62697100851216,281.79127379962995,3000.0,23.958281084963776,2.9582810849637755,270.0021757101878,0.013846976803498886,123.37520470167567,123.37520470167567,5.149584991683981,0.0,147.97184709825333,1.0
2.9974319268698912,0.8576134725723732,36101.91364562911,0.054233115014294536,3025657.759292085,0.022821124016485818,0.00041609903545690126,0.008613556717302745,0.03385077976924546,146.64935136798104,281.7976822477756,3000.0,23.958263851319664,2.958263851319663,270.000386045313,0.013846920912903396,123.35103467733197,123.35103467733197,5.1485798571559505,0.0,147.9463293391862,1.0
3.00042908521381,0.8576604240455392,36105.86667221468,0.054227083404167965,3025823.4039486093,0.022820958455717143,0.0004160064865560028,0.008622547353993787,0.033859512296266936,146.7032443866273,281.8131097296651,3000.0,23.958222350106762,2.958222350106762,269.99607766646403,0.013846786361817699,123.29283327983674,123.29283327983674,5.1461594887188,0.0,147.88487492473664,1.0
3.0089813645551984,0.8577942769550585,36117.13745560783,0.05420989324793241,3026295.6366119743,0.022820486521902297,0.0004157427776278817,0.008648194115025569,0.03388442341455575,146.85700536810316,281.8570915943057,3000.0,23.958103930162512,2.9581039301625105,269.9837950051255,0.013846402757986646,123.12678963702234,123.12678963702234,5.139254341492756,0.0,147.70949117757408,1.0
3.0217972549484604,0.8579945238355959,36134.00207799393,0.05418419083651619,3027002.1070059794,0.022819780663559577,0.00041534864076073994,0.008686605102263663,0.033921734406583984,147.08736258439964,281.92288942586674,3000.0,23.957926479861264,2.957926479861265,269.96541987509227,0.0138458288364207,122.87805729069262,122.87805729069262,5.1289103584979445,0.0,147.4466028535737,1.0
3.034613145341722,0.8581943673513056,36150.836653934835,0.054158557435770915,3027707.154330082,0.022819076424117325,0.0004149557483098171,0.008724989736875716,0.03395902190930286,147.31764647647225,281.98855471837936,3000.0,23.957749036908247,2.9577490369082464,269.947081758775,0.013845256020918888,122.62943528230278,122.62943528230278,5.118570826223503,0.0,147.18363452457533,1.0
3.047389125651056,0.8583931872252888,36167.58889010492,0.054133072402718044,3028408.5902492427,0.022818375987196673,0.000414565314246575,0.008763228094401193,0.03399616939584445,147.54713742567222,282.0538836590561,3000.0,23.957572153831826,2.957572153831827,269.9288375742573,0.013844686089927925,122.38170014858505,122.38170014858505,5.108268039965438,0.0,146.92140939502139,1.0
3.047429342168249,0.8583938124425107,36167.64157600229,0.054132992288256555,3028410.7960137264,0.022818373784880754,0.0004145640871722246,0.008763348419265538,0.03399628629131852,147.5478596999482,282.0540890951525,3000.0,23.957571597046808,2.9575715970468073,269.92878020283797,0.0138446842976213,122.38092050288978,122.38092050288978,5.108235615915905,0.0,146.9205838416356,1.0
3.0603436341371673,0.8585943764207075,36184.544711631526,0.05410730097565727,3029118.3851273227,0.022817667401369084,0.0004141706794659059,0.008801973000221997,0.03403381108105699,147.77975505236728,282.11999111978923,3000.0,23.957392806465506,2.9573928064655077,269.9103759751693,0.01384410931677817,122.13062092280202,122.13062092280202,5.097826040980636,0.0,146.65544680514625,1.0
3.0732579261060926,0.8587945313684948,36201.41731187582,0.054081679288411684,3029824.531182861,0.022816962655833654,0.00041377852391914283,0.008840569259157762,0.03407131043891056,148.01156730737665,282.1857587437606,3000.0,23.957214023302427,2.9572140233024267,269.89200928110387,0.013843535458387337,121.88044197372722,121.88044197372722,5.087421344367419,0.0,146.39024051123704,1.0
3.086172218075018,0.8589942774799513,36218.25936898998,0.054056127075935635,3030529.2348650503,0.022816259546281813,0.00041338761671454985,0.008879136681723224,0.03410878384471959,148.24329360586432,282.25139203083756,3000.0,23.95703524754307,2.957035247543071,269.8736801028326,0.013842962722199528,121.6303864969683,121.6303864969683,5.077021644798147,0.0,146.12496893587203,1.0
3.097346324432221,0.8591667782787408,36232.80732619132,0.05403407394089568,3031137.8171658576,0.022815652498534338,0.0004130503882147462,0.008912483526989928,0.03414118641373901,148.4437235059904,282.3080729562654,3000.0,23.956880567569748,2.956880567569749,269.85785101925296,0.013842468066902909,121.41412751326257,121.41412751326257,5.068027415790517,0.0,145.89539276321094,1.0
3.099100368997003,0.8591938286529704,36235.08890050602,0.05403061687784869,3031233.250805017,0.02281555731879898,0.00041299753654356356,0.008917716099381572,0.03414627095472412,148.4751796398234,282.31696126435014,3000.0,23.956856287331906,2.956856287331906,269.855368812576,0.013842390495127223,121.38018917275258,121.38018917275258,5.066615908070415,0.0,145.85935126266926,1.0
3.112117511239481,0.8593943398956357,36252.003338776034,0.05400500111841316,3031940.6538678156,0.02281485190989904,0.00041260602749333003,0.008956530853181639,0.03418398879057401,148.70856909222857,282.38284596095855,3000.0,23.9566761027097,2.956676102709701,269.8369694240451,0.013841815464816186,121.12840033181652,121.12840033181652,5.056143841178196,0.0,145.59184710985627,1.0
3.1251346534819593,0.8595944363851433,36268.88672454473,0.053979455484052655,3032646.593682719,0.02281414815698286,0.0004122157751243135,0.008995314765648053,0.03422167869775523,148.94186258551798,282.4485943765006,3000.0,23.956495925565335,2.956495925565333,269.81860809425046,0.01384124157380715,120.87674550873248,120.87674550873248,5.045677209400981,0.0,145.32428866869432,1.0
3.1381517957244376,0.8597941183388673,36285.73905171826,0.0539539798203253,3033351.0710166194,0.022813446057962986,0.00041182677555824795,0.009034067329189736,0.03425934016271097,149.17505726738173,282.51420658240187,3000.0,23.956315755883974,2.9563157558839754,269.8002848032453,0.013840668821788027,120.62522753586356,120.62522753586356,5.0352161311046535,0.0,145.0566799314692,1.0
3.147303523213386,0.8599342570803649,36297.568516713094,0.05393611091054523,3033845.480076354,0.022812953434865703,0.00041155403657094474,0.009061293356323467,0.034285800827760116,149.33894456352013,282.56025386804987,3000.0,23.95618909169454,2.956189091694542,269.78742533901396,0.013840266829053252,120.44848077549383,120.44848077549383,5.027864837535974,0.0,144.86850911457086,1.0
3.1511999062563687,0.8599938595505254,36302.60029606281,0.05392851361435036,3034055.757412335,0.02281274394631679,0.00041143810393679317,0.00907288012069962,0.034297062170953206,149.40870471855965,282.5798382594857,3000.0,23.95613516504669,2.9561351650466903,269.78195607459116,0.013840095849899377,120.37325135603152,120.37325135603152,5.024735856878228,0.0,144.78838805639927,1.0
3.1643213370822254,0.8601943035812961,36319.524806523965,0.05390297489181169,3034762.9233517717,0.022812039560879023,0.0004110485098296636,0.009111878229573945,0.034334966300282634,149.64355923291353,282.64570087137093,3000.0,23.955953566960297,2.955953566960298,269.7635628535836,0.013839520811754215,120.12000362067008,120.12000362067008,5.014202556576076,0.0,144.5185456720149,1.0
3.1774427679080746,0.8603943271010622,36336.417742935504,0.05387750679278949,3035468.6057296456,0.02281133684948745,0.00041066017686427813,0.009150842961807019,0.03437283998815875,149.87830473849775,282.71142531025606,3000.0,23.95577197641165,2.9557719764116492,269.74520821966604,0.013838946929880157,119.8669034811683,119.8669034811683,5.0036752561844695,0.0,144.24866427022195,1.0
3.1905641987339313,0.8605939303516966,36353.27910096007,0.05385210915886136,3036172.8053992824,0.02281063580995586,0.00041027310110001113,0.009189773817057727,0.034410682728113595,150.11293839236396,282.7770116556165,3000.0,23.955590393385574,2.955590393385574,269.72689215064355,0.013838374203898806,119.61395375827959,119.61395375827959,4.993154073602229,0.0,143.97874785674074,1.0
3.197260721994551,0.8606956359925747,36361.87212467407,0.05383917458077149,3036531.6225952897,0.02281027867800788,0.00041007604021434335,0.009209628965823955,0.03442998368404618,150.2326396768682,282.8104304564954,3000.0,23.95549772536818,2.955497725368179,269.71755939913584,0.013838082358507933,119.48491972226765,119.48491972226765,4.987786982849309,0.0,143.84098378599396,1.0
3.2037374045797287,0.8607938986927334,36370.17522172235,0.05382668203310055,3036878.2931067646,0.02280993368379103,0.00040988575868879026,0.00922882371028452,0.034448643152764344,150.34838251399498,282.84271796367864,3000.0,23.95540810141446,2.955408101414458,269.7085425800574,0.013837800380381527,119.3601600660624,119.3601600660624,4.982597648128346,0.0,143.70773519153374,1.0
3.2169645742564184,0.8609942605088606,36387.1085258955,0.05380122188245264,3037585.1689931853,0.022809230372342875,0.0004094980964847553,0.009267998213213655,0.03448672668204129,150.58467197787988,282.9085535611842,3000.0,23.955225070285017,2.9552250702850182,269.6901569032611,0.013837225377591798,119.1054849253812,119.1054849253812,4.972004419742406,0.0,143.4355849030137,1.0
3.2301917439331085,0.8611941960250662,36404.009730351245,0.0537758328518995,3038290.540894761,0.02280852875304303,0.00040911169981265876,0.009307136789413592,0.03452477724226928,150.8208391998936,282.9742490835467,3000.0,23.955042046753476,2.955042046753477,269.67181034475954,0.013836651548150468,118.85097114486592,118.85097114486592,4.961417763863758,0.0,143.16341116682213,1.0
3.243418913609798,0.8613937055089836,36420.87883261964,0.05375051477891084,3038994.4097557026,0.022807828823602386,0.00040872656466799323,0.00934623894630454,0.034562794334574924,151.05688134915667,283.03980461870606,3000.0,23.95485903080431,2.9548590308043106,269.653502879994,0.01383607889160916,118.59662153083733,118.59662153083733,4.950837797806707,0.0,142.89121799902264,1.0
3.2472179207757157,0.8614509283924623,36425.71791355684,0.05374325620808244,3039196.2919170065,0.022807628107236234,0.0004086161817102807,0.00935746276966855,0.034573707058615066,151.12465206516734,283.05860711709437,3000.0,23.954806467753492,2.954806467753493,269.64825197210484,0.013835914634296368,118.5235999069375,118.5235999069375,4.947800353406603,0.0,142.81303771713485,1.0
3.25042908521381,0.8614992694573642,36429.80614967512,0.05373712535015515,3039366.8390490077,0.022807458557417826,0.00040852295978653213,0.009366947482003535,0.034582928999207896,151.18192794349463,283.0744911959742,3000.0,23.95476203857927,2.9547620385792692,269.64381608101314,0.013835775868900899,118.46188813751851,118.46188813751851,4.945233350543622,0.0,142.74695380690636,1.0
3.25671196446831,0.861593779753281,36437.79961116071,0.05372514192756373,3039700.27108957,0.022807127108174702,0.0004083407781985546,0.009385498677127962,0.03460096656350122,151.29397031919956,283.1055457248379,3000.0,23.95467511092252,2.954675110922519,269.63514359147274,0.01383550456402147,118.34117327227318,118.34117327227318,4.940211993036534,0.0,142.6176535600839,1.0
3.270049806582768,0.8617940962452879,36454.744814035585,0.05369975527985404,3040406.9870726303,0.022806424738983463,0.0004079549642611503,0.009424852736857768,0.034639232440102384,151.53172549895947,283.1713664295829,3000.0,23.954490578983513,2.9544905789835134,269.61676207372557,0.013834929490880544,118.0850365747661,118.0850365747661,4.9295574116014835,0.0,142.34315572965997,1.0
3.283387648697226,0.8619939803917066,36471.65737034523,0.053674440284323985,3041112.1777417525,0.02280572408097496,0.00040757042083854446,0.009464168285569707,0.03467746278738321,151.7693449505205,283.2370450726783,3000.0,23.954306054706798,2.954306054706797,269.5984202290378,0.013834355608895533,117.82907527851731,117.82907527851731,4.91890998676478,0.0,142.0686503168507,1.0
3.2967254908116765,0.8621934324860223,36488.537279479446,0.053649196774253616,3041815.8441323508,0.022805025131756078,0.00040718714386032756,0.00950344483830556,0.034715657113921966,152.0068258539561,283.30258175055843,3000.0,23.954121538076485,2.954121538076484,269.5801180304787,0.013833782917548014,117.57329217652259,117.57329217652259,4.9082698353029945,0.0,141.7941413499744,1.0
3.2971751195568806,0.8622001486425789,36489.10574514881,0.053648347040001244,3041839.53871254,0.02280500159939417,0.00040717424532152503,0.009504768195469962,0.03471694404018566,152.0148290676898,283.3047885691449,3000.0,23.954115318014367,2.954115318014365,269.57950173997904,0.013833763632428484,117.56467267228925,117.56467267228925,4.907911275849805,0.0,141.7848874305447,1.0
3.310164991455531,0.862393968064747,36505.51282258973,0.053623832998655405,3042523.333052694,0.022804322581215487,0.0004068022224589993,0.009542980819874472,0.03475410562354896,152.24597381737252,283.3684744435957,3000.0,23.95393562281299,2.9539356228129887,269.5617164088131,0.013833207064999022,117.31574259144057,117.31574259144057,4.897556060880145,0.0,141.51754059475894,1.0
3.323608038641928,0.8625941183380514,36522.45968567225,0.053598534797939384,3043229.4626166704,0.02280362157599085,0.0004064184775413569,0.009582486652416863,0.03479252670594907,152.485038477684,283.43424053160885,3000.0,23.953749666222524,2.9537496662225244,269.54335014368934,0.013832632268723678,117.05831166600535,117.05831166600535,4.886847082278342,0.0,141.24087138418017,1.0
3.337051085828325,0.8627938306431873,36539.37338547316,0.05357330870424601,3043934.047030262,0.022802922299223913,0.00040603600671438976,0.009621951416154559,0.034830909722092865,152.723953882951,283.4998627104849,3000.0,23.953563717350953,2.9535637173509515,269.52502406756645,0.013832058680269262,116.80107018461544,116.80107018461544,4.876145844637292,0.0,140.96421076626302,1.0
3.3471323183380455,0.8629433120481895,36552.03557620073,0.0535544383202731,3044461.416978822,0.022802399029049115,0.0004057500170632921,0.009651519663977384,0.03485966871008979,152.9030221038928,283.5489798417053,3000.0,23.953424275316078,2.9534242753160767,269.51130729831095,0.013831629326013945,116.60828519441816,116.60828519441816,4.868125903592941,0.0,140.7567450357419,1.0
3.350521682625284,0.862993513234979,36556.288483462595,0.05354810307083398,3044638.5266152644,0.022802223320660873,0.00040565402593323026,0.009661455384086975,0.03486933273068108,152.96320638343465,283.5654751260447,3000.0,23.953377395129994,2.9533773951299938,269.5067007180107,0.01383148512727321,116.54349433457602,116.54349433457602,4.865430557540946,0.0,140.68699583872933,1.0
3.364074893741097,0.8631939773009888,36573.273717415424,0.053522815576663066,3045345.763238964,0.022801521801780075,0.0004052709852232432,0.00970115904776499,0.03490795183476831,153.20376928408024,283.63134432118,3000.0,23.95318993799568,2.953189937995682,269.48830565852194,0.013830909279460391,116.2845363744417,116.2845363744417,4.8546576333027645,0.0,140.4080976432055,1.0
3.377628104856911,0.8633939971813931,36590.225247639,0.05349760085414968,3046051.4327771803,0.02280082203213997,0.00040488922696647195,0.009740819524884215,0.03494653078399066,153.44417196117223,283.6970675642307,3000.0,23.953002488657653,2.9530024886576514,269.4699513585608,0.013830334657502438,116.02577939738859,116.02577939738859,4.843892929595349,0.0,140.1292204495226,1.0
3.391181315972724,0.8635935732173459,36607.14307688998,0.053472458728491115,3046755.5364335026,0.022800124009152194,0.0004045087469606934,0.009780436342830238,0.034985069098943125,153.68441160718723,283.7626449672943,3000.0,23.952815047099293,2.9528150470992935,269.4516377868223,0.013829761260752547,115.76722617963506,115.76722617963506,4.833136562529195,0.0,139.85036831858193,1.0
3.3970895171192104,0.8636804348335914,36614.50745667429,0.05346152129160426,3047061.9839551225,0.02279982026858059,0.0004043432847202886,0.009797692572223859,0.03500185612552474,153.78908665265598,283.79118626581294,3000.0,23.95273333882534,2.95273333882534,269.44366715832047,0.013829511685326945,115.65458050566448,115.65458050566448,4.828450217754408,0.0,139.72881821233003,1.0
3.404797514178607,0.8637936301670209,36624.10559693803,0.05344727268494778,3047461.3367519947,0.022799424498403234,0.0004041277816623094,0.009820192840217293,0.035023745120282834,153.9256007622578,283.8283803906977,3000.0,23.952626742243716,2.952626742243714,269.43328008529676,0.013829186432298017,115.50767932303896,115.50767932303896,4.822338717420309,0.0,139.57024956134467,1.0
3.4184623899400717,0.8639939526395146,36641.09456710238,0.05342206991279483,3048168.0738341943,0.022798724254008723,0.00040374674298563,0.009860046217304025,0.03506251721429838,154.16748108117142,283.89420306053233,3000.0,23.95243777206369,2.9524377720636883,269.41489801876577,0.01382861079074663,115.24741693759435,115.24741693759435,4.811510963281166,0.0,139.2891630105817,1.0
3.432127265701544,0.8641938249980409,36658.04929014153,0.05339694040339512,3048873.222915667,0.022798025777170446,0.0004033669908988107,0.009899853796871784,0.03510124656494104,154.40918720676234,283.9598778303201,3000.0,23.952248809741242,2.9522488097412425,269.39655725576307,0.013828036392603311,114.98737004900073,114.98737004900073,4.800692033653059,0.0,139.0081142262764,1.0
3.4457921414630164,0.8643932476119478,36674.969770901705,0.05337188397765298,3049576.7852994716,0.022797329065189706,0.0004029885211345623,0.009939615115580698,0.03513993270190497,154.6507163512662,284.0254048214228,3000.0,23.952059855259392,2.952059855259391,269.37825776239634,0.013827463237144096,114.72754141113015,114.72754141113015,4.789882043733215,0.0,138.72710727090194,1.0
3.4470467159003753,0.8644115341061508,36676.52152692925,0.053369587199850806,3049641.299996179,0.022797265188310302,0.000402953837885423,0.009943263274006419,0.035143482300202145,154.67288221375452,284.03141346266693,3000.0,23.952042507710452,2.9520425077104524,269.376579750195,0.01382741067790653,114.70369753644047,114.70369753644047,4.788890028878162,0.0,138.70131021495988,1.0
3.4595598044076357,0.8645937158302496,36691.982903329066,0.053346712806265933,3050284.036572445,0.02279662889461472,0.0004026084970319943,0.009979628270327046,0.03517886566197376,154.8938804913181,284.0912753809329,3000.0,23.951869487374164,2.9518694873741653,269.35986232188344,0.013826887026400916,114.46598183056534,114.46598183056534,4.77899989772841,0.0,138.44403297670578,1.0
3.473337858250034,0.864793879064156,36708.974088844596,0.05332159654327486,3050990.2118613864,0.022795929983593415,0.0004022294805965814,0.01001962368234117,0.035217783146531165,155.13704267910725,284.1570457275867,3000.0,23.95167898374555,2.9516789837455493,269.34149486746406,0.013826311642126488,114.20445218835681,114.20445218835681,4.768118855711951,0.0,138.16079575768578,1.0
3.487115912092432,0.8649935862355002,36725.93048050334,0.053296554030557504,3051694.7781629767,0.022795232858440474,0.0004018517547901649,0.010059570675596125,0.035256655288826766,155.38001653350267,284.22266621958323,3000.0,23.951488488035917,2.9514884880359173,269.3231692624301,0.013825737518892113,113.94315272892743,113.94315272892743,4.757247249407632,0.0,137.87761336362735,1.0
3.49700391468154,0.86513662785619,36738.07801793211,0.053278627293703626,3052199.4285717946,0.022794733656506062,0.000401581467930187,0.010088209067295236,0.03528452419173149,155.55427230977332,284.2696673435913,3000.0,23.951351781141298,2.9513517811412977,269.3100434230997,0.013825326268554126,113.7557711133264,113.7557711133264,4.7494509768294115,0.0,137.67441983225584,1.0
3.50042908521381,0.8651861222880826,36742.281706124406,0.053272426356209386,3052374.0447790804,0.022794560948612576,0.0004014879956770292,0.01009812340887539,0.035294172353164996,155.61461078213952,284.2859303998953,3000.0,23.951304427284896,2.9513044272848945,269.3055016963097,0.013825183964137443,113.69089091417018,113.69089091417018,4.746751529100668,0.0,137.60404162762097,1.0
3.5009132244159415,0.8651931159313156,36742.87571345247,0.053271550235270484,3052398.7183314334,0.02279453654566405,0.0004014747900030502,0.010099524530380762,0.03529553586604786,155.62313850790807,284.2882283960399,3000.0,23.95129773397623,2.9512977339762285,269.3048599429727,0.013825163856046251,113.68172143506465,113.68172143506465,4.746370017095186,0.0,137.59409415774726,1.0
3.5148099441971907,0.8653936217275998,36759.90777964695,0.05324644067687735,3053106.1021794155,0.022793837020609952,0.0004010964087157865,0.0101397162500377,0.03533464967936344,155.86781563674384,284.35411130305704,3000.0,23.95110561355554,2.951105613555539,269.2864610542148,0.01382458733667178,113.41864541747094,113.41864541747094,4.735424211618845,0.0,137.3085960381839,1.0
3.52870666397844,0.8655936648043043,36776.90447291216,0.05322140558325361,3053811.8535541096,0.022793139303683537,0.0004007193271533865,0.010179857340116798,0.03537371597095372,156.11229277388304,284.41984216803047,3000.0,23.95091350113768,2.9509135011376797,269.26810462570603,0.013824012097651614,113.15581185182299,113.15581185182299,4.7244883518304235,0.0,137.02316605082342,1.0
3.5426033837596815,0.8657932455852348,36793.8658020084,0.05319644476629376,3054515.9739506985,0.02279244339196598,0.0004003435409021676,0.010219947351454269,0.035412734284322414,156.35656715274487,284.48542113021574,3000.0,23.95072139670486,2.9507213967048616,269.249790618557,0.013823438138114258,112.8932234658121,112.8932234658121,4.713562551871358,0.0,136.73780828241425,1.0
3.5469611134627046,0.8658557349289069,36799.177249079774,0.05318863282779267,3054736.4361677705,0.022792225539482878,0.0004002259680267735,0.010232508175959266,0.03542495968346892,156.43312445201732,284.50595410080814,3000.0,23.950661158289517,2.950661158289516,269.2440564477545,0.013823258419411635,112.81093199573715,112.81093199573715,4.710138532300699,0.0,136.64834138866897,1.0
3.5565771766196597,0.8659934675519371,36810.88555134105,0.05317142021909282,3055222.3564487677,0.022791745437924543,0.00039996697214987517,0.010260207754546675,0.03545192016462109,156.60198909061765,284.5512107755003,3000.0,23.950528234868635,2.950528234868634,269.2314177746765,0.013822862284572033,112.62942868405887,112.62942868405887,4.702586413943309,0.0,136.45094480418763,1.0
3.5705861790397404,0.8661937256857934,36827.91231161261,0.05314640762210897,3055928.8665444483,0.022791047551478077,0.0003995907602835147,0.010300516860464655,0.03549115517222625,156.84781806247014,284.61701230471687,3000.0,23.95033459439359,2.950334594393589,269.213041612012,0.013822286276850088,112.36522354954184,112.36522354954184,4.691593059240385,0.0,136.1634400606267,1.0
3.5845951814598216,0.866393515348932,36844.903163723204,0.05312146993147709,3056633.7238768414,0.022790351490531713,0.00039921585129848696,0.010340772715809457,0.03553034005763966,157.09343265574665,284.6826599021603,3000.0,23.950140961978747,2.950140961978745,269.1947084373347,0.013821711566613867,112.10127578158807,112.10127578158807,4.6806102711274535,0.0,135.87602106223179,1.0
3.5969183122438695,0.8665688749819421,36859.81962478327,0.05309959506748139,3057252.3921362055,0.022789740701753148,0.00039888713319534755,0.010376139728422598,0.0355647675633711,157.30931008598415,284.74028019349487,3000.0,23.949970638328832,2.9499706383288324,269.17861702032747,0.01382120709008104,111.86930693434331,111.86930693434331,4.670957999226561,0.0,135.62326477153943,1.0
3.598618359853069,0.8665930384545887,36861.8752574897,0.05309658183337942,3057337.6407952374,0.02278965655046476,0.00039884186331304815,0.010381015536107914,0.03556951394988572,157.33907834282726,284.7482199131992,3000.0,23.949947141677853,2.9499471416778547,269.17639972260605,0.013821137573320156,111.83732137977879,111.83732137977879,4.669627065070167,0.0,135.5884011805486,1.0
3.6127451596416793,0.8667935621839693,36878.93640513998,0.05307158533161836,3058045.0879111304,0.022788958318642177,0.0003984664227755551,0.010421500886657366,0.0356089256280751,157.5863164431769,284.81410871273687,3000.0,23.949751897311074,2.949751897311073,269.15799918826457,0.01382056065123349,111.57168274508766,111.57168274508766,4.658573634644383,0.0,135.29875111520192,1.0
3.6268719594302894,0.8669936109311058,36895.96107326886,0.05304666441312946,3058750.859291091,0.02278826193384675,0.0003980922934661848,0.010461930762061027,0.03564828498937396,157.83332823560835,284.879841440921,3000.0,23.949556661085055,2.9495566610850563,269.13964223942344,0.013819985045587664,111.30631400381509,111.30631400381509,4.647531291661592,0.0,135.00920064040963,1.0
3.640998759218899,0.8671931851747615,36912.94927465032,0.053021818881058544,3059454.956624195,0.022787567392941053,0.0003977194708328568,0.010502304729262524,0.03568759159303644,158.08011098498292,284.9454182550653,3000.0,23.949361432981217,2.9493614329812172,269.12132883215025,0.013819410755361519,111.04121784716733,111.04121784716733,4.636500148778493,0.0,134.7197538541052,1.0
3.6468755110250344,0.8672760684637159,36920.00563279461,0.05301150529102993,3059747.3686190625,0.022787279006103427,0.00039756476031137337,0.010519083740314279,0.03570392750672908,158.18270455935934,284.97265234066606,3000.0,23.949280220435064,2.9492802204350648,269.11372326442296,0.013819172237684557,110.93101870506362,110.93101870506362,4.63191451617866,0.0,134.59937543306486,1.0
3.6551952678074056,0.8673932666855965,36929.98458074053,0.05299692649531573,3060160.843594385,0.02278687127920197,0.0003973461202857687,0.010542821167973162,0.0357270385674609,158.3278780094224,285.01116174886187,3000.0,23.94916524968648,2.9491652496864815,269.1029688768343,0.013818834955422235,110.77509086741193,110.77509086741193,4.625425968400385,0.0,134.42898735420843,1.0
3.6694414320241573,0.8675935673034237,36947.04247844451,0.05297202317414767,3060867.5035733874,0.022786174596133496,0.00039697278115800064,0.010583421699400016,0.03576656907669151,158.57627363816894,285.07697723761254,3000.0,23.94896838840233,2.94896838840233,269.08458881573955,0.013818258474772357,110.50831517757061,110.50831517757061,4.61432465003737,0.0,134.13731735359755,1.0
3.6836875962409175,0.867793386862176,36964.063332864156,0.05294719591610549,3061572.4663774157,0.022785479778568443,0.00039660075700423267,0.010623964080424583,0.03580604461599726,158.8244281062099,285.142634658263,3000.0,23.948771535321317,2.9487715353213155,269.0662528977697,0.01381768332864225,110.2418247915598,110.2418247915598,4.603235060678059,0.0,133.84576518515811,1.0
3.6968327098061993,0.8679773365788955,36979.73584142167,0.05292435479327654,3062221.4404263454,0.02278484031371525,0.00039625864813561557,0.010661321094405903,0.03584242005625677,159.05318707171793,285.20307750982664,3000.0,23.948589903786253,2.9485899037862544,269.04937323425025,0.01381715381696205,109.99618616253233,109.99618616253233,4.59301305857436,0.0,133.5768544149357,1.0
3.697943107996771,0.8679928565102816,36981.0582909138,0.05292242830409728,3062276.1946977316,0.022784786369178883,0.00039622980039219637,0.010664474433309017,0.0358454906028801,159.07250129418142,285.20817710402974,3000.0,23.948574561268465,2.948574561268464,269.04794908843303,0.013817109139855403,109.97544779425161,109.97544779425161,4.592150046880562,0.0,133.55414375540983,1.0
3.712310217218893,0.8681934013616437,36998.14879468165,0.05289754345286495,3062983.7163319127,0.02278408941483907,0.0003958572626319022,0.010705242154071546,0.03588518883154252,159.32226670975896,285.2740728439032,3000.0,23.94837605350127,2.9483760535012693,269.02954661588825,0.013816531805839282,109.70727990612929,109.70727990612929,4.580990362813766,0.0,133.2603670426244,1.0
3.726677326441015,0.8683934585302454,37015.201671768904,0.052872735345479864,3063689.517422777,0.022783394347802646,0.00039548604816644356,0.010745949459631768,0.03592482985560086,159.57177865548604,285.33980833924227,3000.0,23.94817755401897,2.9481775540189687,269.01118889427346,0.013815955825652504,109.43941023878742,109.43941023878742,4.569842944914251,0.0,132.9667225854161,1.0
3.741044435663137,0.8685930285555876,37032.216939444916,0.052848003775616555,3064393.5998736834,0.022782701164693147,0.00039511615229459625,0.010786595934701661,0.035964413251689406,159.82103443636916,285.40538376731814,3000.0,23.947979062802116,2.947979062802115,268.9928758740828,0.013815381198107725,109.17184143771365,109.17184143771365,4.5587079039704,0.0,132.6732144836186,1.0
3.746789908587364,0.8686727012882725,37039.010899656605,0.05283813488506109,3064674.6850356604,0.022782424484165523,0.0003949685972802128,0.010802833527431723,0.03598022660887746,159.92064066459923,285.4315629169315,3000.0,23.947899687562668,2.9478996875626673,268.98556491463484,0.01381515178026961,109.0649242500356,109.0649242500356,4.554258439067975,0.0,132.55587832652304,1.0
3.75042908521381,0.8687231256755799,37043.311077698825,0.05283189024870501,3064852.5821228605,0.022782249390479296,0.0003948752446469101,0.010813113323839316,0.035990237958965526,159.98370965692374,285.4481315412902,3000.0,23.94784941204945,2.9478494120494507,268.98093785292417,0.013815006579014076,108.99722819600044,108.99722819600044,4.5514411887506725,0.0,132.4815694604119,1.0
3.755472275792228,0.8687929524914619,37049.26630172875,0.05282324447915916,3065098.930919885,0.022782006943919998,0.0003947460150848635,0.010827352596081844,0.03600410555508671,160.07108335991504,285.4710754845742,3000.0,23.947779740845537,2.9477797408455366,268.9745303782199,0.013814805501585242,108.90344701830489,108.90344701830489,4.547538360416696,0.0,132.37860702232788,1.0
3.769966420709811,0.8689933016496887,37066.35586297876,0.052798448697879294,3065805.762149271,0.022781311438882068,0.0003943755062816035,0.010868233960854016,0.036043920906017685,160.32201587994135,285.53690692290184,3000.0,23.9475795112356,2.947579511235599,268.95614586294266,0.013814228530444821,108.63412998300132,108.63412998300132,4.536330276386928,0.0,132.0827923807045,1.0
3.7844605656273944,0.8691931566926793,37083.407202687675,0.05277373018218018,3066510.850141586,0.02278061784083113,0.0003940063251618078,0.010909052174981799,0.036083676340974744,160.57267957468244,285.6025760030894,3000.0,23.94737928997841,2.947379289978411,268.9378066888548,0.013813652932246564,108.36512711417234,108.36512711417234,4.525135122385662,0.0,131.78712890899547,1.0
3.796747107368529,0.8693621852822004,37097.831535041696,0.052752836895848615,3067107.1824985077,0.02278003137551841,0.00039369441022287763,0.01094360361152776,0.03611732939726905,160.78495217705952,285.65811601765773,3000.0,23.947209570946946,2.947209570946945,268.922296223456,0.01381316607765437,108.13734404639646,108.13734404639646,4.515655309484995,0.0,131.53661936467773,1.0
3.7989729346509495,0.8693927685491678,37100.44170802025,0.05274905778650683,3067215.0801726505,0.022779925277761036,0.0003936380052589368,0.01094985803742937,0.03612342132044934,160.8233864392304,285.66816517619196,3000.0,23.94717882532308,2.947178825323077,268.9194898301386,0.013813077984572632,108.09610339090821,108.09610339090821,4.5139389562081265,0.0,131.49124923774284,1.0
3.8135867309786615,0.8695932761026045,37117.55658839242,0.0527242908003086,3067922.470219863,0.02277922979910064,0.0003932684464952037,0.010990884305114045,0.03616338255070989,161.07556779043887,285.7340486605805,3000.0,23.94697696803674,2.94697696803674,268.9010907801402,0.013812500406819975,107.82552298970131,107.82552298970131,4.502677859239668,0.0,131.1934630617903,1.0
3.828200527306373,0.8697932831174036,37134.6326758693,0.052699601715084886,3068628.094368262,0.022778536248290595,0.00039290022286485933,0.011031845158199879,0.036203281629355336,161.3274677960589,285.7997676762049,3000.0,23.94677511918083,2.9467751191808325,268.88273766075764,0.013811924220806512,107.55526986469874,107.55526986469874,4.491430237658572,0.0,130.89584296948516,1.0
3.8428143236340846,0.8699927901952508,37151.669992355346,0.05267499031497747,3069331.954740594,0.022777844621711507,0.00039253332951820756,0.011072740200451696,0.036243118151681415,161.5790838078254,285.8653224207692,3000.0,23.946573278735027,2.9465732787350274,268.8644304167788,0.013811349425174344,107.2853466089534,107.2853466089534,4.480196200106203,0.0,130.59839305488262,1.0
3.846704306149694,0.8700458119391481,37156.19855024703,0.052668452178101476,3069519.015294054,0.022777660844468122,0.0003924358913470556,0.01108361473255044,0.03625371146836562,161.64601218023526,285.8827444937856,3000.0,23.946519553124407,2.946519553124407,268.8595650154498,0.013811196656972424,107.21355283521453,107.21355283521453,4.477208163690156,0.0,130.51924535960023,1.0
3.857520412269465,0.870193053175219,37168.77579034192,0.052650301687893725,3070038.4819333428,0.022777150566045463,0.0003921654571053586,0.011113826681577335,0.036283142704728155,161.8319995393225,285.9311255423384,3000.0,23.946370172050795,2.946370172050795,268.84605380942355,0.013810772401656006,107.01405427010104,107.01405427010104,4.468905036597295,0.0,130.29924052108413,1.0
3.872259979242818,0.8703932652926494,37185.881179437325,0.05262563535595268,3070744.8296832102,0.022776456878228192,0.00039179808912854445,0.011154939032839853,0.03632319400019659,162.08519713787535,285.9969119513142,3000.0,23.946166611499574,2.9461666114995757,268.8276818693357,0.013810195474541282,106.74248473146037,106.74248473146037,4.457602190080806,0.0,129.99958814381318,1.0
3.8869995462161713,0.8705929707049602,37202.94719769725,0.05260104739125982,3071449.3897789354,0.02277576513675081,0.00039143205964457426,0.011195983255468328,0.036363180451863715,162.33809787492268,286.0625318653213,3000.0,23.94596305944162,2.9459630594416217,268.80935642571484,0.013809619957586063,106.47125855079216,106.47125855079216,4.446313488686844,0.0,129.7001212484068,1.0
3.896661504930859,0.8707236053062727,37214.11282150818,0.05258497210891328,3071910.2682605986,0.02277531274640436,0.000391192846941009,0.011222851072822173,0.03638935666616754,162.50371493722315,286.10545624681544,3000.0,23.945829633283044,2.9458296332830436,268.7973690839919,0.013809243463943573,106.29365414676874,106.29365414676874,4.438921339314464,0.0,129.50391979200745,1.0
3.9017830038109946,0.8707927624578036,37220.02451203468,0.052576464705746694,3072154.254483801,0.022775073286717934,0.0003910662797519414,0.011237080878718641,0.03640322044518852,162.59145087443022,286.1281801494074,3000.0,23.945758909768593,2.945758909768593,268.7910230592813,0.013809044141891543,106.19957218485109,106.19957218485109,4.435005488238142,0.0,129.3999530218998,1.0
3.916649978950103,0.8709931701573016,37237.1584115155,0.0525518221984182,3072861.2922466164,0.02277437949508883,0.00039069978134511756,0.011278340788360819,0.03644342006479477,162.84592872121982,286.19403082343393,3000.0,23.945553615348302,2.945553615348304,268.77263317211776,0.013808466500827336,105.92670445089794,105.92670445089794,4.423648170865528,0.0,129.09828544556154,1.0
3.931516954089203,0.8711930643191647,37254.25233365334,0.05252725874360918,3073566.518250196,0.022773687672076527,0.00039033462964720855,0.011319530230442834,0.03648355253216657,163.10009664737169,286.2597127574396,3000.0,23.945348329505165,2.9453483295051646,268.754290408389,0.01380789028990111,105.65419376101732,105.65419376101732,4.41230556796,0.0,128.79681894248097,1.0
3.9463839292283116,0.8713924456115159,37271.30630537002,0.05250277411553992,3074269.9348516753,0.022772997813805224,0.00038997081965594756,0.011360648829673475,0.03652361746313465,163.35395206183833,286.3252261709587,3000.0,23.945143052217922,2.9451430522179227,268.7359947067865,0.013807315507571928,105.3820426449482,105.3820426449482,4.400977785563372,0.0,128.49555758845247,1.0
3.9466187037120237,0.871395590066814,37271.5752959233,0.05250238809319444,3074281.0284805372,0.022772986935522897,0.0003899650852200211,0.011361297591155416,0.03652424961189833,163.35795834443593,286.32625938725397,3000.0,23.945139810613618,2.9451398106136177,268.7357061640895,0.013807306442244217,105.37774781965356,105.37774781965356,4.400799020306625,0.0,128.4908018333975,1.0
3.961377926334479,0.8715930116205587,37288.46554857061,0.052478159903954276,3074977.5311300904,0.022772304047499112,0.00038960525519268974,0.011402046613628293,0.0365639559163201,163.60965726061877,286.391128862898,3000.0,23.944936029706113,2.9449360297061133,268.7175902927626,0.013806737259735646,105.10793303214385,105.10793303214385,4.389568337194421,0.0,128.1919341783325,1.0
3.976373961515263,0.8717930844952471,37305.58653659734,0.052453622081736234,3075683.387631981,0.022771612177808008,0.00038924099587226086,0.011443377202613217,0.03660423037629349,163.8650740690034,286.4568695189988,3000.0,23.944728987715692,2.9447289877156937,268.69923112991995,0.01380616038351142,104.83415706091654,104.83415706091654,4.378172628919683,0.0,127.8884864346232,1.0
3.991369996696047,0.8719926376391386,37322.66696365332,0.05242916376895288,3076387.410525181,0.022770922295161557,0.0003888780863879769,0.011484634597699423,0.036644434979248956,164.12016513621086,286.52243940010766,3000.0,23.94452195436526,2.9445219543652605,268.6809196588114,0.013805584955965794,104.56075452260052,104.56075452260052,4.366792317753428,0.0,127.58525972032879,1.0
3.9965759024931886,0.8720617915399627,37328.58699151245,0.052420691562895715,3076631.385279898,0.022770683264823083,0.00038875241628969864,0.011498940009561304,0.03665837569067409,164.20864391242472,286.5451622345708,3000.0,23.944450084309672,2.9444500843096706,268.6745739323934,0.013805385533506843,104.46593001996868,104.46593001996868,4.362845237712231,0.0,127.4800463404502,1.0
4.00042908521381,0.872112935954304,37332.96559110706,0.0524144269554262,3076811.8226203145,0.02277050649887479,0.0003886595050481081,0.011509522529376622,0.03666868853329952,164.27410647416315,286.5619674479708,3000.0,23.944396889920867,2.9443968899208683,268.66988079928956,0.01380523804202973,104.39577432512641,104.39577432512641,4.359924988090666,0.0,127.4021895869468,1.0
4.00643791899315,0.8721926246274168,37339.788446928906,0.05240466805855209,3077092.9640200734,0.022770231102700864,0.0003885147916493152,0.011526015684846626,0.036684761579196805,164.37614839118808,286.58815183534665,3000.0,23.944313937230763,2.9443139372307647,268.66256837711,0.01380500822742022,104.28641998592192,104.28641998592192,4.355373065158825,0.0,127.2808061159842,1.0
4.021569759432607,0.8723929333326642,37356.94140910742,0.05238014875245424,3077799.6525314706,0.022769538988941074,0.0003881513169858991,0.011567497212050613,0.036725187517977584,164.6328814017086,286.6539699814906,3000.0,23.944105046421736,2.944105046421736,268.6441875738943,0.013804430520947679,104.01130617218573,104.01130617218573,4.343921226979808,0.0,126.97529380579809,1.0
4.036701599872064,0.8725927150285714,37374.05316547202,0.052355709695272874,3078504.481755495,0.02276884888604281,0.00038778920120355066,0.011608903123370786,0.03676554121061715,164.88927502355492,286.71961496103285,3000.0,23.943896164343343,2.9438961643433434,268.6258551303092,0.013803854284420394,103.7365801067543,103.7365801067543,4.332485381440813,0.0,126.67001885363644,1.0
4.0465331012743535,0.8727222356560842,37385.148995160605,0.05233987397918677,3078961.4301409335,0.022768401586190364,0.0003875546521534561,0.01163576479493766,0.03679172103328148,165.05567671411347,286.7621733090575,3000.0,23.943760453567652,2.943760453567651,268.6139700094717,0.01380348067739065,103.55829329535823,103.55829329535823,4.325063871908554,0.0,126.47180388909405,1.0
4.051878040839899,0.8727925569753763,37391.174002452055,0.0523312789713697,3079209.5235445052,0.022768158764680878,0.0003874273778018726,0.011650354771842047,0.0368059409143248,165.1460809261785,286.78527973802915,3000.0,23.943686675339833,2.943686675339834,268.6075171579584,0.013803277824160633,103.46143623177989,103.46143623177989,4.3210319962270995,0.0,126.3640865937872,1.0
4.067137210507571,0.8729929553308652,37408.346444983916,0.05230679597630768,3079916.528341685,0.022767466912238507,0.00038706494967424176,0.01169195498194052,0.03684648684385327,165.40393741624862,286.851127341768,3000.0,23.94347605319421,2.9434760531942095,268.58912812822336,0.013802699708729707,103.18519071197474,103.18519071197474,4.309532604319129,0.0,126.05673556872608,1.0
4.082396380175253,0.8731928200486924,37425.477085994615,0.052282393863737654,3080621.6504667946,0.022766777091912972,0.0003867038876319376,0.011733477236135147,0.03688695821568006,165.661441136757,286.91679960094774,3000.0,23.943265439858777,2.9432654398587785,268.5707880663494,0.013802123082718791,102.9093469295924,102.9093469295924,4.29804978723902,0.0,125.74963820266392,1.0
4.096490300055518,0.8733769489167924,37441.262459247424,0.052259926836406685,3081271.2565612574,0.022766141750530412,0.00038637160674621413,0.011771759137623225,0.03692427249489985,165.89896531179792,286.9773013187086,3000.0,23.943070917587196,2.943070917587195,268.5538919634731,0.013801591811696087,102.6549266516752,102.6549266516752,4.28745865578466,0.0,125.46622083510881,1.0
4.0976657906047524,0.873392285498043,37442.577414963234,0.05225805609667848,3081325.3639739165,0.022766088838515063,0.0003863439454836997,0.011774948978435175,0.03692738176243394,165.91876204462008,286.9823406670727,3000.0,23.943054693972464,2.9430546939724653,268.55248464230044,0.013801547558811762,102.63372259768036,102.63372259768036,4.286575957391011,0.0,125.44259269977726,1.0
4.113059065014435,0.873592829690316,37459.77416296985,0.05223360239354265,3082032.883282833,0.02276539705305301,0.0003859824574985147,0.011816677431031168,0.03696805694158269,166.1778077130597,287.0482361903803,3000.0,23.94284224741948,2.9428422474194806,268.53408223023524,0.013800968872201108,102.35627451717554,102.35627451717554,4.275026058287099,0.0,125.13332174587914,1.0
4.128452339424118,0.8737928332022971,37476.928479646165,0.05220923026269991,3082738.4950733,0.022764707322463513,0.0003856223437085766,0.011858325517756105,0.037008655183928194,166.43648681471558,287.1139540550363,3000.0,23.942629809762757,2.942629809762756,268.51572943227956,0.013800391695662582,102.07924261756398,102.07924261756398,4.263493335052966,0.0,124.8243212018733,1.0
4.143845613833801,0.8739922968406073,37494.040402352264,0.05218493945739351,3083442.2021910767,0.02276401964233398,0.0003852635987828995,0.011899892904407185,0.03704917614552407,166.69479687289743,287.17949452608315,3000.0,23.942417380979062,2.942417380979063,268.49742617441603,0.013799816027273907,101.8026293015186,101.8026293015186,4.251977888514934,0.0,124.51559510738133,1.0
4.146447498836683,0.8740259583778687,37496.928600217325,0.052180841663221914,3083560.959993585,0.022763903607823675,0.0003852030959266525,0.011906910934699094,0.03705601763844942,166.73842171167982,287.19055515360884,3000.0,23.9423814755711,2.942381475571101,268.494337311695,0.013799718872413685,101.75591560001519,101.75591560001519,4.250033176684568,0.0,124.4634393430271,1.0
4.159351748477883,0.8741926779009135,37511.23496314072,0.05216055252939821,3084149.145970903,0.02276332898886475,0.0003849036021852349,0.01194168313209587,0.03708991572314586,166.9546252144814,287.2453364469094,3000.0,23.942203403659768,2.9422034036597675,268.4790387317281,0.013799237661018853,101.5244135172467,101.5244135172467,4.24039558120736,0.0,124.20488702991298,1.0
4.174880839920634,0.8743928082501525,37528.41194495226,0.05213621169954493,3084855.205242837,0.022762639389111612,0.0003845444538773863,0.011983452496775794,0.037130636339764794,167.21445796042892,287.31109598820234,3000.0,23.9419891185238,2.9419891185237983,268.46067429488403,0.013798659968267,101.24621633445511,101.24621633445511,4.228813898178636,0.0,123.89400619129327,1.0
4.190409931363385,0.8745923916620512,37545.54589949568,0.052111952881219566,3085559.3349214736,0.022761951862570004,0.0003841866824376284,0.012025138742755861,0.037171277287763496,167.47390770607268,287.37667581488046,3000.0,23.941774842347005,2.941774842347005,268.4423600463111,0.013798083804399291,100.9684523402384,100.9684523402384,4.217250099673082,0.0,123.58341683694469,1.0
4.196404697617848,0.8746692916189445,37552.148696002594,0.05210261002533631,3085830.6377387736,0.022761687007225133,0.0003840489374925166,0.012041208770594702,0.03718694471531235,167.57396129993248,287.40194387597154,3000.0,23.94169212672541,2.9416921267254095,268.43530352336467,0.013797861793811275,100.86134222343219,100.86134222343219,4.212790879172806,0.0,123.46359743819016,1.0
4.206023470410207,0.87479250986306,37562.72969110413,0.05208764456999426,3086265.3513344876,0.022761262682787626,0.0003838283480903099,0.012066967560437899,0.037212058591315836,167.73437977381508,287.44243136446477,3000.0,23.941559409939202,2.9415594099392006,268.4239967242175,0.013797506046657275,100.68961695040241,100.68961695040241,4.205641546832647,0.0,123.27143638948922,1.0
4.221690106413266,0.8749927546135721,37579.928284448746,0.05206333640934962,3086971.8142137695,0.02276057325652826,0.0003834701831499818,0.01210885352893802,0.037252896968616264,167.99534357622687,287.5082284961345,3000.0,23.941343253965275,2.9413432539652766,268.40562178964046,0.013796927873414194,100.41027821341359,100.41027821341359,4.194011887648918,0.0,122.9586992611819,1.0
4.237356742416326,0.8751924453107887,37597.08321141932,0.05203911094733464,3087676.3223946863,0.022759885926350858,0.0003831134030547049,0.012150653943045715,0.03729365327245128,168.25591024106052,287.57384357500365,3000.0,23.941127107037236,2.9411271070372362,268.3872976963116,0.01379635124995729,100.13138745525106,100.13138745525106,4.182400728569647,0.0,122.64627093713642,1.0
4.246361896399013,0.8753069767433628,37606.924086024235,0.05202522352456909,3088080.3889453327,0.0227594917970595,0.000382908951142431,0.01217464190405794,0.03731704265225987,168.40550281661586,287.611476720093,3000.0,23.94100287025941,2.9410028702594087,268.3767880196525,0.013796020508434183,99.97128520303664,99.97128520303664,4.175735066103913,0.0,122.46682901439549,1.0
4.25042908521381,0.8753586451369437,37611.36400654555,0.05201896016910588,3088262.674882936,0.022759314014358586,0.0003828167593038447,0.012185466780885713,0.03732759755454815,168.47302309367396,287.62845410445345,3000.0,23.94094675954258,2.940946759542581,268.3720468049674,0.013795871296135532,99.89902371129344,99.89902371129344,4.172726530602841,0.0,122.38581792945955,1.0
4.25306697922086,0.8753921362759006,37614.242076059796,0.052014900850124404,3088380.8315207367,0.022759198783417884,0.000382757015137491,0.012192484468184413,0.037334440266739786,168.5168008760814,287.6394587418988,3000.0,23.940910367623946,2.9409103676239456,268.3689735784,0.013795774575845833,99.85217270231863,99.85217270231863,4.170775929947588,0.0,122.33328721060343,1.0
4.268878614586955,0.8755925553639644,37631.467442285786,0.05199061793613233,3089087.9094623784,0.022758509324092784,0.00038239972190074834,0.012234497493831726,0.03737540653982526,168.77896732147553,287.7053131580208,3000.0,23.94069223844493,2.9406922384449308,268.3505826461946,0.013795195748882882,99.57161532471906,99.57161532471906,4.159095081002834,0.0,122.01860500108646,1.0
4.284690249953049,0.8757924128223424,37648.6484649724,0.05196641846955324,3089793.0059761726,0.022757821985379064,0.0003820438224707377,0.012276422448772617,0.037416288256622424,169.04072201251833,287.7709830318649,3000.0,23.94047411840568,2.940474118405683,268.33224325046496,0.013794618493918647,99.29152123794663,99.29152123794663,4.147433369400579,0.0,121.70424944008037,1.0
4.296319095180178,0.8759390423553517,37661.256169238346,0.05194867380062865,3090310.3145288946,0.022757317824894454,0.0003817829584777923,0.01230720025050212,0.03744630103387436,169.23296829925886,287.8191630848521,3000.0,23.940313705385748,2.940313705385746,268.3187881757665,0.013794194947171096,99.08581987650763,99.08581987650763,4.1388689010460515,0.0,121.47326387879613,1.0
4.300537686589945,0.8759921601942886,37665.82394187626,0.051942247675925625,3090497.7141053663,0.02275713521330967,0.0003816885101318544,0.012318353663211268,0.037457177386652794,169.30265385663515,287.8366167331181,3000.0,23.940255513637126,2.9402555136371245,268.31391395652815,0.013794041506997767,99.01126009989301,99.01126009989301,4.135764551196751,0.0,121.3895138524609,1.0
4.316484656653878,0.8761925945049898,37683.062422992494,0.05191800915376259,3091204.8457524264,0.022756446268270506,0.00038133236817675066,0.012360458333233447,0.03749823696968071,169.56580853767716,287.90247615114833,3000.0,23.940035545089074,2.940035545089075,268.2955216274573,0.013793462485630112,98.72971308978012,98.72971308978012,4.12404204262065,0.0,121.07314075876317,1.0
4.332431626717811,0.87639246037329,37700.2559419518,0.051893854707422034,3091909.9719364014,0.02275575946540708,0.00038097762693254164,0.01240247252729969,0.037539209619639316,169.82853726227776,287.9681487883546,3000.0,23.939815585761963,2.9398155857619632,268.27718146001314,0.013792885056358452,98.44864419773538,98.44864419773538,4.112339288707262,0.0,120.75711197591933,1.0
4.346276293961343,0.8765655175220307,37715.1464008652,0.05187295253465138,3092520.517038168,0.022755164937665388,0.0003806707830306678,0.012438874361243019,0.03757471008193908,170.05628300524774,288.0250125212263,3000.0,23.939624631320683,2.9396246313206835,268.2613013244387,0.01379238503936383,98.20501831919097,98.20501831919097,4.102195411648494,0.0,120.48302782342336,1.0
4.348397425080667,0.8765919937330696,37717.424768507815,0.05186975569744428,3092613.9250313127,0.022755073992609363,0.00038062386435862804,0.012444445404025362,0.037580143260993355,170.09114714835155,288.0337121687296,3000.0,23.939595375944705,2.939595375944705,268.2588718043417,0.013792308537888017,98.16772465599016,98.16772465599016,4.100642601279398,0.0,120.4410589471166,1.0
4.364487216776448,0.8767925022224147,37734.68143716236,0.05184555424249983,3093321.318380406,0.022754385358456537,0.0003802687633103049,0.012486651926453894,0.03762130604822074,170.3553598775519,288.09959596064226,3000.0,23.93937346523658,2.9393734652365806,268.24047266846213,0.01379172915177482,97.88511279091023,97.88511279091023,4.088875297135638,0.0,120.12290854045249,1.0
4.380577008472211,0.8769924349997252,37751.8924872266,0.05182143755286377,3094026.6806191686,0.02275369888968827,0.00037991507085169,0.012528765488389545,0.03766237944892951,170.6191319722943,288.1652905830489,3000.0,23.93915156383768,2.939151563837678,268.222126361288,0.013791151379155986,97.60299438899372,97.60299438899372,4.0771283864726495,0.0,119.80512063062191,1.0
4.396233492742508,0.8771864317586925,37768.59629110552,0.051798051449938806,3094711.1006030175,0.02275303298171963,0.00037957225025051324,0.012569655407695023,0.03770226063966517,170.87537536338618,288.2290347274553,3000.0,23.938935647284058,2.9389356472840586,268.20432475727563,0.013790590712850095,97.32894939388945,97.32894939388945,4.065717491701921,0.0,119.49624266266011,1.0
4.396670694685666,0.8771918412503937,37769.062120331284,0.051797399546785895,3094730.1852735165,0.02275301441577908,0.00037956269611545733,0.012570795975207306,0.037703373087101845,170.88252483273314,288.2308121974605,3000.0,23.93892961801442,2.9389296180144195,268.203828369451,0.013790575078307405,97.32130353671786,97.32130353671786,4.065399125593404,0.0,119.48762236611205,1.0
4.412905099592701,0.8773924095223798,37786.3357455613,0.051773236723099206,3095437.789535589,0.022752326141487814,0.0003792086564364008,0.012613099185528285,0.0377446339834525,171.14776947504708,288.2967156329658,3000.0,23.93870574094253,2.938705740942533,268.18542374777405,0.013789995368944903,97.03765427272697,97.03765427272697,4.0535881648255865,0.0,119.16772337626793,1.0
4.429139504499736,0.8775923947658711,37803.56309031202,0.05174915935429621,3096143.3368748794,0.022751640055885206,0.0003788560331816709,0.012655306936095238,0.037785803025162115,171.41255862957823,288.3624274948965,3000.0,23.938481873268614,2.9384818732686138,268.1670726261785,0.013789417294628604,96.75451399660025,96.75451399660025,4.041798243882922,0.0,118.84820535561983,1.0
4.445373909406771,0.8777917980225506,37820.744210008976,0.051725167159354345,3096846.830966443,0.022750956153663904,0.0003785048204919534,0.012697418964771017,0.037826879938926875,171.67689005194478,288.42794812553257,3000.0,23.938258014966138,2.938258014966138,268.14877490907696,0.013788840852784593,96.47188485713218,96.47188485713218,4.030029453138077,0.0,118.52907221671802,1.0
4.446190691523673,0.8778018150010125,37821.607402721995,0.05172396231422082,3096882.1708364165,0.022750921802905173,0.0003784871875134744,0.012699535162930289,0.037828944153348934,171.69017690729504,288.43123953990977,3000.0,23.938246752499346,2.9382467524993445,268.1478557273085,0.013788811894044121,96.45767882001348,96.45767882001348,4.029437904007842,0.0,118.51302629359444,1.0
4.46174736856421,0.8779923208261475,37838.025729193665,0.05170105544788723,3097554.274816175,0.022750268599660013,0.0003781520223326023,0.012739794485096368,0.03786821510708899,171.94301970488078,288.49383662087297,3000.0,23.938032248691965,2.938032248691966,268.1303744596875,0.013788261124358506,96.18735475480673,96.18735475480673,4.018181350727467,0.0,118.20759934430296,1.0
4.478128194423153,0.8781923435937117,37855.268086703596,0.05167701901270097,3098259.954540282,0.0227495829478881,0.0003778004893278927,0.012782091120384153,0.037909474557600145,172.20879868848272,288.5595608125969,3000.0,23.937806390326653,2.9378063903266534,268.1120198947937,0.013787682791469504,95.903221206311,95.903221206311,4.006349606247372,0.0,117.88638146976409,1.0
4.494509020282087,0.8783917770582915,37872.46355547043,0.05165306843425162,3098963.555205228,0.022748899502718817,0.0003774503745735182,0.012824289533790195,0.03795063941108254,172.47410496036275,288.6250913690522,3000.0,23.937580541421354,2.9375805414213536,268.09371940574346,0.013787106112627052,95.6196144453807,95.6196144453807,3.9945396436336353,0.0,117.56556720399517,1.0
4.496147890304837,0.878411697604909,37874.18135099229,0.05165067693863384,3099033.834833953,0.022748831246564148,0.0003774154240837365,0.01282850598918959,0.03795475265983748,172.50062224448897,288.6316369330451,3000.0,23.93755794619365,2.9375579461936514,268.0918914490061,0.013787048507937518,95.59126920451712,95.59126920451712,3.9933592816520886,0.0,117.53349271412883,1.0
4.50042908521381,0.8784637079702929,37878.666510588926,0.05164443371060585,3099217.3272470515,0.022748653045975682,0.0003773241901140672,0.01283951591871554,0.037965493154805297,172.56987049450996,288.6487266837158,3000.0,23.93749892147376,2.93749892147376,268.0871188541749,0.01378689810606251,95.51724835966493,95.51724835966493,3.990276873661963,0.0,117.44972428892679,1.0
4.5110096782465865,0.8785920747741848,37889.737471339,0.0516290291586599,3099670.2049462157,0.02274821328321091,0.0003770991264319264,0.012866697096432374,0.03799200950607521,172.74087194325665,288.6909059042751,3000.0,23.937353049880194,2.9373530498801927,268.0753396109371,0.01378652688465201,95.33446766768043,95.33446766768043,3.9826653961707588,0.0,117.24281799943357,1.0
4.527545148113092,0.8787921974409345,37907.00022408086,0.05160502597503435,3100376.23711435,0.022747527850879027,0.0003767485687859569,0.012909093657169224,0.03803337007683421,173.00771616301256,288.7566629212284,3000.0,23.937125087967768,2.9371250879677686,268.05697587905644,0.0137859481127714,95.04925971604388,95.04925971604388,3.9707884454270292,0.0,116.91980652594732,1.0
4.544080617979607,0.87899172298294,37924.2153823538,0.051581109397667343,3101080.162628178,0.02274684465018074,0.0003763994381291406,0.01295138940517397,0.038074633493483855,173.27407214532766,288.82222373281144,3000.0,23.936897135611737,2.9368971356117357,268.0386669407626,0.013785371017953723,94.76459479543493,94.76459479543493,3.9589339528242538,0.0,116.59721799656664,1.0
4.5461050890860015,0.8790161103257454,37926.31980187698,0.05157818717913253,3101166.2011004584,0.022746761157597006,0.00037635679111085895,0.01295656082118613,0.038079678769893995,173.3066489975694,288.83023701256803,3000.0,23.936869227597825,2.9368692275978248,268.03642910018294,0.013785300478159906,94.72978010261355,94.72978010261355,3.9574841305226163,0.0,116.55775207561442,1.0
4.560742183166474,0.8791921672327431,37941.513742379895,0.05155709774070024,3101787.329340359,0.02274615849107103,0.0003760490823244285,0.012993905487645016,0.03811611306104048,173.54196330138876,288.8880864166671,3000.0,23.93666745458645,2.936667454586447,268.0202736996562,0.01378479121578194,94.47831039826741,94.47831039826741,3.94701186276307,0.0,116.27260115304492,1.0
4.577421340273577,0.8793922182094971,37958.78209554794,0.051533148204852525,3102493.1085864045,0.022745473865355057,0.00037569979543390793,0.013036363478475714,0.03815753713926468,173.8096365086551,288.95381987746686,3000.0,23.936437540716653,2.936437540716655,268.00191654622,0.01378421250107591,94.1922800375649,94.1922800375649,3.9351001951456137,0.0,115.94807941426384,1.0
4.594100497380679,0.8795916651275956,37976.002217524576,0.05150928588923803,3103196.756715324,0.022744791492904457,0.0003753519419927944,0.013078718210214436,0.03819886164511169,174.07680654500112,289.01935485452714,3000.0,23.936207636485175,2.9362076364851752,267.9836148226429,0.013783635483978091,93.90680827764177,93.90680827764177,3.923211634181461,0.0,115.62399957874514,1.0
4.596062287867166,0.8796150842825633,37978.024468884934,0.051506484939633924,3103279.3794238167,0.022744711380577584,0.000375311121652521,0.013083693146356835,0.03820371564858694,174.10819772452285,289.02705000368366,3000.0,23.936180595946677,2.9361805959466785,267.981465825282,0.013783567727082988,93.87326810075913,93.87326810075913,3.9218148327580513,0.0,115.58591076185544,1.0
4.6109137272531475,0.8797921050987331,37993.31201338813,0.05148531973151479,3103903.9083323865,0.022744105909934552,0.00037500273695429906,0.013121308676538088,0.03824041732342694,174.34561282693588,289.08521613248365,3000.0,23.935975893931037,2.9359758939310376,267.965221974157,0.01378305554376095,93.6196091472211,93.6196091472211,3.9112509789483174,0.0,115.29776576075038,1.0
4.627744828711095,0.87999214574461,38010.591256222,0.0514614162580354,3104609.651131128,0.022743421879660507,0.0003746546071509574,0.01316383888514776,0.03828191537195923,174.61418852505886,289.1509461987271,3000.0,23.9357439147984,2.935743914798401,267.9468657687067,0.01378247670882019,93.33267724364782,93.33267724364782,3.8993012949952393,0.0,114.9716426059659,1.0
4.644575930169034,0.8801915748978218,38027.821589525156,0.051437600684606725,3105313.2365855793,0.02274274012607235,0.0003743079182982423,0.013206263299434452,0.03832331134380505,174.88224558024527,289.2164753385378,3000.0,23.935511945393724,2.935511945393724,267.92856567527775,0.013781899593459858,93.04632009503248,93.04632009503248,3.8873753904786987,0.0,114.6459809162172,1.0
4.646019486648331,0.8802086509456714,38029.29711194222,0.05143556217238952,3105373.4808311826,0.02274268175978766,0.0003742782506568854,0.013209896990185849,0.0383268570006304,174.90521186926753,289.22208624701796,3000.0,23.93549205047894,2.9354920504789392,267.92699873651276,0.013781850175857216,93.02178686724523,93.02178686724523,3.886353648843576,0.0,114.61807143236983,1.0
4.661547658876523,0.8803920523826505,38045.14643210391,0.05141367482204482,3106020.520550833,0.02274205497553646,0.0003739597855369426,0.013248934848673235,0.03836494960974664,175.15201509157183,289.2823489428763,3000.0,23.935278047658713,2.935278047658712,267.9101693844463,0.013781319394255956,92.75815429287448,92.75815429287448,3.875374002682532,0.0,114.31806932317963,1.0
4.678532580291309,0.8805920657250597,38062.435096335765,0.05138981921683154,3106726.1670230217,0.0227413715977975,0.00037361283631033376,0.013291531465513975,0.03840651589962181,175.4214622446891,289.3480700376493,3000.0,23.935043977950624,2.935043977950623,267.89181568442723,0.013780740488220145,92.47035343973812,92.47035343973812,3.8633876555615863,0.0,113.990380195482,1.0
4.695517501706105,0.8807914601079981,38079.67416832121,0.051366052189554735,3107429.629808054,0.022740690520207052,0.0003732673354601658,0.013334019743294132,0.038447977598961354,175.69037512792335,289.41358775252,3000.0,23.934809918060417,2.9348099180604175,267.87351878160126,0.01378016332385153,92.18314365367792,92.18314365367792,3.851425767292999,0.0,113.66317236515722,1.0
4.695976685429496,0.8807968421115207,38080.13953515534,0.05136541087983445,3107448.6175003415,0.02274067213929483,0.0003732580149667289,0.01333516689897936,0.03844909705324092,175.6976376945773,289.41535619036176,3000.0,23.93480359043729,2.9348035904372907,267.8730249161573,0.013780147744485336,92.17538722158,92.17538722158,3.8511027204922197,0.0,113.65433308794817,1.0
4.712653926157914,0.8809920070816486,38097.0168269718,0.05134216261356921,3108137.158929662,0.02274000569227807,0.0003729202141858553,0.013376777026402588,0.038489702932866514,175.96114323582736,289.4794841897425,3000.0,23.93457378030951,2.9345737803095107,267.85511611431025,0.013779582773043926,91.89397287848288,91.89397287848288,3.83938204715733,0.0,113.33353740762254,1.0
4.729794560269222,0.8811919756333603,38114.3133967762,0.05131835673026315,3108842.647380404,0.022739323025781952,0.0003725744696171151,0.01341943411438669,0.03853133160978576,176.231429828458,289.54519056702895,3000.0,23.934337594487115,2.9343375944871144,267.8367665243921,0.013779003846581431,91.60533669593408,91.60533669593408,3.827360432863364,0.0,113.00431910001164,1.0
4.745933884210661,0.8813796899025622,38130.553586725604,0.05129602311350504,3109504.902759202,0.022738682362944636,0.00037225025328114884,0.013459497928113049,0.03857043054433884,176.4854242480788,289.6068703886242,3000.0,23.934115215068374,2.934115215068374,267.81954141658304,0.013778460351823724,91.33411716850424,91.33411716850424,3.8160640720490204,0.0,112.69479109671357,1.0
4.746940201029806,0.8813913758660681,38131.56471783464,0.051294633185738035,3109546.130803405,0.022738642484536446,0.00037223008041307434,0.013461992721837016,0.03857286528678654,176.50124508425017,289.6107102040377,3000.0,23.934101349589007,2.934101349589006,267.81846908477735,0.013778426515645443,91.31722400052718,91.31722400052718,3.8153604627438944,0.0,112.67550624317835,1.0
4.75042908521381,0.8814318742297121,38135.068953284805,0.05128981670185779,3109689.008908888,0.022738504288579757,0.0003721601800785442,0.013470639166880823,0.038581303635539126,176.55608093386826,289.62401730027005,3000.0,23.934053278459235,2.934053278459234,267.8147528586065,0.013778309253145155,91.25867192473822,91.25867192473822,3.812921733857402,0.0,112.6086594516264,1.0
4.764229589163054,0.8815918144613136,38148.909807730925,0.05127080085346621,3110253.2775663254,0.02273795858559444,0.00037188427230119446,0.0135047956048977,0.03861463846279334,176.77276319702887,289.67657102989875,3000.0,23.93386313404496,2.93386313404496,267.8000763625466,0.013777846128174592,91.02731316551771,91.02731316551771,3.803285439367079,0.0,112.34444838184268,1.0
4.781534989814145,0.8817918031241025,38166.219893172274,0.05124703673361558,3110958.8369688876,0.0227372764077638,0.0003715396139705136,0.013547524800498142,0.03865634082223246,177.0439684904083,289.7422840153544,3000.0,23.933624707911257,2.9336247079112563,267.7817249271881,0.013777266993436354,90.73775643677982,90.73775643677982,3.79122500432567,0.0,112.01360219539207,1.0
4.795891082991826,0.8819572267484946,38180.54115725072,0.051227390975130696,3111542.4510196447,0.022736712274416315,0.00037125480614925456,0.013582885626494576,0.038690852707060144,177.26852330292422,289.7966394976708,3000.0,23.933426923622868,2.933426923622869,267.7665452619638,0.013776787915637679,90.49802195903959,90.49802195903959,3.7812396130249057,0.0,111.73953725177212,1.0
4.798866364758323,0.8819914560264155,38183.50483321012,0.05122332714836342,3111663.2118094983,0.022736595560407333,0.000371195905809127,0.013590204328112325,0.03869799579432879,177.3150131337958,289.8078866754398,3000.0,23.93338593394447,2.9333859339444706,267.7634043020095,0.013776688781102076,90.44839116821373,90.44839116821373,3.7791723836254913,0.0,111.68278279337879,1.0
4.816324172560158,0.8821919234018992,38200.864223366036,0.05119953553088205,3112370.4601090117,0.022735912121623764,0.0003708511683408132,0.013633079907333409,0.038739843197297986,177.5874588017365,289.8737569580138,3000.0,23.933145428230397,2.933145428230397,267.74500893883555,0.013776108159814442,90.15755013709907,90.15755013709907,3.767058133142563,0.0,111.35008323263057,1.0
4.833781980361973,0.8823917478447084,38218.17186523016,0.05117583484135908,3113075.440143979,0.02273523106018661,0.000370507907646773,0.01367583961614069,0.038781578583974075,177.85932426327003,289.93941598348505,3000.0,23.932904932636873,2.932904932636875,267.7266725726931,0.013775529350649096,89.86734830942305,89.86734830942305,3.754970345738204,0.0,111.01792243820671,1.0
4.845848281772991,0.8825294853529102,38230.10417675335,0.051159506619405944,3113561.377659846,0.022734761717327905,0.000370271515988391,0.013705326018058498,0.03881035925137479,178.04688927807376,289.98467426336424,3000.0,23.932738715355708,2.9327387153557076,267.71403345134013,0.013775130352699042,89.66714417326637,89.66714417326637,3.7466311415389413,0.0,110.78865985470537,1.0
4.851289663410245,0.8825914988910194,38235.477067646396,0.0511521574251981,3113780.1612363197,0.022734550433857553,0.0003701651427253573,0.013718604968725736,0.03882332054530865,178.13138188800409,290.00505089207405,3000.0,23.9326637601032,2.9326637601031997,267.7083429415877,0.013774950704162982,89.57696105358363,89.57696105358363,3.7428746733538434,0.0,110.68535739815701,1.0
4.868908968278647,0.8827918735293416,38252.840229615984,0.05112842070045608,3114487.0823594066,0.02273386786840902,0.0003698216784457702,0.013761525030357933,0.038865214577212724,178.40458124542323,290.070890702742,3000.0,23.932421060163914,2.9324210601639136,267.68995608819637,0.013774370201086628,89.28537484277314,89.28537484277314,3.7307288977708475,0.0,110.35122639707227,1.0
4.886528273147048,0.8829915976150229,38270.1509412626,0.0511047755766308,3115191.7083347267,0.022733187704016725,0.00036947969810485905,0.013804326633438743,0.038906994035560326,178.67718412940368,290.1365167525115,3000.0,23.932178370436525,2.932178370436524,267.67162893106257,0.013773791532740061,88.99444480165889,88.99444480165889,3.718610292140975,0.0,110.01765509341334,1.0
4.895805480554156,0.8830964986830867,38279.244613703806,0.05109236225405121,3115561.7989882627,0.02273283053526213,0.0003693002270631881,0.0138268155883609,0.038928946350686215,178.82047918940037,290.1709855182097,3000.0,23.932050589526007,2.932050589526007,267.6620029595562,0.013773487578817006,88.84152377015585,88.84152377015585,3.7122403463846023,0.0,109.84224376223075,1.0
4.904224971148396,0.883191545617408,38287.48498301569,0.0510811184546212,3115897.124287506,0.022732506961972904,0.00036913770254481227,0.013847196870217836,0.03894884153473555,178.95038224404541,290.2022163776272,3000.0,23.931934624936602,2.931934624936601,267.6532812267995,0.01377321216564942,88.70289898275408,88.70289898275408,3.7064658738590825,0.0,109.68318554470126,1.0
4.922007737689407,0.8833918079749832,38304.85021108699,0.051057438667513784,3116603.6492844536,0.02273182533502592,0.0003687955379091144,0.01389015497129321,0.03899077584422825,179.2242993992678,290.2680192946883,3000.0,23.931689704282824,2.931689704282823,267.63490467655646,0.013772631837559186,88.41060527728865,88.41060527728865,3.694290138713718,0.0,109.34766523372714,1.0
4.939790504230419,0.8835914121414234,38322.16228353509,0.05103385115033227,3117307.8521850514,0.022731146132833537,0.0003684548642702326,0.01393299202153511,0.03903259301863888,179.49760368089494,290.3336059409675,3000.0,23.93144479393237,2.9314447939323696,267.61658852349746,0.013772053366881124,88.11898484260252,88.11898484260252,3.6821422860747792,0.0,109.01272580379724,1.0
4.945762679335321,0.8836582999475743,38327.96447297953,0.051025950141283874,3117543.832164558,0.02273091857183368,0.00036834078548530493,0.01394735126873777,0.03904661062605676,179.58925258389223,290.3555841739906,3000.0,23.931362545397096,2.931362545397095,267.61045073931643,0.013771859508904246,88.0211981554242,88.0211981554242,3.6780688098494414,0.0,108.90037045433142,1.0
4.95768315224688,0.8837915869055889,38339.52777311945,0.05101021066041731,3118014.0681527127,0.022730465173926302,0.0003681135834996001,0.013975971474910375,0.039074550232336275,179.7719764625769,290.3993800762748,3000.0,23.931198380622252,2.931198380622253,267.5982200110341,0.013771473192508378,87.82624354845717,87.82624354845717,3.6699475785371654,0.0,108.67630655928566,1.0
4.975631363222744,0.883991716913883,38356.89331238899,0.05098658990206066,3118720.1262217937,0.022729784552264282,0.00036777274551002745,0.014018961044333013,0.039116518342107325,180.04657449603812,290.46513950553884,3000.0,23.93095121252461,2.93095121252461,267.5798556054758,0.013770893097747126,87.5332811094377,87.5332811094377,3.6577434942755587,0.0,108.33944051640748,1.0
4.993579574198588,0.8841911810801093,38374.20498797267,0.05096306207793569,3119423.8352020555,0.022729106379022306,0.0003674334054581809,0.014061826968383562,0.03915836675286405,180.32054313223423,290.5306801500502,3000.0,23.930704054821746,2.930704054821746,267.5615522991695,0.013770314883137926,87.24100916693524,87.24100916693524,3.6455680103301114,0.0,108.0031767804982,1.0
4.9957198781164855,0.8842149225960526,38376.2657957494,0.05096026259670698,3119507.5951991044,0.0227290256706805,0.0003673930391761129,0.014066930425416018,0.03916334913527263,180.3531715040346,290.5384812217216,3000.0,23.93067458223651,2.930674582236511,267.55937372119877,0.013770246056978701,87.20620221716416,87.20620221716416,3.644118009188776,0.0,107.96311806605017,1.0
5.00042908521381,0.8842671266602622,38380.79740030125,0.05095410766580679,3119691.770981078,0.022728848214179947,0.0003673042977883492,0.014078153118883203,0.0391743056308515,180.42493052582302,290.5556346186407,3000.0,23.930609735652446,2.9306097356524465,267.55458335210267,0.013770094716006412,87.12965282627965,87.12965282627965,3.6409290773929435,0.0,107.87500917065141,1.0
5.011660341156758,0.8843914467324047,38391.59015460194,0.05093945409810726,3120130.371822766,0.02272842566541681,0.00036709306675292765,0.014104884360414838,0.039200403092584574,180.5958971310837,290.5964841497022,3000.0,23.93045508221901,2.9304550822190074,267.54317544659506,0.01376973429508107,86.94727831551137,86.94727831551137,3.6333315859135333,0.0,107.66504204968408,1.0
5.029783947875395,0.8845915119694886,38408.961854395595,0.05091588410899432,3120836.201379212,0.02272774581770334,0.00036675343304518,0.014147917653591694,0.039242416904340216,180.87125927437106,290.66222229621184,3000.0,23.93020553022926,2.9302055302292596,267.5248169845971,0.013769154237952597,86.65355771022607,86.65355771022607,3.6210954227184984,0.0,107.32672652883497,1.0
5.04567707689765,0.8847664003025831,38424.15065791494,0.05089529199012323,3121453.206893888,0.022727151675511544,0.0003664568378575635,0.014185550845254713,0.03927915935862382,181.11220042944134,290.7196877261454,3000.0,23.929986699316075,2.929986699316073,267.5087688151911,0.013768647136213426,86.39656838574976,86.39656838574976,3.610389319113955,0.0,107.03056144785629,1.0
5.047927432373609,0.8847911214293189,38426.29789489898,0.05089238209876027,3121540.422954874,0.02272706770263616,0.0003664149353922506,0.01419087158477831,0.039284354222806725,181.14627575691645,290.72781068181195,3000.0,23.929955715046255,2.9299557150462543,267.5065003458041,0.013768575452380104,86.36022458888766,86.36022458888766,3.6088752364296104,0.0,106.98866549851246,1.0
5.066212554744296,0.8849916072895425,38443.71398785756,0.05086879123597322,3122247.736468495,0.02272638679501913,0.0003660753151717097,0.014234032640412717,0.039326494750603555,181.4227819604622,290.79368703816743,3000.0,23.929703960277443,2.9297039602774415,267.4881032864265,0.013767994075436848,86.0653213259643,86.0653213259643,3.5965894717640485,0.0,106.64860204625664,1.0
5.084497677114983,0.8851914103026708,38461.074688025816,0.050845294989526967,3122952.640899612,0.02272570839068085,0.00036573721359209934,0.014277064925996215,0.039368510530269164,181.69862686332158,290.85933902219796,3000.0,23.929452216121526,2.9294522161215246,267.4697688867225,0.013767414628618656,85.7711420234009,85.7711420234009,3.5843337009451464,0.0,106.30918112626574,1.0
5.095634275678815,0.8853127669347717,38471.62116732094,0.05083103074796021,3123380.78673372,0.02272529643020217,0.0003655320330664711,0.014303210718627888,0.03939403918189653,181.8663061987825,290.8992148156004,3000.0,23.92929889591207,2.929298895912071,267.45863291352146,0.013767062659027439,85.59232671473896,85.59232671473896,3.5768840151585475,0.0,106.10277225108408,1.0
5.102849849004475,0.885391261045537,38478.443455844164,0.050821807351540994,3123657.7137211,0.02272503000807671,0.0003653993920038265,0.014320125458836873,0.03941055485891741,181.97481680427578,290.92500668943535,3000.0,23.92919955948352,2.92919955948352,267.45143010722416,0.013766834993424988,85.47661330294838,85.47661330294838,3.572063206312835,0.0,105.96916502492161,1.0
5.121306476526337,0.885591558944074,38495.85501947395,0.050798281405583845,3124364.3641064554,0.022724350291968447,0.00036506117590632804,0.014363300123931654,0.03945271159180643,182.25190386759596,290.990821284672,3000.0,23.928945475502378,2.928945475502377,267.43305029565795,0.013766254011198964,85.181146428062,85.181146428062,3.5597534590593427,0.0,105.62787319039938,1.0
5.13976310404822,0.8857911662633668,38513.21047034262,0.050774850731703965,3125068.5781303067,0.022723673102862,0.00036472448511899085,0.014406343405124936,0.03949474099310593,182.52831268069886,291.05640896692665,3000.0,23.928691402226182,2.9286914022261814,267.41473385328567,0.013765674982135224,84.88642117258681,84.88642117258681,3.5474744416942703,0.0,105.28724609336393,1.0
5.14559147445998,0.8858540565456168,38518.679462928354,0.05076747135307085,3125290.454857479,0.02272345977881222,0.00036461847813115976,0.014419908627360395,0.03950798688430378,182.61545796264895,291.07707367934165,3000.0,23.928611171305192,2.9286111713051914,267.4089628914057,0.013765492537110874,84.79350492875673,84.79350492875673,3.5436032756652316,0.0,105.17981897601781,1.0
5.158338486232723,0.8859913623962782,38530.62104606267,0.05075136511239867,3125774.869486839,0.022722994100048938,0.0003643871606656904,0.01444953093384748,0.03953691219456211,182.8058137320152,291.1221901236524,3000.0,23.92843570494959,2.928435704949589,267.3963633799753,0.01376509419495691,84.5905496479601,84.5905496479601,3.5351474994440433,0.0,104.94510178789933,1.0
5.176968677735415,0.8861914501736511,38548.02612965824,0.050727906358988155,3126480.7785653565,0.02272231564868038,0.00036405037788373194,0.01449271213144403,0.039579078158008145,183.08344068272203,291.1879356765303,3000.0,23.928179264019395,2.928179264019394,267.3780028496269,0.013764513672034838,84.29456216690488,84.29456216690488,3.5228155572061395,0.0,104.60263085477932,1.0
5.195548673241145,0.8863903033537821,38565.327712977225,0.050704606345863774,3127182.331988507,0.022721641565643255,0.0003637160281675406,0.01453564353035951,0.03962100112417031,183.359627120384,291.2532755610594,3000.0,23.927923524780525,2.927923524780526,267.3597556088578,0.013763936681483761,84.00012848847382,84.00012848847382,3.510548184487492,0.0,104.26176704041772,1.0
5.195599342476797,0.886390844695379,38565.374818687626,0.0507045429348336,3127184.241840037,0.022721639730822536,0.00036371511844373927,0.014535760425705186,0.03962111527497146,183.3603793576445,291.2534534370049,3000.0,23.927922827372413,2.9279228273724143,267.35970593406535,0.013763935110664472,83.99932657642086,83.99932657642086,3.5105147731557205,0.0,104.26083841303887,1.0
5.214405176021508,0.8865914075497625,38582.82909807538,0.05068105673742184,3127891.8269888237,0.02272096003653011,0.0003633782529008022,0.014579077540434098,0.03966341582986501,183.6392153291495,291.3193550923751,3000.0,23.92766399057548,2.9276639905754784,267.3413018095205,0.01376335310909947,83.70208648037098,83.70208648037098,3.4981303027884034,0.0,103.91653254041007,1.0
5.23321100956622,0.8867912625234659,38600.2257011342,0.05065766749552899,3128596.9147366937,0.022720282924708988,0.00036304293310949413,0.014622258069328193,0.039705583927146675,183.91734014198258,291.385024149796,3000.0,23.927405164704712,2.9274051647047123,267.32296264179047,0.01376277311164035,83.40562249980789,83.40562249980789,3.4857779991471634,0.0,103.57293331181634,1.0
5.24550587202231,0.8869215417434592,38611.56811484871,0.05064242832318822,3129056.539434128,0.02271984163522926,0.0003628245400432252,0.014650414753660898,0.039733080928933386,184.09878728403694,291.42783175883346,3000.0,23.92723595562757,2.927235955627571,267.31100791070264,0.013762395002498033,83.2122206266657,83.2122206266657,3.477719732483124,0.0,103.3486788151374,1.0
5.25042908521381,0.8869736247556795,38616.10304996046,0.050636337672557145,3129240.288145047,0.02271966523833348,0.00036273727311306945,0.014661673120588416,0.03974407563203497,184.17135842785018,291.4449453800598,3000.0,23.927168200795116,2.9271682007951165,267.306228649625,0.013762243836126307,83.1348702217748,83.1348702217748,3.474496836571416,0.0,103.25896618700034,1.0
5.252058217808916,0.8869908488304408,38617.60283098074,0.050634323677364465,3129301.054629151,0.022719606905861,0.0003627084188700705,0.014665396547087312,0.039747711871818386,184.1953620607368,291.4506049277486,3000.0,23.927145780315826,2.927145780315825,267.3046481275585,0.013762193844014422,83.10928606682168,83.10928606682168,3.4734308400124054,0.0,103.22929027713987,1.0
5.271050613279488,0.8871912571472312,38635.055464469566,0.05061089774705873,3130008.094569772,0.022718928286424914,0.0003623728829722842,0.014708728535071429,0.03979002970446863,184.47480054780442,291.5164558046073,3000.0,23.926884408814978,2.9268844088149795,267.2862581837507,0.013761612140498264,82.81145763594628,82.81145763594628,3.4610213440675737,0.0,102.88372437954625,1.0
5.290043008750062,0.8873909491370573,38652.44963807564,0.050587569505963985,3130712.6073110118,0.02271825227554661,0.00036203890060476694,0.014751921186300537,0.039832212362451914,184.75350987753677,291.58207130820665,3000.0,23.926623048342794,2.9266230483427926,267.26793397180893,0.013761032466215805,82.51442409427216,82.51442409427216,3.4486447973688152,0.0,102.53888873601788,1.0
5.295463070803475,0.8874478062495398,38657.402893647224,0.05058092993891005,3130913.199033338,0.022718059832377173,0.00036194387236627946,0.014764221977502214,0.03984422568224567,184.8329142220772,291.6007536202613,3000.0,23.926548463140286,2.926548463140285,267.26271662793636,0.013760867409882171,82.42980240585916,82.42980240585916,3.445118819910246,0.0,102.44061368532302,1.0
5.309157629110758,0.8875912049099297,38669.8968513044,0.05056418936648679,3131419.109077147,0.02271757453941011,0.0003617043297192923,0.014795251122616045,0.03987452999174545,185.03327541300482,291.6478720616427,3000.0,23.926360016990923,2.926360016990924,267.24955802579393,0.013760451105267297,82.21628261278912,82.21628261278912,3.4362219140063317,0.0,102.19257434001742,1.0
5.328321059537375,0.8877912475802229,38687.32942859876,0.05054084803994611,3132124.859018023,0.02271689770766097,0.0003613704685287392,0.014838550043984084,0.039916818220173796,185.3130115470428,291.71360279307606,3000.0,23.92609632511178,2.92609632511178,267.23120163457844,0.013759870312891652,81.91819008753563,81.91819008753563,3.4238008981664887,0.0,101.84612433912868,1.0
5.34542026958464,0.8879691315293261,38702.834299604474,0.050520103906017855,3132752.433056994,0.02271629600225282,0.00036107388549611177,0.01487706522066751,0.03995443510841644,185.5619857842409,291.77205253316237,3000.0,23.92586104661726,2.9258610466172605,267.2148785803225,0.013759353812824997,81.65289279608157,81.65289279608157,3.4127462596639133,0.0,101.53762813570512,1.0
5.347504093881954,0.8879907703537403,38704.72061301398,0.050517581219267554,3132828.7747646337,0.022716222817221916,0.0003610378264426101,0.014881751220264628,0.03995901186392915,185.59228681985866,291.77916269497945,3000.0,23.92583237460694,2.9258323746069395,267.2128929503276,0.013759290980092473,81.62060613046896,81.62060613046896,3.4114009014413584,0.0,101.50007379068875,1.0
5.366849519565236,0.8881912500218005,38722.19914032171,0.05049421670968943,3133536.06643232,0.022715544873320528,0.00036070394184889497,0.014925174215028586,0.04000142303019801,185.87316821658942,291.8450370166919,3000.0,23.925566200900256,2.9255662009002568,267.1944964591576,0.013758708818705773,81.3213282425682,81.3213282425682,3.39893014692828,0.0,101.15186068101073,1.0
5.38619494524852,0.888390996483777,38739.61766815019,0.050470951475691236,3134240.7713511423,0.02271486959143283,0.0003603716294028049,0.014968452741769589,0.04004369396260522,186.15328729580884,291.910670418944,3000.0,23.925300038435623,2.925300038435621,267.17616724872175,0.013758128736433737,81.02287995291292,81.02287995291292,3.3864937878626775,0.0,100.80442067215444,1.0
5.395377468365805,0.888485552356264,38747.86460739582,0.050459942996209574,3134574.364185708,0.022714549990392092,0.0003602144415184876,0.014988944829776672,0.04006370926168725,186.28598185703132,291.9417399235191,3000.0,23.925173705361644,2.9251737053616425,267.16749057696694,0.013757854119995656,80.88150871993562,80.88150871993562,3.3806027791476403,0.0,100.6397757985292,1.0
5.405637114066078,0.8885910051724422,38757.06298753219,0.050447669498110775,3134946.401404937,0.022714193605567964,0.00036003923111101936,0.015011802184493845,0.04008603502117283,186.434038108322,291.97638998457325,3000.0,23.925032556224426,2.925032556224425,267.15781397574125,0.01375754784262397,80.72377586741925,80.72377586741925,3.374029927763582,0.0,100.45602504507872,1.0
5.425166693548173,0.8887911716624425,38774.526002563776,0.05042438294744546,3135652.588181368,0.02271351726914564,0.00035970692094311013,0.015055199711385072,0.04012842390147382,186.7152739211518,292.04216140112595,3000.0,23.92476388278106,2.9247638827810616,267.13944622253496,0.013756966440405905,80.42417230138315,80.42417230138315,3.361545079208301,0.0,100.10685510131505,1.0
5.444696273030266,0.8889905971509837,38791.92828232261,0.050401196297906896,3136356.160706873,0.022712843618215222,0.0003593761888551019,0.01509845015301373,0.04017066996008406,186.99572977733186,292.10768933678617,3000.0,23.924495220671705,2.9244952206717048,267.1211464653849,0.013756387140654705,80.12541668805306,80.12541668805306,3.349095391522474,0.0,99.75848186547998,1.0
5.44533466714697,0.8889971036028225,38792.4961145079,0.050400440040719564,3136379.1154494477,0.022712821642748817,0.0003593654042385952,0.015099861466418401,0.04017204851340581,187.00488430417414,292.10982724985126,3000.0,23.92448643868112,2.924486438681121,267.120549417889,0.013756368239595052,80.11566511371484,80.11566511371484,3.3486890228157122,0.0,99.74710752073041,1.0
5.464406094265653,0.8891911140060037,38809.42973333752,0.05037789651231187,3137063.583570043,0.02271216646350373,0.00035904399623621106,0.015141950696641992,0.04021316115638193,187.2779822704779,292.173575877522,3000.0,23.924224090484522,2.9242240904845236,267.10274656185106,0.013755804620497525,79.82476429137316,79.82476429137316,3.3365664854778796,0.0,99.4077040799017,1.0
5.484122006451537,0.8893909420186843,38826.87498781528,0.050354690460857776,3137768.5761995055,0.02271149181731897,0.00035871329269339603,0.015185314937477856,0.04025552004749022,187.55952533440737,292.23923607599426,3000.0,23.923952887975318,2.9239528879753163,267.0844098681286,0.013755224051455956,79.52488453372123,79.52488453372123,3.3240696011273334,0.0,99.05763547153073,1.0
5.4952918659281345,0.8895038202403606,38836.731141084696,0.05034158792921998,3138166.8102270626,0.02271111080568518,0.0003585266391469102,0.015209816098156232,0.04027945354298833,187.71867693106188,292.2763260031723,3000.0,23.923799245887935,2.923799245887933,267.07405189403363,0.013754896079358113,79.35537496297175,79.35537496297175,3.3170055536480683,0.0,98.85967140179123,1.0
5.50042908521381,0.889555654388752,38841.257546689885,0.050335572648870744,3138349.6809471385,0.022710935862998365,0.0003584409640822862,0.015221068496894865,0.04029044532397552,187.79178761992327,292.29335785183736,3000.0,23.923728584357445,2.9237285843574456,267.0692954692928,0.01375474546786822,79.27750784936953,79.27750784936953,3.313760544048523,0.0,98.76871271401286,1.0
5.5038993641981,0.8895906405345819,38844.31285327328,0.0503315130734866,3138473.1119647054,0.022710817790026566,0.00035838314972317265,0.015228663934831037,0.04029786487458078,187.84114446085775,292.3048537239534,3000.0,23.923680851729728,2.923680851729726,267.066085057339,0.013754643808746069,79.22494059648128,79.22494059648128,3.3115698661710393,0.0,98.70730018179273,1.0
5.5238135734026805,0.8897909618075354,38861.80903175969,0.05030827706327829,3139179.844814931,0.022710141843184643,0.0003580523242896591,0.015272160786390371,0.04034035495386468,188.12390045885877,292.3706759996388,3000.0,23.923406944675015,2.9234069446750155,267.04770310088077,0.013754061706438938,78.923802642022,78.923802642022,3.2990201949304394,0.0,98.35537768027541,1.0
5.543727782607262,0.8899905236046338,38879.24279421066,0.050285142717118946,3139883.8982366174,0.022709468640604493,0.00035772309807280265,0.015315505105133043,0.040382696843810344,188.4058410330608,292.4362487240491,3000.0,23.92313304919092,2.9231330491909184,267.02939083573335,0.013753481761138622,78.62354980267256,78.62354980267256,3.286507233020284,0.0,98.0042977600818,1.0
5.545249064709299,0.8900057373261138,38880.57202864888,0.050283379610194884,3139937.5722003737,0.02270941732600566,0.0003576980134064341,0.01531880998693807,0.040385925326350165,188.4273454313751,292.4412477027132,3000.0,23.923112126298907,2.9231121262989066,267.02799478846543,0.013753437546593368,78.60064935709033,78.60064935709033,3.285552855419838,0.0,97.977512854256,1.0
5.563809154111764,0.8901909937429519,38896.75984587917,0.05026191667745484,3140591.156283403,0.022708792556178272,0.00035739271929191563,0.015359058906789787,0.04042524418225998,188.68932176020684,292.502119914445,3000.0,23.92285686626789,2.922856866267889,267.0109952190352,0.01375289912595637,78.32167345882834,78.32167345882834,3.273926433479807,0.0,97.65112675957455,1.0
5.58390435163828,0.8903908333800096,38914.22573111295,0.050238777229617705,3141296.1899236324,0.0227081187799328,0.0003570637240167041,0.015402487647402903,0.040467670151352414,188.97216612983394,292.5677839324964,3000.0,23.922580504883204,2.922580504883204,266.99265745863227,0.013752318273193542,78.02049132879833,78.02049132879833,3.2613743869676757,0.0,97.29857565726695,1.0
5.595206263490464,0.8905028899774199,38924.02113770412,0.05022580809275629,3141691.525263244,0.022707741051033976,0.00035687939586068884,0.015426844674919064,0.04049146512181373,189.1308773157704,292.6046038874536,3000.0,23.922425079235616,2.922425079235616,266.98237487873405,0.013751992548259736,77.85149756296366,77.85149756296366,3.2543313357698773,0.0,97.10067468722477,1.0
5.6040840003685615,0.8905907415185179,38931.7015258451,0.05021564334881667,3142001.465236775,0.022707444954264848,0.0003567349593354533,0.015445942939666007,0.04051012285326631,189.25536140384162,292.63347045899786,3000.0,23.922302993798116,2.922302993798117,266.9743134123733,0.013751737171343766,77.71895200853169,77.71895200853169,3.2488072753146056,0.0,96.94541436961184,1.0
5.624372193287685,0.8907909480799261,38949.20734041314,0.05019248843478815,3142707.7933850125,0.02270677030459379,0.000356406047373263,0.015489474551830102,0.04055265090379716,189.53923299064652,292.6992550423561,3000.0,23.922024001809206,2.922024001809205,266.95594198211927,0.013751155151923485,77.41670899147275,77.41670899147275,3.2362106561559245,0.0,96.5912363770476,1.0
5.644660386206808,0.8909903780498872,38966.649162817936,0.05016943673976056,3143411.381720954,0.022706098452728363,0.0003560787523075493,0.015532848456833954,0.04059502566186987,189.82225472660093,292.7647844505372,3000.0,23.921745021606014,2.921745021606016,266.9376418137435,0.013750575340280447,77.11538708714255,77.11538708714255,3.223652246836185,0.0,96.23794620879563,1.0
5.645163462271629,0.8909953133671547,38967.080847185876,0.05016886644605892,3143428.793505473,0.022706081828618267,0.0003560706570077514,0.015533921975073816,0.040596074460699835,189.82926187061616,292.76640611462204,3000.0,23.921738104024293,2.9217381040242945,266.9371889372927,0.013750560990981694,77.10792706667655,77.10792706667655,3.2233413279323915,0.0,96.2291971529013,1.0
5.665138996794411,0.8911908946389845,38984.18995557449,0.050146272899606416,3144118.8036459493,0.02270542312210331,0.00035575001641970013,0.01557646966555108,0.040637642804074094,190.1070703704971,292.8306709038952,3000.0,23.921463434901828,2.921463434901828,266.91924193461136,0.01374999231930308,76.81217156411427,76.81217156411427,3.211014734660589,0.0,95.88224307311398,1.0
5.685622449131085,0.8913906719513403,39001.6700031646,0.05012320784738491,3144823.6174048176,0.022704750462634756,0.0003554228333540577,0.01561994075069262,0.04068011404668143,190.39108604877242,292.8963144430746,3000.0,23.921181793542992,2.9211817935429933,266.9009098932713,0.013749411397826334,76.5098238444989,76.5098238444989,3.198413209883764,0.0,95.52736574069621,1.0
5.695120661052794,0.8914830427090945,39009.75355302994,0.050112547799860505,3145149.5011611586,0.022704439507170365,0.00035527166899088764,0.015640043959810154,0.040699755135971405,190.5224901027491,292.92666595488623,3000.0,23.921051199995816,2.921051199995815,266.89243373284154,0.013749142781093774,76.36994363009245,76.36994363009245,3.1925830930919044,0.0,95.3631180110792,1.0
5.7062118445106105,0.8915906920986538,39019.17522343669,0.05010012811356681,3145529.287884689,0.022704077166741894,0.0003550955926946004,0.015663475134546606,0.040722647893983104,190.675696048517,292.96203777382726,3000.0,23.920898707467565,2.920898707467563,266.882555568818,0.013748829720207906,76.20685952030101,76.20685952030101,3.185785803963584,0.0,95.17157245747549,1.0
5.726892841842804,0.8917908068442382,39036.69265305458,0.05007705080522164,3146235.292106976,0.022703403733779427,0.0003547685371173859,0.01570704033663198,0.0407652126075288,190.96068905958327,293.0277921880159,3000.0,23.920614373978918,2.9206143739789168,266.86419256380236,0.01374824771740759,75.90350350421909,75.90350350421909,3.1731418899837154,0.0,94.81512670700353,1.0
5.745077859833959,0.8919661132577897,39052.041668008475,0.05005684534345449,3146853.77260825,0.02270281393565605,0.0003544823055663758,0.01574521295292667,0.0408025091941491,191.21055470510515,293.08539499231165,3000.0,23.92036436648569,2.9203643664856878,266.8481060303391,0.013747737824642866,75.63755132523397,75.63755132523397,3.162056821810295,0.0,94.50247256794154,1.0
5.747587164041146,0.8919902552033494,39054.15566092532,0.050054063590908165,3146938.945319783,0.02270273272377366,0.00035444290817126796,0.015750470403978218,0.04080764603592314,191.2449792531461,293.09332763856924,3000.0,23.920329869317435,2.9203298693174364,266.84589070799444,0.01374766760284628,75.60091145484833,75.60091145484833,3.160529635998937,0.0,94.45938706033604,1.0
5.75042908521381,0.8920175831663424,39056.548706955626,0.05005091496315026,3147035.358291268,0.022702640797525396,0.00035439831743884026,0.015756421853029872,0.04081346096799411,191.28395114350732,293.10230715775623,3000.0,23.920290799642764,2.9202907996427636,266.8433830291123,0.01374758811298528,75.559431885605,75.559431885605,3.1588007235569826,0.0,94.4106070805159,1.0
5.768465096078357,0.8921906695147714,39071.70717780411,0.05003097833519878,3147646.0064094467,0.02270205864531642,0.00035411604087244266,0.01579412055883522,0.04085029524502408,191.53089287285096,293.1591804851653,3000.0,23.92004285253719,2.9200428525371898,266.82750021410504,0.013747084628598647,75.29660734125409,75.29660734125409,3.147845838130152,0.0,94.10144200107823,1.0
5.789356728080228,0.8923904099149055,39089.20359932046,0.050007983927279655,3148350.6899421075,0.02270138701427263,0.00035379060979906783,0.015837633418215837,0.040892811042287536,191.8160899896621,293.2248118955957,3000.0,23.919755659577692,2.9197556595776915,266.8091715599182,0.013746503564664846,74.9930815702561,74.9930815702561,3.1351942987021344,0.0,93.74422034977056,1.0
5.795035058615123,0.8924445602972363,39093.94762058533,0.05000175232587596,3148541.732328576,0.022701204963623232,0.00035370244208973646,0.015849431519322714,0.040904338925035685,191.89345000680177,293.24260482063903,3000.0,23.919677602834103,2.9196776028341023,266.80420259204215,0.013746346027423124,74.91075258524037,74.91075258524037,3.1317626361470956,0.0,93.64729373473364,1.0
5.810387737785901,0.892590671721476,39106.74962580036,0.04998494271303931,3149057.212995113,0.02270071381106637,0.0003534646663544118,0.01588126912416782,0.0409354476015886,192.10227602104743,293.2906146316057,3000.0,23.9194665628585,2.9194665628585006,266.79079506023675,0.013745920933808536,74.68851903918932,74.68851903918932,3.122499360214146,0.0,93.38558595891587,1.0
5.831470769905847,0.8927906146634389,39124.2716424903,0.04996195135789936,3149762.611094738,0.02270004186055138,0.0003531395779479036,0.01592484435821823,0.04097802579671751,192.38824951725007,293.3563125939499,3000.0,23.919176763302552,2.919176763302553,266.77244782033,0.013745339180592784,74.38419830307993,74.38419830307993,3.109814315064646,0.0,93.02704392623828,1.0
5.844992257396288,0.8929184191175421,39135.47385271697,0.0499472620574559,3150213.5048255348,0.02269961244127029,0.00035293195552128353,0.015952702452273735,0.04100524684906531,192.57117190629603,293.39830703561745,3000.0,23.918990908386057,2.9189909083860575,266.76072017964634,0.013744967295045813,74.18954827335031,74.18954827335031,3.1017005925337457,0.0,92.79761210818909,1.0
5.85262715962333,0.8929904364677895,39141.786964253275,0.049938987049273645,3150467.5818212302,0.02269937049753887,0.000352815021268177,0.01596840194023807,0.04102058745904512,192.67429145645562,293.421970752467,3000.0,23.91888596770484,2.9188859677048398,266.7541116962987,0.013744757729877016,74.07982023984309,74.07982023984309,3.0971266947743845,0.0,92.66824231014405,1.0
5.873914726750445,0.8931906740727312,39159.34266492843,0.04991598807623226,3151174.0194909615,0.022698697918329385,0.0003524901242233137,0.01601205868914044,0.041063246731693134,192.96116996410487,293.48776553621985,3000.0,23.91859338145843,2.9185933814584275,266.7357374174162,0.013744175019143066,73.77456745331133,73.77456745331133,3.0844024260432055,0.0,92.30821697867428,1.0
5.894949456177453,0.8933877250118778,39176.622819426855,0.04989336790910176,3151869.214613324,0.022698036219446292,0.00035217072439971774,0.0160550287653042,0.041105235709150215,193.24371783372166,293.5525132340023,3000.0,23.918304282491277,2.9183042824912757,266.71765555456636,0.013743601532950213,73.4739377208447,73.4739377208447,3.071870683350627,0.0,91.9534560147888,1.0
5.895204751405746,0.8933901116637343,39176.83213746842,0.04989309401461608,3151877.6347139166,0.022698028206120692,0.00035216685785958556,0.01605554926079766,0.04110574432477794,193.24714143570245,293.55329744855,3000.0,23.91830077381627,2.918300773816272,266.7174365497155,0.013743594586672486,73.47029511401306,73.47029511401306,3.0717188402631894,0.0,91.9491563779777,1.0
5.916699229116003,0.8935906322057744,39194.42051486783,0.049870088707320084,3152585.070584882,0.022697355038203054,0.00035184217007950945,0.016099284039806247,0.041148481248088814,193.53490531028956,293.61918520078,3000.0,23.9180053687055,2.9180053687055003,266.69903630785194,0.013743010952278773,73.16413099756238,73.16413099756238,3.0589562076648282,0.0,91.58767053575022,1.0
5.93819370682626,0.8937903192769726,39211.93970821926,0.049847192012304045,3153289.565973217,0.022696684848448896,0.00035151916389673327,0.016142844814982345,0.04119104882732798,193.82171077626003,293.68479908819916,3000.0,23.917709976114104,2.917709976114103,266.68071254725515,0.013742429693799227,72.85900177099512,72.85900177099512,3.0462365269817724,0.0,91.2272144312049,1.0
5.944906654958618,0.8938525132641674,39217.39698756774,0.04984006331262538,3153508.9861735236,0.02269647614968225,0.00035141862883083787,0.016156413682225305,0.041204308460738394,193.9110867003569,293.7052350095107,3000.0,23.917617724504172,2.9176177245041717,266.6750054790655,0.013742248646441451,72.76391877870859,72.76391877870859,3.0422728390779574,0.0,91.1148515715808,1.0
5.959832124142226,0.8939905045521834,39229.50653978933,0.049824251169282845,3153995.8190238145,0.0226960131669485,0.0003511956836773593,0.01618652182183551,0.041233730672461374,194.10946884902822,293.75057667726304,3000.0,23.91741261799478,2.917412617994781,266.6623430702732,0.013741846935058201,72.55287422124499,72.55287422124499,3.033475040969033,0.0,90.86538651024944,1.0
5.9815359108167705,0.8941904518239175,39247.05641292194,0.04980135053740883,3154701.232398859,0.022695342464161224,0.00035087291897642465,0.016230154204193062,0.04127636958733071,194.39712068575005,293.81627606229887,3000.0,23.91711437420181,2.9171143742018097,266.64399543305643,0.013741264819129453,72.24687474730638,72.24687474730638,3.020718704478641,0.0,90.50351759078242,1.0
5.9948638537397825,0.8943128191489715,39257.79883565213,0.04978734175971836,3155132.943954676,0.02269493208418158,0.0003506755504574446,0.016256860630011187,0.04130246826465021,194.57327886594533,293.8564839527832,3000.0,23.91693123378385,2.916931233783848,266.63276671626613,0.01374090854069287,72.0594878503208,72.0594878503208,3.0129069296538016,0.0,90.28182272488993,1.0
6.00042908521381,0.8943638212759126,39262.27666106131,0.049781504390960046,3155312.8793055713,0.022694761059626055,0.000350593324637485,0.016267992510094503,0.04131334689435805,194.64672666728205,293.87324241288366,3000.0,23.91685476286045,2.9168547628604498,266.62808663979257,0.013740760039981837,71.98135997251052,71.98135997251052,3.009649917859917,0.0,90.18936944717747,1.0
6.003298911649425,0.8943901000236871,39264.58395167132,0.04977849702471731,3155405.590648911,0.022694672944121426,0.00035055096630803596,0.016273728364022064,0.04131895227445152,194.68457644503627,293.88187717720587,3000.0,23.916815329373847,2.9168153293738452,266.62567523939435,0.013740683524006024,71.94109879435808,71.94109879435808,3.007971496355637,0.0,90.1417211631417,1.0
6.025226308672456,0.8945904039593701,39282.17299114773,0.04975558133521071,3156112.262333298,0.022694001405274715,0.0003502282860928959,0.01631745246816656,0.041361682159534174,194.9732104554828,293.94769375614936,3000.0,23.916514038349916,2.9165140383499173,266.6072948738453,0.013740100269538225,71.6340844183625,71.6340844183625,2.9951724696792303,0.0,89.77826677449691,1.0
6.044821052520947,0.8947686779217033,39297.830852834886,0.04973519680201969,3156741.212337774,0.02269340387584301,0.0003499413724449803,0.016356373229745553,0.041399718478033545,195.23029609256943,294.00627164816865,3000.0,23.91624480969413,2.9162448096941307,266.59093603104776,0.013739581120776537,71.36063993847833,71.36063993847833,2.9837727664316787,0.0,89.45439130629927,1.0
6.047175226085682,0.8947900505969135,39299.708231484896,0.04973275365103818,3156816.6150718196,0.022693332249607824,0.0003499069928239728,0.016361039653495633,0.04140427889592743,195.26112961739707,294.01329435773454,3000.0,23.916212464408733,2.916212464408733,266.58897482353683,0.013739518879081258,71.32784520613976,71.32784520613976,2.9824055674487484,0.0,89.4155380274054,1.0
6.069304918994386,0.8949904797065841,39317.31613338571,0.049709849324997446,3157523.72836966,0.022692660651522797,0.0003495847690275951,0.016404804015442618,0.04144704943599301,195.55040945652038,294.07915206679166,3000.0,23.915908419538518,2.9159084195385194,266.57058297172495,0.013738935159836856,71.02017351520456,71.02017351520456,2.9695787535790776,0.0,89.05091971754833,1.0
6.091434611903103,0.8951900464757998,39334.85219603491,0.049687056277387225,3158227.7993329614,0.022691992122263718,0.00034926425807782214,0.016448386157543713,0.04148964253788526,195.8386748272847,294.1447264249579,3000.0,23.915604387558584,2.915604387558585,266.55227025032417,0.013738353902101008,70.71359542303946,70.71359542303946,2.9567973393901017,0.0,88.6874054329404,1.0
6.094778251302112,0.8952201247976287,39337.495536908915,0.04968362205243574,3158333.915562171,0.022691891378321113,0.0003492159794850338,0.016454955285292623,0.04149606264309877,195.8821414826629,294.1546096668243,3000.0,23.915558451603683,2.9155584516036828,266.5495101919737,0.013738266291726432,70.66736870931081,70.66736870931081,2.954870104844745,0.0,88.63257710908151,1.0
6.113748216351706,0.895390401752312,39352.461478329315,0.04966418591761611,3158934.6521476405,0.022691321131463195,0.00034894280772469765,0.016492146351187845,0.04153241029037574,196.12830912650153,294.21055987365355,3000.0,23.91529784187962,2.91529784187962,266.5338851736185,0.01373777029764589,70.40557604711697,70.40557604711697,2.9439556434804346,0.0,88.32198947770958,1.0
6.136094554331615,0.8955901785358026,39370.02384040378,0.04964139427146082,3159639.4640406743,0.022690652257406595,0.0003486226109477428,0.016535785792217032,0.04157506066057137,196.41733552475137,294.2762032390565,3000.0,23.914990859528537,2.9149908595285354,266.5155531808084,0.013737188328256789,70.09821765605705,70.09821765605705,2.9311413108120656,0.0,87.95716540336669,1.0
6.144735450083277,0.8956671949501436,39376.7953939915,0.04963261118431963,3159911.1777195004,0.02269039444602216,0.0003484992577689337,0.016552610776346656,0.04159150448013775,196.52881944511978,294.30150956614955,3000.0,23.914872158885917,2.914872158885917,266.5084859714496,0.013736963958545545,69.97966652632982,69.97966652632982,2.926198645821649,0.0,87.81639792954107,1.0
6.158575294251108,0.8957902791107504,39387.618594515174,0.049618578340661544,3160345.4182689977,0.02268998247871761,0.00034830222021094484,0.01657950132265485,0.041617786021583406,196.70705790795267,294.341952997007,3000.0,23.91468204392793,2.9146820439279293,266.49719147612404,0.013736605365586026,69.79013356817137,69.79013356817137,2.918296527630041,0.0,87.59128748012934,1.0
6.181140770812397,0.8959902517575016,39405.20602692315,0.049595789613262144,3161050.921167027,0.022689313307572293,0.0003479823585024686,0.016623194021171014,0.041660489687245776,196.99682151701123,294.4076607198561,3000.0,23.91437207746005,2.9143720774600492,266.47884151043536,0.013736022725576814,69.48201999342413,69.48201999342413,2.90545031951363,0.0,87.22518208621356,1.0
6.194692648864442,0.8961099235006217,39415.73293747023,0.049582157931599216,3161473.1227178643,0.022688912934128374,0.00034779109497498227,0.016649343849812637,0.041686047878916,197.17033564967406,294.44698288645014,3000.0,23.91418593091895,2.914185930918952,266.46786014665463,0.013735674026237479,69.29752449698057,69.29752449698057,2.897758037725421,0.0,87.00586962349125,1.0
6.2037947861696425,0.8961901232408321,39422.78848482179,0.04957302498055789,3161756.067160812,0.022688644654011252,0.00034766298169248375,0.0166668694841199,0.04170317711982364,197.286663688784,294.473335202069,3000.0,23.914060907991868,2.9140609079918685,266.4605008277427,0.013735440330333307,69.1738371389587,69.1738371389587,2.8926010268645515,0.0,86.85880211792346,1.0
6.2265819189454685,0.8963902771329412,39440.39971594137,0.049550240734847185,3162462.2094919197,0.022687975234980923,0.0003473434765397034,0.01671061129219482,0.041745930003715445,197.57713990322964,294.5391024791618,3000.0,23.913747923339695,2.913747923339695,266.44213423054885,0.013734857062116159,68.86499432731921,68.86499432731921,2.879724021014177,0.0,86.49144494166698,1.0
6.244649847645607,0.8965483455183064,39454.31068783177,0.049532256087802776,3163019.8742814492,0.022687446698588475,0.00034709138024048705,0.016745158813549654,0.04177969689237862,197.80669699624147,294.59104115090275,3000.0,23.91349976708561,2.913499767085612,266.4276294995516,0.013734396399808871,68.62093250331012,68.62093250331012,2.8695478776284986,0.0,86.20100614409026,1.0
6.249394903443048,0.896589765227495,39457.956277792524,0.0495275447404136,3163166.002891251,0.022687308221175657,0.00034702535497022644,0.016754211968225227,0.041788545544371114,197.8668723602804,294.6046509861281,3000.0,23.913434596894795,2.913434596894796,266.4238287285222,0.013734275684236078,68.5569563682418,68.5569563682418,2.8668803759851396,0.0,86.12485329710775,1.0
6.25042908521381,0.8965987875139115,39458.75040413203,0.049526518557746715,3163197.83349067,0.022687278058223508,0.0003470109747817115,0.016756184003656645,0.04179047303666186,197.87998137890997,294.6076155610585,3000.0,23.913420393170846,2.913420393170846,266.4230008220617,0.013734249388970278,68.5430194431517,68.5430194431517,2.8662992711291984,0.0,86.10826263319004,1.0
6.272414222719858,0.8967901554685411,39475.59616906311,0.04950475859457197,3163872.9790607,0.02268663837020463,0.00034670611639630054,0.016798013970756823,0.041831358457357755,198.1581376399173,294.6704959235945,3000.0,23.91311844994504,2.9131184499450375,266.40544044338765,0.013733691627068572,68.24730280347035,68.24730280347035,2.8539691695303424,0.0,85.75614613921728,1.0
6.294607046426772,0.89698249601193,39492.531171763665,0.04948289950601465,3164551.555920956,0.022685995596136207,0.00034640000414714776,0.016840060128473285,0.04187245572875664,198.43791157274586,294.733695862801,3000.0,23.912813666773452,2.9128136667734505,266.38779081765597,0.013733130984295825,67.94987924491011,67.94987924491011,2.8415677131012647,0.0,85.40181959453464,1.0
6.295446335224679,0.8969897535252342,39493.17024494779,0.049482074929838554,3164577.160406128,0.022685971345822536,0.00034638845952006267,0.016841646708070368,0.04187400651341297,198.44847216867254,294.73608056231126,3000.0,23.912802140719332,2.9128021407193327,266.38712485097363,0.013733109828867166,67.9386526823011,67.9386526823011,2.841099603572323,0.0,85.38844168437161,1.0
6.318684431858513,0.8971902241681767,39510.8250864222,0.04945930451922718,3165284.420233227,0.02268530158465555,0.0003460697342979741,0.01688547386254012,0.04191684518149365,198.74029657687615,294.80195191851845,3000.0,23.912483016181174,2.9124830161811723,266.3687291879699,0.013732525437046688,67.62843261109376,67.62843261109376,2.8281643761265083,0.0,85.01867390276126,1.0
6.341922528492346,0.8973897817603051,39528.403436655244,0.04943665014125967,3165988.458819792,0.02268463505227523,0.00034575277880814195,0.016929104812359642,0.041959492643443015,199.031010384886,294.86752326124474,3000.0,23.912163905192806,2.912163905192805,266.3504173086805,0.013731943656931575,67.3194069237945,67.3194069237945,2.8152787506268018,0.0,84.65013766039745,1.0
6.344564245207937,0.8974124099109144,39530.39692033772,0.04943408209998766,3166068.2908672807,0.022684559484343475,0.00034571685872287366,0.016934052398542326,0.04196432874160867,199.06398859815923,294.87495849937847,3000.0,23.912127629374854,2.9121276293748553,266.34834089576094,0.013731877684820778,67.28435229760171,67.28435229760171,2.813817044659223,0.0,84.60832029987124,1.0
6.365363909758004,0.897590163558507,39546.05832208492,0.04941391452962591,3166695.4052029126,0.022683965945949305,0.0003454348327787161,0.016972919142644392,0.04200231992137242,199.32314319281556,294.93336542453136,3000.0,23.911842016318797,2.9118420163187957,266.33202979828155,0.013731359423844293,67.00888660546599,67.00888660546599,2.8023306008686126,0.0,84.27962608498612,1.0
6.388831364557557,0.8977898447674998,39563.65540238093,0.04939127066159523,3167399.8799094036,0.02268329935728709,0.00034511831510816303,0.017016583210822948,0.042045000883218206,199.61447116037363,294.9989773857262,3000.0,23.911519783099195,2.9115197830991932,266.3137065756146,0.013730777183430971,66.69923541524099,66.69923541524099,2.7894184903455788,0.0,83.90995927791671,1.0
6.394521443989102,0.8978381220647956,39567.91046879652,0.04938579784324939,3167570.2020694828,0.02268313822161278,0.00034504183741572127,0.01702714036488845,0.04205532042391695,199.68493839241145,295.01484051161947,3000.0,23.911441654286953,2.9114416542869535,266.30927653599014,0.013730636406596258,66.62433814357868,66.62433814357868,2.786295327016971,0.0,83.82051684501664,1.0
6.412474549118528,0.8979900904971521,39581.30616244185,0.049368575020901674,3168106.3462430895,0.022682631062747458,0.0003448012193305025,0.017060373410639578,0.04208780569271754,199.90683873945792,295.06477483912533,3000.0,23.91119515070841,2.9111951507084077,266.29533155118946,0.013730193246872344,66.38849281173154,66.38849281173154,2.7764606659472926,0.0,83.5387967600991,1.0
6.436173980244599,0.8981898787456893,39598.920520560685,0.04934594340954962,3168811.198584773,0.022681964473186673,0.0003444851632741197,0.01710406600783136,0.042130515644292155,200.1987528586276,295.13042197175406,3000.0,23.910869759848765,2.910869759848764,266.27699850631933,0.013729610594387558,66.07824564769172,66.07824564769172,2.7635232976196704,0.0,83.16803362567917,1.0
6.4444786427702665,0.8982596672350439,39605.074355670935,0.04933804076906021,3169057.4121659244,0.02268173166719501,0.0003443748350800378,0.01711932889844212,0.04214543540071717,200.30077233570353,295.1533533215715,3000.0,23.910755740911565,2.9107557409115645,266.27059454854844,0.013729407054950784,65.96982221284492,65.96982221284492,2.759001970814742,0.0,83.03841612648516,1.0
6.4600258167404,0.8983900115178101,39616.5691822632,0.04932328492683167,3169517.266404627,0.02268129691249325,0.00034416887713074185,0.017147836151132672,0.04217330194075666,200.49138407765534,295.1961823091661,3000.0,23.910542290388335,2.910542290388337,266.25863384714586,0.01372902688709251,65.76724976949052,65.76724976949052,2.7505545031460006,0.0,82.79618305557806,1.0
6.483959867863476,0.8985898897461806,39634.199321585766,0.049300667364478155,3170222.436194892,0.0226806303789427,0.00034385330705934304,0.01719155257985784,0.04221603626585989,200.78385551140607,295.26185900768814,3000.0,23.910213706139313,2.910213706139312,266.2402925455123,0.013728443872193392,65.45643703410624,65.45643703410624,2.7375931406794285,0.0,82.42435897311556,1.0
6.494435841551431,0.8986770800949667,39641.891122610265,0.049290804969494145,3170530.0434839297,0.02268033968118045,0.00034371574795061065,0.017210622994481287,0.04223467842361235,200.9115028400757,295.2905083223131,3000.0,23.910069888655197,2.9100698886551974,266.23229175173066,0.01372818953533122,65.32078891165494,65.32078891165494,2.731936343801664,0.0,82.2620233887612,1.0
6.50042908521381,0.8987268801354132,39646.28474190712,0.04928517294633416,3170705.737877277,0.022680173660095643,0.0003436372057373156,0.017221515478560757,0.04224532634439372,200.98442847175482,295.30687179656167,3000.0,23.90998761270568,2.9099876127056805,266.2277219815729,0.013728044262852918,65.2432935098181,65.2432935098181,2.728704613596205,0.0,82.16926509031533,1.0
6.508005775098919,0.898789753292927,39651.83208749618,0.04927806351443339,3170927.5541884317,0.022679964072220404,0.00034353807291665156,0.01723526750889391,0.04225876965403097,201.0765166254978,295.32753088207,3000.0,23.90988360026657,2.909883600266572,266.22195259109947,0.013727860850149258,65.14543596560168,65.14543596560168,2.7246237185728237,0.0,82.05211722543743,1.0
6.532191453645673,0.8989898231322142,39669.48698086534,0.049255448360565876,3171633.3999814373,0.022679297255809604,0.000343222825803643,0.017279029030004424,0.04230154911161767,201.3696902104503,295.39327054078797,3000.0,23.909551589700698,2.9095515897006994,266.20359370679245,0.013727277176284393,64.83390349634215,64.83390349634215,2.7116319289011703,0.0,81.67904676734074,1.0
6.544393040332596,0.8990903952225876,39678.36331359434,0.04924408459530565,3171988.2180146636,0.022678962124513227,0.00034306447362807466,0.01730102776579681,0.042323054363938115,201.5171433112009,295.4263168756141,3000.0,23.909384096929067,2.909384096929068,266.1943649725751,0.013726983753325565,64.6772216613742,64.6772216613742,2.7050977724550163,0.0,81.4913422733363,1.0
6.556488941480656,0.8991898569463505,39687.14262370929,0.04923284926639971,3172339.1186778178,0.02267863073747551,0.0003429079471123745,0.017322783899475353,0.04234432258406324,201.66302036376862,295.4589983622338,3000.0,23.909218058446296,2.909218058446295,266.18523812823895,0.013726693557460562,64.52221776447033,64.52221776447033,2.698633539865051,0.0,81.30560004030502,1.0
6.5809002677890645,0.8993898620108571,39704.799656281495,0.049210265361195694,3173044.7359455912,0.022677964492802342,0.00034259342441090375,0.017366533465009187,0.042387091382222436,201.95651656123653,295.52471673702416,3000.0,23.90888297877939,2.9088829787793866,266.16688518781984,0.013726109972475012,64.21036862658332,64.21036862658332,2.68562812756974,0.0,80.9317648392705,1.0
6.594350239113761,0.8994996470839003,39714.4934732955,0.049197873856859274,3173432.0573540474,0.022677598859037966,0.00034242091107935217,0.01739054843390159,0.04241056820401891,202.1177080964715,295.5607903064332,3000.0,23.908698365149192,2.9086983651491916,266.15681104840024,0.013725789614713853,64.03910295192875,64.03910295192875,2.678485544209974,0.0,80.72637488551716,1.0
6.605420576903259,0.899589789322288,39722.45374927784,0.049187702125364025,3173750.0789007465,0.022677298684798394,0.00034227933368042034,0.01741026676378108,0.0424298447822599,202.25010563428276,295.5904095634326,3000.0,23.908546417478277,2.9085464174782762,266.14853938220796,0.01372552656435247,63.898433747925196,63.898433747925196,2.6726189301584817,0.0,80.55763427597893,1.0
6.630074611785379,0.8997898302647815,39740.121803463895,0.04916513791918813,3174455.82274595,0.022676632676067465,0.0003419653734973105,0.01745402541742929,0.04247262346699407,202.54406758692036,295.6561397271394,3000.0,23.908208035069727,2.9082080350697255,266.13018314953945,0.01372494277460118,63.586115562619085,63.586115562619085,2.659593536635948,0.0,80.18285125756857,1.0
6.644307437894926,0.8999048700332712,39750.28414695339,0.04915216702318676,3174861.682704183,0.02267624974748924,0.000341784960612204,0.017479190324137375,0.04249722503223882,202.71321245862163,295.69393990305025,3000.0,23.90801269273629,2.9080126927362886,266.11962682676767,0.013724607025469042,63.406414368146045,63.406414368146045,2.6520989085558804,0.0,79.96712182890873,1.0
6.6548324014402604,0.899989731650763,39757.781455995144,0.0491426012551411,3175161.0742361974,0.02267596730944133,0.0003416519403320635,0.01749775379860989,0.042515373048383286,202.83802922132742,295.7218240348716,3000.0,23.90786824305155,2.9078682430515506,266.1118397229084,0.013724359342121174,63.27381050158101,63.27381050158101,2.6465684793946678,0.0,79.80789139612281,1.0
6.679731894775678,0.9001897894554236,39775.45885435566,0.04912005872202022,3175866.877571076,0.022675301599709805,0.00034133856930428964,0.017541516408757618,0.04255815657777172,203.13242470516616,295.78755973920914,3000.0,23.90752652073337,2.9075265207333696,266.0934819429274,0.013723775403072498,62.961057237761224,62.961057237761224,2.633524517191663,0.0,79.43220064481764,1.0
6.694264636676091,0.9003060983070457,39785.737879650966,0.04910695842180249,3176277.2148507936,0.022674914653503866,0.00034115652386061153,0.017566958859439326,0.042583030036803804,203.30367253986958,295.82577691496516,3000.0,23.907327079115728,2.9073270791157286,266.0828091660689,0.01372343589177768,62.77913662619932,62.77913662619932,2.6259370785553062,0.0,79.21358225218984,1.0
6.704734739357625,0.9003896851651848,39793.125854055645,0.049097546164258654,3176572.1090356354,0.022674636606660283,0.00034102575846851055,0.017585243330239936,0.04260090569536873,203.42678421990763,295.8532421818287,3000.0,23.907183394610616,2.9071833946106174,266.07513903715983,0.013723191887151152,62.6483548172522,62.6483548172522,2.6204824626632925,0.0,79.05637834118255,1.0
6.729882467995167,0.9005897403221662,39810.810873258466,0.04907502732331861,3177277.9030295094,0.02267397126052838,0.0003407130037877115,0.01762900465687752,0.04264368892119362,203.72158014956477,295.91897701618245,3000.0,23.906838294854555,2.9068382948545555,266.0567815001361,0.013722607855743958,62.33520135057131,62.33520135057131,2.607421382190369,0.0,78.67982114869956,1.0
6.744221835457256,0.9007033660234594,39820.85721614838,0.04906224243784222,3177678.774162913,0.022673593441612225,0.0003405355037609969,0.017653859555621314,0.04266798850099454,203.88910533580375,295.95631255286906,3000.0,23.90664152371753,2.9066415237175294,266.04635493553354,0.013722276120042202,62.157249599729795,62.157249599729795,2.5999992319316054,0.0,78.46575388361669,1.0
6.75042908521381,0.9007524521345861,39825.19761135071,0.049056720547454954,3177851.949815762,0.022673430242168967,0.00034045885443503615,0.017664596747188357,0.04267848584379236,203.9614958978717,295.9724414416849,3000.0,23.906556346567307,2.906556346567308,266.0418506772282,0.01372213280578375,62.08035477935647,62.08035477935647,2.5967920213766154,0.0,78.37323392627707,1.0
6.755113943290094,0.9007894592714872,39828.470090514704,0.04905255793009536,3177982.510883766,0.022673307209448417,0.00034040107887258744,0.017672691724180213,0.04268640001250122,204.01608074035815,295.98460137822843,3000.0,23.906492060575747,2.9064920605757463,266.038454814327,0.013722024755908245,62.02237407396885,62.02237407396885,2.5943736921674967,0.0,78.30346378246999,1.0
6.7805284217850375,0.9009896161556631,39846.17195876382,0.04903005085173409,3178688.6637708778,0.022672641879501066,0.00034008877401392386,0.017716473626502298,0.042729204280017294,204.31142656832594,296.0503696384652,3000.0,23.906143329905294,2.9061433299052934,266.0200879425739,0.013721440327417834,61.70866137424798,61.70866137424798,2.5812888562854797,0.0,77.92584828121402,1.0
6.794179034238421,0.9010967071766421,39855.64470019606,0.04901801351386074,3179066.4805717305,0.022672285977249382,0.00033992180453785986,0.01773989801550709,0.04275210579729433,204.4695286610586,296.085557986674,3000.0,23.905956025976366,2.905956025976367,266.01026101577935,0.013721127616900414,61.540732354720745,61.540732354720745,2.574284512522745,0.0,77.72363307620341,1.0
6.806053140553431,0.9011896248600197,39863.864650575226,0.0490075719730484,3179394.2938800314,0.022671977219254656,0.00033977700351007606,0.01776022191312891,0.04277197613589365,204.60675210226773,296.11608920925045,3000.0,23.905793101459828,2.9057931014598295,266.0017346681535,0.013720856281532147,61.39498256588578,61.39498256588578,2.568205217259102,0.0,77.54808066175083,1.0
6.831705780469881,0.9013896142123201,39881.55955706721,0.04898510675283432,3180099.8557151873,0.02267131280028538,0.00033946556528258577,0.01780396452121039,0.042814742886778355,204.90224620314848,296.18180242126823,3000.0,23.905441132771628,2.9054411327716267,265.98338316952385,0.01372027224212382,61.08113696637537,61.08113696637537,2.5551144037513747,0.0,77.16991934000156,1.0
6.844136233019586,0.9014861556217677,39890.10287306464,0.04897426615060185,3180440.4535181955,0.02267099212679575,0.00033931533170311276,0.017825079921260485,0.04283538737975935,205.04496110234106,296.2135243406332,3000.0,23.905270585331657,2.9052705853316585,265.97452430017506,0.013719990289270864,60.929563197834,60.929563197834,2.548792032298541,0.0,76.9872148693464,1.0
6.857490748426804,0.9015896075817623,39899.258745477135,0.048962652516303426,3180805.4317228086,0.02267064854484768,0.00033915442201555703,0.01784770631929999,0.04285750928616323,205.19794226343788,296.2475169532528,3000.0,23.905087363528352,2.9050873635283527,265.96503130227165,0.013719688140952311,60.767089038833774,60.767089038833774,2.542014932417492,0.0,76.79132137751148,1.0
6.88340012071884,0.9017895327843334,39916.95582571202,0.04894021731352207,3181510.7672379133,0.022669984692521267,0.00033884368497090706,0.01789143127751615,0.04290025965500833,205.49373234726517,296.3132090867246,3000.0,23.9047319025919,2.904731902591903,265.94668569017375,0.01371910418886252,60.452953342908586,60.452953342908586,2.5289115807382845,0.0,76.41242483265363,1.0
6.8940934318007505,0.9018717450762794,39924.23427349674,0.04893099490602651,3181800.811957348,0.022669711757564225,0.0003387159920314475,0.01790941103036514,0.04291783877996082,205.6154219955983,296.34022269374407,3000.0,23.90458520122747,2.9045852012274684,265.9391416947278,0.013718864044351254,60.323719699129526,60.323719699129526,2.5235208723066225,0.0,76.25649301970152,1.0
6.909461963525339,0.9019895945087704,39934.66891852608,0.04891777813106533,3182216.584401751,0.02266932056364086,0.0003385330352595791,0.017935183918528493,0.042943037517428936,205.78991827372423,296.3789460790362,3000.0,23.904374365076873,2.9043743650768725,265.92832755050466,0.013718519787963103,60.138409276780436,60.138409276780436,2.5157909744184614,0.0,76.03284277029314,1.0
6.93563095723109,0.9021894340682078,39952.36626393016,0.04889537514242649,3182921.6177681373,0.022668657348710944,0.00033822302873979534,0.01797888555772417,0.042985765935174905,206.08596777332164,296.4446100715829,3000.0,23.904015372864205,2.9040153728642046,265.9099897972244,0.01371793598604748,59.82402202390276,59.82402202390276,2.5026766880268525,0.0,75.65325722008646,1.0
6.944050630581915,0.902253509115094,39958.04143712755,0.048888194395009875,3183147.6743413936,0.022668444737807637,0.000338123693545231,0.017992897170417032,0.0429994656017699,206.18093139478347,296.465664078172,3000.0,23.903899873112444,2.903899873112444,265.9041101185235,0.013717748789634422,59.723178723740006,59.723178723740006,2.498470083993188,0.0,75.53146004297967,1.0
6.961978019994865,0.9023895807567549,39970.09473753181,0.048872948967635776,3183627.7346851,0.022667993291169974,0.00033791284360374735,0.018022651698271705,0.04302855783304543,206.38266396074306,296.5103749817037,3000.0,23.90365395325367,2.9036539532536705,265.89162386104647,0.013717351236828774,59.50895990030341,59.50895990030341,2.489534027587581,0.0,75.27266375874582,1.0
6.9884095526579,0.9025893126842527,39987.79039300817,0.04885058043330019,3184332.388326325,0.022667330785915946,0.00033760359746809677,0.01806632424382346,0.04307125862720751,206.67893543373822,296.57600360816514,3000.0,23.903291390355655,2.903291390355655,265.873295984329,0.013716767649424,59.19436055059077,59.19436055059077,2.476410448415239,0.0,74.8924366714929,1.0
6.99400782936308,0.9026314811705246,39991.52689632432,0.0488458592885393,3184481.158619432,0.022667190936710477,0.0003375383454927229,0.01807554423507608,0.04308027351727928,206.7415100480739,296.5898594792252,3000.0,23.903214600439817,2.9032146004398176,265.8694265037335,0.013716644432910536,59.1279164556596,59.1279164556596,2.4736386901940652,0.0,74.81210724631066,1.0
7.00042908521381,0.9026797905528297,39995.80775224857,0.04884045122240225,3184651.5939753265,0.02266703073123439,0.0003374636071763223,0.018086106736791247,0.04309060107520196,206.81320758391357,296.6057331477248,3000.0,23.903126522809817,2.903126522809818,265.8649935199122,0.013716503269936458,59.05178593599865,59.05178593599865,2.470462844249594,0.0,74.72005660779821,1.0
7.015031725103877,0.9027894205768499,40005.52328520463,0.04882818092863004,3185038.3683712943,0.02266666720999482,0.0003372940650305994,0.01811007584900374,0.04311403712402916,206.97595393014308,296.6417557705749,3000.0,23.902926227992157,2.902926227992159,265.85493360815974,0.013716182913461862,58.87897967801666,58.87897967801666,2.4632540433089263,0.0,74.51107200890495,1.0
7.041745930402223,0.9029891512912965,40023.226673049525,0.04880583470579951,3185743.017732879,0.022666005060810585,0.0003369854103364463,0.018153741604085793,0.04315673207523282,207.27260043781322,296.7073839984477,3000.0,23.902559818869044,2.9025598188690447,265.8366058427547,0.01371559922970529,58.56400540494147,58.56400540494147,2.4501143747252607,0.0,74.13000633465296,1.0
7.043965028144244,0.9030056945272766,40024.69317959111,0.04880398431345952,3185801.382219804,0.0226659502243972,0.0003369598583341006,0.018157358179064352,0.043160268261795656,207.2971793672658,296.7128198337105,3000.0,23.90252938266741,2.9025293826674097,265.8350877960741,0.013715550882283623,58.537908428808294,58.537908428808294,2.4490256864303346,0.0,74.09842476951181,1.0
7.068690537127565,0.9031895250655974,40040.99099447912,0.04878342758755633,3186449.9358077007,0.022665340956325965,0.00033667605639748895,0.018197544306279734,0.04319956131900319,207.57038948875862,296.7732235252124,3000.0,23.902190265338323,2.9021902653383216,265.8182190686479,0.013715013616558353,58.2478295798893,58.2478295798893,2.4369243543491153,0.0,73.74729353319267,1.0
7.093922226925409,0.9033761823093364,40057.542810255196,0.04876256425310392,3187108.462003835,0.02266472247196741,0.0003363881437399197,0.018238345011513682,0.043239455627221014,207.84796138554427,296.83455602562503,3000.0,23.901844219257704,2.9018442192577036,265.80109095600943,0.013714468046211839,57.953129570465165,57.953129570465165,2.4246300427216556,0.0,73.390401641506,1.0
7.095673471178593,0.9033891025361404,40058.688636876504,0.04876112046664675,3187154.044525252,0.022664679666776613,0.00033636822413709715,0.01824116906534081,0.04324221695625452,207.86718060226337,296.8388013996588,3000.0,23.901820201907423,2.901820201907422,265.799905365268,0.01371443028076804,57.932724763004614,57.932724763004614,2.42377878645332,0.0,73.36568449253548,1.0
7.122910418327216,0.9035894666509545,40076.45996874757,0.048738736358739564,3187860.928521434,0.022664015947047995,0.0003360594710007441,0.018284961647587656,0.0432850370656364,208.16532662480782,296.9046377524751,3000.0,23.901446670677974,2.9014466706779745,265.78151947753867,0.013713844595612137,57.61619285273085,57.61619285273085,2.410573453840924,0.0,72.98215375162488,1.0
7.143879425706574,0.9037429774818758,40090.07830648492,0.04872159394631037,3188402.514272553,0.022663507551481343,0.00033582311456744615,0.018318510792715882,0.043317841458764675,208.39387873797295,296.95507888678213,3000.0,23.90115910967775,2.901159109677751,265.7674329585771,0.013713395833503835,57.37355422060415,57.37355422060415,2.4004507043917043,0.0,72.6880258076377,1.0
7.150210535987755,0.9037891997129381,40094.17925176794,0.04871643360247708,3188565.586165122,0.02266335449347771,0.00033575198097658134,0.018328611946594322,0.043327718421048614,208.4627170732381,296.9702667517099,3000.0,23.901072289084247,2.9010722890842477,265.76319149671804,0.01371326070510843,57.300474423479926,57.300474423479926,2.3974018291074484,0.0,72.59941577409984,1.0
7.177721986714533,0.9039893745485609,40111.941655969844,0.0486940923315628,3189271.802384883,0.022662691752863687,0.0003354441010514374,0.018372354184144433,0.04337049003805956,208.76094791969595,297.03604091049687,3000.0,23.90069502544566,2.90069502544566,265.74482297769754,0.01371267547307612,56.98387505800159,56.98387505800159,2.3841932210479326,0.0,72.21541659442553,1.0
7.193836624487739,0.9041061128478745,40122.302180840874,0.04868106828702216,3189683.6547547695,0.02266230533596301,0.0003352646848453011,0.018397861629833562,0.04339543165064187,208.9349546346095,297.07439919570135,3000.0,23.900474053399105,2.9004740533991034,265.73411079369754,0.013712334153330497,56.79915615908803,56.79915615908803,2.3764865932025354,0.0,71.99128416658924,1.0
7.205348422663831,0.9041892759057802,40129.68371881063,0.04867179233137021,3189977.053773659,0.022662030093405047,0.00033513693070312463,0.018416031814530155,0.043413198838638326,209.05895263396712,297.1017252087783,3000.0,23.900316201175965,2.9003162011759662,265.72647955370576,0.013712090990566098,56.667526919738634,56.667526919738634,2.370994862275104,0.0,71.8315290178688,1.0
7.233137443119646,0.9043892369913937,40147.4350074605,0.04864949635633529,3190682.515884029,0.022661368411843415,0.0003348299564653612,0.018459717406909094,0.043455915775217874,209.35722651302842,297.1674291328277,3000.0,23.89993516373062,2.89993516373062,265.70813064889455,0.013711506283410339,56.35090413586613,56.35090413586613,2.3577848119597213,0.0,71.44711507176231,1.0
7.243793823268904,0.9044656210480542,40154.2169401226,0.04864098222354409,3190951.9986068555,0.02266111569939245,0.00033471276975356864,0.018476403673448067,0.04347223214259409,209.47121283901126,297.19252767758707,3000.0,23.899789049897812,2.899789049897814,265.7011214661805,0.013711282915227052,56.22990862716924,56.22990862716924,2.3527366082509276,0.0,71.30016260044827,1.0
7.25042908521381,0.9045130994120044,40158.43270359603,0.048635690838095776,3191119.5021324866,0.02266095863274268,0.00033463995058485667,0.018486775029248954,0.043482373612576494,209.54207694159277,297.2081282871227,3000.0,23.899698072404803,2.8996980724048043,265.69676473858004,0.013711144071634382,56.154687796987275,56.154687796987275,2.3495982094361643,0.0,71.20879057102042,1.0
7.261077661121828,0.9045891625359244,40165.187065206075,0.0486272149729217,3191387.852605566,0.02266070702337688,0.0003345233236426235,0.01850338990398021,0.04349862025099971,209.65562633517172,297.2331213786618,3000.0,23.899552069431127,2.8995520694311288,265.6897850054176,0.013710921630177703,56.03415867024589,56.03415867024589,2.3445694089771973,0.0,71.06235908482678,1.0
7.28916612362839,0.9047890190072653,40182.93691153973,0.04860495185096362,3192092.945637096,0.022660046038712512,0.000334217082427922,0.01854704174240098,0.04354130486354142,209.95410076533634,297.29879092818175,3000.0,23.89916695893946,2.8991669589394613,265.6714457002608,0.013710337128967204,55.717344934924455,55.717344934924455,2.3313509224254965,0.0,70.67732716742223,1.0
7.293751022050069,0.9048215345567445,40185.825084855576,0.048601330758250016,3192207.660398146,0.02265993851671156,0.00033416728561033645,0.01855414311332827,0.043548248915650165,210.0026776411283,297.30947500296986,3000.0,23.89910409865444,2.899104098654439,265.6684619961043,0.013710242029106994,55.66578435497604,55.66578435497604,2.3291996271153157,0.0,70.61464601212114,1.0
7.317476345777371,0.9049893128904841,40200.72953975272,0.048582650539549826,3192799.58185642,0.0226593837831533,0.00033391045649707,0.018590783287638118,0.04358407752728849,210.25340554969668,297.36460420405086,3000.0,23.898778824549844,2.898778824549842,265.65306625714976,0.013709751298371904,55.39966070745308,55.39966070745308,2.3180958790473505,0.0,70.29104368769731,1.0
7.343708220831234,0.9051738856703534,40217.12910812231,0.04856210894809416,3193450.7540702736,0.02265877366385452,0.0003336281498694747,0.018631086172692875,0.04362348798641687,210.52937381956195,297.42525178391827,3000.0,23.898419199154098,2.8984191991541,265.6361294198737,0.01370921140529766,55.10675560031177,55.10675560031177,2.305874507476307,0.0,69.93471837663822,1.0
7.345851299044923,0.9051889217310289,40218.46523198868,0.04856043593605436,3193503.8012472447,0.022658723967593882,0.0003336051626348182,0.018634369178786907,0.04362669830901561,210.55186189531244,297.4301923861639,3000.0,23.898389819288944,2.8983898192889437,265.6347496751838,0.013709167421501668,55.082887779871356,55.082887779871356,2.3048786213794488,0.0,69.90567541246457,1.0
7.374491734473013,0.9053892437005593,40236.26821975636,0.04853815237758971,3194210.5365549913,0.0226580619702696,0.0003332990614083804,0.01867810447096731,0.04366946550264529,210.85155923734004,297.4960148907331,3000.0,23.89799719116442,2.897997191164423,265.61636765480597,0.013708581408546668,54.76480841746593,54.76480841746593,2.2916066137003983,0.0,69.51852419257504,1.0
7.3936654196123985,0.9055227065098239,40248.13149563613,0.04852331190362836,3194681.3929458284,0.022657621017731944,0.00033309528109803785,0.018707239105633894,0.043697955404463876,211.05132662511667,297.53986857484585,3000.0,23.89773435088639,2.8977343508863913,265.6041207899946,0.0137081909545349,54.55279416487795,54.55279416487795,2.28276008779278,0.0,69.26036276503876,1.0
7.403228073942142,0.9055890768401283,40254.0316893213,0.04851593352368358,3194915.5472721006,0.022657401763463696,0.000332993988890724,0.01872172649304731,0.04371212224540173,211.15069848886654,297.56167677381654,3000.0,23.89760326512354,2.8976032651235384,265.5980304906281,0.013707996775579868,54.447332001761566,54.447332001761566,2.2783595240792485,0.0,69.13191357687037,1.0
7.432158654711638,0.9057890935117183,40271.81539896161,0.04849370452947652,3195621.205489629,0.022656741125346772,0.00033268891692103035,0.01876538178837094,0.04375481183063874,211.45028458317418,297.6273989625036,3000.0,23.897206693289146,2.8972066932891463,265.5796764851154,0.013707411555649826,54.129391901941204,54.129391901941204,2.2650928452295602,0.0,68.74454497042831,1.0
7.443622618393563,0.9058680290185015,40278.83472540937,0.0484849347885258,3195899.6897208365,0.022656480456230404,0.0003325685989608461,0.018782608193639465,0.04377165724883071,211.56856175795028,297.6533358718106,3000.0,23.897049553345312,2.8970495533453122,265.5724331752696,0.01370718058797108,54.003871417319345,54.003871417319345,2.2598551882635833,0.0,68.59156137660406,1.0
7.461266354429387,0.9059891590168944,40289.607379328765,0.048471480318472704,3196327.0359919034,0.022656080501036388,0.0003323840503608412,0.018809040702902638,0.04379750525429987,211.75011490677966,297.6931371971039,3000.0,23.896807710597933,2.896807710597932,265.56131799851676,0.013706826142777552,53.8112030917371,53.8112030917371,2.251815545549731,0.0,68.35667981868502,1.0
7.490490303629209,0.9061888434628846,40307.36938994498,0.048449308554819805,3197031.5221185125,0.02265542130953502,0.00033208004251642707,0.018852609199206654,0.0438401105512581,212.04954361027015,297.7587502219229,3000.0,23.896407151553813,2.8964071515538135,265.5429944788153,0.013706241794999486,53.493450868545125,53.493450868545125,2.2385562201582605,0.0,67.96915383090408,1.0
7.493579817174728,0.9062098849620811,40309.24126760803,0.04844697281889426,3197105.756464575,0.02265535185820516,0.0003320480242023762,0.01885719974267043,0.043844599625077973,212.08110534827335,297.7656641124974,3000.0,23.89636480602926,2.8963648060292626,265.5410636608031,0.013706180217177098,53.45995831252975,53.45995831252975,2.2371586116329016,0.0,67.92829556656591,1.0
7.50042908521381,0.9062564858808182,40313.38709741294,0.04844180022662623,3197270.1643661256,0.02265519805020868,0.00033197712370011846,0.018867366189244898,0.0438545413631537,212.15101223427865,297.780976407967,3000.0,23.89627092919432,2.896270929194319,265.5367874496623,0.013706043837893747,53.38577521538366,53.38577521538366,2.2340630206933967,0.0,67.8377904441386,1.0
7.51996317229169,0.906389037583036,40325.18066568197,0.04842709028051332,3197737.8063740334,0.022654760610467794,0.00033177553647046937,0.01889628137326419,0.043882817520202455,212.34990535455813,297.82453071728884,3000.0,23.8960031979319,2.8960031979319005,265.5246241902006,0.013705655905664488,53.174718835642466,53.174718835642466,2.225255763283649,0.0,67.58023926885278,1.0
7.543537015955893,0.9065483059252288,40339.35358411245,0.048409421262957525,3198299.7046076516,0.022654235103484018,0.0003315334786338992,0.018931020079608205,0.043916788661726124,212.58898393249325,297.8768636751081,3000.0,23.895680108441045,2.895680108441046,265.5100093483108,0.013705189754153975,52.92102541581755,52.92102541581755,2.2146691441991404,0.0,67.27054587979337,1.0
7.549560672353121,0.9065888809302111,40342.9646572146,0.048404920936151265,3198442.853103546,0.022654101243685075,0.0003314718402333282,0.018939869267542025,0.043925442351460425,212.6499082004982,297.89019595442375,3000.0,23.895597553444865,2.8955975534448637,265.50628608934846,0.013705070992902801,52.85637788885026,52.85637788885026,2.211971379691667,0.0,67.19160852502412,1.0
7.5793811576082035,0.9067890230280191,40360.77916389554,0.04838272839571308,3199148.953824396,0.022653441065983736,0.00033116796551349847,0.018983514309573624,0.043968123341070864,212.95052597038585,297.9559593561032,3000.0,23.89518887032102,2.89518887032102,265.4879205744277,0.013704485155671674,52.53739460404182,52.53739460404182,2.1986599431861285,0.0,66.80199993574342,1.0
7.593494214737058,0.9068833233014845,40369.17412748093,0.04837227544146392,3199481.6449063793,0.02265313007289339,0.0003310248851307461,0.019004075547332782,0.04398823050535692,213.09222441966264,297.98694487504355,3000.0,23.89499546008792,2.89499546008792,265.47926735704704,0.013704209111364208,52.38704293738439,52.38704293738439,2.1923855572555793,0.0,66.61829209717487,1.0
7.609361366188611,0.9069890226760136,40378.584919387904,0.04836056152378126,3199854.551982731,0.022652781532803246,0.0003308645813734038,0.019027120034135123,0.04401076614831177,213.25109499443153,298.0216759511168,3000.0,23.894778015782574,2.8947780157825744,265.46956813104066,0.013703899685353151,52.218473136609134,52.218473136609134,2.185350836995375,0.0,66.4122732005871,1.0
7.6394850854950915,0.9071887600181946,40396.37124112177,0.04833843350460166,3200559.2247269424,0.022652123038774997,0.00033056186765069787,0.019070660091654795,0.04405334499808049,213.55143347468092,298.0873063567541,3000.0,23.894365212171344,2.894365212171346,265.45123975745895,0.013703314932960354,51.89980628277803,51.89980628277803,2.1720521060899007,0.0,66.02266437273211,1.0
7.643451413518223,0.9072149682961541,40398.70534107024,0.04833553072671588,3200651.687452986,0.022652036648241617,0.0003305221676108428,0.01907637250272805,0.04405893131858051,213.59085407781424,298.0959179658541,3000.0,23.89431086048151,2.89431086048151,265.44883482353856,0.013703238201725025,51.85798074572432,51.85798074572432,2.170306607649085,0.0,65.97151325626108,1.0
7.669875026063272,0.9073890306121702,40414.208980332405,0.04831625615044851,3201265.778781886,0.022651462961374675,0.00033025861802622004,0.019114307642352328,0.04409602922175322,213.85273682049348,298.15311198016093,3000.0,23.89394877816376,2.893948778163761,265.4328624514242,0.013702728569311777,51.58012563093075,51.58012563093075,2.1587108146004264,0.0,65.63162213787025,1.0
7.693408612299388,0.9075432719252642,40427.949658807695,0.048299182542033144,3201809.9416719195,0.02265095471231537,0.00033002525101938183,0.019147917313916824,0.04412889727725158,214.08490051481076,298.20379313889595,3000.0,23.893626309137733,2.8936263091377334,265.4187089016811,0.013702276938613176,51.333808386870345,51.333808386870345,2.1484310385836474,0.0,65.33018767907302,1.0
7.700375587996491,0.9075887930510402,40432.00538153151,0.048294144713146935,3201970.5400671414,0.022650804732952525,0.00032995640827934963,0.019157835474667352,0.04413859661589923,214.15343710887433,298.2187506321575,3000.0,23.89353084617175,2.893530846171751,265.41453177491064,0.013702143643488426,51.261094666036314,51.261094666036314,2.1453963834838343,0.0,65.24118114680326,1.0
7.731115874569974,0.9077888786014742,40449.83449500791,0.048272007094005906,3202676.441289025,0.022650145614111813,0.0003296539792708333,0.019201424489279043,0.04418122408266169,214.45478423166276,298.2844954532998,3000.0,23.893109647364433,2.8931096473644335,265.3961714489114,0.013701557721521889,50.94138721724863,50.94138721724863,2.1320534651657534,0.0,64.84971852125103,1.0
7.743365811080553,0.9078682650155188,40456.90950505427,0.04826322636112123,3202956.5163196973,0.02264988414887291,0.00032953406131238267,0.01921871635780178,0.044198134567987074,214.57439166111166,298.310580523317,3000.0,23.8929418055768,2.892941805576801,265.38888676274286,0.013701325235866748,50.814495101631195,50.814495101631195,2.126757580339927,0.0,64.6942929974628,1.0
7.75042908521381,0.9079139493003376,40460.981222395094,0.04825817401377573,3203117.690339534,0.022649733696616336,0.00032946507158579917,0.019228666580605663,0.0442078653488078,214.643233171234,298.3255916279566,3000.0,23.892845029833286,2.8928450298332855,265.38469466411055,0.013701191444402405,50.74146149287657,50.74146149287657,2.1237094799518155,0.0,64.60482295712863,1.0
7.762022193026974,0.9079887900311838,40467.65201804579,0.04824989824331257,3203381.728213515,0.022649487242938006,0.00032935208166962054,0.019244966110045197,0.044223805434652826,214.75602830919513,298.3501830612359,3000.0,23.89268619171471,2.892686191714709,265.377827100644,0.013700972259430034,50.621798791448896,50.621798791448896,2.118715258102836,0.0,64.45820796190492,1.0
7.79309819845921,0.9081885377677172,40485.4588700774,0.048227816908114236,3204086.437628971,0.02264882958456465,0.00032905069783843347,0.01928846238966623,0.04426634267206932,215.0571834694577,298.41581688228644,3000.0,23.892260429326004,2.8922604293260044,265.3594977732518,0.013700387226801388,50.302314303794105,50.302314303794105,2.1053811317932767,0.0,64.06663134634594,1.0
7.793323009861718,0.908189978201577,40485.58729423077,0.04822765770773624,3204091.5194753082,0.02264882484264623,0.00032904852544447615,0.019288776017107215,0.04426664938519792,215.05935574890447,298.4162901851625,3000.0,23.89225734932321,2.892257349323211,265.3593655956148,0.013700383007794819,50.30000984671034,50.30000984671034,2.1052849511574165,0.0,64.06380618325802,1.0
7.8244666139529,0.9083888898232413,40503.32352983193,0.04820567814158049,3204793.2790800133,0.022648170110844974,0.0003287486686352948,0.019332080291810733,0.044308999071291,215.3594069601026,298.4816492726183,3000.0,23.891830679101,2.8918306791009996,265.3411129921116,0.013699800374072502,49.981706032009015,49.981706032009015,2.0919998430982405,0.0,63.67348314113602,1.0
7.843280208642883,0.9085084419172412,40513.98542990216,0.04819247215600602,3205215.0585091137,0.02264777667936336,0.0003285685713658015,0.019358102676178834,0.044334447926907994,215.53982128242075,298.5209321244793,3000.0,23.8915729399058,2.891572939905799,265.33014260761877,0.013699450169204904,49.79032132519802,49.79032132519802,2.0840118585090672,0.0,63.43870358997163,1.0
7.855965390126526,0.9085887928501893,40521.15207873424,0.048183598270433184,3205498.536359586,0.022647512289069333,0.00032844758103945347,0.019375590241406622,0.04435155011151541,215.6611088395582,298.5473341195451,3000.0,23.891399161387742,2.8913991613877434,265.3227694149016,0.013699214786553468,49.661660575343376,49.661660575343376,2.0786417840108933,0.0,63.280831191686,1.0
7.887656288197177,0.9087886267039534,40538.978379298904,0.04816153522293044,3206203.549596373,0.022646854868485833,0.0003281468606382911,0.019419074712883788,0.044394076442007914,215.9628606061802,298.61299623730133,3000.0,23.890965030254613,2.890965030254614,265.30443218518747,0.01369862935170637,49.34157157900728,49.34157157900728,2.0652816458658316,0.0,62.88793220374962,1.0
7.8932374074240474,0.9088236863986868,40542.10630493643,0.048157665329480306,3206327.2400942505,0.022646739545731112,0.0003280941280017039,0.019426702719487602,0.04440153639322042,216.0158170267735,298.6245162763774,3000.0,23.890888576857648,2.8908885768576487,265.3012150242114,0.013698526635395161,49.28539799743788,49.28539799743788,2.0629369995546796,0.0,62.818960970428996,1.0
7.919614027434502,0.9089888422135749,40556.84265720712,0.04813943916487925,3206909.9093138804,0.02264619636626401,0.00032784582834103986,0.019462631540263092,0.04443667373486814,216.26534218496343,298.6787837608953,3000.0,23.89052726241318,2.890527262413181,265.2860599338241,0.01369804274866161,49.020717748860676,49.020717748860676,2.0518893204163255,0.0,62.493900224227254,1.0
7.943194606205212,0.9091357416843528,40569.952301368,0.048123232900548284,3207428.170206241,0.022645713329428916,0.00032762512523762583,0.01949458252948354,0.04446792098415009,216.48737199215643,298.72705251099376,3000.0,23.89020425971602,2.890204259716017,265.272580088994,0.013697612322156324,48.78520809683758,48.78520809683758,2.0420590618013197,0.0,62.204553500458715,1.0
7.95171506964937,0.9091886481630022,40574.67431519121,0.04811739733179165,3207614.8241042513,0.02264553938456706,0.0003275456724282701,0.019506088354177283,0.04447917341117262,216.56735699606895,298.7444367097454,3000.0,23.890087550371597,2.890087550371596,265.2677252646783,0.013697457295580457,48.70036826860934,48.70036826860934,2.038517781315198,0.0,62.1002938110169,1.0
7.984057291545252,0.9093886381963385,40592.52632630732,0.04809534413610257,3208320.388342101,0.02264488197105692,0.0003272454993562245,0.01954957404485601,0.04452170151526916,216.86980090206717,298.81015014554043,3000.0,23.88964455365558,2.8896445536555784,265.24937370355514,0.013696871253105989,48.37957280148797,48.37957280148797,2.025127359799288,0.0,61.70594550080478,1.0
7.993151804986377,0.9094446376149102,40597.525790269734,0.04808917058985929,3208517.954122882,0.022644697919102515,0.0003271614939042099,0.019561748484541914,0.044533607897548635,216.95451541853888,298.82855063348217,3000.0,23.889519988022332,2.8895199880223332,265.2442350637158,0.01369670714577338,48.289719645176916,48.289719645176916,2.0213767237428084,0.0,61.59545580196297,1.0
8.00042908521381,0.909489372717422,40601.519830302925,0.04808423935416416,3208675.779430385,0.02264455089907842,0.00032709440072295053,0.019571473382221333,0.04454311868202271,217.02219797660177,298.8432498524265,3000.0,23.88942031372338,2.8894203137233823,265.24013006430954,0.013696576045908985,48.217932087707766,48.217932087707766,2.0183801638756704,0.0,61.50716989086778,1.0
8.016617790297554,0.9095886506512709,40610.38426592912,0.048073297333212535,3209026.031683274,0.022644224657339777,0.00032694555084581897,0.019593053200276676,0.04456422340846228,217.172428455644,298.87587094870315,3000.0,23.889198586249453,2.8891985862494534,265.231020084973,0.01369628509488925,48.058591629329015,48.058591629329015,2.0117289182313294,0.0,61.31117482005384,1.0
8.043109003767542,0.9097504038311027,40624.82913143685,0.04805547416597928,3209596.6964166304,0.022643693204364816,0.00032670316576576875,0.019628206956520535,0.04459860332665112,217.41727675751193,298.92902038330345,3000.0,23.888835761322195,2.8888357613221944,265.21617722847145,0.01369581102303347,47.79890047095952,47.79890047095952,2.000888655626722,0.0,60.991641969741046,1.0
8.049374259956739,0.9097885313392142,40628.234364242,0.04805127382499825,3209731.210150905,0.02264356794990939,0.0003266460565707199,0.019636492069136178,0.04460670607561629,217.47500503883953,298.9415484554004,3000.0,23.888749953907556,2.8887499539075576,265.2126785576432,0.013695699272837656,47.73767351880366,47.73767351880366,1.9983328391360664,0.0,60.9162877497017,1.0
8.082382205596396,0.9099885998702779,40646.105165283996,0.04802923831120107,3210437.0513285017,0.02264291079867669,0.00032634653638260444,0.019679959862386145,0.04464921719744544,217.77801333059688,299.0072876842576,3000.0,23.888297896699473,2.888297896699475,265.19431979338185,0.013695112850198095,47.41630646278497,47.41630646278497,1.984917747921096,0.0,60.520654054364336,1.0
8.093066202548707,0.9100530697660837,40651.86467258049,0.048022139445637706,3210664.5009275624,0.02264269907581478,0.0003262500735169242,0.01969396430719376,0.04466291345652547,217.87568564614168,299.02847143170777,3000.0,23.888151579165406,2.8881515791654055,265.188403882405,0.013694923871249926,47.31271823626332,47.31271823626332,1.9805935205772967,0.0,60.39308560882398,1.0
8.115618986956989,0.9101886980366252,40663.982543798935,0.04800720814106794,3211142.99705929,0.022642253723494852,0.0003260472261653408,0.019723421944376814,0.04469172289403701,218.08121275385042,299.0730366507816,3000.0,23.88784272498652,2.8878427249865197,265.17595830971646,0.013694526290613343,47.09474555586604,47.09474555586604,1.9714942909685713,0.0,60.12458732999038,1.0
8.143023401329872,0.9103526646488974,40678.63474951766,0.04798916229280507,3211721.4707756573,0.022641715425019946,0.0003258021507634803,0.01975902688717976,0.04472654446296319,218.3297718980329,299.12691338287834,3000.0,23.887467441105894,2.8874674411058945,265.16091234338967,0.013694045608253581,46.831140445356766,46.831140445356766,1.9604899749551965,0.0,59.79975984932923,1.0
8.149026238188645,0.9103884585532013,40681.83367635323,0.04798522364035963,3211847.7515626973,0.022641597929957624,0.000325748673323279,0.01976679832478838,0.044734144928069285,218.3840452341114,299.138674671144,3000.0,23.8873852382992,2.8873852382991982,265.1576278095971,0.013693940670843363,46.773582575485705,46.773582575485705,1.95808717064991,0.0,59.7288167844049,1.0
8.182714602733205,0.9105885240431634,40699.715988503965,0.04796321399047624,3212553.5820112964,0.022640941308272208,0.0003254499159374601,0.019810228304076978,0.04477661952828665,218.687483727188,299.20441290074524,3000.0,23.88692392172523,2.8869239217252294,265.13926932439455,0.013693354106980455,46.45178559720654,46.45178559720654,1.9446533069483465,0.0,59.33207068682707,1.0
8.192980600111037,0.9106492175051696,40705.14168611411,0.047956538618077055,3212767.708363238,0.022640742144508074,0.0003253593320076296,0.019823401034327445,0.044789502510843154,218.77956549053212,299.2243557741584,3000.0,23.886783346701634,2.8867833467016353,265.1336999479651,0.013693176152392265,46.35413445743299,46.35413445743299,1.9405766688897323,0.0,59.21163736636799,1.0
8.216643399458881,0.910788629771368,40717.60582778272,0.047941208242409945,3213259.5544202947,0.022640284727672617,0.0003251513485423257,0.019853654137907704,0.04481909021412265,218.99112586781754,299.2701643519712,3000.0,23.886459332662177,2.8864593326621777,265.12090714683507,0.013692767375061267,46.12978127901752,46.12978127901752,1.931210508706076,0.0,58.93487443099543,1.0
8.242937798892202,0.9109427571570866,40731.38779416545,0.04792426437814474,3213803.3153748885,0.022639779127761377,0.0003249215526344802,0.01988709307201401,0.04485179375240987,219.22509655120004,299.3208080760444,3000.0,23.886099295514647,2.886099295514648,265.10676405133887,0.013692315422532362,45.88166750013883,45.88166750013883,1.9208522468444453,0.0,58.628690400918245,1.0
8.25042908521381,0.9109865166007565,40735.30115900952,0.04791945460455037,3213957.6985609233,0.02263963559786868,0.0003248563363728816,0.019896585531978525,0.04486107746622009,219.29154010849572,299.3351867095395,3000.0,23.885996722940185,2.885996722940184,265.1027485807085,0.013692187099938108,45.8112084722128,45.8112084722128,1.9179106906690468,0.0,58.54171961716193,1.0
8.250724721291894,0.910988242148009,40735.45547688863,0.04791926495080427,3213963.7862864556,0.02263962993828593,0.0003248537649705262,0.019896959830972314,0.04486144353422877,219.29416028610353,299.3357536959873,3000.0,23.885992675036437,2.8859926750364377,265.10259024038857,0.013692182039799555,45.80842995428503,45.80842995428503,1.9177946915373554,0.0,58.53828977535629,1.0
8.285134903437667,0.9111883735423582,40753.35546421186,0.047897272729614054,3214669.849245535,0.022638973619182417,0.0003245556545359364,0.019940364770187236,0.04490389404390559,219.5981226838308,299.40151358068624,3000.0,23.88552153466796,2.8855215346679604,265.0842257076426,0.013691595132554966,45.48610302381178,45.48610302381178,1.904337862490977,0.0,58.14030666933227,1.0
8.292894997673367,0.9112333122217159,40757.37537313162,0.047892335575448954,3214828.3927715393,0.02263882626921618,0.00032448874890122397,0.019950109307146104,0.04491342432526351,219.66639534210066,299.416279691634,3000.0,23.88541528711099,2.8854152871109924,265.0801020275408,0.013691463338065219,45.41370668544016,45.41370668544016,1.9013153482805982,0.0,58.0508907835785,1.0
8.319798357441597,0.9113885578540052,40771.26411802541,0.0478752827325342,3215376.0988966823,0.022638317299568524,0.0003242577110761598,0.019983767565947573,0.04494634257659226,219.90230451953923,299.46729085313893,3000.0,23.885046946877388,2.8850469468773863,265.0658563190796,0.013691008020003441,45.163551799540386,45.163551799540386,1.890871384929174,0.0,57.74185180428205,1.0
8.342852196454531,0.9115209111043666,40783.10670942899,0.047860748258364755,3215843.0407670354,0.022637883464278998,0.00032406085793361514,0.020012456027148517,0.044974400349361135,220.10349223686907,299.5107799544446,3000.0,23.8847313210608,2.884731321060801,265.05371127003224,0.013690619818928043,44.950219033163165,44.950219033163165,1.881964608642153,0.0,57.47820996783534,1.0
8.354655729632327,0.9115884342587923,40789.149151190126,0.04785333447812597,3216081.2622533506,0.0226376621620201,0.0003239604696198718,0.020027089769453863,0.04498871240109384,220.2061560297856,299.5329669524615,3000.0,23.884569724544903,2.884569724544902,265.04751518478236,0.01369042176048741,44.84135915499675,44.84135915499675,1.8774195923201276,0.0,57.34364545510736,1.0
8.389750222266361,0.9117882335678326,40807.03120545516,0.04783140249439943,3216786.153616456,0.022637007449422927,0.00032366358466365757,0.020070381205247862,0.04503105223933444,220.51002647340027,299.5986177193896,3000.0,23.884089276435606,2.884089276435605,265.02918112497423,0.0136898356771569,44.519154651573956,44.519154651573956,1.8639670173858045,0.0,56.94523021453,1.0
8.392809395235696,0.9118055820022481,40808.58407664478,0.04782949852031095,3216847.358841047,0.022636950609308894,0.000323637817708005,0.02007413949924742,0.04503472792626432,220.5364177137336,299.60431812961554,3000.0,23.8840473969382,2.884047396938199,265.02758919137005,0.013689784785594615,44.49117147763644,44.49117147763644,1.8627986596333734,0.0,56.9106190424068,1.0
8.425174423337484,0.9119884577864331,40824.95522057768,0.04780943159028513,3217492.5440592156,0.02263635151714706,0.00032336630931792057,0.02011375036509682,0.0450734681915618,220.81467846679712,299.6644081046109,3000.0,23.883604335360136,2.8836043353601375,265.01080807445425,0.013689248297319045,44.19612960765713,44.19612960765713,1.8504798935319786,0.0,56.545605482478095,1.0
8.442766594016861,0.9120873529058355,40833.80973554851,0.04779858249911185,3217841.4457438854,0.02263602760160745,0.0003232195670369431,0.020135165969312765,0.04509441313795716,220.96520234538738,299.6969034143565,3000.0,23.883363514321225,2.8833635143212253,265.0017332230818,0.013688958159072727,44.036530877694446,44.036530877694446,1.8438161296372155,0.0,56.348088747708665,1.0
8.460814075150145,0.9121884374667016,40842.86127308481,0.04778749512739926,3218198.071771473,0.02263569655844633,0.0003230696362371435,0.020157051982064553,0.045115818176748035,221.11909236175657,299.7301181385581,3000.0,23.883116465784965,2.8831164657849646,264.9924574633532,0.013688661584805419,43.87336510159665,43.87336510159665,1.8370033560925678,0.0,56.14610829820102,1.0
8.492723792798026,0.9123662515988589,40858.78593398209,0.04776799637651357,3218825.3994964673,0.022635114339413426,0.00032280604555700936,0.020195541660458304,0.045153462045428736,221.38987678708295,299.7885449379442,3000.0,23.882679672791834,2.882679672791834,264.9761408156663,0.013688139860905554,43.58626402858337,43.58626402858337,1.825015644213438,0.0,55.79058949465225,1.0
8.496658120007403,0.9123880947823609,40860.74237776962,0.04776560150031051,3218902.4621823556,0.02263504282739587,0.0003227736782317737,0.020200269023988505,0.04515808552961616,221.42314789187182,299.79572224879655,3000.0,23.88262581929683,2.8826258192968313,264.97413643319544,0.013688075768160167,43.55098854132362,43.55098854132362,1.8235427239384634,0.0,55.74689705196673,1.0
8.50042908521381,0.9124090144415978,40862.616147519875,0.04776330796141393,3218976.2666774066,0.022634974340814275,0.0003227426820257431,0.02020479634744109,0.04516251337028111,221.45501377284376,299.8025961047642,3000.0,23.88257420215512,2.8825742021551193,264.97221679550773,0.013688014384680307,43.51720302266398,43.51720302266398,1.822132013672842,0.0,55.705047915926414,1.0
8.532857366376216,0.9125882455428524,40878.67160272672,0.04774366114753922,3219608.593465127,0.022634387652956948,0.00032247722464610933,0.020243577815755816,0.04520044269335888,221.7280863791623,299.86148849689135,3000.0,23.882130331912958,2.882130331912957,264.95577012336634,0.013687488453643981,43.22768374420403,43.22768374420403,1.8100430381807355,0.0,55.3463414797419,1.0
8.542680991579191,0.9126423056570326,40883.51490663869,0.04773773637784141,3219799.3173858314,0.02263421072190153,0.00032239719371867986,0.020255272771423284,0.045211880687043494,221.81047176310946,299.879251761305,3000.0,23.881995871935885,2.881995871935884,264.9508094387104,0.013687329813176777,43.14033767560093,43.14033767560093,1.8063958266694047,0.0,55.23809138557664,1.0
8.569327023787075,0.9127883927941289,40896.60444593617,0.047721728456727196,3220314.7123673987,0.022633732662410956,0.0003221810107183606,0.02028687052731312,0.045242784200442435,222.03314993740136,299.9272535919158,3000.0,23.881631164621737,2.881631164621738,264.937404135551,0.013686901099315418,42.90425419814963,42.90425419814963,1.7965378454428196,0.0,54.945436204779675,1.0
8.592638190360356,0.9129155424423224,40907.99887444299,0.047707798772132014,3220763.295944908,0.022633316649195982,0.00032199295278272213,0.02031436547404298,0.045269675076021684,222.22701804675538,299.9690328751307,3000.0,23.88131211134317,2.8813121113431697,264.92573658141504,0.013686527938528772,42.69871853465966,42.69871853465966,1.7879552989208904,0.0,54.69056424377997,1.0
8.606026828453249,0.9129882952954715,40914.519285338116,0.04769982973281161,3221019.967792636,0.02263307864482498,0.0003218853913248731,0.020330094762700493,0.04528505879885035,222.337969387588,299.9929382661373,3000.0,23.881128868803906,2.881128868803905,264.9190606065718,0.013686314413215349,42.5810912189838,42.5810912189838,1.7830434839538842,0.0,54.544666507687744,1.0
8.64259538914152,0.9131859891067151,40932.24004478423,0.047678179871278696,3221717.430965829,0.02263243202235295,0.0003215932648033701,0.020372825912827748,0.04532685119998407,222.63954645503568,300.0578972011177,3000.0,23.88062839060734,2.880628390607343,264.9009197522493,0.013685734160152842,42.26137329721362,42.26137329721362,1.7696926816982648,0.0,54.147977623611354,1.0
8.642970965050239,0.9131880118137904,40932.42137481825,0.047677958395497155,3221724.5670703244,0.022632425407294002,0.0003215902770653975,0.020373263036687565,0.04532727872104697,222.6426326860473,300.05856182939596,3000.0,23.880623250576413,2.8806232505764147,264.9007341438372,0.01368572822303262,42.258101457789905,42.258101457789905,1.7695560544790183,0.0,54.14391711578108,1.0
8.680292582548947,0.9133882347368542,40950.37278771966,0.04765603851456326,3222430.9529424347,0.022631770685469944,0.0003212946435951387,0.020416524726177637,0.04536959005524272,222.94819511858498,300.1243517889252,3000.0,23.880112488043824,2.8801124880438254,264.88236121219876,0.013685140496411959,41.93416609361378,41.93416609361378,1.7560288342280286,0.0,53.74179924799489,1.0
8.692552587922686,0.9134536725941517,40956.24061158658,0.04764887602937929,3222661.817506735,0.022631556743349202,0.0003211980726143726,0.0204306602041925,0.045383415020156075,223.04808784092054,300.14585359260184,3000.0,23.879944709325834,2.8799447093258355,264.8763564787731,0.013684948401784896,41.828268637852574,41.828268637852574,1.7516065948644086,0.0,53.61030082382961,1.0
8.71787304280689,0.9135882994623448,40968.3139479601,0.047634142741924415,3223136.7806939804,0.022631116652944747,0.0003209994709976598,0.020459735946965592,0.045411852070908004,223.25364151191374,300.1900897673337,3000.0,23.87959820521509,2.8795982052150877,264.8640027971459,0.01368455318407061,41.61036128523213,41.61036128523213,1.742506759437217,0.0,53.33964815055539,1.0
8.74250978670385,0.9137186196405248,40980.002755207905,0.04761988364229567,3223596.549891775,0.0226306907150771,0.0003208073198180203,0.020487874435315082,0.0454393724702102,223.45267308289587,300.2329108345577,3000.0,23.879261067099854,2.8792610670998555,264.8520443076374,0.013684170587706714,41.39937122474154,41.39937122474154,1.7336956578518412,0.0,53.077502904467046,1.0
8.75042908521381,0.9137603699691914,40983.747819904056,0.04761531608421743,3223743.844926104,0.022630554273914166,0.0003207457809951919,0.02049688759402581,0.04544818764893517,223.51644737707647,300.2466293059059,3000.0,23.879152698553597,2.8791526985535985,264.84821319817837,0.01368404801183461,41.3317658211019,41.3317658211019,1.730872378214887,0.0,52.993488838463385,1.0
8.755685180827866,0.9137880424184012,40986.230172805714,0.04761228882766041,3223841.473243927,0.022630463843750823,0.0003207049979454368,0.020502861185719336,0.0454540300274156,223.55872043823337,300.2557220175981,3000.0,23.879080774102416,2.8790807741024156,264.8456739084216,0.013683966766372164,41.28695347018822,41.28695347018822,1.72900095530332,0.0,52.937795292349094,1.0
8.792466985485015,0.9139808567727513,41003.528642256984,0.047591199147318054,3224521.721707833,0.02262983384134276,0.00032042095077569946,0.020544474662841643,0.04549472945496011,223.85333307338271,300.3190776432939,3000.0,23.878577463534384,2.8785774635343833,264.82798080466915,0.013683400642749944,40.97464773128644,40.97464773128644,1.715958490151263,0.0,52.549552705195616,1.0
8.793825843466953,0.9139879521301172,41004.165276637475,0.04759042318428749,3224546.754107342,0.022629810660985683,0.00032041050208814756,0.020546005693372157,0.04549622685644599,223.8641766582125,300.3214090610297,3000.0,23.878558869750353,2.878558869750355,264.8273297178013,0.013683379809132647,40.96315305958882,40.96315305958882,1.715478445873944,0.0,52.5352596532647,1.0
8.832316480396033,0.9141881108345621,41022.12664967827,0.04756853670393253,3225252.9134163563,0.022629156836401244,0.0003201158610593105,0.020589186922880344,0.0455384596203409,224.1701349572261,300.38717791937694,3000.0,23.878032199072134,2.8780321990721345,264.8089626790161,0.013682792070738869,40.638827721789966,40.638827721789966,1.7019337013612508,0.0,52.13187597780953,1.0
8.84242418426618,0.9142404103038408,41026.82042505288,0.047562819023253565,3225437.425787128,0.02262898602687735,0.0003200389106042625,0.020600466910774114,0.04554949184825573,224.2500987012957,300.40436266483266,3000.0,23.87789389823819,2.877893898238193,264.80416355532395,0.01368263849231186,40.55406485402824,40.55406485402824,1.6983937120610326,0.0,52.026418871444776,1.0
8.871100728685473,0.9143881975874373,41040.08549699568,0.047546664352581695,3225958.8188804495,0.022628503418517153,0.00031982154564166377,0.020632335369388594,0.045580660333547414,224.47610365179662,300.45292313562175,3000.0,23.87750153367655,2.8775015336765493,264.79060224267806,0.013682204493532989,40.31449859088144,40.31449859088144,1.6883884829416655,0.0,51.728292035337375,1.0
8.892381383047345,0.9144973063367243,41049.880241871375,0.04753473978960958,3226343.754220722,0.02262814717731986,0.0003196611451603098,0.020655857170292936,0.04560366549277311,224.64300084824382,300.48877447616775,3000.0,23.87721037082378,2.8772103708237777,264.78059016433485,0.013681884062345308,40.13758931609104,40.13758931609104,1.6809999448317574,0.0,51.50806986249131,1.0
8.910171779633176,0.9145881535208625,41058.03652891141,0.04752481241656334,3226664.2628139146,0.022627850599233237,0.0003195276401037045,0.020675438121236876,0.04562281636057382,224.78199128211085,300.5186253667468,3000.0,23.876966967055054,2.876966967055054,264.7722538106438,0.01368161725046326,39.99026252853295,39.99026252853295,1.674846833926214,0.0,51.32462851548224,1.0
8.94233858182851,0.9147515707666528,41072.710217065265,0.04750695800593549,3227240.798366982,0.02262731719920459,0.00031928760102672705,0.020710651399311497,0.04565725619954282,225.03207038281545,300.5723215860528,3000.0,23.87652688090727,2.8765268809072726,264.75725825549205,0.013681137279352924,39.7251878726766,39.7251878726766,1.6637758108966267,0.0,50.99447396204786,1.0
8.949536856479504,0.9147879920379527,41075.98094138001,0.047502979277590694,3227369.2925029024,0.02262719833438942,0.00031923412231602347,0.020718497857478695,0.04566493031418414,225.0878168729849,300.58428901679525,3000.0,23.876428400708722,2.8764284007087206,264.7539161530118,0.013681030302259709,39.66609928002691,39.66609928002691,1.661307906455955,0.0,50.92086042634782,1.0
8.989235019470867,0.9149878852142244,41093.934184000114,0.047481145987553194,3228074.515029318,0.022626546062175318,0.00031894073737341025,0.02076155142138654,0.04570703822093527,225.393842447603,300.6499706269518,3000.0,23.875885300608203,2.875885300608205,264.73557347972326,0.013680443143540734,39.341731032120265,39.341731032120265,1.647760095041087,0.0,50.516641684404576,1.0
8.992295780609673,0.9150032292812043,41095.31246097148,0.047479470271422124,3228128.648851608,0.02262649599995662,0.00031891822550280085,0.020764855521554788,0.04571026974701421,225.41733815146088,300.6550124350034,3000.0,23.875843428108457,2.875843428108456,264.73416547164226,0.013680398070388268,39.316827320181375,39.316827320181375,1.6467199342534897,0.0,50.485599293331674,1.0
9.00042908521381,0.9150439557382131,41098.97081685435,0.04747502272165803,3228272.3316697977,0.02262636312893624,0.000318858480175513,0.02077362479395573,0.04571884640306748,225.47970409199004,300.6683944789641,3000.0,23.875732161750495,2.8757321617504936,264.7304283150817,0.013680278435110112,39.25072422309168,39.25072422309168,1.6439589771396539,0.0,50.40319642751193,1.0
9.029301863639457,0.9151879816616045,41111.90961182486,0.047459296176596937,3228780.4546955954,0.022625893297903585,0.00031864726546039897,0.020804630543569822,0.04574917110693381,225.70029448370067,300.7157190286515,3000.0,23.875337180216427,2.875337180216428,264.7172121537943,0.013679855337682467,39.01691767009365,39.01691767009365,1.6341933676406393,0.0,50.111672546884854,1.0
9.042252979390838,0.9152523073596439,41117.68906976171,0.047452273224575583,3229007.3955653687,0.02262568348788939,0.0003185529665954354,0.020818475425538465,0.04576271188002329,225.79883496862655,300.73685539508716,3000.0,23.875160012050735,2.8751600120507357,264.71130947474745,0.013679666363058883,38.9124745061209,38.9124745061209,1.6298309408808251,0.0,49.98141383511348,1.0
9.069703782261241,0.9153880830139107,41129.88941099462,0.04743745136180226,3229486.4116664375,0.022625240688878834,0.0003183539956867276,0.020847692245639312,0.04579128693020487,226.00686809117394,300.7814690420292,3000.0,23.874784499706177,2.8747844997061773,264.6988503777778,0.013679267467329786,38.69198228660383,38.69198228660383,1.6206212159561066,0.0,49.70635539108232,1.0
9.092210178172003,0.9154988302686959,41139.84212497176,0.04742536354327049,3229877.1276491936,0.02262487957221414,0.00031819177301555755,0.020871516962814776,0.045814588308044475,226.1765916016232,300.81785876853405,3000.0,23.874476632361173,2.874476632361174,264.688687946273,0.01367894208553989,38.51209634464979,38.51209634464979,1.613107459388146,0.0,49.48188544474333,1.0
9.110415791528803,0.9155880388522224,41147.86006170658,0.04741562780226812,3230191.8552643424,0.022624588725413505,0.00031806114608981046,0.02089070393389612,0.045833353805399435,226.3133314251915,300.8471712419015,3000.0,23.87422760121786,2.8742276012178594,264.6805019544714,0.013678679974445641,38.36717052927992,38.36717052927992,1.6070538980420355,0.0,49.300996697059404,1.0
9.142167376953168,0.9157428230663882,41161.773693757495,0.04739873794397213,3230737.9335077284,0.022624084163023,0.00031783459416345294,0.02092398594799404,0.045865904705180496,226.5506387680904,300.89803078899985,3000.0,23.873793288670413,2.8737932886704134,264.66629858683467,0.013678225166563819,38.11565981874426,38.11565981874426,1.5965481211078631,0.0,48.98698186447296,1.0
9.151456562575175,0.9157879148237736,41165.82745724415,0.0473938181644276,3230897.017092556,0.02262393719309125,0.0003177686179349119,0.020933679518281883,0.045875385329308044,226.61978364010614,300.9128471988699,3000.0,23.87366622971347,2.87366622971347,264.662160859929,0.013678092666235602,38.04237721982284,38.04237721982284,1.593487018448587,0.0,48.89546539295299,1.0
9.192124575734333,0.9159843106048283,41183.48582905671,0.04737239318107863,3231589.9008191354,0.022623297171275713,0.000317481380115825,0.02097588815856971,0.04591666670996125,226.9210071320651,300.97737962247845,3000.0,23.8731099806126,2.8731099806126013,264.64413911594386,0.013677515535413557,37.723131983878744,37.723131983878744,1.5801515602497442,0.0,48.49667072959053,1.0
9.192834021025492,0.9159877220625215,41183.79259409531,0.04737202106431052,3231601.936431647,0.02262328605534663,0.0003174763924142053,0.020976621171339777,0.04591738361910061,226.92624041190584,300.9785005713695,3000.0,23.87310027716717,2.8731002771671665,264.643826072472,0.01367750551003979,37.71758566056616,37.71758566056616,1.5799198772955434,0.0,48.48974070567572,1.0
9.234633566007437,0.916187839949113,41201.78959038487,0.04735019495653255,3232307.9517353964,0.02262263407607055,0.0003171839126968129,0.02101961014994134,0.04595942813870871,227.23328254385876,301.04425601764143,3000.0,23.872528575969454,2.872528575969455,264.62546277923,0.01367691739091446,37.39218023537126,37.39218023537126,1.5663267557258658,0.0,48.08305311783527,1.0
9.242081774515498,0.9162233175302181,41204.980569504296,0.04734632604655705,3232433.1165351397,0.02262251850879546,0.0003171320816168972,0.021027229334183144,0.0459668799245955,227.28772729604333,301.0559133673064,3000.0,23.872426707825387,2.872426707825388,264.62220727200656,0.013676813121923433,37.334479975963234,37.334479975963234,1.5639164142338735,0.0,48.01091958184513,1.0
9.25042908521381,0.9162630128719326,41208.5510553998,0.04734199735470476,3232573.161581664,0.022622389208642898,0.00031707409594328666,0.02103575359147503,0.04597521689606121,227.34864872933016,301.0689566037397,3000.0,23.872312543703963,2.872312543703963,264.6185647330379,0.013676696455022438,37.26991600370772,37.26991600370772,1.5612193387413242,0.0,47.930198114996564,1.0
9.276776602006128,0.9163878590218771,41219.78162865522,0.047328384335458086,3233013.6184242605,0.022621982589468546,0.00031689177515250834,0.021062558220232536,0.04600143258485359,227.54028069035635,301.1099789953148,3000.0,23.87195220155281,2.871952201552807,264.6071085533799,0.01367632951213203,37.06682786302352,37.06682786302352,1.5527355094407578,0.0,47.676235680174784,1.0
9.292038973296663,0.916459868282455,41226.259939311654,0.04732053336962916,3233267.666879627,0.022621748088266065,0.00031678665007027067,0.02107801517583314,0.04601654991416948,227.65082979262326,301.133640054032,3000.0,23.87174346994992,2.871743469949918,264.60050081235966,0.013676117856481445,36.9496710197364,36.9496710197364,1.5478413240427602,0.0,47.52969588341064,1.0
9.319303656201347,0.9165879410685086,41237.783260914584,0.047306571381803594,3233719.5072847395,0.022621331068450382,0.0003165997409830388,0.021105499883231352,0.046043430692664776,227.84748185916627,301.1757226651653,3000.0,23.871370600069966,2.8713706000699655,264.58874854889797,0.01367574139819354,36.7412666897317,36.7412666897317,1.5391351969385458,0.0,47.268960880357525,1.0
9.341996172077828,0.9166939870915187,41247.32594785815,0.0472950120167954,3234093.6373358923,0.022620985823239754,0.0003164450375353949,0.021128251344428653,0.0460656822052038,228.01034507141884,301.2105676442282,3000.0,23.871060266630845,2.8710602666308467,264.57901751360254,0.013675429670040956,36.5686724421837,36.5686724421837,1.5319249347840127,0.0,47.05296703712683,1.0
9.362183552747219,0.9167879085312064,41255.77851054515,0.0472847752706471,3234424.991893444,0.022620680091044152,0.0003163080667721222,0.02114839679607042,0.0460853849538867,228.15461210769115,301.24142868461973,3000.0,23.870784198315057,2.8707841983150586,264.57039905891025,0.013675153571025335,36.415786951219104,36.415786951219104,1.5255379399638471,0.0,46.861591730846,1.0
9.391953370858992,0.9169256979812954,41268.18058995279,0.04726975889109697,3234911.1126601337,0.02262023162812074,0.00031610719671391755,0.021177943460969812,0.04611428228580447,228.36630349759676,301.2867040317488,3000.0,23.870377097516272,2.870377097516271,264.5577551712462,0.01367474849411049,36.191451673649425,36.191451673649425,1.5161658957375739,0.0,46.58070039127711,1.0
9.405438012872848,0.9169878326859975,41273.77378709005,0.04726298804289458,3235130.323711984,0.02262002942493303,0.0003160166457736466,0.02119126402982884,0.046127310100535515,228.46177949957485,301.30712047380825,3000.0,23.87019269966041,2.870192699660411,264.55205354295913,0.013674565821162657,36.090274043384284,36.090274043384284,1.5119389481886218,0.0,46.453984878721286,1.0
9.441910569640157,0.9171550247726541,41288.82584603043,0.047244770931463176,3235720.1768923067,0.022619485418151397,0.0003157730809372781,0.021227097106596444,0.04616235560568512,228.71873534947912,301.3620570437396,3000.0,23.869693962257656,2.869693962257656,264.53671159943127,0.013674074260745748,35.81797624995215,35.81797624995215,1.5005628604450025,0.0,46.11286324556743,1.0
9.449075713695644,0.9171877220125938,41291.76985151223,0.047241208582404284,3235835.532656757,0.022619379042337764,0.0003157254629043864,0.02123410317193755,0.046169207677179705,228.76899571593313,301.3728008190248,3000.0,23.869595985890257,2.8695959858902578,264.53371122292594,0.01367397812370562,35.764715506992815,35.764715506992815,1.4983376982222059,0.0,46.04612468946654,1.0
9.491867768421322,0.9173819910834693,41309.263682074714,0.04722004511238131,3236520.9133562013,0.022618747109408355,0.0003154426441587037,0.021275717822009564,0.04620990757557662,229.06767081165557,301.43663444064566,3000.0,23.86901086050983,2.8690108605098326,264.5158846309252,0.013673406902550502,35.448213819269625,35.448213819269625,1.4851144869985813,0.0,45.64942286304685,1.0
9.493100187014196,0.9173875605924504,41309.765268144016,0.04721943842667027,3236540.562567184,0.022618728994861927,0.00031543453856223454,0.02127691058151369,0.046211074114937856,229.07623493722664,301.4384644896973,3000.0,23.86899400915903,2.8689940091590302,264.51537355953434,0.013673390525488658,35.439138622307695,35.439138622307695,1.484735326872551,0.0,45.63804531680754,1.0
9.50042908521381,0.9174206517696626,41312.745499130775,0.04721583386722728,3236657.3081411496,0.0226186213702021,0.0003153863821594821,0.021283997011080275,0.04621800476344186,229.12712019236247,301.4493377062913,3000.0,23.868893798628484,2.868893798628484,264.512337034408,0.013673293220553157,35.38521684204554,35.38521684204554,1.4824824786844033,0.0,45.57044060516022,1.0
9.537576684190203,0.9175876085466518,41327.78346549723,0.04719764904308859,3237246.331149672,0.02261807843648821,0.0003151434915449492,0.021319741711283133,0.046252963639316295,229.38389591078166,301.504196957336,3000.0,23.86838587774579,2.868385877745792,264.4970166834549,0.013672802261601523,35.11312077267323,35.11312077267323,1.4711141738919058,0.0,45.2292166674485,1.0
9.541824967202487,0.9176066203284182,41329.496049522015,0.04719557844359583,3237313.4046587287,0.022618016618799485,0.0003151158409456788,0.021323811106872814,0.04625694356661798,229.41313996794005,301.51044391614494,3000.0,23.868327791930987,2.868327791930987,264.49527211714155,0.013672746352678223,35.0821321492015,35.0821321492015,1.4698194383379255,0.0,45.19034648221837,1.0
9.582474153267333,0.9177876883076397,41345.808457272695,0.04717585957353388,3237952.211946408,0.02261742794489462,0.0003148525777145711,0.02136255826182891,0.0462948387844381,229.69170443300362,301.5699398761616,3000.0,23.867772016758337,2.867772016758338,264.478656888709,0.013672213854111425,34.786952455705375,34.786952455705375,1.457486372472484,0.0,44.82000252041746,1.0
9.591782165983652,0.9178289357159096,41349.52488490798,0.0471713679701086,3238097.7326790844,0.022617293864070208,0.0003147926264765098,0.021371382418627773,0.04630346890917449,229.75517279009685,301.5834930961388,3000.0,23.867644756182674,2.8676447561826754,264.4748719284217,0.013672092544842064,34.71969913832484,34.71969913832484,1.4546763827348759,0.0,44.73560133477177,1.0
9.627782997623202,0.9179877220478242,41363.833231639524,0.04715407828242463,3238657.930381886,0.02261677777301148,0.00031456190733551834,0.021405343337296597,0.0463366830176436,229.99953946189837,301.6356676733081,3000.0,23.8671525578976,2.867152557897601,264.4603013169415,0.013671625531904107,34.46076185504316,34.46076185504316,1.4438572750330099,0.0,44.41056356447362,1.0
9.641739364764817,0.9180489602518518,41369.35211013146,0.047147410771481074,3238873.9785820455,0.022616578763787677,0.00031447295652764045,0.021418437172799964,0.046349488893115284,230.0937991372696,301.65578953999034,3000.0,23.86696175292976,2.86696175292976,264.4546819536886,0.01367144541330477,34.36088281641898,34.36088281641898,1.4396839938037378,0.0,44.28515464903439,1.0
9.673516316577494,0.9181877326450819,41381.85984805541,0.047132302460378486,3239363.567169189,0.022616127846308863,0.0003142714441250355,0.021448101599089036,0.04637850088952294,230.30743485277813,301.70138786606947,3000.0,23.866527322560174,2.866527322560172,264.441947868824,0.013671037227719066,34.13451301604587,34.13451301604587,1.4302253760973318,0.0,44.000854617003384,1.0
9.691696563545982,0.9182667167429667,41388.97963267912,0.047123703961190665,3239642.2228296567,0.02261587123732649,0.00031415678746178226,0.021464980743230694,0.04639500876801897,230.42904875490072,301.72734074161326,3000.0,23.866278781840332,2.866278781840333,264.4347001001432,0.013670804892869832,34.005651345242455,34.005651345242455,1.4248409505346553,0.0,43.838973654058634,1.0
9.719683591745216,0.9183877255406708,41399.88879572873,0.0471105312915866,3240069.1415050575,0.022615478146972116,0.00031398117710766487,0.021490833974071057,0.04642029329815084,230.61539764902673,301.76710224235364,3000.0,23.86589618162431,2.865896181624311,264.4235960450537,0.013670448925566901,33.808198396026995,33.808198396026995,1.4165903571665504,0.0,43.59086611091563,1.0
9.741653762327147,0.9184822277968172,41408.40934555542,0.04710024468633168,3240402.5451813336,0.022615171204865156,0.00031384407622072214,0.021511018461629013,0.046440033742714895,230.76095126876933,301.798154129481,3000.0,23.865595842585716,2.8655958425857158,264.41492429326183,0.01367017091888238,33.6539730244925,33.6539730244925,1.4101459375441374,0.0,43.39702559018697,1.0
9.75042908521381,0.9185198536101846,41411.80202305561,0.04709614925249614,3240535.288938056,0.022615049007257443,0.00031378950020835296,0.021519053465474405,0.046447891972940206,230.8189088126008,301.81051735293624,3000.0,23.865475882907806,2.8654758829078064,264.4114716591365,0.013670060228176214,33.592562846535714,33.592562846535714,1.407579845101448,0.0,43.31982902067821,1.0
9.766271356916416,0.9185876069647627,41417.911617699036,0.04708877475273306,3240774.3225698187,0.022614828979377253,0.0003136912391207315,0.02153352020511447,0.04646204042361246,230.92328206117688,301.8327799909372,3000.0,23.86525931967923,2.86525931967923,264.4052544501732,0.013669860901330842,33.4819723889963,33.4819723889963,1.4029586664238403,0.0,43.18079206447519,1.0
9.791610961108312,0.9186955158217661,41427.643127207426,0.04707703012732894,3241155.024693712,0.022614478587382865,0.00031353478031837065,0.021556555617132784,0.046484568984834024,231.08953617909106,301.86823706661295,3000.0,23.86491293484045,2.8649129348404503,264.39535247679987,0.013669543427230181,33.305816297708816,33.305816297708816,1.3955976453232966,0.0,42.95927771951275,1.0
9.813358724712783,0.9187876771770016,41435.95538992517,0.047066999927671674,3241480.169678596,0.022614179368369076,0.0003134011915417902,0.021576224158953272,0.046503804718864145,231.23154933511753,301.8985197722009,3000.0,23.864615655792115,2.8646156557921163,264.38689553164323,0.013669272271658426,33.1553461965257,33.1553461965257,1.389309875119596,0.0,42.770017774011244,1.0
9.841568159889476,0.9189066030243743,41446.68284122002,0.047054057497919126,3241899.739711474,0.02261379330666461,0.0003132288578374438,0.021601597455346424,0.04652861961984848,231.41483285083527,301.93759684971985,3000.0,23.86423005828231,2.8642300582823097,264.3759826130304,0.013668922354352186,32.961149762195106,32.961149762195106,1.3811947706544851,0.0,42.525697341377054,1.0
9.860886340432376,0.9189876439424952,41453.993759073484,0.04704523838170314,3242185.651827566,0.022613530262836856,0.00031311145487691297,0.02161888320209745,0.04654552491981122,231.53974794463844,301.9642255625655,3000.0,23.863966001877255,2.863966001877255,264.3685461056327,0.013668683896306447,32.82879816099424,32.82879816099424,1.3756639679427873,0.0,42.359144530922364,1.0
9.891525358670641,0.9191155114130944,41465.5303365797,0.04703132404449208,3242636.7678803713,0.022613115285285947,0.00031292626741768526,0.02164614917874462,0.046572190731448256,231.73687051390124,302.0062407104172,3000.0,23.863547212592234,2.863547212592235,264.35681268240546,0.013668307637228571,32.619942168504224,32.619942168504224,1.3669360165906703,0.0,42.09625179467207,1.0
9.908887432124699,0.9191876090288063,41472.03590217774,0.0470234787895674,3242891.1280523855,0.02261288133222135,0.0003128218781990822,0.0216615188197183,0.046587222030138736,231.84803335399673,302.0299308011783,3000.0,23.86330990427393,2.863309904273929,264.35019683370786,0.013668095475876952,32.50216347971113,32.50216347971113,1.3620140546341384,0.0,41.947964969829776,1.0
9.941482557451806,0.919322262801758,41484.187447921555,0.04700882704546009,3243366.1861595386,0.022612444446598483,0.0003126269682445419,0.021690215947050794,0.046615287361893826,232.05567826314385,302.07417581637134,3000.0,23.862864397454267,2.862864397454265,264.337840683236,0.013667699213371316,32.282162420092135,32.282162420092135,1.3528200924418803,0.0,41.670908460300744,1.0
9.95737228835756,0.9193875749369216,41490.0820448679,0.047001720623172094,3243596.6071765283,0.022612232568324137,0.00031253245444923337,0.02170413130228208,0.04662889632505545,232.1564081025828,302.0956363098225,3000.0,23.862647222919588,2.862647222919588,264.3318474863724,0.013667507003010842,32.17543938378961,32.17543938378961,1.3483600156853408,0.0,41.53647544402883,1.0
9.991439756232971,0.9195268788096105,41502.65599546595,0.04698656381098686,3244088.0708216084,0.022611780714726644,0.0003123309200426991,0.021733802876898294,0.046657914511667634,232.37128505323207,302.14140927131075,3000.0,23.86218161255553,2.862181612555533,264.31906463168866,0.013667097020824956,31.94777957845659,31.94777957845659,1.338845713991493,0.0,41.24963477051226,1.0
10.00042908521381,0.9195634725041023,41505.95935890004,0.04698258236171931,3244217.173266033,0.022611662031057637,0.0003122779909954919,0.021741595388353897,0.04666553541040702,232.42773794467973,302.1534333574783,3000.0,23.862058755008434,2.8620587550084347,264.31570670724614,0.013666989318695926,31.887968762566402,31.887968762566402,1.3363460835445895,0.0,41.17426004770409,1.0
10.006318549876779,0.9195874102416222,41508.12032271023,0.046979977918177006,3244301.6255322145,0.022611584397291776,0.0003122433701716228,0.021746692423288645,0.046670520190752046,232.46466811214557,302.16129890433257,3000.0,23.8619782639653,2.861978263965303,264.31351012351683,0.013666918864523585,31.84884201137126,31.84884201137126,1.3347108801732153,0.0,41.12494819483552,1.0
10.041396955014136,0.9197293808614001,41520.93778496134,0.046964531682716144,3244802.497453028,0.02261112401456432,0.00031203808306967505,0.02177691504152272,0.04670007713915672,232.68371969373854,302.20794811505533,3000.0,23.86149885758626,2.861498857586258,264.3004825617775,0.013666500998167155,31.61676286803899,31.61676286803899,1.3250116037026363,0.0,40.832398217904434,1.0
10.05583528988727,0.9197875160617376,41526.18694710494,0.04695820676136792,3245007.5982654737,0.0226109355181815,0.00031195404162969755,0.021789287345592774,0.04671217690540397,232.7734309056052,302.2270503857589,3000.0,23.86130153730424,2.8613015373042407,264.2951479375235,0.013666329879823445,31.521717031918286,31.521717031918286,1.3210392979879124,0.0,40.71255836341262,1.0
10.0913541537953,0.9199297901851845,41539.03460742187,0.04694272803373815,3245509.5409463206,0.022610474271778966,0.00031174841811263434,0.021819557469987916,0.04674178015987952,232.99301084084885,302.2737993227957,3000.0,23.860816132239755,2.860816132239754,264.28209252556564,0.01366591108451597,31.28908168471679,31.28908168471679,1.3113164910751007,0.0,40.4191663689341,1.0
10.105834861367768,0.919987493078005,41544.24586954482,0.04693645031931276,3245713.1165791433,0.022610287225956777,0.000311665042613902,0.0218318308009617,0.04675378306953238,233.08207910064183,302.29275954435917,3000.0,23.860618241408087,2.8606182414080874,264.27679757087753,0.013665741224200051,31.1947184702357,31.1947184702357,1.3073725984224458,0.0,40.30013006784177,1.0
10.141311352576466,0.9201281278159291,41556.948239389116,0.04692115026796933,3246209.2755127824,0.02260983141279701,0.0003114618864774662,0.02186173514766308,0.04678302844693756,233.2991869981503,302.3389698062755,3000.0,23.86013343621237,2.860133436212369,264.2638925928344,0.01366532721952008,30.96470559468409,30.96470559468409,1.2977591125994776,0.0,40.00990686524271,1.0
10.156361054178074,0.920187474488689,41562.30911483346,0.04691469381185874,3246418.650396301,0.022609639088572175,0.0003113761766586003,0.021874350905630474,0.04679536617086125,233.39081687221866,302.35847014689244,3000.0,23.85992777843081,2.8599277784308086,264.2584468009895,0.013665152505615497,30.86762992877081,30.86762992877081,1.293701733526407,0.0,39.887390390747825,1.0
10.19126855135763,0.9203244145991196,41574.68044319643,0.046899795819536884,3246901.7746952237,0.022609195364789197,0.0003111784499779966,0.021903453016717995,0.04682382683148519,233.6022765175876,302.40346641497854,3000.0,23.859450769203416,2.8594507692034177,264.2458808507526,0.013664749343348931,30.643604333165,30.643604333165,1.284338211704279,0.0,39.60458742471573,1.0
10.207425019310772,0.9203874595119582,41580.37661258801,0.04689293702699567,3247124.196958649,0.022608991108490933,0.0003110874409520517,0.021916847248913275,0.04683692579835626,233.69964168857908,302.4241819364618,3000.0,23.85922999661886,2.859229996618861,264.24009569960197,0.013664563726368385,30.540454011022888,30.540454011022888,1.2800268078789985,0.0,39.47434243391441,1.0
10.241225750138796,0.9205186711908031,41592.23296691198,0.046878662152533376,3247587.111368116,0.02260856605566769,0.00031089807093018115,0.02194471597587428,0.046864180102472154,233.90230759504112,302.46729593614214,3000.0,23.858768130915177,2.8587681309151773,264.22805540387213,0.013664177396693384,30.32574780883101,30.32574780883101,1.2710525389421172,0.0,39.20317584971323,1.0
10.25042908521381,0.9205542381674043,41595.44710824729,0.046874792699020354,3247712.591554902,0.02260845085098053,0.0003108467488178028,0.02195226838388564,0.04687156598368397,233.9572492506059,302.4789826596969,3000.0,23.85864237539413,2.858642375394131,264.2247916935053,0.013664072672286,30.267542442899412,30.267542442899412,1.2686196459407473,0.0,39.12964976686862,1.0
10.259007228011187,0.9205873277395936,41598.43748128532,0.04687119275801424,3247829.3314663516,0.02260834367562875,0.0003107990051618623,0.021959294022429625,0.04687843670322024,234.00836621031578,302.4898553489068,3000.0,23.858525163445567,2.8585251634455666,264.22175531565966,0.013663975240997031,30.21338910534388,30.21338910534388,1.2663561095400317,0.0,39.06123665012707,1.0
10.29118294891996,0.920710918057779,41609.60754429651,0.04685774676076053,3248265.3577382676,0.022607943414082607,0.0003106207121462095,0.021985528880204833,0.04690409300643365,234.19930826626643,302.53046509482004,3000.0,23.858085521052878,2.858085521052879,264.2104143741109,0.013663611320765922,30.011106107844455,30.011106107844455,1.2579008521602466,0.0,38.80564003479373,1.0
10.311211769779685,0.9207874337737209,41616.52376771324,0.046849422110187014,3248535.3049546434,0.022607695641396024,0.0003105103534809507,0.02200176626874049,0.046919972263617465,234.31753690671385,302.5556069006539,3000.0,23.857811857287388,2.8578118572873863,264.20339311002806,0.013663386005377304,29.885856203314205,29.885856203314205,1.2526654322737292,0.0,38.64734135561564,1.0
10.341140147701125,0.9209011754757622,41626.80589457846,0.0468370471676842,3248936.585338339,0.022607327369425324,0.0003103463369314636,0.02202589654051875,0.04694357024687554,234.49330639982358,302.5929805532786,3000.0,23.857402939324714,2.8574029393247145,264.192955900921,0.0136630510573068,29.69964950109741,29.69964950109741,1.244881916805068,0.0,38.411947978455856,1.0
10.363957764957753,0.9209874179139578,41634.60296430093,0.04682766389048568,3249240.848401656,0.0226070481707321,0.0003102220005702624,0.02204418737708289,0.04696145754838525,234.62659675822715,302.6213184000734,3000.0,23.857091183955003,2.8570911839550015,264.1850420896697,0.013662797078645548,29.558445331442556,29.558445331442556,1.2389794339773483,0.0,38.233401801920316,1.0
10.39109734648229,0.9210894635328696,41643.829722711576,0.04681656092585134,3249600.865039147,0.022606717851814416,0.00031007490907439576,0.022065823723891355,0.046982616484780165,234.78432969835765,302.6548489121427,3000.0,23.856720385441783,2.856720385441781,264.17567814096907,0.013662496548574522,29.391348442611417,29.391348442611417,1.2319945058561805,0.0,38.02206778364602,1.0
10.417287956700203,0.9211873954455537,41652.68548941335,0.046805905219779086,3249946.368533403,0.02260640089014496,0.0003099337756372424,0.022086581583353845,0.04700291624913605,234.93572251326003,302.68702772800214,3000.0,23.856362560100536,2.856362560100534,264.16669167573605,0.013662208121350248,29.230969162476015,29.230969162476015,1.2252902800598966,0.0,37.8191811653665,1.0
10.441054545263455,0.9212758021333168,41660.68071965259,0.046796285616291636,3250258.267062704,0.02260611479208115,0.00030980639283626854,0.022105315154250897,0.04702123633916832,235.0724057003301,302.71607671161024,3000.0,23.85603785911801,2.856037859118011,264.15857926779694,0.013661947737335658,29.08617356746683,29.08617356746683,1.2192373997407038,0.0,37.63596765761714,1.0
10.471214418024076,0.9213873619772048,41670.770945458054,0.04678414622813011,3250651.8498573774,0.022605753813745407,0.0003096456804118895,0.022128947717035715,0.047044347211193015,235.24490602994672,302.7527334415299,3000.0,23.85562582147288,2.8556258214728802,264.14834227118337,0.013661619146430909,28.903436241236648,28.903436241236648,1.2115983230764855,0.0,37.40469009749302,1.0
10.49101174404462,0.9214602109974619,41677.36056230988,0.046776218848295685,3250908.860982374,0.02260551812176675,0.0003095407529459416,0.02214437551220301,0.047059434386915705,235.35756177622198,302.7766704314665,3000.0,23.855355360070174,2.855355360070173,264.1416574718176,0.013661404566865432,28.784095695595624,28.784095695595624,1.2066093864933711,0.0,37.253615919179076,1.0
10.50042908521381,0.9214947590059535,41680.48581238951,0.046772459265815754,3251030.7462527244,0.022605406354730784,0.0003094909970121364,0.022151690799796713,0.047066588151539634,235.41099116253932,302.78802233885904,3000.0,23.85522670644185,2.8552267064418495,264.13848726438806,0.01366130280206916,28.727496101848743,28.727496101848743,1.2042432652334085,0.0,37.18195680430257,1.0
10.5257344446878,0.9215872577869134,41688.853928627206,0.046762393055786035,3251357.0816745516,0.022605107134605514,0.0003093577961420488,0.022171272898057353,0.047085737828804916,235.55405357600213,302.81841591699055,3000.0,23.854881005714066,2.8548810057140663,264.1299993562444,0.013661030329821428,28.57594578024228,28.57594578024228,1.1979077059071204,0.0,36.99005408753758,1.0
10.540968942825785,0.92164270966208,41693.87091351401,0.046756358259173694,3251552.715723841,0.022604927773118982,0.0003092779545944495,0.022183009434917685,0.047097215162631115,235.63982512520838,302.83663649117454,3000.0,23.85467288801786,2.8546728880178596,264.1249109602902,0.013660866980947602,28.485085835081833,28.485085835081833,1.1941092618960127,0.0,36.874981005292085,1.0
10.580905403590489,0.9217872406706469,41706.948713947706,0.04674062815921828,3252062.6206886237,0.02260446034218278,0.00030906989070894636,0.022213590291453568,0.0471271205243453,235.8634078493882,302.88412700354365,3000.0,23.854127329853316,2.8541273298533176,264.11164845118583,0.01366044120670909,28.24824060179762,28.24824060179762,1.1842076723739583,0.0,36.57494731002787,1.0
10.59092614160695,0.921823317478831,41710.213421825596,0.04673670151420182,3252189.8995597046,0.02260434367909466,0.0003090179634321105,0.02222122151564687,0.04713458315817364,235.91922276914508,302.8959812493715,3000.0,23.853990442683493,2.8539904426834943,264.1083379574603,0.013660334923879662,28.18911518831524,28.18911518831524,1.181735829736673,0.0,36.500031481253,1.0
10.636695045246382,0.9219871402099465,41725.0398817826,0.04671886970159591,3252767.865663783,0.02260381398757562,0.0003087822044232744,0.022255863592307537,0.047168459784306435,236.17270387949333,302.94981070448654,3000.0,23.853365235193188,2.853365235193187,264.0933051940107,0.013659852279122729,27.9206013145174,27.9206013145174,1.1705099485637114,0.0,36.15972501772722,1.0
10.640883340388115,0.9220020536176269,41726.389721787375,0.04671724630607509,3252820.4801213546,0.022603765773346333,0.00030876074555915537,0.022259016304291328,0.04717154282319681,236.1957815542431,302.9547110049752,3000.0,23.853308023792277,2.853308023792278,264.09193670425134,0.013659808340463576,27.89615515000824,27.89615515000824,1.1694879017276538,0.0,36.12873604051499,1.0
10.69084053916928,0.9221789370703731,41742.40143421143,0.04669799035432765,3253444.524412178,0.022603193990207802,0.0003085062675159807,0.022296398308056273,0.04720809856578006,236.46952815343346,303.0128319984134,3000.0,23.852625631072122,2.8526256310721223,264.0757054579207,0.013659287175995434,27.60617730448726,27.60617730448726,1.1573642973931346,0.0,35.76106350353563,1.0
10.69315519319829,0.9221870879690083,41743.139337828274,0.046697102965824674,3253473.280758119,0.022603167645260096,0.00030849454271533413,0.02229812038700122,0.047209782574976655,236.48214385629933,303.0155102496502,3000.0,23.852594014575825,2.852594014575825,264.07495751207557,0.013659263159471904,27.59281365577624,27.59281365577624,1.1568055717090915,0.0,35.744115530896764,1.0
10.740797737950444,0.9223539866510168,41758.2501661332,0.046678931405132046,3254062.0988077233,0.022602628264691664,0.0003082544962784671,0.02233337199133603,0.04724425475230616,236.74048906311933,303.07035041163965,3000.0,23.85194326425365,2.851943264253649,264.05964249205607,0.013658771376265927,27.319153428936744,27.319153428936744,1.145363844206326,0.0,35.396982824148296,1.0
10.750285753805812,0.9223870268927468,41761.241918565116,0.0466753337508045,3254178.664681461,0.022602521499639455,0.0003082069823207653,0.02234034836684395,0.04725107684880417,236.7916381434747,303.08120689167197,3000.0,23.851813670076297,2.851813670076296,264.05661064089065,0.013658674015847107,27.264972497415954,27.264972497415954,1.1430985028875056,0.0,35.32823888394188,1.0
10.75042908521381,0.9223875255162053,41761.2870691145,0.04667527945636528,3254180.423823527,0.022602519888440645,0.00030820626528612656,0.022340453644423174,0.04725117979814995,236.79241006858604,303.08137073113977,3000.0,23.851811712359424,2.8518117123594235,264.0565648860162,0.01365867254653176,27.264154817430153,27.264154817430153,1.1430643150391187,0.0,35.32720138231787,1.0
10.79075493673161,0.9225272209958845,41773.93751079257,0.046660067231072855,3254673.269056895,0.022602068532485947,0.00030800539925300043,0.022369941775670924,0.047280015707409875,237.00869060047577,303.1272723682444,3000.0,23.85126092307018,2.8512609230701784,264.04374609654354,0.013658260887559993,27.03505549606777,27.03505549606777,1.1334853777025289,0.0,35.03646309517082,1.0
10.808176155640545,0.9225872083010467,41779.37038551645,0.04665353426003253,3254884.904089608,0.022601874738733943,0.0003079191563644857,0.02238260032106831,0.04729239421616674,237.10157452501034,303.14698321013253,3000.0,23.851022981058122,2.851022981058121,264.03824151874574,0.013658084107616972,26.9366669937354,26.9366669937354,1.1293715584076967,0.0,34.91157335630611,1.0
10.840712135512774,0.9226986585624133,41789.46504747034,0.04664139563108671,3255278.1002774755,0.022601514729955963,0.00030775894427373396,0.02240611203937561,0.04731538571360531,237.27415889835436,303.18360393303794,3000.0,23.850578607257734,2.8505786072577357,264.028014577685,0.013657755656661181,26.753855679330627,26.753855679330627,1.1217277416988711,0.0,34.67947355722205,1.0
10.86672012621717,0.9227872047864594,41797.486034276866,0.046631750593913245,3255590.491090364,0.022601228743435547,0.0003076316736591376,0.022424785782546287,0.04733364619964098,237.4112899177075,303.21269876597376,3000.0,23.850223399872178,2.850223399872177,264.01988936556467,0.013657494694273301,26.60859944785716,26.60859944785716,1.1156540968920134,0.0,34.49500997873306,1.0
10.89066933429394,0.9228683176323912,41804.83434173374,0.04662291442994953,3255876.656967558,0.022600966794131656,0.00030751509959391467,0.02244188711812927,0.04735036901185484,237.53691990726648,303.2393511131151,3000.0,23.849896316555,2.8498963165549998,264.01244625789997,0.013657255630842717,26.475526350633487,26.475526350633487,1.1100897881998737,0.0,34.32598359796924,1.0
10.925971459615022,0.9229871442030754,41815.600438720576,0.04660996837662629,3256295.8767525763,0.022600583100386082,0.00030734434432486856,0.022466931526509516,0.04737485897122047,237.72098082975504,303.27839556994695,3000.0,23.849414192594693,2.849414192594694,264.00154244915217,0.013656905399105782,26.280561619397133,26.280561619397133,1.10193740639371,0.0,34.0782844936439,1.0
10.940626533075104,0.9230362163157114,41820.046945729875,0.04660462147771648,3256469.003018791,0.022600424662693335,0.00030727383387663733,0.022477271305681553,0.04738496980225153,237.79699939825815,303.29451985908895,3000.0,23.84921405070324,2.8492140507032384,263.99703947538165,0.013656760757857005,26.200040077123504,26.200040077123504,1.098570377263688,0.0,33.9759627501347,1.0
10.98594420173705,0.9231870145235594,41833.71250546297,0.04658818844888952,3257001.0186438416,0.022599937848185276,0.0003070571794170325,0.0225090348011765,0.04741602982877881,238.03062720091071,303.3440696700676,3000.0,23.848595168231864,2.8485951682318644,263.98320187316506,0.01365631625761073,25.952574672254343,25.952574672254343,1.0882223665243451,0.0,33.661423765249786,1.0
10.990583731856269,0.9232023725504261,41835.10439814479,0.04658651464954035,3257055.20171657,0.02259988827396941,0.00030703511619063723,0.022512268853786137,0.04741919224394619,238.05442296014235,303.34911606510843,3000.0,23.848531809446307,2.848531809446307,263.98179258409164,0.013656270985936086,25.92736962394929,25.92736962394929,1.0871683771191132,0.0,33.629380697080194,1.0
11.00042908521381,0.9232349139213191,41838.05368788255,0.04658296800531412,3257170.0075754896,0.022599783236861428,0.0003069883686337761,0.022519120779927487,0.04742589238542269,238.1048438180466,303.3598086243884,3000.0,23.84839735910527,2.848397359105272,263.9788065105008,0.013656175061027197,25.873962692454228,25.873962692454228,1.0849350714368067,0.0,33.561480795272274,1.0
11.040540930637434,0.9233668041031292,41850.008224193094,0.0465685918454599,3257635.3157413835,0.022599357566933098,0.0003067989160057271,0.022546883972212512,0.047453040455151335,238.3092159973261,303.40314556898403,3000.0,23.84784959253064,2.8478495925306384,263.9667039537251,0.013655786263791065,25.657487956398967,25.657487956398967,1.0758826642564503,0.0,33.28620727756636,1.0
11.046716732846415,0.9233870125227791,41851.840067788406,0.04656638887352428,3257706.610985304,0.022599292351567938,0.00030676988985789953,0.02255113680259015,0.04745719904401599,238.340532534643,303.40978572332085,3000.0,23.84776525727966,2.84776525727966,263.9648495810735,0.013655726689748892,25.62431704643052,25.62431704643052,1.0744955248420418,0.0,33.24401879877339,1.0
11.090498129418599,0.9235295285679167,41864.75993547961,0.046550850990335096,3258209.4071651506,0.022598832481203764,0.00030656520319020627,0.02258112082846711,0.04748651851286108,238.5614037255165,303.4566141518464,3000.0,23.84716739970525,2.8471673997052482,263.95177196980586,0.013655306540615744,25.390368244289363,25.390368244289363,1.0647121236127686,0.0,32.946412493354295,1.0
11.10829599904628,0.923587092061662,41869.97894987164,0.04654457415904042,3258412.490998454,0.02259864675963196,0.0003064825353854896,0.02259322753052617,0.047498356825543625,238.65062405268043,303.47552856916644,3000.0,23.84692436585087,2.846924365850872,263.9464898067085,0.013655136831453687,25.295865754028057,25.295865754028057,1.0607600949266267,0.0,32.82616698800683,1.0
11.140455328199764,0.9236905633694927,41879.36103023735,0.046533290033367425,3258777.537462175,0.022598312957034898,0.00030633394800284175,0.022614983548394883,0.047519630453432625,238.81101117393197,303.50952753916675,3000.0,23.846485230721683,2.846485230721685,263.93699503340173,0.013654831766078023,25.125983859469756,25.125983859469756,1.053655648468466,0.0,32.609966507995956,1.0
11.170648206931931,0.9237870768522143,41888.113169343895,0.04652276299561688,3259118.036739778,0.022598001641105106,0.0003061953623035669,0.022635269658997897,0.047539466662406576,238.96062714781655,303.54124028226886,3000.0,23.846072956342457,2.8460729563424585,263.92813872667574,0.013654547202448072,24.967511578859188,24.967511578859188,1.0470282307938028,0.0,32.408238061488944,1.0
11.190412526980928,0.9238499257669128,41893.81299362446,0.0465159069475601,3259339.7675223527,0.02259779893530015,0.00030610512108410274,0.022648476216920666,0.04755238027330492,239.05806318858635,303.5618914019868,3000.0,23.84580308533397,2.845803085333968,263.9223715607806,0.01365436189030939,24.864308372194273,24.864308372194273,1.0427121402963662,0.0,32.27683964413727,1.0
11.233788455383204,0.9239869508745875,41906.24126750544,0.046500956589701846,3259823.1916912966,0.022597357047326648,0.0003059083864197215,0.022677259621593494,0.04758052505533987,239.27051551243918,303.6069155987694,3000.0,23.845210823486212,2.8452108234862115,263.90979781099446,0.013653957850041577,24.639282298555287,24.639282298555287,1.0333010884637244,0.0,31.99026745660572,1.0
11.240369725762093,0.9240076328536407,41908.11729768783,0.04649869972955367,3259896.1576513723,0.02259729035749119,0.00030587869345238025,0.02268160287802151,0.04758477192896508,239.302584429935,303.6137113569377,3000.0,23.845120963298587,2.8451209632985877,263.9078999834057,0.013653896863905312,24.60531555347069,24.60531555347069,1.0318805088614211,0.0,31.947002388410066,1.0
11.25042908521381,0.9240391899740583,41910.97987596167,0.04649525598728137,3260007.4910775675,0.022597188603796555,0.00030583338773904973,0.02268822933430067,0.047591251325836276,239.35151719067497,303.6240805076991,3000.0,23.84498361431032,2.8449836143103187,263.9050042269795,0.013653803808585751,24.553487036304517,24.553487036304517,1.0297128919631129,0.0,31.880981783710425,1.0
11.290326924543258,0.9241637015579648,41922.27540135995,0.046481666399428585,3260446.767572185,0.022596787165714588,0.0003056546364998071,0.022714367534781694,0.047616809336996094,239.54459937115178,303.66499296637653,3000.0,23.844438864374492,2.844438864374493,263.8935787478969,0.013653436637924496,24.34897937674515,24.34897937674515,1.0211596722925813,0.0,31.620425395448404,1.0
11.29780982699516,0.924186938460625,41924.3835908029,0.04647912989308664,3260528.7472950835,0.022596712254750077,0.0003056212782392263,0.022719244302926843,0.04762157783591615,239.5806355670671,303.6726282304223,3000.0,23.844336697296445,2.8443366972964452,263.89144647444124,0.013653368112763952,24.310810907374133,24.310810907374133,1.0195633124963623,0.0,31.57178758832891,1.0
11.340284123324423,0.924318148642154,41936.28875034221,0.04646480500063735,3260991.6564220246,0.02259628930269263,0.00030543292198981534,0.022746774149190217,0.04764849637387267,239.78413229452292,303.7157417381092,3000.0,23.8437567883231,2.843756788323097,263.8794063161087,0.013652981163891915,24.095274021585794,24.095274021585794,1.0105485572385082,0.0,31.29707949443181,1.0
11.362727876269751,0.9243870119871632,41942.537639213864,0.04645728531172381,3261234.6060966994,0.022596067352607826,0.00030533406976358736,0.022761217617120435,0.04766261903949185,239.8909431656878,303.73836910071026,3000.0,23.84345036646773,2.84345036646773,263.8730872517833,0.013652778071997438,23.98214408609553,23.98214408609553,1.0058168477085367,0.0,31.152857391362843,1.0
11.390241322105588,0.9244709907054284,41950.15877733488,0.04644811359955607,3261530.8827628903,0.022595796711752023,0.0003052135220497222,0.022778826642745168,0.047679836876546915,240.02120729382835,303.76596312636644,3000.0,23.843074734908228,2.8430747349082295,263.865381164857,0.01365253039379052,23.84417387102866,23.84417387102866,1.0000460987575073,0.0,30.976935687501804,1.0
11.428489492090272,0.9245869348836631,41960.681945159595,0.046435448058294616,3261939.9334759912,0.02259542310328291,0.0003050470925822645,0.022803129705479572,0.04770359990134475,240.20106997193685,303.804060476445,3000.0,23.842552557153514,2.8425525571535153,263.85474185129596,0.013652188425441136,23.65367187935911,23.65367187935911,0.9920780009882904,0.0,30.73397388604643,1.0
11.440198520886753,0.9246222441876684,41963.88690233524,0.04643159028496536,3262064.5045946306,0.022595309336810164,0.00030499640916242815,0.022810528897217436,0.04771083464319003,240.25584827794134,303.81566253302253,3000.0,23.842392703896078,2.8423927038960786,263.8515017855794,0.013652084280050842,23.595653507638048,23.595653507638048,0.9896512401535225,0.0,30.65996514649445,1.0
11.490155719667918,0.9247719253694737,41977.47453260515,0.046415233167901734,3262592.5793551537,0.022594827122373227,0.0003047815561630223,0.0228418847546535,0.04774149343318975,240.48807896883102,303.86484530761487,3000.0,23.841710695055188,2.8417106950551867,263.8377666843293,0.013651642775551245,23.349687715498305,23.349687715498305,0.9793629330608844,0.0,30.346139217220724,1.0
11.49514223427861,0.9247867802249642,41978.82313393962,0.04641360952078716,3262644.987240775,0.022594779270926634,0.0003047602334633317,0.02284499569554995,0.047744535199939916,240.51112785245186,303.86972636881694,3000.0,23.841642621048294,2.841642621048295,263.83640356745815,0.013651598957655928,23.325275715006285,23.325275715006285,0.9783418066343239,0.0,30.314985961275873,1.0
11.50042908521381,0.9248025128686231,41980.2514490874,0.04641188986794783,3262700.491960422,0.02259472859289625,0.000304737650772719,0.022848290283835247,0.04774775652750422,240.53553901853178,303.8748958567745,3000.0,23.841570447202276,2.8415704472022756,263.8349599026568,0.013651552550216665,23.299420884125027,23.299420884125027,0.9772603250160113,0.0,30.28199023001719,1.0
11.540112918449081,0.9249200503726057,41990.9230626741,0.04639904038147328,3263115.163921983,0.02259435001353311,0.0003045689362349486,0.02287289801746435,0.047771816967232414,240.71792290022464,303.913516747489,3000.0,23.841028708156443,2.8410287081564443,263.8241743817355,0.013651205833617121,23.10625148151084,23.10625148151084,0.9691801374999299,0.0,30.03542942283233,1.0
11.562844931602337,0.9249869408314093,41996.99687126848,0.0463917260810044,3263351.1532600406,0.022594134590226696,0.00030447291989030615,0.022886897583540965,0.04778550509365797,240.82172494924052,303.93549585213015,3000.0,23.84071839101042,2.8407183910104186,263.8180363541408,0.013651008509881931,22.996311404900297,22.996311404900297,0.9645813111727153,0.0,29.89507111000975,1.0
11.590070117230246,0.9250666351593071,42004.23387424105,0.0463830100807906,3263632.3146098643,0.022593877955967935,0.0003043585229077159,0.022903572448284924,0.04780180892716057,240.94540341458836,303.96168209757536,3000.0,23.84034674297309,2.840346742973089,263.81072341306475,0.013650773408023375,22.865319998476394,22.865319998476394,0.959101822007514,0.0,29.72780746944709,1.0
11.631429328291881,0.9251868375394908,42015.15057305938,0.04636986035208736,3264056.388246671,0.022593490926547725,0.0003041859741802776,0.022928713872063983,0.047826390772791987,241.13196116217998,304.0011786227813,3000.0,23.83978216509842,2.839782165098419,263.79969335676503,0.013650418790556958,22.667732194585057,22.667732194585057,0.9508363808697359,0.0,29.475445790542082,1.0
11.64002731601141,0.9252116955351375,42017.408336396125,0.04636714044254756,3264144.0871807644,0.022593410895931334,0.0003041502900500409,0.022933911770574477,0.047831472956555855,241.1705436656275,304.0093465513209,3000.0,23.839664799280666,2.839664799280665,263.7974123279612,0.013650345452986474,22.626868662333692,22.626868662333692,0.9491269635224246,0.0,29.423245244267076,1.0
11.689984514792576,0.925355247152631,42030.447805917785,0.04635142966452319,3264650.5368567766,0.02259294878023907,0.000303944211861992,0.02296391966939195,0.047860812661493016,241.39336662212293,304.0565152518909,3000.0,23.838982876856964,2.838982876856963,263.7842396901112,0.013649921923154151,22.390873067988252,22.390873067988252,0.9392545472116369,0.0,29.121714811853487,1.0
11.701048395316452,0.9253868366107896,42033.31749675068,0.046347971550849125,3264761.984370425,0.02259284710025232,0.00030389886118200704,0.022970520972967153,0.04786726693440148,241.44240345064952,304.06689502830216,3000.0,23.838831856267443,2.8388318562674444,263.7813409662969,0.013649828719225916,22.338937515647387,22.338937515647387,0.9370818859890687,0.0,29.05534300295836,1.0
11.73994171357374,0.925497305511358,42043.35362724429,0.04633587596544713,3265151.71832034,0.02259249155626733,0.00030374026287193753,0.02299359979142285,0.04788983161056212,241.61389506624542,304.10319329218936,3000.0,23.83830097548202,2.8383009754820203,263.77120407723714,0.013649502773605608,22.157309010991725,22.157309010991725,0.9294835665419605,0.0,28.82318841786169,1.0
11.75042908521381,0.9255269392129449,42046.04606110456,0.04633263060563037,3265256.2659306675,0.022592396188907574,0.0003036977164906496,0.02299978916561518,0.047895883071013404,241.65990068893288,304.1129304391567,3000.0,23.8381578285324,2.8381578285324,263.76848481829757,0.013649415334859956,22.108584129364687,22.108584129364687,0.9274451611735891,0.0,28.760898552116796,1.0
11.771684719977342,0.9255868011246647,42051.485207146936,0.046326073891371056,3265467.458575692,0.022592203552113624,0.0003036117676366035,0.02301229000634619,0.04790810532609642,241.7528378907337,304.13260007882195,3000.0,23.83786770342393,2.8378677034239317,263.76299174690024,0.013649238699829976,22.01015385616654,22.01015385616654,0.9233272929442901,0.0,28.635051758438106,1.0
11.789898912354905,0.9256378859583815,42056.12713248143,0.04632047758482817,3265647.685715844,0.02259203917194973,0.000303538417933037,0.023022955745093023,0.047918533334975796,241.83215159253498,304.14938571500863,3000.0,23.837619094938113,2.837619094938111,263.7583040810562,0.013649087959850653,21.92615248852124,21.92615248852124,0.9198130233223346,0.0,28.527638491855324,1.0
11.83985611113607,0.9257770036877185,42068.76964132076,0.04630523278288451,3266138.492647737,0.022591591575777562,0.0003033386522210914,0.02305199110047914,0.04794692132847779,242.04815860539134,304.1950975128529,3000.0,23.836937235009746,2.8369372350097457,263.74553830732907,0.013648677437831654,21.697379701937734,21.697379701937734,0.9102419278123699,0.0,28.235037652120866,1.0
11.843362342787291,0.9257867130835462,42069.6520665198,0.04630416855385085,3266172.7473670994,0.022591560339865095,0.00030332470917095937,0.023054016990158195,0.04794890203919425,242.0632350912652,304.19828786063516,3000.0,23.836889379635153,2.8368893796351524,263.74464735007473,0.013648648785505818,21.68141225880953,21.68141225880953,0.9095738925286477,0.0,28.214611594168044,1.0
11.889813309917235,0.9259146737430413,42081.28246125243,0.04629013984015246,3266624.1921900497,0.022591148716789647,0.00030314094122820733,0.02308070938989926,0.04797499904791712,242.26193832164597,304.2403336288254,3000.0,23.836255395483636,2.8362553954836356,263.7329053756128,0.013648271163916028,21.47096705396683,21.47096705396683,0.90076929860531,0.0,27.94535870356162,1.0
11.916204570525688,0.9259868224069381,42087.840790393995,0.04628222730224507,3266878.732459907,0.022590916659498212,0.00030303731617132846,0.0230957538123357,0.04798970778800524,242.37398171509142,304.2640404931805,3000.0,23.835895203214758,2.8358952032147564,263.72628484261236,0.013648058238718981,21.35230312752094,21.35230312752094,0.8958045395601986,0.0,27.793498156732337,1.0
11.9397705086984,0.9260509110212675,42093.66688785996,0.04627519705700904,3267104.836899062,0.022590710544559373,0.00030294526075536434,0.02310911410869122,0.048002769914005955,242.47351277457034,304.2850989578083,3000.0,23.83557357614863,2.8355735761486307,263.72040391893063,0.013647869094886026,21.24689114436029,21.24689114436029,0.8913941624472281,0.0,27.65857463360755,1.0
11.989727707479565,0.9261857302726252,42105.9242047951,0.04626040275355025,3267580.4788135355,0.022590277009193103,0.00030275158690967275,0.02313720871525788,0.04803023731136066,242.6829038124568,304.329398346484,3000.0,23.834891776795722,2.8348917767957227,263.7080325837666,0.013647471187938937,21.025128771309824,21.025128771309824,0.8821155542975311,0.0,27.37465861547449,1.0
11.990060849282932,0.9261866245940545,42106.00551947587,0.04626030459171385,3267583.6339768562,0.022590274133595767,0.000302750302069142,0.02313739503220055,0.04803041946786546,242.6842928660021,304.32969220579713,3000.0,23.834887230253,2.8348872302529995,263.70795051870516,0.013647468548353409,21.023657652703065,21.023657652703065,0.8820540013303813,0.0,27.372774875596328,1.0
12.00042908521381,0.9262144270211397,42108.53344783844,0.046257252801975964,3267681.7208562344,0.022590184739451263,0.0003027103585453223,0.023143186886343568,0.04803608198434016,242.72747579288364,304.33882762608147,3000.0,23.83474573050479,2.834745730504789,263.7053993018694,0.013647386489120714,20.977923508985782,20.977923508985782,0.8801404364107516,0.0,27.314211128525628,1.0
12.03968490626073,0.9263191461011149,42118.05568378935,0.046245755269431685,3268051.169456339,0.022589848061327324,0.00030255989610116055,0.023164996631198895,0.04805740458862738,242.89013309786424,304.3732365934868,3000.0,23.834209997218036,2.8342099972180343,263.6957900300229,0.013647077400686108,20.805656932158684,20.805656932158684,0.8729325173600111,0.0,27.093584010499683,1.0
12.06520947680722,0.9263867750587138,42124.2058409838,0.04623832758797625,3268289.7642159327,0.022589630654443554,0.0003024627136444459,0.02317907699302941,0.04807117036111741,242.9951850370451,304.39545835668633,3000.0,23.833861663978034,2.833861663978033,263.6895842360222,0.013646877780024378,20.694399198977095,20.694399198977095,0.8682772221613649,0.0,26.951063107226123,1.0
12.089642105041895,0.9264511729640938,42130.06258458641,0.046231252963798944,3268516.9598329873,0.02258942365212861,0.0003023701650407604,0.023192481241262945,0.04808427505843232,243.0952221055465,304.4166184492666,3000.0,23.83352823721082,2.8335282372108206,263.683674931058,0.013646687691154584,20.588452825511524,20.588452825511524,0.8638441031725708,0.0,26.81532437225081,1.0
12.13959930382306,0.9265818251748412,42141.94615514592,0.0462168942149228,3268977.900440684,0.022589003733284145,0.00030218237073445715,0.023219665893923578,0.04811085199794218,243.29819212505686,304.45954861693144,3000.0,23.83284649657143,2.8328464965714297,263.6716859734514,0.01364630201777986,20.37349384839456,20.37349384839456,0.8548493714892793,0.0,26.539853444254007,1.0
12.141437000657216,0.9265866052423354,42142.38096157333,0.04621636873894401,3268994.764504468,0.02258898837139801,0.0003021754992785953,0.023220660215975613,0.048111824086652225,243.30561832990776,304.4611192684941,3000.0,23.83282141881838,2.8328214188183805,263.6712473430891,0.013646287907052978,20.36562901318132,20.36562901318132,0.8545202708186548,0.0,26.529772969471157,1.0
12.189556502604225,0.9267111169060727,42153.70763193451,0.046202677419742134,3269434.041280728,0.022588588256989076,0.00030199649047625766,0.02324655390215403,0.04813713864961937,243.4990642648739,304.5020317534026,3000.0,23.83216477509925,2.83216477509925,263.65982185668105,0.013645920339395918,20.16075759180714,20.16075759180714,0.8459473900949134,0.0,26.26714515562291,1.0
12.219013837022954,0.9267867220287842,42160.58607805704,0.04619436035358669,3269700.7759269183,0.02258834533372561,0.00030188777388842554,0.023262270754099767,0.048152503861713804,243.61653407229105,304.5268743532772,3000.0,23.83176280595119,2.8317628059511906,263.65288415079885,0.013645697138008821,20.03635007850781,20.03635007850781,0.8407414189899707,0.0,26.107626606879496,1.0
12.23951370138539,0.9268390621900053,42165.34823990372,0.046188600993753735,3269885.4318587407,0.02258817717594506,0.0003018125018457244,0.02327314854348599,0.048163138221276776,243.69785945121026,304.54407246943595,3000.0,23.83148307259571,2.831483072595708,263.6480812931173,0.01364554261523536,19.950221841907023,19.950221841907023,0.8371372348558607,0.0,25.997173623898732,1.0
12.25042908521381,0.9268668396928837,42167.87568114162,0.046185543900148326,3269983.430805592,0.022588087937378244,0.000301772550926444,0.023278920599640013,0.0481687810879447,243.74102071542933,304.55319970003586,3000.0,23.831334126708263,2.831334126708262,263.64553236338605,0.013645460606897265,19.904511647956724,19.904511647956724,0.8352243958364601,0.0,25.938548048469485,1.0
12.289470900166554,0.9269656749188218,42176.869192504564,0.046174663370864434,3270332.1211862992,0.022587770443357608,0.00030163038270503704,0.023299453060153935,0.04818885388621658,243.89459842748062,304.58567532977406,3000.0,23.830801388864263,2.830801388864262,263.63646300798035,0.013645168804928403,19.741864580499737,19.741864580499737,0.8284179897418298,0.0,25.729913156975016,1.0
12.297789759171279,0.9269866299787826,42178.77612139446,0.04617235585405536,3270406.0505749974,0.02258770313344542,0.0003016002363114892,0.02330380532834195,0.04819310869809886,243.92716108453678,304.59256081783735,3000.0,23.83068787688629,2.830687876886291,263.63454012183803,0.013645106935459625,19.70737903730125,19.70737903730125,0.8269748292249552,0.0,25.685670536373056,1.0
12.33942809894772,0.9270909688443576,42188.27169163213,0.046160863003322304,3270774.157779839,0.022587368012935805,0.0003014501111971084,0.02332547065908088,0.04821428878321379,244.0893017526042,304.6268448530441,3000.0,23.830119723710396,2.8301197237103968,263.62496573936915,0.013644798868504148,19.535663986764945,19.535663986764945,0.8197887468994723,0.0,25.465338256592922,1.0
12.37792635155236,0.927186632278979,42196.97867580231,0.046150320775951686,3271111.658090293,0.022587060796354586,0.000301312436443418,0.023345326716274567,0.048233699949072575,244.2379689847275,304.6582782843209,3000.0,23.829594428241283,2.8295944282412835,263.6161874350786,0.013644516404328701,19.378218450351085,19.378218450351085,0.813199675248576,0.0,25.26326655510292,1.0
12.389385297728884,0.927214957580534,42199.5569278203,0.0461471983613766,3271211.5896692327,0.022586969838883354,0.00030127166574017906,0.02335120451243626,0.048239446017059796,244.28198980361145,304.66758551255646,3000.0,23.829438076941596,2.829438076941596,263.6135882380379,0.013644432766383743,19.33159843442644,19.33159843442644,0.8112486065348111,0.0,25.203423615953138,1.0
12.439342496510049,0.9273376546067863,42210.72608052791,0.046133667932840745,3271644.4644098887,0.02258657587588642,0.0003010950250211697,0.023376657758401465,0.04826432865930906,244.47268277984008,304.7079017374321,3000.0,23.82875644836728,2.8287564483672814,263.60232926708153,0.01364407045937056,19.129646487241445,19.129646487241445,0.8027966767251166,0.0,24.944144115135533,1.0
12.459438260350037,0.9273866493754648,42215.18650415613,0.04612826270267236,3271817.317806853,0.0225864185780095,0.0003010244738318203,0.023386818132241593,0.048274261184082914,244.54883270836862,304.7240006126217,3000.0,23.82848226180426,2.82848226180426,263.5978333905765,0.0136439257794677,19.04900068220789,19.04900068220789,0.7994214853013272,0.0,24.840584009494023,1.0
12.489299695291214,0.9274590732681303,42221.78031811938,0.04612027022299264,3272072.8290829808,0.022586186079112287,0.0003009201679934637,0.023401833501238405,0.048288939748344153,244.66140070193876,304.74779791262364,3000.0,23.828074837798816,2.828074837798818,263.5911876019297,0.01364371190865036,18.929786899990916,18.929786899990916,0.7944320734616094,0.0,24.687474823572284,1.0
12.50042908521381,0.9274859499525663,42224.22742967604,0.046117303428695744,3272167.6499450696,0.022586099803743192,0.0003008814544508411,0.02340740462889941,0.04829438588709345,244.70317599278044,304.7566291490988,3000.0,23.827922992050834,2.827922992050834,263.58872133344124,0.013643632538995566,18.885545340660798,18.885545340660798,0.7925804253673789,0.0,24.630647444797283,1.0
12.539256894072379,0.9275792267756225,42232.72079788175,0.04610700375443737,3272496.730297079,0.022585800404206737,0.0003007470738742171,0.02342673481144204,0.048313282289522995,244.84816341152037,304.787278379067,3000.0,23.827393245049503,2.8273932450495023,263.58016203030434,0.013643357075790232,18.73199861878396,18.73199861878396,0.7861539206633866,0.0,24.43339100161896,1.0
12.542302379840311,0.9275865109390146,42233.3840970109,0.046106199217004415,3272522.428803681,0.022585777025051976,0.00030073657828144217,0.023428244035361128,0.04831475763869455,244.85948602907737,304.78967183535775,3000.0,23.827351694432462,2.827351694432461,263.5794936181465,0.0136433355638898,18.720007589069127,18.720007589069127,0.785652045142863,0.0,24.417984634495056,1.0
12.589214092853544,0.9276981282061354,42243.54866597966,0.046093867067039926,3272916.2141873487,0.022585418807293745,0.0003005757221426014,0.02345136472575256,0.04833735925518891,245.0329905697818,304.82634743360734,3000.0,23.826711669934564,2.8267116699345647,263.5692513522406,0.013643005922739562,18.53626078245881,18.53626078245881,0.7779613502373707,0.0,24.181868103519044,1.0
12.626715578028275,0.9277865692920483,42251.603534886,0.04608409012759495,3273228.2340732184,0.022585135006504338,0.00030044822583313505,0.023469677199203724,0.0483552604315412,245.17047510955672,304.8554077198817,3000.0,23.826200041854403,2.8262000418544035,263.56113578784544,0.013642744717128438,18.390660678288725,18.390660678288725,0.7718671313924456,0.0,23.994724910771726,1.0
12.639171291634709,0.92781579050466,42254.26505764107,0.0460808587176083,3273331.3264236795,0.02258504124496699,0.00030040609253480775,0.023475726247693042,0.048361173585194844,245.2159016600895,304.8650093297559,3000.0,23.826030112271134,2.826030112271133,263.5584543798753,0.013642658411823556,18.3425527197858,18.3425527197858,0.7698535019620757,0.0,23.93288177493981,1.0
12.689128490415873,0.9279322264876426,42264.871097437644,0.0460679772794761,3273742.1122224554,0.02258466767427811,0.0003002381650377651,0.023499822348321243,0.048384728187637116,245.39691599220484,304.9032682787861,3000.0,23.825348571878184,2.825348571878184,263.5477699371409,0.013642314505733683,18.150853944936074,18.150853944936074,0.7618295232985638,0.0,23.68640784824601,1.0
12.71263085052098,0.927986583239134,42269.82285645169,0.04606196070256583,3273933.882678704,0.02258449329651148,0.0003001597466587625,0.02351106738949388,0.04839572043266413,245.48142356388868,304.9211290133415,3000.0,23.825027947178253,2.8250279471782522,263.54278203233974,0.013642153951466302,18.06135846845106,18.06135846845106,0.7580834116331092,0.0,23.571316378320155,1.0
12.739085689197038,0.9280474488430519,42275.367899267956,0.04605522134241219,3274148.6163467932,0.022584298052735482,0.00030007191988714357,0.02352365596630512,0.04840802593892775,245.5760527014572,304.9411284497557,3000.0,23.82466704857654,2.8246670485765413,263.5371968597591,0.013641974167527746,17.96114415830189,17.96114415830189,0.75388856942599,0.0,23.442422344647092,1.0
12.75042908521381,0.9280734437263027,42277.73622352801,0.046052342289166645,3274240.3262169445,0.02258421467141954,0.0003000344042263162,0.023529031417021288,0.048413280492667146,245.6164682861587,304.94966994086406,3000.0,23.82451230269678,2.8245123026967804,263.5348115074448,0.013641897382806212,17.91834322128608,17.91834322128608,0.7520969576891544,0.0,23.38736663497072,1.0
12.789042887978203,0.9281614701308306,42285.75656637611,0.046042589512493626,3274550.883108132,0.02258393233830178,0.0002999073375648956,0.023547230008079352,0.04843106968394603,245.75333074854478,304.97859396965544,3000.0,23.82398554218887,2.8239855421888693,263.5267339951998,0.013641637360628867,17.773403246654993,17.773403246654993,0.7460298032493698,0.0,23.20090147547343,1.0
12.80008585953487,0.9281865135368718,42288.03848324528,0.046039813874476754,3274639.236169541,0.022583852020740928,0.00029987117934159816,0.023552406274832738,0.04843612947491527,245.79226886576012,304.9868228210013,3000.0,23.82383489838413,2.8238348983841304,263.5244359526972,0.013641563382861625,17.732167086937096,17.732167086937096,0.7443036422377068,0.0,23.147843867189856,1.0
12.839000086759368,0.928274302782745,42296.038191315885,0.046030080412039986,3274948.956365706,0.02258357048939347,0.00029974439879761435,0.02357054734787872,0.0484538622360698,245.92876891842803,305.0156689233592,3000.0,23.82330405253967,2.8233040525396698,263.51638020269445,0.013641304048826186,17.587611284266416,17.587611284266416,0.7382523954477045,0.0,22.961821644675183,1.0
12.888957285540533,0.9283859591045641,42306.21385612756,0.04601769267931818,3275342.8795342315,0.02258321246487287,0.00029958308455191855,0.023593610828253994,0.04847640637767879,246.10238582287496,305.0523573543403,3000.0,23.822622579455253,2.8226225794552526,263.50613435303654,0.01364097419626872,17.40374853016158,17.40374853016158,0.7305555243598855,0.0,22.725159446316454,1.0
12.889152305772956,0.9283863926934987,42306.253373120024,0.04601764455680393,3275344.4092346923,0.022583211074676396,0.00029958245798057713,0.023593700368485744,0.04847649390114272,246.10306003467014,305.05249982453313,3000.0,23.82261991918942,2.8226199191894192,263.50609456588467,0.01364097291533979,17.40303453121453,17.40303453121453,0.7305256344704625,0.0,22.724240284002967,1.0
12.938914484321698,0.9284964512792957,42316.284632611685,0.04600542496814429,3275732.6955953236,0.02258285822403683,0.00029942337602851794,0.023616423260806135,0.04849870486087149,246.2741999046799,305.08866326573474,3000.0,23.821941122763686,2.821941122763686,263.4959953282842,0.013640647767456066,17.221795423604306,17.221795423604306,0.7229383757962344,0.0,22.490891659758894,1.0
12.979997763889559,0.9285864528552316,42324.48868527103,0.045995425373140816,3276050.2208853145,0.022582569713984983,0.0002992932267210623,0.023634997354374607,0.04851686029508065,246.41415655248198,305.1182363033659,3000.0,23.8213807256879,2.8213807256878995,263.487736569613,0.0136403818630637,17.073580017131007,17.073580017131007,0.7167334342933208,0.0,22.30001492571189,1.0
12.988871683102863,0.9286057913672547,42326.25158231451,0.045993275947801684,3276118.4470977373,0.022582507726615634,0.0002992652546604145,0.023638987426266227,0.048520760407542274,246.4442294369807,305.1245906203636,3000.0,23.821259682294794,2.821259682294796,263.4859620217543,0.013640324727238454,17.041732584773598,17.041732584773598,0.7154001430679967,0.0,22.25899525152545,1.0
13.00042908521381,0.9286309239393632,42328.54272022301,0.045990482085466994,3276207.114736764,0.02258242716936986,0.00029922889801865706,0.023644172487886545,0.04852582855527507,246.4833128443414,305.1328487702127,3000.0,23.82110203600627,2.8211020360062706,263.4836557971613,0.013640250472106277,17.000342952819892,17.000342952819892,0.7136673579217029,0.0,22.205682266315232,1.0
13.038828881884028,0.9287139913065061,42336.11575654806,0.04598124430292315,3276500.1761589297,0.022582160932770618,0.00029910870211065165,0.023661306074653766,0.04854257570953503,246.61249252318478,305.1601433408788,3000.0,23.82057825788016,2.8205782578801597,263.47603333798156,0.013640005040815719,16.863540814796778,16.863540814796778,0.7079400269898191,0.0,22.029447376316966,1.0
13.072588903557227,0.9287864709324063,42342.72408935779,0.04597317937505286,3276755.884061742,0.022581928653950402,0.0002990037863524373,0.023676250902649992,0.04855718334295284,246.72521002164143,305.183958953905,3000.0,23.82011777463355,2.8201177746335517,263.46938243512056,0.013639790885071236,16.744172413479134,16.744172413479134,0.7029424695502676,0.0,21.875642117765548,1.0
13.088786080665193,0.9288210629127746,42345.87819636187,0.045969328733427496,3276877.9244647417,0.022581817803093648,0.0002989537002707866,0.023683381925325903,0.04856415342869034,246.77900709609006,305.195325309733,3000.0,23.819896849353103,2.819896849353103,263.46620819272704,0.013639688673737804,16.687201096636983,16.687201096636983,0.7005572359180964,0.0,21.802225379116297,1.0
13.138743279446357,0.9289270178815032,42355.539932711086,0.04595752795424456,3277251.733276663,0.022581478298599623,0.00029880023125662436,0.023705217667470475,0.04858549619732672,246.94379092037454,305.23014036985654,3000.0,23.81921545654867,2.81921545654867,263.456485512789,0.01363937559189893,16.512694592414476,16.512694592414476,0.6932509856396049,0.0,21.57730679266804,1.0
13.167001859151213,0.9289864618550483,42360.96094449311,0.045950903123661645,3277461.45143706,0.022581287846557236,0.000298714092670645,0.023717463867580734,0.04859746580680861,247.0362421252271,305.24967268191125,3000.0,23.818830029650705,2.818830029650705,263.4510307923926,0.013639199937275796,16.41478866716551,16.41478866716551,0.6891517613053065,0.0,21.451091816941307,1.0
13.188700478227522,0.9290318677909886,42365.10198672315,0.04594584069493573,3277621.6434428864,0.02258114238071559,0.00029864827740261254,0.02372681596082037,0.04860660661893858,247.10686159678386,305.2645923256872,3000.0,23.81853407930358,2.81853407930358,263.44686423571545,0.013639065761528592,16.340002638931594,16.340002638931594,0.6860204991846985,0.0,21.35466933261424,1.0
13.238657677008687,0.9291356241024484,42374.565369685326,0.045934265699619406,3277987.695398557,0.02258081001127972,0.0002984978212602176,0.02374817943573575,0.04862748726827569,247.26823656157072,305.2986849431927,3000.0,23.817852717456223,2.8178527174562222,263.4373433097978,0.01363875914919157,16.169106748227108,16.169106748227108,0.6788650068516332,0.0,21.1342908991098,1.0
13.25042908521381,0.929159914220371,42376.780970114734,0.045931554492922015,3278073.390861742,0.022580732207576792,0.0002984625854554762,0.02375317940746569,0.04863237420049796,247.30601634613924,305.30666627645184,3000.0,23.817692170477528,2.8176921704775277,263.43511439080464,0.013638687367036299,16.129098044665398,16.129098044665398,0.6771897935878823,0.0,21.08268963578336,1.0
13.263286021780685,0.9291863758279434,42379.19470686481,0.04592860028979933,3278166.747333901,0.02258064745115076,0.00029842419395069463,0.023758625772107998,0.048637697417209455,247.3471738724994,305.3153611254962,3000.0,23.817516819242126,2.8175168192421256,263.43268621075646,0.01363860916685497,16.085512338257047,16.085512338257047,0.6753647939176259,0.0,21.026471419537383,1.0
13.288614875789852,0.929238298160453,42383.93108306555,0.04592280172686219,3278349.929167282,0.022580481152539116,0.0002983488455958686,0.023769310693361634,0.048648140691496616,247.42793308652034,305.3324219500122,3000.0,23.81717137084665,2.817171370846653,263.4279216940312,0.013638455721786914,15.999988607510886,15.999988607510886,0.671783746204876,0.0,20.916149577622033,1.0
13.338572074571017,0.9293399011928852,42393.200118490844,0.04591144754961757,3278708.384361,0.02258015576714914,0.0002982013333895331,0.023790212305689232,0.04866856940622791,247.58596827826568,305.36580703544337,3000.0,23.81649003931659,2.8164900393165913,263.4185983581186,0.013638155446548285,15.83263007985289,15.83263007985289,0.6647759621050863,0.0,20.70022364069106,1.0
13.361618677081037,0.9293864154725101,42397.44385861084,0.045906246234926444,3278872.4866000223,0.02258000681864477,0.0002981337706704148,0.023799778079669986,0.04867791866898517,247.65831887067878,305.3810908627256,3000.0,23.81617572775444,2.816175727754442,263.4143300971888,0.013638017975019226,15.756011226509997,15.756011226509997,0.6615676423712543,0.0,20.60135197104161,1.0
13.388529273352182,0.929440444312885,42402.3734579069,0.045900201954969945,3279063.1001868346,0.022579833818166393,0.0002980552678307749,0.02381088681602571,0.04868877590202288,247.7423590807094,305.3988438510812,3000.0,23.81580872270939,2.8158087227093906,263.40937228229166,0.01363785829103842,15.66701320158225,15.66701320158225,0.6578409066009622,0.0,20.48649154541877,1.0
13.438486472133347,0.9295399385218783,42411.452073837136,0.04588906374377309,3279414.115457785,0.022579515269038324,0.00029791063231345916,0.023831336739686505,0.048708762641038295,247.8971222791565,305.43153601181336,3000.0,23.81512742087,2.8151274208699975,263.4002424570335,0.013637564223140431,15.503120177877037,15.503120177877037,0.6509778387450965,0.0,20.27493192859594,1.0
13.461991886012152,0.9295863918864422,42415.691168451674,0.0458838599029917,3279578.0027886555,0.022579366554003305,0.0002978430697410303,0.023840881669523778,0.048718091293268116,247.96938175340338,305.4467998234084,3000.0,23.814806865893644,2.814806865893643,263.3959797858146,0.013637426920021971,15.426598032411192,15.426598032411192,0.6477733839825668,0.0,20.176136310386827,1.0
13.488443670914512,0.9296383947096464,42420.4369293722,0.04587803173058247,3279761.4685929655,0.02257920008360218,0.00029776741043428747,0.023851564564078435,0.04872853205811491,248.05027449985855,305.46388709584284,3000.0,23.814446133644946,2.8144461336449473,263.3912078830718,0.013637273211057767,15.34093338321324,15.34093338321324,0.644186024613843,0.0,20.065523608098868,1.0
13.50042908521381,0.9296618625018491,42422.57867947643,0.045875400665003944,3279844.2628934775,0.022579124962632792,0.0002977332580049227,0.023856384734965215,0.04873324295560293,248.0867800308127,305.47159822639486,3000.0,23.814282685691467,2.8142826856914684,263.3890544226425,0.013637203844292366,15.302274391829826,15.302274391829826,0.642567092773448,0.0,20.015601331463174,1.0
13.538400869695677,0.9297358236547416,42429.328978191195,0.04586710474355462,3280105.197619076,0.022578888226083022,0.0002976255859909186,0.02387157274885463,0.04874808656092858,248.20183221011757,305.49590064482464,3000.0,23.813764860882358,2.8137648608823587,263.382267571341,0.013636985223313254,15.18043536122343,15.18043536122343,0.6374647373023973,0.0,19.858245583508374,1.0
13.564525750320893,0.9297863681803908,42433.942393198755,0.045861431961286524,3280283.518553986,0.022578726455008122,0.00029755197067341346,0.02388194928754376,0.0487582277132253,248.28045911729632,305.5125087446666,3000.0,23.813408598224715,2.8134085982247155,263.3776294854503,0.013636835815355656,15.097170368153996,15.097170368153996,0.6339777149449948,0.0,19.750691844927317,1.0
13.588358068476841,0.9298322360244918,42438.12916454591,0.04585628162438811,3280445.340170419,0.022578579661092966,0.0002974851429806396,0.02389136372598505,0.04876742853005866,248.3518117177669,305.52758016386736,3000.0,23.813083602431934,2.8130836024319334,263.37342054298176,0.013636700228749247,15.021608825214855,15.021608825214855,0.6308132569475697,0.0,19.65307703756929,1.0
13.638315267258006,0.9299276423768335,42446.83842341202,0.045845561228085384,3280781.933495361,0.02257827435362461,0.00029734606559672514,0.023910939900202544,0.04878656031942388,248.50022917351558,305.55892912213517,3000.0,23.81240235814493,2.8124023581449276,263.3646658291726,0.01363641819652244,14.864436655657045,14.864436655657045,0.6242308706232964,0.0,19.44999733371055,1.0
13.669311898696478,0.9299863374103055,42452.19689887827,0.04583896075382823,3280989.009397426,0.022578086543799163,0.0002972604527819879,0.023922979266666408,0.048798326263247566,248.59153858357058,305.5782153447994,3000.0,23.81197967780805,2.8119796778080506,263.35927983329856,0.013636244681548717,14.767741249727976,14.767741249727976,0.6201811629921306,0.0,19.325034846517152,1.0
13.688272466039171,0.9300220531632334,42455.45768074023,0.04583494242260853,3281115.014466646,0.022577972269041034,0.0002972083382234347,0.023930303649671674,0.04880548425693615,248.64710057500636,305.5899509538082,3000.0,23.811721127874108,2.81172112787411,263.3560024708622,0.013636139096095401,14.70890189585586,14.70890189585586,0.6177168721599697,0.0,19.24898601119699,1.0
13.738229664820336,0.9301154787287599,42463.98785344756,0.045824424088817706,3281444.619581644,0.02257767337307487,0.00029707194543469054,0.023949457326071764,0.04882420264458133,248.79244176645165,305.6206490581058,3000.0,23.811039911473763,2.811039911473762,263.3474295187624,0.013635862897236587,14.554987752310751,14.554987752310751,0.6112705621604194,0.0,19.050022786331787,1.0
13.75042908521381,0.9301381445094117,42466.0574699275,0.04582187067571206,3281524.584387811,0.022577600863981407,0.0002970388396715473,0.02395410295652734,0.048828742660180294,248.82770303898204,305.62809666085263,3000.0,23.810873562258763,2.8108735622587644,263.34534965282063,0.013635795887564578,14.517646613838593,14.517646613838593,0.6097065937492387,0.0,19.001745322730144,1.0
13.776429808277893,0.9301862589439905,42470.45097470398,0.04581644826451278,3281694.331968712,0.02257744695025549,0.00029696854261005356,0.023963963041941965,0.048838378534807506,248.90255534958925,305.6439062727356,3000.0,23.81051902355709,2.810519023557093,263.3409345578664,0.013635653638735498,14.438379208277127,14.438379208277127,0.6063865804013941,0.0,18.899253378600072,1.0
13.788186863601501,0.9302079293124829,42472.429849438835,0.04581400512037799,3281770.784963764,0.022577377631826396,0.0002969368719923566,0.023968403254747788,0.048842717758566544,248.93626843879892,305.65102679941793,3000.0,23.81035870879967,2.81035870879967,263.3389460333119,0.013635589570019343,14.402677594512994,14.402677594512994,0.604891247992419,0.0,18.853087552922172,1.0
13.838144062382666,0.9302994150475128,42480.78456759554,0.04580368442370309,3282093.546362588,0.022577085011762765,0.00029680310284500546,0.023987143734787147,0.048861031849394915,249.07859612934834,305.681087507318,3000.0,23.809677519709126,2.8096775197091244,263.3305510846722,0.013635319084821941,14.251954955323868,14.251954955323868,0.5985782438055456,0.0,18.65816038348465,1.0
13.886022255005097,0.9303861973624195,42488.710516412066,0.04579388445235871,3282399.714109323,0.022576807467651987,0.0002966761108452736,0.024004913618017324,0.048878397196514586,249.21360827866982,305.70960274872095,3000.0,23.809024691428277,2.8090246914282755,263.32258773304994,0.013635062496002047,14.108979454380119,14.108979454380119,0.5925895595152049,0.0,18.47321142616824,1.0
13.88810126116383,0.9303899459627284,42489.052897919195,0.04579346091773348,3282412.9391599707,0.022576795479711836,0.00029667062312455013,0.024005681039442384,0.04887914714227877,249.219440224015,305.7108344771307,3000.0,23.808996344060894,2.808996344060894,263.32224375256976,0.013635051412322725,14.102803528554773,14.102803528554773,0.5923308704305248,0.0,18.465221526808946,1.0
13.938058459944996,0.9304795319855922,42497.23572177435,0.04578333353360891,3282728.99837997,0.022576509002852584,0.0002965394181415198,0.024024017416775706,0.048897065837769815,249.3588159612988,305.7402709708568,3000.0,23.808315181715187,2.808315181715187,263.31402312603683,0.013634786523491888,13.955207164738027,13.955207164738027,0.5861484552025605,0.0,18.27425140315806,1.0
13.98801565872616,0.9305681829422212,42505.33391188136,0.045773301214612226,3283041.7586890976,0.02257622554871424,0.00029640947338386355,0.024042155089740787,0.04891479011183889,249.49673843199653,305.76940021719685,3000.0,23.807634032533645,2.8076340325336466,263.3058883034056,0.013634524389591495,13.809149871409062,13.809149871409062,0.580030331974129,0.0,18.08523060530467,1.0
13.998211272886422,0.9305861614376326,42506.97632636892,0.045771265334923115,3283105.1867669923,0.022576168067906834,0.0002963831068955194,0.024045832536963574,0.048918383711765934,249.52470940323184,305.77530765510363,3000.0,23.80749502045482,2.8074950204548186,263.30423855390586,0.01363447122739678,13.779529150674023,13.779529150674023,0.5787895424879849,0.0,18.046891693067483,1.0
14.00042908521381,0.9305900671341779,42507.333133091095,0.045770822995633655,3283118.966052691,0.022576155580798316,0.0002963773783556391,0.024046631395750317,0.048919164354904274,249.53078589916214,305.7765910027529,3000.0,23.807464781769262,2.8074647817692613,263.30388015790146,0.01363445967824561,13.77309425873932,13.77309425873932,0.5785199887930178,0.0,18.03856260803433,1.0
14.037972857507325,0.9306559085577714,42513.348332337904,0.045763362916083544,3283351.2543976726,0.022575945085174513,0.0002962807745153792,0.02406009625632866,0.048932322116018556,249.63322257941502,305.7982254116771,3000.0,23.80695289637935,2.8069528963793493,263.29783839227264,0.013634264982174495,13.664615812857619,13.664615812857619,0.573975841105469,0.0,17.89813989886732,1.0
14.087930056288489,0.9307427184565055,42521.279838611976,0.04575351760536611,3283657.5194600676,0.022575667580458758,0.0002961533073745617,0.024077843089648873,0.0489496639774822,249.76828319910533,305.82674971667205,3000.0,23.806271773116798,2.806271773116799,263.2898725094927,0.013634008273084695,13.521589310387355,13.521589310387355,0.5679843294764279,0.0,17.712960223295347,1.0
14.113179508368635,0.9307862487207115,42525.257319806806,0.04574857662288673,3283811.0941016413,0.022575528439199476,0.0002960893468588105,0.024086739476373145,0.04895835726243143,249.83600886479147,305.8410530455646,3000.0,23.80592752350484,2.805927523504843,263.28587806891505,0.01363387954441757,13.449869204123587,13.449869204123587,0.5649798433958864,0.0,17.620087415551293,1.0
14.137887255069653,0.9308286221634189,42529.12927767737,0.045743764261600185,3283960.5874804375,0.022575393003134242,0.0002960270579714938,0.024095397738328767,0.0489668177994345,249.90193494103477,305.85497626193853,3000.0,23.80559066261191,2.8055906626119076,263.28198978102955,0.01363375423445211,13.380054839994784,13.380054839994784,0.5620551503899021,0.0,17.5296726894917,1.0
14.187844453850818,0.9309136291069511,42536.89748824872,0.04573410187541116,3284260.4917222867,0.022575121322100926,0.0002959020124833782,0.02411276232713374,0.04898378566171804,250.03419231346172,305.88290814550663,3000.0,23.80490956473195,2.8049095647319513,263.27418934170714,0.013633502838685118,13.239997028245426,13.239997028245426,0.5561876633995316,0.0,17.348258575079452,1.0
14.23089255091415,0.9309861673915542,42543.52683321757,0.045725847995700196,3284516.4065728276,0.0225748895142713,0.0002957952160611885,0.02412757454465604,0.048998259274988534,250.14705098957117,305.9067430328179,3000.0,23.804322673002904,2.804322673002904,263.26753305618405,0.013633288310029777,13.12048206661288,13.12048206661288,0.5511806509619009,0.0,17.193422601853186,1.0
14.237801652631983,0.9309977486190536,42544.58530077533,0.04572452944885877,3284557.2651087143,0.02257485250659068,0.0002957781572534615,0.024129938957046463,0.049000569620890604,250.16506968270727,305.9105484337022,3000.0,23.804228479345575,2.804228479345574,263.26647033520345,0.013633254058470415,13.101400652496181,13.101400652496181,0.550381234319944,0.0,17.16869932529784,1.0
14.25042908521381,0.9310188716848864,42546.515879602804,0.04572212399977294,3284631.7872216245,0.02257478500949695,0.0002957470378262304,0.02413425109674656,0.04900478314406974,250.19793410587857,305.9174891257319,3000.0,23.804056326743684,2.8040563267436847,263.2645320324427,0.013633191586427,13.0665979265641,13.0665979265641,0.5489231644895695,0.0,17.12360451363108,1.0
14.287758851413148,0.9310809899355602,42552.1935374628,0.04571504599535737,3284850.940223713,0.02257458652616561,0.0002956554787895907,0.024146929705407633,0.049017171710362836,250.29458127340868,305.9379001612683,3000.0,23.803547406322778,2.80354740632278,263.25883191401635,0.013633007866772061,12.964250640607673,12.964250640607673,0.544635235215574,0.0,16.99097655322574,1.0
14.337716050194313,0.9311633621962776,42559.72301226931,0.04570565053962462,3285141.549312493,0.02257432335071721,0.0002955339637631464,0.024163736625999445,0.049033593940479805,250.42274116834884,305.9649663313951,3000.0,23.80286634553493,2.80286634553493,263.2512732394555,0.013632764236831388,12.82853207110665,12.82853207110665,0.5389490444083889,0.0,16.815072040579636,1.0
14.351647699262053,0.9311861797458215,42561.808834212105,0.045703045973834185,3285222.049558855,0.022574250454674722,0.0002955002823381652,0.024168391095894717,0.049038141832907604,250.45824219326315,305.97246380290375,3000.0,23.8026764191181,2.8026764191180984,263.24917944683915,0.013632696748555016,12.790937253576004,12.790937253576004,0.5373739082258177,0.0,16.766339033538355,1.0
14.387673248975478,0.9312448744465142,42567.17453103367,0.04569634211748957,3285429.1242868765,0.02257406295046102,0.0002954135990061651,0.02418036174942211,0.0490498382988893,250.54956331053603,305.99174991622215,3000.0,23.802185296854724,2.8021852968547223,263.2437934815018,0.013632523142162616,12.694230170965795,12.694230170965795,0.5333220463855157,0.0,16.640967735404505,1.0
14.437630447756643,0.9313255356396873,42574.548891702165,0.04568711977559611,3285713.6967344917,0.02257380529592774,0.00029529437150712046,0.024196807083689424,0.04906590675112429,250.6750615069728,306.0182538576952,3000.0,23.801504260156154,2.801504260156154,263.23639181856845,0.01363228455654527,12.56133031159564,12.56133031159564,0.5277536316317357,0.0,16.4686457474266,1.0
14.475519295416742,0.9313861491369447,42580.09083419191,0.04568018213157635,3285927.540971039,0.022573611696994136,0.00029520469670617667,0.024209160987313988,0.0490779773810143,250.76936818104056,306.03817045600704,3000.0,23.80098775200442,2.8009877520044197,263.2308297798946,0.01363210526412352,12.461461598854015,12.461461598854015,0.5235690942198213,0.0,16.339129845802887,1.0
14.487587646537808,0.9314053546373916,42581.846884323575,0.04567798257135664,3285995.297919019,0.02257355035796258,0.00029517626840994696,0.024213074614305406,0.04908180124067794,250.79924942848209,306.0444810675884,3000.0,23.80082323531452,2.80082323531452,263.22906743749445,0.013632048454024166,12.429818009012365,12.429818009012365,0.5222431966374002,0.0,16.298088348821633,1.0
14.50042908521381,0.931425737017773,42583.710581784115,0.04567564750530095,3286067.2068958785,0.02257348526184109,0.0002951460902615889,0.02421722767665049,0.049085859028753176,250.83096174464157,306.0511783825605,3000.0,23.80064818058756,2.8006481805875603,263.22719710179246,0.013631988162195269,12.396235357150886,12.396235357150886,0.5208360403924455,0.0,16.25452972281205,1.0
14.537544845318973,0.9314843402097509,42589.069291070475,0.045668929572878436,3286273.9587814286,0.022573298107723627,0.00029505927701272105,0.02422916630439881,0.04909752368913516,250.92214060998617,306.0704344276203,3000.0,23.800142222206407,2.800142222206408,263.22181953351236,0.013631814808908462,12.299678923526187,12.299678923526187,0.5167901438862048,0.0,16.129277974350373,1.0
14.587502044100138,0.9315625010355293,42596.216886238406,0.045659959858914766,3286549.7099403734,0.022573048516681057,0.0002949433847666674,0.024245084094807873,0.0491130759962556,251.04374845041752,306.09611678948994,3000.0,23.799461220709695,2.7994612207096954,263.21464731023815,0.013631583595771489,12.170898859820625,12.170898859820625,0.5113938818593848,0.0,15.96219722199333,1.0
14.602713217911232,0.9315861372860482,42598.378475235746,0.045657245124303046,3286633.0985613205,0.022572973043967482,0.0002949083138110728,0.024249896566534233,0.049117777924312794,251.08052326589467,306.1038832726741,3000.0,23.799253868854375,2.799253868854376,263.21247839167313,0.01363151367418101,12.131955125778461,12.131955125778461,0.5097619947512437,0.0,15.911664649822338,1.0
14.637459242881302,0.9316398457035676,42603.29043636685,0.04565107251868635,3286822.58169726,0.02257280155661204,0.00029482857927349816,0.024260829904434792,0.04912846004032033,251.1640862147052,306.1215309753493,3000.0,23.79878023070353,2.7987802307035303,263.20754997953935,0.013631354789446642,12.043463764834144,12.043463764834144,0.5060538249475703,0.0,15.796828850716777,1.0
14.687416441662467,0.9317163827152877,42610.29070045774,0.0456422666515995,3287092.604045077,0.022572557199592353,0.0002947148482814267,0.024276405630816462,0.04914367767869024,251.2831670374305,306.14667977862564,3000.0,23.798099252068294,2.7980992520682944,263.20052676130524,0.013631128365020093,11.917359723874739,11.917359723874739,0.5007693932883737,0.0,15.633155775926783,1.0
14.733356350871794,0.9317860594138528,42616.66400342744,0.045634240049128125,3287338.4232286587,0.02257233476619753,0.00029461120089050157,0.02429058033552727,0.0491575263026153,251.39157380138437,306.16957439582825,3000.0,23.797473044011305,2.7974730440113067,263.1941330617231,0.013630922229532926,11.80255926033874,11.80255926033874,0.4959585094816983,0.0,15.48412615582293,1.0
14.737373640443632,0.9317921204847595,42617.21842997165,0.045633541367203705,3287359.8066686396,0.022572315417995696,0.0002946021796842835,0.024291813150198186,0.04915873074787817,251.40100392269844,306.1715659640441,3000.0,23.7974182846856,2.797418284685603,263.1935768834408,0.013630904297830723,11.792572960742376,11.792572960742376,0.49554001277236337,0.0,15.471161070126588,1.0
14.75042908521381,0.9318117825435728,42619.01700945662,0.04563127433745507,3287429.1743531674,0.02257225265364476,0.000294572909314475,0.024295812145463523,0.04916263770842276,251.43159512700274,306.1780265931958,3000.0,23.79724032754727,2.79724032754727,263.19177264615905,0.013630846127235781,11.760177519156315,11.760177519156315,0.49418240759383086,0.0,15.429101103246621,1.0
14.787330839224797,0.9318670673390378,42624.07436884856,0.04562489578512372,3287624.2189457715,0.02257207618449219,0.0002944905615203083,0.024307054317661857,0.04917362106367436,251.51760974443604,306.1961922677378,3000.0,23.7967373284383,2.7967373284383,263.1866995818356,0.013630682563469252,11.669089837399582,11.669089837399582,0.4903651150300521,0.0,15.31082796297749,1.0
14.837288038005962,0.9319412315182872,42630.85925350964,0.045616329035012976,3287885.8699477487,0.022571839472047585,0.0002943799819712252,0.02432213096721069,0.0491883504212295,251.63299724636957,306.2205613972894,3000.0,23.796056383210455,2.7960563832104537,263.1798941003527,0.013630463137778005,11.546896853983156,11.546896853983156,0.48524413743321704,0.0,15.152139841795433,1.0
14.867768499015527,0.9319861004623969,42634.96433572528,0.04561114054466063,3288044.1674480084,0.022571696273220004,0.0002943130190715504,0.024331249671351102,0.04919725896364266,251.70280575964148,306.23530459438155,3000.0,23.795640922435606,2.7956409224356062,263.1757768193231,0.013630330383031485,11.47297105968164,11.47297105968164,0.48214591475300017,0.0,15.056120190209882,1.0
14.887245236787127,0.932014621177132,42637.57381297114,0.04560784025638766,3288144.7884440604,0.022571605253918523,0.0002942704293597838,0.02433704491210244,0.04920292059538075,251.74717904391656,306.2446760321742,3000.0,23.79537544888734,2.79537544888734,263.17315969070427,0.013630245996847017,11.425980646787707,11.425980646787707,0.4801765230109861,0.0,14.995080249397633,1.0
14.937202435568292,0.9320872443870586,42644.21876905495,0.0455994285983586,3288401.002910888,0.022571373503644455,0.00029416189214598933,0.02435179794539562,0.04921733334118607,251.8601676277249,306.26853882455003,3000.0,23.794694525355407,2.7946945253554083,263.1664956122315,0.013630031117007061,11.306327984506567,11.306327984506567,0.47516172029267484,0.0,14.83963287966809,1.0
14.987159634349457,0.9321591091364831,42650.79483638556,0.04559109321959274,3288654.541531339,0.022571144195047053,0.0002940543589263035,0.02436639184002011,0.04923159039399347,251.97197536358226,306.292152399279,3000.0,23.794013612502276,2.794013612502278,263.1599011318983,0.013629818474829563,11.187925768316063,11.187925768316063,0.4701991833121211,0.0,14.68578157811819,1.0
15.00042908521381,0.9321780711120705,42652.53005851292,0.04558889192189549,3288721.439324345,0.022571083694038423,0.00029402596366264665,0.024370241691917587,0.04923535134961866,252.00147640572652,306.2983829925967,3000.0,23.79383275266817,2.7938327526681705,263.1581611359185,0.013629762366748456,11.156684730191955,11.156684730191955,0.4688897684607318,0.0,14.64518238963308,1.0
15.005998175516531,0.9321860135727053,42653.25688849242,0.04558796963561582,3288749.460301645,0.0225710583528731,0.00029401406719586687,0.02437185414609352,0.04923692656616249,252.01383326716388,306.30099275453466,3000.0,23.7937568473562,2.7937568473561996,263.15743231684,0.013629738865043286,11.14359904967614,11.14359904967614,0.4683413015088595,0.0,14.62817634973355,1.0
15.037116833130622,0.9322302233310714,42657.30272241052,0.04558283328825015,3288905.432196578,0.02257091730222881,0.0002939478184325364,0.02438082834889878,0.049245693469560134,252.08261449272734,306.31551935403286,3000.0,23.793332710216735,2.7933327102167356,263.15337552426206,0.013629608047125761,11.070761031534715,11.070761031534715,0.4652883715941562,0.0,14.533510341885984,1.0
15.087074031911786,0.9323005947938745,42663.74312740401,0.04557464798193999,3289153.7025063066,0.022570692799572203,0.0002938422595309877,0.024395109205031212,0.0492596442641344,252.1920971318796,306.3386422593375,3000.0,23.792651818388734,2.7926518183887326,263.14691807146096,0.01362939981094642,10.954820939581367,10.954820939581367,0.4604287501536363,0.0,14.38280332011734,1.0
15.137031230692951,0.9323702312665972,42670.11674457436,0.045566536487566076,3289399.3797732363,0.02257047066173531,0.0002937376712201708,0.02440923612180673,0.049273444454762214,252.30043527504046,306.3615236589899,3000.0,23.791970936909365,2.791970936909367,263.1405280630978,0.013629193743578185,10.840092788057348,10.840092788057348,0.45561978941562636,0.0,14.23364481189391,1.0
15.148438807810647,0.9323860302685003,42671.562846015055,0.04556469451984621,3289455.118604569,0.02257042026625982,0.00029371392377678464,0.024412440548758192,0.0492765747387948,252.3250146963408,306.36671495117514,3000.0,23.791815461097464,2.791815461097462,263.1390783091062,0.013629146990527604,10.814063612765409,10.814063612765409,0.45452872776555153,0.0,14.199800459531954,1.0
15.186988429474116,0.932439140411902,42676.42426026648,0.04555849800107217,3289642.491031216,0.022570250863644094,0.00029363404262725077,0.024423210793526495,0.04928709569979784,252.4076407969114,306.3841660708148,3000.0,23.79129006567085,2.7912900656708497,263.13420479602837,0.013628989822536883,10.726563999116962,10.726563999116962,0.45086096506362366,0.0,14.08601926191932,1.0
15.236945628255281,0.932507329813475,42682.666353959714,0.04555053172740657,3289883.063035468,0.022570033380491794,0.0002935313630073176,0.02443703489547079,0.049300599638969905,252.5137254528359,306.40657198668674,3000.0,23.790609204566504,2.790609204566505,263.1279475743557,0.013628788025567419,10.614222121519788,10.614222121519788,0.4461517580425151,0.0,13.939911260995423,1.0
15.25042908521381,0.932525611775488,42684.33997197672,0.045548393901907486,3289947.561742624,0.022569975075279827,0.00029350381100811437,0.024440740434678924,0.04930421932096687,252.54216714588634,306.41257913872784,3000.0,23.790425441754692,2.790425441754691,263.12626997803886,0.013628733921676394,10.584102832152524,10.584102832152524,0.44488917855064136,0.0,13.900734769835982,1.0
15.286902827036446,0.9325748069763294,42688.84369828763,0.0455426368804641,3290121.122263658,0.022569818187737668,0.00029342962174237297,0.024450710084013887,0.04931395789349393,252.61870087911595,306.42874387262975,3000.0,23.789928353490765,2.789928353490766,263.1217557094018,0.013628588330642977,10.503054830285834,10.503054830285834,0.44149165454483974,0.0,13.79530554597383,1.0
15.295236182324055,0.9325859940447704,42689.86788611028,0.045541326838168146,3290160.590207568,0.02256978251264218,0.0002934127408714812,0.02445297686430164,0.049316172117815305,252.6361046829853,306.43241975933,3000.0,23.78981478176013,2.7898147817601275,263.1207291573939,0.01362855522258342,10.484624474408605,10.484624474408605,0.44071904596950723,0.0,13.771329015561838,1.0
15.33686002581761,0.9326415793269515,42694.95695904331,0.045534812683044275,3290356.6949164052,0.022569605261106185,0.00029332880834053007,0.024464237996706484,0.049327172066153196,252.7225785930881,306.45068416886494,3000.0,23.789247512339173,2.7892475123391716,263.1156285196947,0.013628390715964703,10.393049926606636,10.393049926606636,0.4368801460078086,0.0,13.65218700003432,1.0
15.386817224598776,0.9327076542144898,42701.00679528067,0.0455270583667076,3290589.806921485,0.022569394576582854,0.00029322891243390765,0.02447762025256917,0.04934024374158594,252.82536999483187,306.4723952902017,3000.0,23.788566681008348,2.7885666810083487,263.1095653308591,0.013628195159958278,10.28419533602721,10.28419533602721,0.4323167290376355,0.0,13.510540650700214,1.0
15.43677442337994,0.9327730389129628,42706.993859508904,0.045519373171533616,3290820.483941612,0.02256918611040691,0.00029312992377526363,0.024490858452590938,0.049353174486773115,252.9270863704669,306.4938796267629,3000.0,23.787885859395985,2.787885859395984,263.10356547541363,0.01362800164126747,10.176479104946736,10.176479104946736,0.42780090526317727,0.0,13.370351665650603,1.0
15.446723251673228,0.9327859783027456,42708.178727102175,0.04551785087503246,3290866.134069961,0.022569144857800868,0.00029311031791671814,0.02449347773908003,0.04935573291479761,252.94721550387553,306.4981312974364,3000.0,23.787750276938247,2.7877502769382483,263.10237812623166,0.013627963344001076,10.15516262235613,10.15516262235613,0.42690723183694085,0.0,13.342606169832084,1.0
15.486731622161106,0.9328377406213247,42712.91879769112,0.045511756346088394,3291048.751374676,0.02256897983907075,0.0002930318322373333,0.024503954179793085,0.04936596585110117,253.02773889212125,306.5151395440065,3000.0,23.787205047400818,2.7872050474008194,263.09762829276525,0.013627810138754063,10.069889400644001,10.069889400644001,0.423332181337728,0.0,13.231605353122868,1.0
15.50042908521381,0.9328553624326846,42714.532553383375,0.04550967977892098,3291110.921072306,0.022568923663087152,0.0002930050924914458,0.024507520138725106,0.04936944889430371,253.0551518325999,306.5209297814002,3000.0,23.787018381332338,2.7870183813323384,263.09601127344246,0.013627757981246056,10.040859440842553,10.040859440842553,0.4221150915123711,0.0,13.193813414890183,1.0
15.53668882094227,0.9329017664637528,42718.782249263415,0.04550420714737111,3291274.634354751,0.02256877573931874,0.000292934627811904,0.024516908999337585,0.04937861936646823,253.1273386182501,306.5361773828199,3000.0,23.78652424492265,2.7865242449226506,263.09175312918245,0.013627620631497054,9.964414510932357,9.964414510932357,0.4189100689252366,0.0,13.09428716182546,1.0
15.586646019723435,0.9329651234897998,42724.58484714171,0.04549672484077412,3291498.15775264,0.0225685737881464,0.00029283830060906603,0.024529724458607564,0.04939113654736303,253.22589649374885,306.55699545957026,3000.0,23.785843451862323,2.7858434518623234,263.0859393377815,0.013627433098792342,9.860042844032648,9.860042844032648,0.414534084695687,0.0,12.958382681128912,1.0
15.60320358337079,0.932985975854259,42726.4947118266,0.04549425957700458,3291571.724831917,0.02256850732461972,0.0002928065662766961,0.024533941464293444,0.04939525535518986,253.25833400674128,306.56384720358074,3000.0,23.785617815282723,2.7856178152827247,263.08402587522266,0.013627371376042191,9.825691868481385,9.825691868481385,0.4130938260585431,0.0,12.913648653980083,1.0
15.6366032185046,0.933027818675509,42730.327217816935,0.04548930869994957,3291719.3461798024,0.022568373962796564,0.00029274284085526755,0.02454240208748196,0.04940351889113379,253.3234233515697,306.5775960664707,3000.0,23.785162668121718,2.7851626681217185,263.0801862784241,0.013627247520149474,9.756762926854407,9.756762926854407,0.4102037502535561,0.0,12.823877639172004,1.0
15.686560417285765,0.9330898589255294,42736.00998154182,0.045481958006579344,3291938.2239958188,0.02256817624075232,0.0002926482388901292,0.02455494339881146,0.049415767878453906,253.4199299158992,306.5979814722752,3000.0,23.78448189360372,2.7844818936037203,263.0744933175233,0.013627063875285507,9.65456340162413,9.65456340162413,0.4059185919967633,0.0,12.69075789880088,1.0
15.73651761606693,0.9331512510731795,42741.63375233017,0.04547467205034535,3292154.815308616,0.022567980599736578,0.0002925544851658441,0.024567349888478793,0.049427884973381214,253.51542680214763,306.61815392229994,3000.0,23.783801128212218,2.783801128212218,263.06885982803743,0.01362688214412487,9.553433025889802,9.553433025889802,0.4016781411175513,0.0,12.55900945790914,1.0
15.75042908521381,0.9331682323566928,42743.18937239451,0.04547265457490114,3292214.7252259245,0.022567926487471954,0.0002925285274900317,0.02457078089713263,0.04943123591209461,253.5418413002602,306.62373369277776,3000.0,23.783611558611526,2.783611558611525,263.06730158507327,0.01362683187581561,9.525460284813079,9.525460284813079,0.40050520760225405,0.0,12.522563986519783,1.0
15.764963909732511,0.9331859215829502,42744.80987572467,0.04547055198681706,3292277.1327631124,0.022567870120545768,0.0002925014759452291,0.02457435463411455,0.04943472623060555,253.56935687828798,306.62954608159805,3000.0,23.78341349538221,2.7834134953822103,263.06567837959915,0.013626779511457575,9.496321501311172,9.496321501311172,0.399283370452899,0.0,12.484597557769776,1.0
15.786474814848095,0.9332120018807196,42747.19913797525,0.045467450128880066,3292369.143975429,0.022567787017710852,0.00029246157024632763,0.02457962303550068,0.049439871623457865,253.60992451726622,306.63811563851243,3000.0,23.7831203718521,2.7831203718521005,263.0632851894454,0.013626702306798667,9.453360672179201,9.453360672179201,0.39748193358881045,0.0,12.428618449320123,1.0
15.83643201362926,0.9332721180395089,42752.706740057736,0.04546029154772882,3292581.2336033517,0.022567595472874548,0.0002923694848065219,0.024591764302106016,0.04945172925978709,253.7034334598892,306.6578688195832,3000.0,23.78243962442925,2.7824396244292533,263.0577687877322,0.013626524343644288,9.354335327842989,9.354335327842989,0.39332951015816914,0.0,12.299571140904872,1.0
15.886389212410425,0.9333316061710515,42758.157154035274,0.04545319562022571,3292791.1075530318,0.02256740594366133,0.0002922782196305947,0.024603775133992926,0.04946345929728485,253.79596392186392,306.67741564122963,3000.0,23.781758885850547,2.781758885850546,263.05231001529296,0.01362634823520238,9.256346093429045,9.256346093429045,0.389220416280324,0.0,12.171853933774873,1.0
15.932432132491899,0.933385882759584,42763.1303797728,0.045446710573977665,3292982.595194601,0.02256723303107281,0.0002921948238415988,0.0246147306133785,0.04947415846829291,253.88038668109803,306.6952500355552,3000.0,23.78113149269289,2.7811314926928907,263.0473294664356,0.013626187551130918,9.166942785337568,9.166942785337568,0.38547126271742993,0.0,12.055309947907121,1.0
15.93634641119159,0.9333904728290192,42763.550969421674,0.045446161667274956,3292998.788945804,0.022567218408732395,0.00029218776560892604,0.024615656960782367,0.04947506313512369,253.88752609130606,306.6967582568805,3000.0,23.781078156023803,2.781078156023801,263.04690827074705,0.013626173962210953,9.159382179440996,9.159382179440996,0.38515420198141453,0.0,12.045453358355363,1.0
15.986303609972754,0.9334487244993158,42768.888769786725,0.04543918901732377,3293204.300663916,0.022567032846976063,0.00029209811373756426,0.02462741119607515,0.049486542156788785,253.97813005260733,306.7158987976971,3000.0,23.780397434857793,2.7803974348577944,263.04156295893256,0.013626001505605258,9.063432906325232,9.063432906325232,0.3811304218591346,0.0,11.92035607467075,1.0
16.00042908521381,0.9334650846085306,42770.387962628476,0.045437228515244704,3293262.0190801625,0.022566980734049676,0.0002920729087716397,0.024630711778827568,0.04948976542164889,254.0035760716078,306.72127446051667,3000.0,23.78020496145315,2.7802049614531494,263.0400617163995,0.013625953070026295,9.036485644791725,9.036485644791725,0.3800003262982611,0.0,11.885219150027261,1.0
16.03626080875392,0.933506367600334,42774.17113277396,0.04543227700631656,3293407.6653514393,0.022566849237506674,0.00029200925511744445,0.024639039237547653,0.04949789773017177,254.0677857867493,306.73483937265775,3000.0,23.77971672226225,2.7797167222622523,263.03627349088254,0.0136258308465171,8.968487704133224,8.968487704133224,0.377148635069191,0.0,11.796548872200539,1.0
16.086218007535084,0.9335634084831157,42779.39863010946,0.04542542497765917,3293608.90541483,0.022566667559663828,0.00029192118095374103,0.024650542467027373,0.04950913120764494,254.15650317146827,306.7535820686103,3000.0,23.779036018147846,2.779036018147847,263.0310392838102,0.01362566196627445,8.8745361123419,8.8745361123419,0.37320840531840616,0.0,11.674018669936714,1.0
16.10607061420667,0.9335859102781684,42781.46088930408,0.04542271854434794,3293688.2916802936,0.02256659589407246,0.00029188639683569044,0.024655079410764863,0.049513561701673016,254.1915004116322,306.76097578838625,3000.0,23.77876551390196,2.7787655139019583,263.02897446557694,0.013625595344366127,8.837474053944732,8.837474053944732,0.3716540309368883,0.0,11.625677798829056,1.0
16.13617520631625,0.9336198534323312,42784.571827686006,0.04541863228210367,3293808.043026386,0.022566487793009033,0.00029183388255420167,0.02466192225073314,0.04952024392629638,254.2442919826991,306.7721289505941,3000.0,23.778355322426187,2.7783553224261848,263.0258597610192,0.013625494846398594,8.781567778320095,8.781567778320095,0.36930930080087987,0.0,11.552752514665178,1.0
16.186132405097414,0.9336757086682159,42789.69128573497,0.04541189827754045,3294005.1001310796,0.022566309917319317,0.00029174735132629523,0.024673179939707475,0.04953123720835309,254.33116189751254,306.7904820624762,3000.0,23.777674635009777,2.7776746350097774,263.02073435172616,0.013625329468598497,8.689572454213618,8.689572454213618,0.36545089406763365,0.0,11.432737577171844,1.0
16.23608960387858,0.9337309803466323,42794.75755882659,0.045405222328973364,3294200.0984467757,0.022566133912586762,0.0002916615787767167,0.024684316869870236,0.049542112361233716,254.41712249413712,306.80864342697174,3000.0,23.776993955812042,2.776993955812042,263.01566249105434,0.01362516581477067,8.598539996917225,8.598539996917225,0.3616327620260592,0.0,11.313961152479607,1.0
16.25042908521381,0.9337467383405529,42796.202011745074,0.045403316730895385,3294255.6926020705,0.022566083735805504,0.00029163709797681993,0.02468749144309295,0.04954521227687528,254.44162959791356,306.8138212446084,3000.0,23.77679857833585,2.7767985783358493,263.0142165000528,0.013625119156250596,8.572586902139221,8.572586902139221,0.3605442033710167,0.0,11.280095115442569,1.0
16.286046802659744,0.933785674559313,42799.77119588702,0.045398603808477433,3294393.0594650884,0.022565959759017536,0.0002915765565106713,0.024695334362108332,0.04955287067763654,254.50218325226675,306.82661504572394,3000.0,23.7763132847473,2.776313284747298,263.0106436200119,0.013625003866998516,8.50846036774513,8.50846036774513,0.3578544859266881,0.0,11.196410659686373,1.0
16.28617927098456,0.9337858188261948,42799.784420741875,0.04539858633435636,3294393.5684382142,0.02256595929966899,0.0002915763320525319,0.024695363418880716,0.04955289905060224,254.5024076146273,306.8266624494486,3000.0,23.77631147986589,2.7763114798658886,263.01063038173965,0.01362500343982406,8.508222767112358,8.508222767112358,0.35784451992552496,0.0,11.19610057711594,1.0
16.33600400144091,0.9338397973340223,42804.73274020784,0.04539204209516496,3294584.004451951,0.02256578743703116,0.00029149227623126965,0.024706233722348286,0.04956351343561072,254.58635355324205,306.8443988993569,3000.0,23.775632621730765,2.7756326217307628,263.00567718547677,0.013624843607551944,8.419323632234722,8.419323632234722,0.35411565135556133,0.0,11.080073641972689,1.0
16.385961200222074,0.9338933546354743,42809.64272952515,0.04538553657507836,3294772.9544508574,0.022565616927257334,0.0002914087297379856,0.024717016241781,0.049574041898776317,254.66964268141496,306.86199694777764,3000.0,23.774951966678543,2.7749519666785414,263.0007626401127,0.01362468501888468,8.33111995869777,8.33111995869777,0.3504158481739158,0.0,10.964937764965311,1.0
16.43591839900324,0.9339463523671833,42814.50169618425,0.04537908664099276,3294959.930289389,0.022565448210529863,0.000291325908923959,0.02472768319727313,0.04958445731672695,254.7520598269658,306.87941113078386,3000.0,23.774271319507598,2.7742713195075974,262.99589944219923,0.013624528083628866,8.24383961523344,8.24383961523344,0.3467546703931611,0.0,10.850990813081157,1.0
16.47349251485012,0.9339858481751157,42818.1229514882,0.045374271739793755,3295099.2713813283,0.022565322484252553,0.0002912640905333437,0.024735630710995344,0.04959221728578124,254.81347886153992,306.89238880369805,3000.0,23.773759392111174,2.7737593921111743,262.99227521292494,0.013624411127570344,8.178796351385017,8.178796351385017,0.34402621043178305,0.0,10.766064408385494,1.0
16.485875597784403,0.9339987963715256,42819.31016714037,0.045372691692393045,3295144.9525794317,0.02256528126788625,0.00029124380577554324,0.024738235851417684,0.04959476092507948,254.8336140859382,306.89664336808437,3000.0,23.773590680135754,2.773590680135756,262.9910870556259,0.01362437278459496,8.157472969687689,8.157472969687689,0.3431317161737685,0.0,10.738220689721746,1.0
16.50042908521381,0.934013970992836,42820.70154386901,0.04537083897846848,3295198.4885979067,0.02256523296529403,0.00029122002140579816,0.024741288721808263,0.04959774170850809,254.85721139399143,306.9016294990758,3000.0,23.77339239832486,2.773392398324858,262.98969459628256,0.013624327848329787,8.132483202291127,8.132483202291127,0.34208341266701864,0.0,10.705588225552335,1.0
16.53583279656557,0.9340506924299696,42824.068663975035,0.04536635113543473,3295328.041717988,0.022565116080566754,0.0002911624123716473,0.024748675452618045,0.049604953945556446,254.91431446053943,306.9136955593745,3000.0,23.772910048481698,2.7729100484816964,262.98632494987146,0.013624219104771079,8.07201048933203,8.07201048933203,0.3395465878123559,0.0,10.626615417096138,1.0
16.585789995346733,0.9341020462632358,42828.77770290603,0.045360064382912006,3295509.2178877434,0.022564952630013672,0.0002910817208831741,0.024759003235157385,0.049615037586054234,254.99416985933328,306.930569584389,3000.0,23.772229424464953,2.7722294244649532,262.9816125999889,0.01362406702732261,7.987442740655638,7.987442740655638,0.3359988917335385,0.0,10.516163136188037,1.0
16.635747194127898,0.9341528635321582,42833.437794861784,0.045353830854157985,3295688.501060103,0.02256479089786842,0.00029100172357159065,0.024769220419408777,0.04962501304084879,255.07318909852816,306.9472673031848,3000.0,23.771548808005903,2.771548808005902,262.9769494865268,0.013623916535589708,7.903760387998631,7.903760387998631,0.33248823843302805,0.0,10.40685210520083,1.0
16.668443937888892,0.9341858353623922,42836.46154358352,0.04534977958140703,3295804.8255782877,0.022564685966651735,0.0002909497378990864,0.02477584821438888,0.049631483918939706,255.12445826935735,306.95810130432466,3000.0,23.77110335189609,2.7711033518960897,262.973923912963,0.01362381889012821,7.849465643605669,7.849465643605669,0.3302104040946656,0.0,10.33592089774106,1.0
16.685704392909063,0.9342031498394522,42838.04944563901,0.045347649974857226,3295865.9110014304,0.0225646308659657,0.0002909224127863763,0.024779328212226528,0.04963488149097861,255.15138090467687,306.963790556722,3000.0,23.770868199025735,2.770868199025735,262.9723350953666,0.013623767613082123,7.820954190689719,7.820954190689719,0.3290142423578061,0.0,10.29867069603791,1.0
16.735661591690228,0.9342529107297755,42842.61315590385,0.04534152117702458,3296041.4672732595,0.022564472516333152,0.00029084378096460976,0.02478932780699385,0.04964464410429162,255.2287539147226,306.980141166884,3000.0,23.77018759744646,2.7701875974464603,262.96776891771725,0.013623620243479077,7.739015002994648,7.739015002994648,0.325576521904523,0.0,10.191607394459227,1.0
16.75042908521381,0.9342675203862502,42843.953094473945,0.04533971937724759,3296093.0100974888,0.022564426027251432,0.0002908206660873946,0.02479226317052632,0.04964750986386515,255.25147006378455,306.98494165972215,3000.0,23.769986411042392,2.7699864110423915,262.9664283008909,0.013623576975592787,7.714958237106373,7.714958237106373,0.3245672127739364,0.0,10.160171605804786,1.0
16.785618790471393,0.9343021516899445,42847.129421207515,0.045335443898968986,3296215.1892330647,0.022564315831190427,0.0002907658206303649,0.02479922038370121,0.049654302035522,255.30531667628867,306.99632093654833,3000.0,23.7695070031909,2.7695070031908995,262.9632504500955,0.013623474410628656,7.657933773806803,7.657933773806803,0.32217469940705024,0.0,10.085650799896273,1.0
16.835575989252558,0.9343508781490946,42851.59873199667,0.04532941758526328,3296387.096034818,0.02256416079294855,0.0002906885243941865,0.024809007109012984,0.04966385642635572,255.38107764788276,307.0123316496397,3000.0,23.768826416182684,2.768826416182684,262.9587791943109,0.01362333009854743,7.577701546428159,7.577701546428159,0.31880840112783115,0.0,9.980789625381663,1.0
16.871710790559145,0.9343858051165538,42854.80246285008,0.0453250901134969,3296510.31827127,0.02256404966801064,0.0002906330246148892,0.02481602067745144,0.049670703370076966,255.43538173385642,307.02380807671636,3000.0,23.76833414172777,2.76833414172777,262.9555742127052,0.013623226654289517,7.52019247884877,7.52019247884877,0.3163954374760448,0.0,9.905618337759979,1.0
16.885533188033722,0.9343990954794863,42856.021573683305,0.04532344168665135,3296557.206631839,0.022564007384207146,0.00029061188495176565,0.02481868913646334,0.04967330840562225,255.45604520010855,307.0281750713945,3000.0,23.768145836346246,2.7681458363462452,262.9543546573922,0.01362318729141808,7.498309457283625,7.498309457283625,0.31547725720435504,0.0,9.877012696076855,1.0
16.935490386814887,0.9344468089981941,42860.39842679547,0.04531751565987018,3296725.5397827486,0.022563855587748923,0.0002905358950815262,0.024828267606828658,0.04968265908965911,255.53022761825295,307.04385294891597,3000.0,23.767465263606788,2.7674652636067885,262.9499763514318,0.013623045973584465,7.419748733178864,7.419748733178864,0.3121809015343394,0.0,9.774308945885673,1.0
16.985447585596052,0.934494023967166,42864.72976697897,0.04531163896763019,3296892.114051686,0.022563705386539276,0.00029046054764424493,0.024837743648172112,0.049691909582355635,255.60363310233924,307.0593670111937,3000.0,23.766784697890294,2.7667846978902957,262.94564379358104,0.013622906129551502,7.342010691241796,7.342010691241796,0.3089189717738102,0.0,9.672667417580413,1.0
17.00042908521381,0.9345080867159757,42866.01987787887,0.045309886161987306,3296941.727387314,0.02256366065159981,0.0002904380761092796,0.024840565589584206,0.0496946643172933,255.62549621395348,307.06398779916793,3000.0,23.766580606639494,2.7665806066394945,262.9443533623028,0.013622864477147653,7.318857148349338,7.318857148349338,0.3079474186667275,0.0,9.642391887980633,1.0
17.035404784377217,0.9345407455934287,42869.016065012154,0.04530581107858184,3297056.9478090247,0.022563556763725526,0.0002903858355824984,0.02484711837591711,0.04970106097522514,255.67626976740902,307.07471896917093,3000.0,23.76610413912352,2.7661041391235193,262.94135650603056,0.013622767743984585,7.265086738621534,7.265086738621534,0.30569110932497434,0.0,9.572077262606559,1.0
17.08401589630796,0.934585739634258,42873.14407484175,0.04530018656937209,3297215.6866501356,0.022563413644837518,0.0002903137399115128,0.02485614429715599,0.04970987168190502,255.74621886722522,307.08950327098773,3000.0,23.765441924480644,2.765441924480643,262.9372277458285,0.013622634472800895,7.191008878603299,7.191008878603299,0.30258258615405265,0.0,9.475196533015746,1.0
17.085361983158382,0.9345869790292446,42873.2577868166,0.04530003146728704,3297220.0592319313,0.022563409702636195,0.00029031175192017306,0.02485639289291049,0.04971011434746686,255.74814564372923,307.0899105157965,3000.0,23.765423587233983,2.765423587233982,262.9371140159967,0.013622630801709203,7.188968372267482,7.188968372267482,0.30249695932746445,0.0,9.472527740989184,1.0
17.135319181939547,0.9346327293728679,42877.45539352271,0.04529429961413282,3297381.466307031,0.022563264186778502,0.00029023828976123764,0.024865568289605632,0.04971907076614537,255.81926867793567,307.10494332627275,3000.0,23.764743042149963,2.764743042149964,262.9329158556514,0.0136224952877087,7.113647177715734,7.113647177715734,0.2993361706078086,0.0,9.374008219933879,1.0
17.185276380720712,0.9346780016701565,42881.60934161398,0.045288615005162264,3297541.186836096,0.022563120199833028,0.0002901654422874592,0.02487464564441637,0.04972793128653685,255.88964673550757,307.1198190585857,3000.0,23.764062503800485,2.7640625038004836,262.9287615619748,0.013622361187119606,7.039114826467227,7.039114826467227,0.2962083955696334,0.0,9.276508170576067,1.0
17.235233579501877,0.9347228009146312,42885.72008292887,0.045282977132056326,3297699.238436252,0.022562977725653424,0.0002900932027580545,0.024883626023758997,0.04973669695217048,255.95928760082936,307.13453935352413,3000.0,23.76338197211529,2.763381972115292,262.9246506767494,0.013622228485231449,6.965363075920067,6.965363075920067,0.29311329019133076,0.0,9.180017168075766,1.0
17.25042908521381,0.9347363344492718,42886.96194753179,0.04528127145052209,3297746.9847058775,0.022562934686823875,0.0002900713491904886,0.024886338516502078,0.04973934455251644,255.98032525427342,307.13898625042617,3000.0,23.76317497576928,2.7631749757692825,262.92340880742216,0.013622188396436627,6.943083553148739,6.943083553148739,0.29217827837519306,0.0,9.150866016891763,1.0
17.28519077828304,0.9347671320476684,42889.78806467494,0.04527738549210304,3297855.63854066,0.022562836748265622,0.0002900215645091831,0.024892510482120496,0.0497453687948953,256.02819897745843,307.149105834743,3000.0,23.762701447024877,2.762701447024876,262.92058274654306,0.013622097167486283,6.892383769084631,6.892383769084631,0.2900505140145826,0.0,9.084524891424353,1.0
17.306349897454872,0.9347857683472623,42891.49825511771,0.045275030997779735,3297921.3873497383,0.022562777485384922,0.0002899914021504199,0.024896244786842797,0.049749013674378145,256.05716798501004,307.1552294162855,3000.0,23.762413216032016,2.762413216032016,262.918872635367,0.01362204196227924,6.861704650356955,6.861704650356955,0.2887629546702564,0.0,9.044378211587759,1.0
17.335147977064207,0.9348109999586558,42893.81372943983,0.04527183958817027,3298010.4043990658,0.02256269725186721,0.00028995052095348735,0.024901300062119158,0.04975394783493986,256.0963884883412,307.1635201088148,3000.0,23.76202092846045,2.7620209284604504,262.9165573226937,0.013621967219478209,6.820168834352501,6.820168834352501,0.2870197301351498,0.0,8.990021123318838,1.0
17.38510517584537,0.9348544094856985,42897.79751525257,0.04526633892862567,3298163.553080289,0.022562559220825035,0.00028988006557895834,0.024909995794674754,0.04976243508107875,256.16386367688204,307.1777837654612,3000.0,23.761340416353953,2.761340416353952,262.9125739612453,0.013621838626951398,6.748710284363256,6.748710284363256,0.28402060515569216,0.0,8.89649574884906,1.0
17.435062374626536,0.9348973654171597,42901.73985572176,0.04526088302717589,3298315.1014776616,0.022562422639670163,0.0002898101919467704,0.024918598699345557,0.04977083153096249,256.2306320093168,307.19189837805965,3000.0,23.760659910638015,2.7606599106380156,262.9086322228063,0.0136217113757955,6.678000213489497,6.678000213489497,0.2810528090804268,0.0,8.803938752367289,1.0
17.4850195734077,0.9349398724917181,42905.64118003759,0.04525547140284984,3298465.066309227,0.02256228749309757,0.00028974089369096317,0.024927109784367456,0.04977913817115599,256.2967008747758,307.205865503662,3000.0,23.759979411245975,2.759979411245974,262.90473167254436,0.013621585452045564,6.608030797768549,6.608030797768549,0.2781160153127432,0.0,8.712340217564712,1.0
17.50042908521381,0.9349528941313179,42906.83634927451,0.04525381102524492,3298511.0066146837,0.02256224609370071,0.0002897196334786156,0.02492971669095511,0.04978168241813444,256.31694008477405,307.21014420027257,3000.0,23.75976950956151,2.759769509561512,262.9035367759235,0.013621546876045469,6.5865966911494525,6.5865966911494525,0.27721635466618666,0.0,8.684278147142308,1.0
17.534976772188866,0.9349819353985481,42909.50191298533,0.04525010357997015,3298613.4641183782,0.022562153765965435,0.0002896721645179747,0.024935530046717405,0.04978735597720081,256.36207758554156,307.21968668305385,3000.0,23.759298918111856,2.7592989181118566,262.9008718801696,0.013621460841881521,6.538794294628019,6.538794294628019,0.27520990064414136,0.0,8.621690327274605,1.0
17.539484176232133,0.9349857088515072,42909.848266872126,0.045249621404578486,3298626.7768491018,0.02256214176969039,0.0002896659911820409,0.02493628533448861,0.049788093095361044,256.36794242626155,307.2209265776357,3000.0,23.75923752070938,2.75923752070938,262.9005256191511,0.01362144966302637,6.532583192889547,6.532583192889547,0.27494919343247104,0.0,8.613557735628103,1.0
17.58493397097003,0.935023558777475,42913.32247495632,0.04524477908812748,3298760.311274405,0.022562021443294503,0.00028960399820621293,0.0249438604721713,0.049795485913672013,256.4267693772663,307.2333634408055,3000.0,23.758618431170383,2.758618431170385,262.8970524199205,0.013621337531627758,6.470283042654216,6.470283042654216,0.2723341452449717,0.0,8.531979363328915,1.0
17.634891169751196,0.935064747219634,42917.10328200562,0.045239497462105996,3298905.6239748206,0.02256189051026589,0.0002895363886050032,0.02495210203546252,0.049803528934333416,256.4907834099771,307.24689728548844,3000.0,23.757937950356965,2.7579379503569657,262.89327287050384,0.013621215507751234,6.402489460526738,6.402489460526738,0.26948843262007677,0.0,8.443197705317107,1.0
17.68484836853236,0.9351055052689414,42920.844745983944,0.04523425824173065,3299049.4182505454,0.022561760952216247,0.0002894693296325386,0.024960255700602244,0.049811485982451026,256.55412677034434,307.2602897101589,3000.0,23.757257475607666,2.757257475607668,262.8895328149588,0.013621094756857135,6.3354060446144445,6.3354060446144445,0.2666724495080801,0.0,8.355335827583367,1.0
17.734805567313526,0.9351458374221511,42924.54727454005,0.04522906097185164,3299191.709966115,0.022561632754637476,0.000289402815275587,0.024968322420916105,0.04981935799082917,256.6168064717497,307.2735421923761,3000.0,23.756577006859224,2.7565770068592244,262.88583184065266,0.01362097526568873,6.2690253689029305,6.2690253689029305,0.263885885878798,0.0,8.268384299281752,1.0
17.75042908521381,0.9351583641029285,42925.69726779476,0.04522744412757993,3299235.904058331,0.022561592939364685,0.00028938212455548477,0.024970827493614192,0.049821802557534364,256.6362736704676,307.2776582536581,3000.0,23.756364199598416,2.7563641995984174,262.88468236263054,0.01362093815275758,6.248408692162968,6.248408692162968,0.26302041169534657,0.0,8.241376635105686,1.0
17.784664410854955,0.9351856699643818,42928.2040950871,0.04522391531246608,3299332.2390556494,0.022561506151606816,0.00028933696895598046,0.024976287510625705,0.0498271306311885,256.6787079849871,307.2866305106426,3000.0,23.755897883731695,2.755897883731696,262.88217671183827,0.013620857252709461,6.203468726851156,6.203468726851156,0.26113383536218016,0.0,8.182502320442275,1.0
17.78476276609469,0.9351857481290233,42928.21127113338,0.04522390520231811,3299332.5148202702,0.0225615059031761,0.00028933683958906375,0.024976303139103165,0.04982714588186833,256.6788294545313,307.2866561942583,3000.0,23.755896544049026,2.755896544049027,262.88216953926485,0.013620857021126954,6.203340084733554,6.203340084733554,0.26112843492271914,0.0,8.182333784181381,1.0
17.834719964875855,0.9352252417924775,42931.837135045294,0.045218790487953686,3299471.8483464965,0.022561380383632593,0.0002892713966956284,0.024984198787291058,0.049834850567619285,256.7402025862021,307.2996331625322,3000.0,23.755216087115127,2.7552160871151266,262.87854550677304,0.013620740010189944,6.138342920570949,6.138342920570949,0.25839979304168054,0.0,8.097175040506459,1.0
17.88467716365702,0.9352643227692087,42935.42526143295,0.04521371638848723,3299609.725915202,0.02256125618195939,0.0002892064807847104,0.024992010287183713,0.049842472949927816,256.8009326623943,307.31247452873623,3000.0,23.754535635996223,2.754535635996223,262.8749593433964,0.013620624220031265,6.074026681002124,6.074026681002124,0.25569965980719495,0.0,8.012898919764153,1.0
17.93463436243818,0.9353029953710899,42938.97604145541,0.045208682468407896,3299746.1627386617,0.02256113328425624,0.00028914208611056924,0.02499973855036535,0.04985001392073216,256.8610264090244,307.325181709681,3000.0,23.753855190631647,2.7538551906316466,262.8714106534673,0.0136205096379358,6.010384244442889,6.010384244442889,0.2530277378643506,0.0,7.9294963638705465,1.0
17.984591561219347,0.9353412638652296,42942.48986227628,0.045203688296950484,3299881.173871221,0.022561011676769962,0.0002890782069920227,0.025007384478335455,0.04985747436209744,256.9204904823682,307.33775610746807,3000.0,23.753174750961357,2.7531747509613553,262.8678990454258,0.0136203962513196,5.947408563057593,5.947408563057593,0.2503837329288745,0.0,7.8469584051813674,1.0
18.00042908521381,0.9353533121338964,42943.59616648269,0.04520211326462912,3299923.6801269455,0.02256097339168954,0.00028905806263635495,0.025009791360144258,0.049859822814470156,256.9392115052384,307.3417149703987,3000.0,23.752959037891756,2.7529590378917557,262.86679346763685,0.013620360552843455,5.927581962398449,5.927581962398449,0.24955130655269148,0.0,7.820971129693411,1.0
18.03454876000051,0.9353791324741291,42945.967107075645,0.04519873344807125,3300014.774209852,0.02256089134589383,0.00028901483781205506,0.025014948962563024,0.04986485514626891,256.97933146929074,307.35019910954196,3000.0,23.752494316925937,2.7524943169259357,262.864424131805,0.013620284047729445,5.885092662514239,5.885092662514239,0.24776735377726392,0.0,7.7652761663041305,1.0
18.043235612879105,0.9353856767885258,42946.56804606229,0.04519787585174655,3300037.8625314175,0.022560870551344637,0.00028900387043786705,0.02501625607287942,0.049866130494661924,256.9894999779384,307.3523494636209,3000.0,23.752375999606496,2.7523759996064956,262.8638236099507,0.013620264656933855,5.874323632012306,5.874323632012306,0.24731520047129707,0.0,7.7511594604599505,1.0
18.084505958781676,0.9354166053758323,42949.40815506132,0.04519381750042465,3300146.9784946814,0.022560772278166972,0.00028895197301743883,0.02502243288453941,0.04987215713572382,257.03755588746674,307.3625120887392,3000.0,23.751813888466597,2.7518138884665975,262.86098552921766,0.01362017301484244,5.82342964175092,5.82342964175092,0.2451783122373934,0.0,7.684440859922859,1.0
18.13446315756284,0.9354536867045016,42952.81338151925,0.04518894003729906,3300277.801311022,0.022560654460272465,0.00028888960711783324,0.025029837115915415,0.04987938118330572,257.0951701862632,307.37469640347757,3000.0,23.751133465525168,2.7511334655251676,262.85758285830326,0.013620063140464348,5.762412672040057,5.762412672040057,0.2426163231495547,0.0,7.604443787697367,1.0
18.184420356344006,0.9354903805517572,42956.1831579341,0.045184100646478945,3300407.257094096,0.02256053787903296,0.00028882773468394445,0.025037162518790703,0.04988652813250761,257.1521807488115,307.3867533981961,3000.0,23.750453048044072,2.7504530480440703,262.85421574360504,0.013619954412525642,5.702034994793564,5.702034994793564,0.24008110427447807,0.0,7.525276337504203,1.0
18.23437755512517,0.9355266909667307,42959.51785199192,0.04517929892023139,3300535.3601292297,0.022560422521410398,0.0002887663503472773,0.025044409945745836,0.049893598817503514,257.2085938920798,307.39868440337295,3000.0,23.749772635966327,2.7497726359663277,262.8508838135649,0.013619846819081375,5.642289921485087,5.642289921485087,0.2375723762904779,0.0,7.446929983457754,1.0
18.25042908521381,0.9355382769756473,42960.58192091428,0.04517776402722691,3300576.235533941,0.022560385713971304,0.00028874672994887634,0.02504672217163002,0.0498958546155502,257.2265939670448,307.4024913753523,3000.0,23.749554016861,2.749554016861,262.8498206538301,0.01361981248757599,5.623226686785301,5.623226686785301,0.23677188560227658,0.0,7.421929764168166,1.0
18.284334753906336,0.9355626219562159,42962.817827591585,0.04517453445528357,3300662.1245523784,0.02256030837450548,0.0002887054487997734,0.025051580239893425,0.049900594063198675,257.2644158670963,307.4104907355746,3000.0,23.749092229235558,2.749092229235556,262.8475867005101,0.013619740348310764,5.58317083341376,5.58317083341376,0.2350898627839247,0.0,7.369396285720935,1.0
18.31665832853243,0.9355856699127258,42964.93466580347,0.04517147139200519,3300743.4376738253,0.02256023515766876,0.0002886662987304545,0.025056178895454098,0.049905080351853315,257.30022201708596,307.4180639150229,3000.0,23.74865199164706,2.7486519916470598,262.8454717652025,0.013619672051715699,5.545249748116532,5.545249748116532,0.23349745282666667,0.0,7.319659096333944,1.0
18.3342919526875,0.9355981774848134,42966.08344485585,0.0451698068528008,3300787.5643506404,0.022560195425557088,0.00028864502479345724,0.025058674234927813,0.04990751468527836,257.31965285916465,307.42217369750364,3000.0,23.748411827795966,2.7484118277959646,262.84432404063926,0.013619634988516786,5.524671181474616,5.524671181474616,0.23263329023999615,0.0,7.292666890322575,1.0
18.384249151468666,0.9356333614754688,42969.31506017864,0.04516511571832676,3300911.693364158,0.022560083661940445,0.0002885850731396008,0.025065692755252778,0.04991436149033282,257.37431098869104,307.4337345781754,3000.0,23.74773143159235,2.7477314315923485,262.8410954739737,0.013619530728124636,5.4667844852826875,5.4667844852826875,0.23020238800620985,0.0,7.216733528122577,1.0
18.43420635024983,0.9356681778107502,42972.513026340166,0.04516046066165256,3301034.5252906177,0.022559973071163045,0.0002885255887069802,0.02507263661625647,0.049921135276126495,257.4283963131643,307.445174653338,3000.0,23.74705104057007,2.7470510405700694,262.83790064423977,0.013619427555677929,5.409504331075482,5.409504331075482,0.22779688820450783,0.0,7.141588012167439,1.0
18.484163549030995,0.9357026303329015,42975.67769250971,0.04515584129680419,3301156.073685446,0.02255986364086432,0.0002884665664216471,0.02507950662434157,0.049927836831627534,257.48191482722876,307.4564951854895,3000.0,23.746370654675058,2.7463706546750566,262.83473919886393,0.013619325459838596,5.352824371635165,5.352824371635165,0.2254165257283782,0.0,7.067222237699609,1.0
18.50042908521381,0.9357137698368156,42976.70094618875,0.0451543449186865,3301195.373821849,0.02255982825989574,0.00028844744827909136,0.0250817276226704,0.049930003330845234,257.49921856703327,307.46015544326855,3000.0,23.746149129312627,2.746149129312627,262.83371701149014,0.01361929244896234,5.3344984444568695,5.3344984444568695,0.2246468854973996,0.0,7.043176450151341,1.0
18.53412074781216,0.9357367228439836,42978.80940425656,0.04515125724202156,3301276.3519623014,0.022559755358815162,0.0002884080012665937,0.025086303576972717,0.04993446693705447,257.5348724628978,307.4676974239246,3000.0,23.745690273853803,2.7456902738538034,262.83161078896006,0.013619224429386493,5.296738326062268,5.296738326062268,0.22306103823372386,0.0,6.993628181969694,1.0
18.584077946593325,0.9357704591060145,42981.90850356084,0.045146708119737915,3301395.3733935733,0.022559648212917345,0.00028834988828142414,0.025093028262723416,0.049941026363922184,257.5872750897627,307.47878260478063,3000.0,23.745009898053368,2.7450098980533664,262.82851506931644,0.013619124453218999,5.241239979553711,5.241239979553711,0.22073016612991142,0.0,6.9207979040524705,1.0
18.606744694152333,0.9357856495524991,42983.30397330233,0.0451446554963937,3301448.9652432157,0.022559599969784582,0.00028832366886115266,0.025096055787132854,0.04994397942577859,257.6108699153519,307.48377393566403,3000.0,23.744701197308007,2.744701197308007,262.82712115781743,0.013619079436426599,5.216251242465546,5.216251242465546,0.2196806436569067,0.0,6.888002872769138,1.0
18.63403514537449,0.9358038428414732,42984.97532885778,0.0451421935565241,3301513.151112156,0.022559542191201872,0.000288292222561578,0.025099681461395174,0.049947515875158624,257.63912851577106,307.4897519512029,3000.0,23.744329527221357,2.744329527221357,262.8254516983496,0.013619025520349545,5.186323182578519,5.186323182578519,0.2184236525454522,0.0,6.848723543868378,1.0
18.683992344155655,0.9358368777345181,42988.01021514773,0.04513771318296418,3301629.6981157474,0.022559437281825027,0.00028823499925667806,0.02510626394427861,0.04995393622536032,257.6904384891153,307.5006066737452,3000.0,23.743649161305925,2.743649161305926,262.82242033799224,0.01361892761990405,5.131981848876933,5.131981848876933,0.21614124324412265,0.0,6.777397319654037,1.0
18.73394954293682,0.935869567431038,42991.01349399901,0.04513326663364377,3301745.027267035,0.0225593334730681,0.00028817821357031995,0.025112776474181548,0.049960288160819974,257.7412106983069,307.5113479703868,3000.0,23.74296880025576,2.7429688002557615,262.8194206536891,0.013618830741120769,5.078209955382249,5.078209955382249,0.2138826866220515,0.0,6.706811527960606,1.0
18.75042908521381,0.9358802757852428,42991.99731834784,0.04513180719356844,3301782.806308556,0.022559299468775357,0.0002881595766727443,0.02511490956834492,0.04996236861379302,257.7578420954995,307.5148665594623,3000.0,23.742744368420443,2.742744368420444,262.8184380296381,0.01361879900568305,5.060595934138632,5.060595934138632,0.21314283873896184,0.0,6.683688274070843,1.0
18.783906741717985,0.935901915538786,42993.98549355819,0.04512885354713064,3301859.1512941597,0.02255923075333692,0.00028812186075976404,0.025119219805473207,0.049966572419569893,257.7914507723775,307.5219770265759,3000.0,23.74228844402009,2.7422884440200885,262.81645231438415,0.013618734873349938,5.025001542006635,5.025001542006635,0.21164773369907688,0.0,6.636958543471459,1.0
18.83386394049915,0.9359339256275151,42996.92653856085,0.04512447356595511,3301972.082791199,0.022559129111161327,0.0002880659361356254,0.025125594684128644,0.0499727897314256,257.84116428108655,307.5324950152746,3000.0,23.741608092548663,2.7416080925486646,262.81351499250826,0.013618640006053381,4.972350711421711,4.972350711421711,0.2094361381098819,0.0,6.567830818811278,1.0
18.883821139280315,0.9359656012294485,42999.836950373,0.04512012633655838,3302083.8342198264,0.022559028535193617,0.00028801043506115627,0.025131901847839457,0.04997894081809423,257.89035673564723,307.5429030971135,3000.0,23.740927745791776,2.7409277457917756,262.81060836393635,0.013618546128803167,4.920251628289122,4.920251628289122,0.20724765607196066,0.0,6.499420883629263,1.0
18.91567119421541,0.9359856229114594,43001.67662967121,0.04511737171009162,3302154.4706539167,0.022558964964710774,0.0002879752695147001,0.025135887947787997,0.049982828182013474,257.9214497423232,307.5494818925333,3000.0,23.74049399529547,2.7404939952954686,262.80877112677473,0.013618486789726932,4.887321384451525,4.887321384451525,0.20586435081848,0.0,6.4561776380686835,1.0
18.93377833806148,0.9359969458404425,43002.717047096085,0.045115811509174215,3302194.417913412,0.022558929014204747,0.00028795535295067775,0.025138142026262033,0.04998502639341746,257.93903359053127,307.5532024207733,3000.0,23.74024740370022,2.7402474037002187,262.8077321078803,0.01361845323127814,4.86869851734906,4.86869851734906,0.2050820463054741,0.0,6.431721342176368,1.0
18.983735536842644,0.9360279629200356,43005.56714356991,0.04511152873781809,3302303.8460771986,0.022558830537084164,0.0002879006852693866,0.025144315941043698,0.04999104716339725,257.9872002435421,307.5633941230016,3000.0,23.7395670662253,2.739567066225302,262.80488590688464,0.013618361303263831,4.817685663342559,4.817685663342559,0.20293907003033618,0.0,6.364724873294724,1.0
19.00042908521381,0.9360382550798048,43006.512890105194,0.04511010470584632,3302340.156785998,0.022558797861041348,0.000287882509281071,0.02514636435121531,0.04999304472153773,258.00318266789014,307.56677595743054,3000.0,23.73933972770691,2.739339727706909,262.80394147382486,0.013618330799229575,4.80075880593472,4.80075880593472,0.20222798363391747,0.0,6.342492995534259,1.0
19.03369273562381,0.9360586558915747,43008.387551382424,0.04510727768026928,3302412.130788741,0.022558733092839265,0.00028784642753307147,0.025150424305863818,0.04999700382623616,258.03486203600573,307.57347932865383,3000.0,23.738886733318843,2.738886733318841,262.8020694468148,0.013618270334652094,4.767207410809078,4.767207410809078,0.20081849095804644,0.0,6.298424230241331,1.0
19.083649934404974,0.9360890281423458,43011.17857888023,0.045103057998052185,3302519.283998376,0.022558636670594965,0.00028779257530782084,0.025156467826475817,0.05000289707237861,258.08202425297327,307.5834591507365,3000.0,23.73820640493316,2.7382064049331594,262.7992824168455,0.013618180315440747,4.717258163872202,4.717258163872202,0.19872007528302074,0.0,6.232812240494591,1.0
19.13360713318614,0.9361190830240146,43013.940531207336,0.04509886935638836,3302625.3175307703,0.022558541259592203,0.0002877391242093587,0.02516244720081022,0.050008727584611785,258.1286921239007,307.5933346905517,3000.0,23.73752608102108,2.737526081021081,262.79652450941984,0.013618091235732268,4.667832385519148,4.667832385519148,0.19664359165259562,0.0,6.1678818048925,1.0
19.183564331967304,0.9361488238537341,43016.67371040545,0.04509471142408408,3302730.24308883,0.022558446849184385,0.00028768606990155763,0.02516836311921045,0.0500144960382964,258.17487082437145,307.6031070380616,3000.0,23.736845761535914,2.736845761535914,262.793795420148,0.013618003085730558,4.618924595776548,4.618924595776548,0.1945888110905295,0.0,6.103625895314842,1.0
19.23352153074847,0.9361782539141938,43019.37841541689,0.04509058387352017,3302834.072253872,0.02255835342883713,0.00028763340809625934,0.025174216264457375,0.05002020310139077,258.2205654761687,307.6127772719037,3000.0,23.736165446431453,2.7361654464314524,262.7910948478026,0.01361791585574079,4.5705293716338815,4.5705293716338815,0.19255550699411833,0.0,6.040037554665479,1.0
19.246017375184994,0.9361855670782883,43020.05052887624,0.04508955615719457,3302859.873074866,0.022558330215081194,0.00028762029661465345,0.02517567058244736,0.05002162109414321,258.2319200407611,307.61518025734836,3000.0,23.73599527920886,2.73599527920886,262.7904237744714,0.013617894179530642,4.558503733710268,4.558503733710268,0.1920502460540684,0.0,6.0242357031596265,1.0
19.25042908521381,0.9361881444353585,43020.28740111165,0.04508919376588529,3302868.9659828804,0.02255832203397682,0.00028761567334106684,0.025176183109478667,0.05002212081679656,258.2359216742061,307.6160271344928,3000.0,23.73593520102539,2.7359352010253906,262.7901872700565,0.013617886540231243,4.5542655958503815,4.5542655958503815,0.19187217850399413,0.0,6.018666646514244,1.0
19.283478729529634,0.9362073764537362,43022.054942093855,0.0450864863806354,3302936.8164860406,0.022558260988127854,0.0002875811345530135,0.025180007311807185,0.050025849434488054,258.2657811474552,307.6223464594301,3000.0,23.735485135661975,2.735485135661973,262.78842249430795,0.013617829536169102,4.522641346852765,4.522641346852765,0.19054345512650211,0.0,5.977109896702922,1.0
19.3334359283108,0.9362361946864859,43024.70358320879,0.0450824186249088,3303038.4871247574,0.022558169516745327,0.0002875292450788035,0.025185736929031553,0.050031435690855684,258.31052285297267,307.63181565674927,3000.0,23.73480482918223,2.734804829182232,262.78577806472845,0.013617744117522219,4.47525521175578,4.47525521175578,0.18855243360810783,0.0,5.9148361058425545,1.0
19.383393127091963,0.9362647117927598,43027.32462849056,0.0450783802893151,3303139.0953901694,0.022558079004488234,0.0002874777355274306,0.02519140577651337,0.05003696251652904,258.3547955546771,307.64118590886096,3000.0,23.734124526947465,2.7341245269474634,262.7831612672305,0.013617659590406268,4.428365712553443,4.428365712553443,0.18658222288863133,0.0,5.8532094363488,1.0
19.43335032587313,0.9362929309201226,43029.91836472017,0.045074371060217784,3303238.6523868777,0.022557989441261864,0.000287426601798103,0.025197014507470413,0.050042430550530384,258.3986041633801,307.6504582500032,3000.0,23.73344422891336,2.73344422891336,262.78057181298624,0.013617575945523654,4.381967649606111,4.381967649606111,0.18463260567413817,0.0,5.79222321012178,1.0
19.483307524654293,0.9363208551834352,43032.48507573372,0.04507039062735972,3303337.169104101,0.022557900817077807,0.0002873758398352717,0.02520256376797865,0.05004784042489173,258.4419535388227,307.65963370366813,3000.0,23.732763935036076,2.7327639350360737,262.7780094161685,0.013617493173672952,4.336055877345814,4.336055877345814,0.18270336692409453,0.0,5.731870816669689,1.0
19.50042908521381,0.9363303582239834,43033.35858297973,0.04506903300568762,3303370.6958026565,0.022557870657678215,0.00028735852728098914,0.02520445206734163,0.05004968125230083,258.45670563529194,307.6627562464994,3000.0,23.73253078254332,2.7325307825433227,262.7771373945654,0.013617465004963306,4.320431759273447,4.320431759273447,0.1820468199898588,0.0,5.711331229725777,1.0
19.533264723435458,0.9363484876649653,43035.02504243125,0.04506643868384759,3303434.6564160706,0.022557813122053617,0.0002873254456283867,0.02520805419700745,0.050053192764689454,258.4848484898459,307.66871328263807,3000.0,23.732083645272215,2.732083645272217,262.7754737939411,0.013617411265748582,4.290625304095215,4.290625304095215,0.1807942938440625,0.0,5.672145712944368,1.0
19.583221922216623,0.9363758314145099,43037.5385427867,0.04506251492613532,3303531.125082461,0.022557726346412316,0.0002872754152116422,0.025213486426457266,0.05005848818808123,258.52729377458144,307.6776979890263,3000.0,23.731403359578856,2.731403359578857,262.7729646664475,0.01361733021274046,4.245670891866041,4.245670891866041,0.17890517587752913,0.0,5.613041423148582,1.0
19.60115146269264,0.93638557520393,43038.43423206122,0.045061113512725015,3303565.5011423146,0.02255769542514159,0.00028725754735141177,0.025215421970826758,0.05006037494331976,258.54241855564715,307.68089963797735,3000.0,23.731159207364723,2.731159207364724,262.77207055315523,0.013617301329736613,4.2296519975080855,4.2296519975080855,0.1782320012498781,0.0,5.5919791660597244,1.0
19.633179120997788,0.9364028894497802,43040.02585188195,0.04505861905398243,3303626.5857497496,0.022557640480481145,0.0002872257446634028,0.025218861081248885,0.050063727306393434,258.56929410104897,307.686588814403,3000.0,23.730723077913513,2.730723077913513,262.7704817567751,0.013617250005732882,4.20118765572613,4.20118765572613,0.17703580467955607,0.0,5.554551537973267,1.0
19.683136319778953,0.9364296647574075,43042.48724199797,0.045054750770352626,3303721.0489547607,0.02255755551468831,0.00028717643010486794,0.025224178779535946,0.050068910724329126,258.6108541287206,307.69538674012614,3000.0,23.73004280023414,2.730042800234141,262.7680247908638,0.013617170635901578,4.157170662143244,4.157170662143244,0.17518597404730454,0.0,5.496669712483985,1.0
19.733093518560118,0.9364561602929895,43044.92298261792,0.04505090978140482,3303814.525124835,0.022557471439562802,0.0002871274676999173,0.025229440132726537,0.05007403903998926,258.6519784685929,307.70409273735646,3000.0,23.72936252649913,2.7293625264991324,262.76559349750073,0.013617092094513537,4.113615028907816,4.113615028907816,0.1733554799170878,0.0,5.439389666087453,1.0
19.75042908521381,0.9364652896155727,43045.76225928594,0.04504958325189554,3303846.7333475305,0.022557442471232644,0.0002871105589425535,0.025231252808635113,0.050075805838810314,258.666147969551,307.70709248261085,3000.0,23.729126466726214,2.7291264667262127,262.764755769147,0.013617065032027675,4.098607799595982,4.098607799595982,0.17272476529396008,0.0,5.419652514196574,1.0
19.783050717341283,0.9364823789811942,43047.33334043544,0.04504709579647887,3303907.0245781927,0.022557388245733976,0.00028707885365488795,0.025234645745516013,0.05007911284490488,258.6926716833483,307.71270776709184,3000.0,23.728682256667316,2.7286822566673155,262.7631876083115,0.01361701437292678,4.0705159249632175,4.0705159249632175,0.17154412035752548,0.0,5.3827051823750285,1.0
19.833007916122448,0.93650832371588,43049.71857936443,0.0450433085280797,3303998.557524357,0.02255730592393116,0.0002870305842183329,0.02523979621592274,0.050084132724072236,258.7329382875416,307.7212327802065,3000.0,23.72800199069795,2.7280019906979502,262.76080685774883,0.01361693746258996,4.027868570207261,4.027868570207261,0.16975169556148467,0.0,5.326610108927143,1.0
19.882965114903612,0.9365339973604527,43052.0789605708,0.04503954769183869,3304089.1340654152,0.022557224464982435,0.00028698265568048996,0.02524489213537087,0.050089099256033796,258.77278274815615,307.72966871756853,3000.0,23.727321728550727,2.727321728550726,262.75845098305956,0.013616861355041358,3.9856682349034145,3.9856682349034145,0.16797800782157052,0.0,5.2710983566018,1.0
19.932922313684777,0.9365594027488255,43054.41474255949,0.045035813006417215,3304178.7641994054,0.022557143859811595,0.00028693506437201433,0.0252499340888923,0.05009401301307591,258.8122094860971,307.7380165103552,3000.0,23.726641470185747,2.7266414701857453,262.7561197241973,0.013616786041906043,3.943910238100159,3.943910238100159,0.16622286146380932,0.0,5.216163897513242,1.0
19.982879512465942,0.9365845426854645,43056.72618117755,0.04503210419349837,3304267.4578204737,0.0225570640994379,0.00028688780666383636,0.025254922655147036,0.05009887456124877,258.851222876262,307.74627708006784,3000.0,23.725961215563526,2.725961215563527,262.7538128238175,0.013616711514895746,3.902589947555498,3.902589947555498,0.16448606284475906,0.0,5.161800764994434,1.0
19.984838021573363,0.9365855228962225,43056.816305851564,0.04503195931736508,3304270.9160010894,0.02255706098961828,0.0002868859607305848,0.025255117146037752,0.05009906409638662,258.8527439871842,307.7465991612018,3000.0,23.725934547112857,2.7259345471128578,262.75372287734695,0.013616708609057874,3.900978890162719,3.900978890162719,0.16441834493037571,0.0,5.159681082942345,1.0
20.00042908521381,0.9365933116607127,43057.53244076535,0.04503080740607493,3304298.394738852,0.022557036279099305,0.0002868712839119205,0.025256662534640074,0.0501005700976513,258.86483067365515,307.74915842111443,3000.0,23.725722248322455,2.7257222483224566,262.75300816179225,0.013616685519198405,3.888177488137103,3.888177488137103,0.16388025820423735,0.0,5.142837925712551,1.0
20.032836711247107,0.9366094199454849,43059.01352962197,0.04502842097777357,3304355.22471922,0.022556985174975737,0.000286840878966954,0.025259858406453353,0.05010368446039605,258.88982724769244,307.7544513385638,3000.0,23.725280964645002,2.725280964645001,262.751530027269,0.013616637765808577,3.8617027795765466,3.8617027795765466,0.16276742034503988,0.0,5.108003053446502,1.0
20.082793910028272,0.9366340372747683,43061.277038449254,0.0450247630869275,3304442.074583106,0.022556907077634244,0.0002867942777322058,0.025264741908821994,0.050108443264188444,258.9280268837562,307.7625401880946,3000.0,23.72460071739151,2.7246007173915086,262.74927108258305,0.013616564786528722,3.8212441988268324,3.8212441988268324,0.16106674436150314,0.0,5.054764918144593,1.0
20.132751108809437,0.9366583973902955,43063.51695560503,0.045021130251602336,3304528.016997631,0.022556829798716153,0.00028674799944977935,0.025269573722032805,0.05011315152019874,258.96582602266585,307.77054452141533,3000.0,23.7239204737648,2.7239204737647986,262.74703574044327,0.013616492569025444,3.781209717777415,3.781209717777415,0.15938384728438465,0.0,5.0020805745726795,1.0
20.1827083075906,0.9366825029810604,43065.73352650705,0.04501752220530606,3304613.061449558,0.02255675332961489,0.0002867020406480094,0.025274354399826615,0.05011780977008952,259.00322885890165,307.7784652220853,3000.0,23.72324023372701,2.723240233727012,262.744823754101,0.013616421105350404,3.7415948951993414,3.7415948951993414,0.15771854343404432,0.0,4.949944296491968,1.0
20.232665506371767,0.9367063567081156,43067.926994048365,0.0450139386844045,3304697.2173270728,0.022556677661814354,0.0002866563978932426,0.02527908448992452,0.05012241854963212,259.040239543283,307.78630316448255,3000.0,23.722559997240683,2.722559997240684,262.74263487937174,0.013616350387637517,3.7023953360887276,3.7023953360887276,0.15607064905808546,0.0,4.898350415898341,1.0
20.25042908521381,0.936714778318666,43068.701415906864,0.0450126703318348,3304726.928743839,0.022556650947684033,0.0002866402439521648,0.025280754307045673,0.05012404549868187,259.0533059208072,307.7890703672024,3000.0,23.722318122348923,2.7223181223489243,262.74186209235734,0.013616325420424182,3.6885561715501467,3.6885561715501467,0.1554888587416395,0.0,4.880134529584158,1.0
20.28262270515293,0.9367299612046627,43070.0975986046,0.0450103794281091,3304780.493920102,0.02255660278688863,0.000286611067789649,0.02528376453405572,0.050126978388734,259.07686218311005,307.7940592138338,3000.0,23.721879764268742,2.721879764268742,262.7404688746267,0.013616280408102716,3.663606691516634,3.663606691516634,0.15443998232530326,0.0,4.847293322879663,1.0
20.332579903934096,0.936753319076164,43072.24557804334,0.04500684417846256,3304862.9004207095,0.022556528696501543,0.00028656604697900677,0.025288395067989796,0.05013148981147035,259.1131008423394,307.8017342262512,3000.0,23.721199534774502,2.721199534774501,262.7383255007825,0.013616211159043634,3.6252246584430736,3.6252246584430736,0.15282636331812027,0.0,4.796767465424845,1.0
20.38253710271526,0.9367764329006546,43074.37116775177,0.04500333268030555,3304944.445924195,0.022556455382405687,0.00028652133214024627,0.02529297662160815,0.05013595333615409,259.14895954207003,307.8093290488346,3000.0,23.720519308721666,2.720519308721665,262.7362045212724,0.013616142632838675,3.587244979202353,3.587244979202353,0.15122961401116453,0.0,4.746767348798091,1.0
20.402341448906114,0.936785528843226,43075.20766170026,0.04500194714844211,3304976.536382308,0.022556426531834095,0.00028650368996574287,0.025294779428662942,0.05013770965046278,259.1630705850861,307.8123178259661,3000.0,23.7202496501864,2.7202496501863997,262.7353698559479,0.0136161156656589,3.5722992708618335,3.5722992708618335,0.15060125097940363,0.0,4.727090304177296,1.0
20.432494301496426,0.9367993052296125,43076.47460071583,0.044999844681189616,3305025.139432166,0.02255638283643957,0.0002864769199883102,0.025297509719086106,0.050140369475513986,259.18444226189825,307.8168445199578,3000.0,23.71983908607431,2.7198390860743094,262.7341057019667,0.013616074821944454,3.549663440068457,3.549663440068457,0.14964955821106016,0.0,4.697287533697468,1.0
20.48245150027759,0.9368219385880034,43078.55610752341,0.04499637993136963,3305104.9898526925,0.02255631105052748,0.00028643280727402685,0.025301994878911053,0.05014473873671256,259.21955293998894,307.8242814692829,3000.0,23.71915886679688,2.7191588667968833,262.73202881116873,0.013616007718895696,3.512475871179788,3.512475871179788,0.14808602155351747,0.0,4.648322636206682,1.0
20.50042908521381,0.9368300254331574,43079.29983715216,0.04499513874836634,3305133.520218143,0.02255628540209637,0.00028641700553045394,0.02530359727691186,0.05014629968453868,259.23209758007164,307.8269386735992,3000.0,23.718914084077277,2.7189140840772748,262.7312867430233,0.013615983742980496,3.499189162951666,3.499189162951666,0.14752737627650092,0.0,4.630827103011064,1.0
20.532408699058756,0.9368443354743643,43080.61591637112,0.044992938183792554,3305184.006000606,0.022556240016679142,0.0002863889907839373,0.025306432613908192,0.05014906162137127,259.25429547320675,307.83164071778805,3000.0,23.71847865085421,2.7184786508542076,262.7299736196066,0.013615941316304952,3.4756781463998436,3.4756781463998436,0.1465388314977221,0.0,4.599867327661461,1.0
20.58236589783992,0.9368664983609126,43082.65425307351,0.04498951919408368,3305262.196597883,0.022556169726989355,0.000286345467340091,0.0253108234312712,0.050153338625600646,259.2886737172883,307.8389230778034,3000.0,23.717798438211474,2.7177984382114744,262.72793990042385,0.01361587560686234,3.439266183135544,3.439266183135544,0.14500781731893722,0.0,4.551916334459217,1.0
20.632323096621086,0.9368884296938372,43084.671341088884,0.04498612272051571,3305339.57027467,0.022556100173637062,0.0002863022337996235,0.025315167832628674,0.05015757024006536,259.32269148729563,307.84612935310616,3000.0,23.71711822883424,2.71711822883424,262.7259274291523,0.013615810583334649,3.4032359418566784,3.4032359418566784,0.14349281008850276,0.0,4.504464437473135,1.0
20.68228029540225,0.9369101318941262,43086.66740159469,0.0449827485239261,3305416.1355722053,0.022556031348882618,0.0002862592870536753,0.02531946631421681,0.05016175695015311,259.3563525589053,307.85326033919335,3000.0,23.71643802268842,2.716438022688417,262.7239359836364,0.013615746238562935,3.3675834247310945,3.3675834247310945,0.1419936426165465,0.0,4.4575064702974085,1.0
20.732237494183416,0.9369316073576113,43088.64265349073,0.04497939636770979,3305491.9009429775,0.0225559632450677,0.00028621662402727316,0.025323719366896667,0.05016589923599164,259.3896606684801,307.8603168232959,3000.0,23.715757819740272,2.715757819740271,262.72196534402894,0.013615682565462368,3.332304675548869,3.332304675548869,0.1405101494490368,0.0,4.411037319193519,1.0
20.75042908521381,0.936939371658543,43089.35680289477,0.04497818113001308,3305519.2933733794,0.022555938623079322,0.0002862011584336737,0.025325256900461973,0.050167396681974966,259.4017026602374,307.86286804488554,3000.0,23.715510129020966,2.7155101290209656,262.7212528733085,0.013615659544764175,3.3195502130711247,3.3195502130711247,0.1399738059612283,0.0,4.394236294186296,1.0
20.78219469296458,0.9369528584550469,43090.59731340562,0.04497606601780883,3305566.8747509993,0.02255589585461495,0.00028617424167917,0.025327927476178146,0.05016999757247227,259.4226195131928,307.8672995844046,3000.0,23.71507761995642,2.7150776199564213,262.7200152927838,0.013615619557022014,3.2973957795909996,3.2973957795909996,0.13904216686249493,0.0,4.36505192296253,1.0
20.832151891745745,0.9369738875322144,43092.53159570563,0.044972757242699356,3305641.0652721804,0.02255582917002766,0.0002861321370016529,0.02533209112224875,0.05017405242927807,259.4552327511907,307.8742093933047,3000.0,23.714397423303836,2.7143974233038373,262.7180856146465,0.013615557206304555,3.262852863455805,3.262852863455805,0.1375895328569235,0.0,4.319545272760774,1.0
20.859979343925815,0.9369855058516441,43093.60028269433,0.04497092344055993,3305682.054668286,0.02255579232834256,0.00028610880291855817,0.02533439127502687,0.05017629240628799,259.47325063489984,307.8780269819872,3000.0,23.714018537516544,2.7140185375165444,262.7170194900222,0.013615522758024436,3.2437688551223687,3.2437688551223687,0.1367869747588581,0.0,4.294402666108418,1.0
20.88210909052691,0.9369946969101933,43094.445712518835,0.04496946981336282,3305714.480695284,0.02255576318388885,0.0002860903070201512,0.025336210780035427,0.05017806427094443,259.4875040020195,307.8810470126647,3000.0,23.713717229749836,2.7137172297498373,262.71617609662934,0.013615495506445474,3.2286720946098626,3.2286720946098626,0.13615208713711743,0.0,4.274512411550863,1.0
20.932066289308075,0.937015288886151,43096.33987380698,0.044966203503207375,3305787.129124708,0.022555697888858764,0.00028604874879221016,0.025340286919368717,0.050182033557019695,259.51943684785294,307.88781319729605,3000.0,23.713037039262076,2.7130370392620753,262.71428652793867,0.01361543445065073,3.1948496800857242,3.1948496800857242,0.1347296710579905,0.0,4.2299484324245,1.0
20.98202348808924,0.9370356657333847,43098.21428736866,0.044962958088061146,3305859.0185806397,0.022555633277674646,0.0002860074594073807,0.025344320004998748,0.050185960742080774,259.5510348335602,307.89450869416686,3000.0,23.71235685180854,2.7123568518085412,262.7124166999714,0.01361537403219664,3.1613818664112046,3.1613818664112046,0.1333221276218305,0.0,4.1858484785512395,1.0
21.00042908521381,0.9370431193388286,43098.8999354694,0.04496176761150821,3305885.3148782924,0.02255560964410238,0.0002859923144666836,0.025345795142484123,0.05018739710105319,259.562592681595,307.8969578263291,3000.0,23.712106252922922,2.7121062529229216,262.711732739408,0.013615351931723647,3.1491400578129856,3.1491400578129856,0.13280726833048836,0.0,4.169716865207013,1.0
21.031980686870405,0.9370558297013967,43100.06915884546,0.04495973334616241,3305930.1569993147,0.022555569343150568,0.00028596643598707,0.02534831049661769,0.05018984627575533,259.58230146682524,307.90113424242656,3000.0,23.711676667357562,2.7116766673575605,262.71056640630786,0.013615314244429685,3.1282649394826194,3.1282649394826194,0.13192930147318993,0.0,4.142207743052543,1.0
21.08193788565157,0.937075783015994,43101.90469173044,0.04495652905814739,3306000.5522333756,0.022555506078176968,0.00028592567568436195,0.02535225884888693,0.05019369060274826,259.6132402183033,307.90769057343874,3000.0,23.710996485877793,2.710996485877791,262.7087354427027,0.013615255080766182,3.0954952243993716,3.0954952243993716,0.13055103889214612,0.0,4.099021468824104,1.0
21.131895084432735,0.9370955278795416,43103.721087390695,0.04495334500702346,3306070.2120527574,0.022555443475719934,0.00028588517568365295,0.025356165511494395,0.05019749416289798,259.64385452201725,307.9141784108643,3000.0,23.71031630733822,2.7103163073382217,262.7069236070616,0.013615196534691587,3.063069085044333,3.063069085044333,0.12918718777683824,0.0,4.056284948021516,1.0
21.1818522832139,0.9371150664717143,43105.518545135936,0.04495018097809441,3306139.144147347,0.022555381528818703,0.000285844933199678,0.02536003092931054,0.05020125739132893,259.67414777652857,307.9205984709085,3000.0,23.70963613170816,2.7096361317081596,262.70513069937243,0.013615138599758249,3.0309829228438616,3.0309829228438616,0.12783759759140154,0.0,4.013993520460864,1.0
21.231809481995064,0.9371344009495386,43107.297262221575,0.04494703675895406,3306207.3561271285,0.022555320230585537,0.0002858049454774067,0.02536385554240363,0.050204980718466574,259.7041233450049,307.92695146233484,3000.0,23.708955958957233,2.708955958957232,262.7033565217014,0.01361508126958529,2.999233176696464,2.999233176696464,0.1265021193631833,0.0,3.9721425735627798,1.0
21.25042908521381,0.9371415553418925,43107.95545531502,0.044945869898539235,3306232.596801897,0.022555297548608962,0.0002857901062278189,0.025365270668076596,0.05020635832291338,259.71521497892815,307.9293022779968,3000.0,23.70870245174383,2.7087024517438296,262.7027000176427,0.013615060055418222,2.987485038714567,2.987485038714567,0.1260079519237811,0.0,3.9566560158024675,1.0
21.28176668077623,0.9371535334474617,43109.057433854454,0.04494391213947724,3306274.855522423,0.02255525957420548,0.00028576520979190656,0.025367639786060107,0.050208664570057494,259.733784555329,307.9332380864875,3000.0,23.70827578905538,2.708275789055382,262.7016008781865,0.013615024537858436,2.967816322857516,2.967816322857516,0.12518060567810543,0.0,3.9307275422378445,1.0
21.331723879557394,0.9371724660774494,43110.79925320125,0.04494080691180804,3306341.6497842423,0.022555199552936007,0.00028572572344817194,0.02537138409081086,0.05021230936719504,259.76313470025383,307.9394590373238,3000.0,23.70759562197287,2.7075956219728705,262.6998635750287,0.013614968398329702,2.9367288747748717,2.9367288747748717,0.12387291067395415,0.0,3.8897439087064565,1.0
21.36636652575538,0.9371854785926035,43111.99643695015,0.0449386648800164,3306387.557898681,0.022555158300785333,0.00028569848677666696,0.025373957340194393,0.0502148141277564,259.7833065309537,307.94373473579157,3000.0,23.70712396410881,2.7071239641088094,262.69866951568866,0.013614929813020043,2.9153629847349407,2.9153629847349407,0.12297413170609091,0.0,3.861574889841562,1.0
21.38168107833856,0.9371912009292198,43112.52291140929,0.044937720870335054,3306407.746285103,0.02255514016010628,0.00028568648378078724,0.025375088882483913,0.05021591552637098,259.79217703776743,307.94561500149064,3000.0,23.70691545768027,2.706915457680272,262.69814442047056,0.013614912844816725,2.9059673827031247,2.9059673827031247,0.12257889002433194,0.0,3.849187202025461,1.0
21.431638277119724,0.9372097400709618,43114.228597672096,0.044934653811620234,3306473.15232157,0.02255508138911482,0.0002856474881530016,0.025378754582353107,0.050219483459620934,259.82091479221316,307.9517066585609,3000.0,23.706235296148463,2.7062352961484626,262.69644322473005,0.013614857871200647,2.8755284325168873,2.8755284325168873,0.121298400888819,0.0,3.809052996555003,1.0
21.48159547590089,0.9372280855493744,43115.91649923236,0.04493160553439294,3306537.8751143934,0.022555023233429363,0.00028560873395663307,0.02538238160715214,0.050223013574538136,259.8493511543519,307.95773468104625,3000.0,23.70555513734862,2.7055551373486213,262.6947597999973,0.013614803471425995,2.8454086456454206,2.8454086456454206,0.1200313019104293,0.0,3.7693369119069757,1.0
21.50042908521381,0.9372349518511588,43116.54825148862,0.044930461183321675,3306562.099406496,0.022555001467409807,0.00028559418595663525,0.025383739023429417,0.050224334676795865,259.8599939389178,307.95999083488516,3000.0,23.705298721651026,2.705298721651028,262.6941297318145,0.01361478311070017,2.8341357928966886,2.8341357928966886,0.11955705878990487,0.0,3.7544717848791316,1.0
21.531552674682054,0.9372462393897314,43117.58680138732,0.04492857583954149,3306601.92180873,0.02255496568658663,0.00028557021861194026,0.025385970369093548,0.05022650627429212,259.87748928146584,307.9636997344183,3000.0,23.70487498125223,2.70487498125223,262.6930939604283,0.013614749639500488,2.8156046789624725,2.8156046789624725,0.11877745321117637,0.0,3.730034612833704,1.0
21.58150987346322,0.9372642035959766,43119.239687497015,0.044925564530101936,3306665.299474489,0.022554908742192032,0.00028553193956746067,0.02538952127589373,0.050229961957653224,259.9053322975087,307.9696024771401,3000.0,23.704194827831067,2.7041948278310683,262.69144552213646,0.013614696369494783,2.7861132246277407,2.7861132246277407,0.11753671638559807,0.0,3.691141809052122,1.0
21.631467072244384,0.9372819801509404,43120.8753390035,0.04492257141123529,3306728.0151070897,0.022554852393918894,0.0002854938942997011,0.025393034730821672,0.05023338101904027,259.932883293444,307.975443560737,3000.0,23.703514677057214,2.703514677057216,262.68981430317257,0.013614643655541828,2.7569310097285893,2.7569310097285893,0.11630895448585271,0.0,3.652654254803227,1.0
21.68142427102555,0.9372995710170251,43122.4939354935,0.04491959629015963,3306790.0756298825,0.02255479663550634,0.00028545608031225594,0.0253965111328403,0.0502367638486589,259.96014532831344,307.9812236300222,3000.0,23.70283452890304,2.702834528903038,262.68820012346185,0.013614591491834848,2.7280547951484095,2.7280547951484095,0.11509403197418613,0.0,3.6145677473880222,1.0
21.731381469806713,0.9373169781362419,43124.09565470119,0.044916638976144625,3306851.487894277,0.022554741460759083,0.0002854184951357189,0.025399950876619573,0.05024011083251438,259.98712142929674,307.9869433231087,3000.0,23.70215438334119,2.702154383341188,262.68660280480066,0.01361453987262721,2.6994813755039218,2.6994813755039218,0.11389181472048904,0.0,3.5768781271163195,1.0
21.75042908521381,0.9373235671168603,43124.70194869946,0.04491551606488458,3306874.7337981383,0.022554720576214566,0.0002854042244492611,0.025401252806293913,0.05024137760695774,259.9973321750539,307.9891083537734,3000.0,23.70189505900796,2.7018950590079602,262.68599818426765,0.013614520333513597,2.6886660092137618,2.6886660092137618,0.11343675273728494,0.0,3.562611526882662,1.0
21.78133866858788,0.9373342034302736,43125.680672513445,0.044913699280503594,3306912.2586799623,0.02255468686354724,0.00028538113632756385,0.02540335435255442,0.05024342235242923,260.01381459181044,307.9926032714297,3000.0,23.701474240344602,2.701474240344604,262.685022170851,0.013614488792232293,2.6712075790405834,2.6712075790405834,0.11270216999808641,0.0,3.5395812771996407,1.0
21.831295867369043,0.9373512488005636,43127.24916297756,0.044910777016582984,3306972.3946952275,0.022554632837806038,0.0002853440014719929,0.02540672194678795,0.05024669878606598,260.04022777964997,307.9982040997683,3000.0,23.70079409988651,2.700794099886511,262.6834580471318,0.013614438245023187,2.64323026748184,2.64323026748184,0.11152496647757879,0.0,3.5026731235825825,1.0
21.881253066150208,0.93736811612852,43128.80129831947,0.04490787199974093,3307031.9025776736,0.02255457937753512,0.0002853070881796468,0.02541005404125717,0.05024994050697194,260.06636392530805,308.0037464263243,3000.0,23.700113961940414,2.700113961940415,262.6819102610006,0.013614388225432119,2.6155463356925566,2.6155463356925566,0.11036007421284198,0.0,3.4661496345278477,1.0
21.931210264931373,0.9373848072761664,43130.33724900316,0.04490498404728306,3307090.788896513,0.022554526476796455,0.00028527039408677104,0.025413351013826895,0.05025314788471012,260.0922259309893,308.009230862928,3000.0,23.699433826480096,2.699433826480095,262.68037864159373,0.013614338727948526,2.5881527106044473,2.5881527106044473,0.10920736459588438,0.0,3.430006819224272,1.0
21.93311342277625,0.9373854396793612,43130.39544446794,0.04490487436350548,3307093.0200130884,0.022554524472486993,0.000285269000499983,0.0254134759250791,0.05025326939806608,260.0932057819163,308.0094386602169,3000.0,23.699407916246326,2.6994079162463267,262.6803206107724,0.013614336852554344,2.5871148288561017,2.5871148288561017,0.10916369041787718,0.0,3.4286374049943715,1.0
21.981167463712538,0.9374013240861792,43131.85718373363,0.04490211297845704,3307149.0601527058,0.022554474129714248,0.0002852339168551305,0.025416613238302323,0.0502563212848717,260.11781666867023,308.0146580150526,3000.0,23.698753693479603,2.6987536934796017,262.6788630198227,0.013614289747118929,2.56104635115247,2.56104635115247,0.10806671035435537,0.0,3.3942407277315407,1.0
22.00042908521381,0.9374076461689316,43132.43897102771,0.044901010473788736,3307171.364441697,0.02255445409329393,0.00028521991003703945,0.02541786182675339,0.05025753583008436,260.12761164304226,308.01673534746817,3000.0,23.698491460364167,2.6984914603641674,262.67828289047264,0.013614270998804376,2.5506712474303868,2.5506712474303868,0.10763011019905616,0.0,3.380550460004336,1.0
22.031124662493703,0.9374176683819455,43133.36126946169,0.044899258614445346,3307206.7227791534,0.02255442233047468,0.000285197654171901,0.025419841084445536,0.05025946106909212,260.14313898019145,308.02002848183304,3000.0,23.698073562913258,2.698073562913259,262.67736322836925,0.013614241277546815,2.534224248177793,2.534224248177793,0.10693798554764276,0.0,3.358847450880247,1.0
22.081081861274868,0.9374338419676498,43134.849671391545,0.04489642077835513,3307263.783141014,0.02255437107332566,0.0002851616037495232,0.025423034917997665,0.050262567595072846,260.1681956773948,308.0253428560947,3000.0,23.69739343475566,2.6973934347556603,262.67587910167714,0.013614193313892327,2.507683424282334,2.507683424282334,0.10582106556092591,0.0,3.323823120107425,1.0
22.131039060056032,0.9374498466284624,43136.322552997655,0.04489359929519845,3307320.247536364,0.02255432035257617,0.0002851257633254368,0.02542619510072107,0.05026564121662268,260.19298954241873,308.03060172441525,3000.0,23.696713308981664,2.696713308981666,262.67441047593485,0.013614145850871754,2.4814209335161195,2.4814209335161195,0.10471582709217303,0.0,3.2891639070703946,1.0
22.180996258837197,0.9374656841311615,43137.78007608147,0.04489079399183109,3307376.122198391,0.022554270162594304,0.0002850901306612867,0.0254293219905269,0.05026868228378249,260.21752332866663,308.0358056673288,3000.0,23.696033185566396,2.6960331855663964,262.67295718901863,0.013614098883255678,2.4554338603520023,2.4554338603520023,0.1036221481090617,0.0,3.2548660223169072,1.0
22.230953457618362,0.9374813562241667,43139.22240077421,0.044888004696947544,3307431.4132955135,0.02255422049780712,0.0002850547035428441,0.02543241594148657,0.050271691142836535,260.24179976086276,308.04095525933747,3000.0,23.695353064485232,2.695353064485231,262.67151908048936,0.013614052405868878,2.4297193196265994,2.4297193196265994,0.1025399078466689,0.0,3.220925715233268,1.0
22.25042908521381,0.9374874214934728,43139.7806024839,0.044886921601017135,3307452.8115474354,0.02255420127726533,0.0002850409476244581,0.025433613258871272,0.050272855483761064,260.25119469957986,308.04294820707827,3000.0,23.695087922445786,2.695087922445786,262.67096251695193,0.013614034418535606,2.419767817372076,2.419767817372076,0.102121073586728,0.0,3.207790283300381,1.0
22.280910656399527,0.9374968646375962,43140.64968554155,0.044885231241074075,3307486.126931583,0.02255417135270047,0.00028501947977990365,0.02543547730384749,0.05027466813632787,260.26582153514147,308.04605106892944,3000.0,23.694672945713805,2.694672945713805,262.67009599158723,0.013614006413590164,2.404274456445762,2.404274456445762,0.10146898680366373,0.0,3.187339273945122,1.0
22.330867855180692,0.9375122110833473,43142.06208719072,0.04488247345655937,3307540.2691461695,0.0225541227218187,0.0002849844572061495,0.025438506424053674,0.05027761360307853,260.2895913191758,308.05109365860613,3000.0,23.693992829228012,2.693992829228011,262.66868776522455,0.013613960901352154,2.3790964460487203,2.3790964460487203,0.1004092667367552,0.0,3.1541030251631432,1.0
22.380825053961857,0.937527397255274,43143.459760886435,0.044879731177555886,3307593.8459151853,0.022554074599764086,0.000284949633678904,0.025441503644785188,0.050280527878228176,260.31311175245594,308.05608358494015,3000.0,23.693312715003998,2.693312715003997,262.6672942459692,0.013613915864140744,2.3541824935132354,2.3541824935132354,0.09936063064842886,0.0,3.121213333817845,1.0
22.430782252743022,0.937542424829778,43144.84286020477,0.04487700423996191,3307646.8631529678,0.022554026981194946,0.00028491500707837766,0.0254444693050791,0.050283411293352426,260.33638544720833,308.0610213987694,3000.0,23.692632603018154,2.692632603018155,262.6659152799905,0.013613871296993364,2.329529832782157,2.329529832782157,0.09832296274603959,0.0,3.088666601795528,1.0
22.480739451524187,0.9375572954658428,43146.21153713605,0.04487429248141663,3307699.326712408,0.022553979860825482,0.0002848805753075926,0.02544740374034062,0.050286264176473694,260.35941498845284,308.06590764520865,3000.0,23.691952493247122,2.6919524932471233,262.66455071505624,0.013613827194998875,2.305135726603396,2.305135726603396,0.09729614843945113,0.0,3.0564592678827593,1.0
22.50042908521381,0.9375631136746306,43146.74704456,0.04487322783079301,3307719.8533355626,0.022553961424995526,0.00028486705778263643,0.025448551783758322,0.05028738026653649,260.3684251072617,308.0678194129265,3000.0,23.69168444214653,2.6916844421465314,262.66401682237966,0.013613809939803446,2.2955917151179506,2.2955917151179506,0.0968944070111869,0.0,3.043857859844588,1.0
22.53069665030535,0.937572010805085,43147.56594208911,0.04487159574129385,3307751.242385124,0.022553933233425666,0.0002848463362922889,0.025450307282357303,0.050289086852075254,260.3822029340836,308.0707428636661,3000.0,23.691272385667784,2.6912723856677845,262.66320040052784,0.013613783553297433,2.280997466444262,2.280997466444262,0.09628007433759316,0.0,3.0245878076765584,1.0
22.57668389408555,0.9375854208810257,43148.800228665954,0.04486912644222455,3307798.553092826,0.022553890742681278,0.0002848149867747103,0.02545295306242324,0.05029165879187923,260.4029686054834,308.07514919406987,3000.0,23.690646326200696,2.690646326200695,262.6619698600645,0.013613743782416709,2.259001254581108,2.259001254581108,0.09535414203042501,0.0,2.995542976683752,1.0
22.580653849086517,0.9375865724718344,43148.9062238983,0.04486891386069287,3307802.6159017463,0.022553887093820904,0.00028481228798079536,0.025453180259318992,0.050291879641120696,260.4047518149957,308.07552758786983,3000.0,23.690592280257263,2.6905922802572646,262.6618641873529,0.013613740367080246,2.2571123723571986,2.2571123723571986,0.09527462824296633,0.0,2.9930487334298683,1.0
22.63061104786768,0.9376009820732979,43150.2325298382,0.04486624668242138,3307853.4529324956,0.022553841436891552,0.0002847784283437995,0.02545602299585422,0.050294642861089575,260.4270641353418,308.08026234592154,3000.0,23.68991217699293,2.68991217699293,262.66054192805024,0.013613697631589098,2.2334777927084133,2.2334777927084133,0.09427969914035869,0.0,2.9618385937151075,1.0
22.680568246648846,0.9376152412001216,43151.545005675005,0.04486359405094024,3307903.759089167,0.02255379625757108,0.00028474475537363254,0.02545883581314507,0.050297376826089785,260.449142373409,308.0849476604814,3000.0,23.68923207585238,2.6892320758523827,262.6592334766584,0.013613655342114693,2.210091103249397,2.210091103249397,0.09329517715782155,0.0,2.930953972217097,1.0
22.73052544543001,0.9376293514264252,43152.84379566934,0.044860955812358876,3307953.5399252507,0.022553751550845977,0.0002847112670841994,0.025461619028937774,0.05030008184686795,260.47098898167303,308.08958404877933,3000.0,23.688551976813454,2.6885519768134545,262.6579386887325,0.013613613493996536,2.186949707059455,2.186949707059455,0.09232095356440777,0.0,2.9003914876787755,1.0
22.75042908521381,0.9376349320036541,43153.35747091581,0.04485990867709677,3307973.228184978,0.022553733869613724,0.00028469797589490464,0.025462719724567463,0.05030115157007609,260.47962898826546,308.09141773467513,3000.0,23.68828101651914,2.688281016519141,262.6574266016929,0.013613596943048306,2.177797613427458,2.177797613427458,0.09193565425489338,0.0,2.8883039631020813,1.0
22.780482644211176,0.9376433143098504,43154.12904258032,0.04485833181442931,3308002.8009361,0.022553707311755572,0.00028467796151088984,0.025464372957556086,0.050302758230822545,260.4926063868763,308.09417202263063,3000.0,23.68787187985421,2.687871879854211,262.6566574213395,0.01361357208262282,2.1640510344632276,2.1640510344632276,0.0913569207668539,0.0,2.8701477938134756,1.0
22.83043984299234,0.9376571313916358,43155.400887672215,0.044855721906537666,3308051.547559202,0.022553663535391785,0.0002846448367104581,0.0254670979099198,0.05030540628202204,260.5139969901462,308.09871208846107,3000.0,23.687191784952947,2.6871917849529487,262.6553895330518,0.01361353110343019,2.141392542905578,2.141392542905578,0.09040297230446187,0.0,2.8402195791604186,1.0
22.880397041773506,0.9376708041967712,43156.659470728184,0.044853125939688133,3308099.7851747163,0.02255362021689861,0.0002846118907608081,0.025469794193578806,0.05030802630123823,260.535163167237,308.1032047473572,3000.0,23.686511692088192,2.686511692088193,262.65413488393267,0.013613490551903301,2.1189717166956825,2.1189717166956825,0.08945900283845784,0.0,2.8106035667666114,1.0
22.93035424055467,0.937684334234533,43157.90493009931,0.044850543766450486,3308147.5191073637,0.02255357735147044,0.0002845791217603148,0.025472462112822256,0.05031061858605301,260.55610726936357,308.1076504952424,3000.0,23.68583160123869,2.6858316012386894,262.6528933354872,0.013613450423573216,2.0967860661236273,2.0967860661236273,0.08852490811485683,0.0,2.7812965130371494,1.0
22.980311439335836,0.9376977229985163,43159.13740270724,0.04484797524095578,3308194.754626544,0.022553534934351915,0.00028454652782775866,0.025475101968688414,0.05031318343086809,260.57683162325384,308.11204982288746,3000.0,23.685151512383406,2.6851515123834053,262.65166475065973,0.013613410714017352,2.0748331274058955,2.0748331274058955,0.08760058496231708,0.0,2.7522952076829017,1.0
23.00042908521381,0.9377030750567946,43159.630079338865,0.04484694472366708,3308213.6366721,0.02255351797862931,0.0002845334513512457,0.02547615717389416,0.05031420860387471,260.58511572935055,308.11380842121446,3000.0,23.68487764276725,2.6848776427672525,262.65117363306257,0.013613394840356617,2.0660579037120215,2.0660579037120215,0.0872310988840148,0.0,2.7407020837820615,1.0
23.030268638116997,0.9377109719666803,43160.357024048026,0.04484542021889078,3308241.4969464946,0.02255349296083778,0.0002845141071022428,0.025477714058977023,0.05031572112691705,260.5973385312211,308.11640321592546,3000.0,23.684471425501528,2.6844714255015294,262.6504489938292,0.013613371418859306,2.0531104626080605,2.0531104626080605,0.08668593128903172,0.0,2.723596473637716,1.0
23.080225836898162,0.9377240826014224,43161.56392819864,0.044842878557489745,3308287.751226546,0.022553451426272644,0.0002844818577430787,0.025480298678267267,0.050318231962282994,260.61763027128063,308.1207111548761,3000.0,23.68379134057247,2.6837913405724674,262.64924593080235,0.013613332533768655,2.0316156595217194,2.0316156595217194,0.08578084607768768,0.0,2.6951971669147055,1.0
23.130183035679327,0.9377370563497193,43162.75824782968,0.044840350115519685,3308333.5225716294,0.02255341032605051,0.0002844497779295869,0.025482856117948975,0.050320716221929074,260.6377090973719,308.12497411519223,3000.0,23.683111257575845,2.6831112575758436,262.6480554288014,0.013613294054460563,2.0103463314295027,2.0103463314295027,0.08488522937569806,0.0,2.667094176313942,1.0
23.18014023446049,0.9377498946436371,43163.940114252044,0.044837834753230464,3308378.8160340707,0.022553369655613154,0.000284417865860454,0.02548538666632632,0.05032317418779993,260.6575772401524,308.12919256742714,3000.0,23.68243117649149,2.682431176491492,262.6468773564164,0.013613255976694234,1.989300116263962,1.989300116263962,0.0839989822598388,0.0,2.639284422326663,1.0
23.230097433241657,0.9377625989003643,43165.10965741963,0.04483533233235057,3308423.636613704,0.022553329410450004,0.00028438611975366827,0.025487890608627516,0.05032560613883119,260.67723690705105,308.13336697724566,3000.0,23.681751097299454,2.681751097299456,262.64571158360275,0.013613218296272852,1.9684746765516934,1.9684746765516934,0.08312200683403721,0.0,2.6117648570793808,1.0
23.25042908521381,0.9377677312436378,43165.5821411094,0.044834317567284745,3308441.743505382,0.022553313152148587,0.0002843732467885881,0.025488902114030453,0.05032658851296763,260.68517884059804,308.13505338083564,3000.0,23.681474318237694,2.6814743182376937,262.64524062757704,0.013613203073848688,1.9600617869789971,1.9600617869789971,0.08276772639402373,0.0,2.600647294502496,1.0
23.28005463202282,0.9377751705222525,43166.26700593282,0.04483284271608208,3308467.989258024,0.022553289586098004,0.0002843545378464452,0.025490368227016003,0.050328012350960454,260.6966902823333,308.1374978054375,3000.0,23.68107101997999,2.681071019979988,262.64455798167745,0.013613181009043449,1.9478676993441582,1.9478676993441582,0.08225420622659846,0.0,2.5845324642601177,1.0
23.321109768028094,0.9377854036480768,43167.209083022535,0.04483080622399553,3308504.091695244,0.022553257170100895,0.00028432870532819345,0.025492384840103778,0.05032997071553287,260.71252428237705,308.14086024228305,3000.0,23.680512129606132,2.6805121296061323,262.64361896571296,0.013613150657610004,1.931094683335914,1.931094683335914,0.08154784291685979,0.0,2.562365585322587,1.0
23.330011830803986,0.937787610896888,43167.412287044885,0.04483036576909268,3308511.8788624303,0.022553250178141367,0.00028432311839511636,0.02549281980060755,0.05033039309714403,260.7159395272145,308.14158550794065,3000.0,23.680390944513547,2.680390944513549,262.64341642331226,0.013613144110896685,1.927476896097744,1.927476896097744,0.08139548458528792,0.0,2.5575842589770983,1.0
23.37996902958515,0.9377999213972237,43168.54562667371,0.044827901357502156,3308555.310270696,0.022553211182211156,0.0002842918596749481,0.025495245605499237,0.05033274864738534,260.73498678006644,308.1456305358849,3000.0,23.679710870880804,2.6797108708808057,262.6422867825217,0.013613107597766473,1.9073000024552584,1.9073000024552584,0.08054574706825014,0.0,2.5309172874865364,1.0
23.429926228366316,0.937812103382064,43169.66714944626,0.04482544934883483,3308598.2882766793,0.022553172593983734,0.000284260759979528,0.025497645914867983,0.05033507926883125,260.7538341571725,308.149633335751,3000.0,23.679030799062623,2.6790307990626236,262.64116893461863,0.013613071465628557,1.8873347774461422,1.8873347774461422,0.07970489981037804,0.0,2.5045286261496806,1.0
23.47988342714748,0.937824158196097,43170.77697870128,0.04482300961201554,3308640.8176244353,0.022553134409180654,0.00028422981762070453,0.025500020998979727,0.05033738522578109,260.77248375278015,308.1535943493813,3000.0,23.67835072904007,2.6783507290400683,262.6400627562113,0.01361303571050039,1.8675790034311603,1.8675790034311603,0.0788728499211175,0.0,2.4784153813760734,1.0
23.50042908521381,0.9378290793273755,43171.23004789651,0.04482200976415111,3308658.1793608284,0.02255311882118507,0.00028421713737415265,0.025500990530493692,0.05033832648905291,260.78009677020316,308.15521135218347,3000.0,23.67807104041317,2.6780710404131693,262.6396111815005,0.013613021114148345,1.8595144112973685,1.8595144112973685,0.07853318828732263,0.0,2.467755169690029,1.0
23.529840625928646,0.9378360871699323,43171.87523649254,0.044820582017364975,3308682.903008352,0.022553096623568508,0.000284199030928519,0.025502371125199676,0.0503396667796967,260.79093763916086,308.15751401399234,3000.0,23.6776706607944,2.6776706607944023,262.63896812519977,0.013613000328441044,1.8480304860389083,1.8480304860389083,0.07804950548192588,0.0,2.452574689555735,1.0
23.57979782470981,0.937847891620171,43172.96204359493,0.04481816643659215,3308724.549073393,0.022553059232958726,0.0002841683982510997,0.025504696558008876,0.050341924189218706,260.8091978667207,308.1613927621975,3000.0,23.676990594307085,2.676990594307087,262.6378849207697,0.013612965315551012,1.8286870540489986,1.8286870540489986,0.07723477554147821,0.0,2.4270037169204195,1.0
23.629755023490976,0.9378595728495264,43174.03751951547,0.04481576274278172,3308765.760415528,0.02255302223320717,0.0002841379179544929,0.02550699755903066,0.05034415771019232,260.8272664641897,308.165231022047,3000.0,23.676310529559778,2.6763105295597778,262.63681302338097,0.01361293066797183,1.8095465591912898,1.8095465591912898,0.0764285701073264,0.0,2.4016996592933326,1.0
23.67971222227214,0.9378711321472875,43175.101782535654,0.04481337081034883,3308806.5415833634,0.022552985620212657,0.00028410758842208094,0.02550927438712467,0.05034636759575941,260.8451454393441,308.16902921717997,3000.0,23.67563046653432,2.67563046653432,262.6357523147253,0.013612896381884723,1.7906068753812292,1.7906068753812292,0.07563080011373997,0.0,2.376659741090977,1.0
23.729669421053305,0.9378825707893486,43176.15494971394,0.04481099051503539,3308846.8970782505,0.02255294938991684,0.0002840774080545263,0.025511527298395217,0.050348554096366585,260.8628367790534,308.1727877668343,3000.0,23.674950405212748,2.6749504052127486,262.6347026777237,0.013612862453510522,1.7718658986702849,1.7718658986702849,0.07484137741974554,0.0,2.3518812152725737,1.0
23.75042908521381,0.9378872889184503,43176.5893563058,0.044810004779183364,3308863.5426235725,0.022552934446058534,0.0002840649101292314,0.025512456519224926,0.050349455875412695,260.8701336775358,308.1743380664599,3000.0,23.67466780690532,2.6746678069053176,262.6342697309755,0.013612848458930205,1.7641360534396995,1.7641360534396995,0.07451576798577694,0.0,2.341660758213122,1.0
23.77962661983447,0.9378938900382463,43177.197136889015,0.04480862173390553,3308886.831354416,0.02255291353830411,0.00028404737526970534,0.025513756546201135,0.05035071745977496,260.88034244934033,308.17650708585876,3000.0,23.674270345577284,2.674270345577285,262.63366399652267,0.013612828879109544,1.7533215471823382,1.7533215471823382,0.07406021480657314,0.0,2.3273613632706494,1.0
23.829583818615635,0.9379050911432254,43178.22845868552,0.04480626434533854,3308926.3488191906,0.02255287806140136,0.00028401748850261056,0.0255159623811712,0.050352857931075176,260.89766439548384,308.1801875847346,3000.0,23.673590287610338,2.6735902876103386,262.6326361564887,0.013612795654981403,1.7349717610048287,1.7349717610048287,0.07328722597319058,0.0,2.303097494861416,1.0
23.8795410173968,0.9379161753403513,43179.24902852427,0.04480391822901713,3308965.4538334096,0.022552842955277614,0.00028398774620519304,0.025518145051228822,0.05035497575271163,260.9148045421964,308.18382966961263,3000.0,23.672910231294505,2.6729102312945052,262.6316190441973,0.01361276277746469,1.7168145020008865,1.7168145020008865,0.07252232552849949,0.0,2.2790869479301588,1.0
23.929498216177965,0.9379271438529517,43180.25895866267,0.044801583265884466,3309004.1507129697,0.022552808216042646,0.00028395814684581004,0.02552030480168132,0.05035707116456978,260.93176479431133,308.1874337424582,3000.0,23.67223017661256,2.6722301766125587,262.6306125473931,0.013612730242935656,1.6988477530817931,1.6988477530817931,0.07176542896073235,0.0,2.255327087520692,1.0
23.97945541495913,0.9379379978916449,43181.258360197135,0.04479925933814057,3309042.443728929,0.02255277383984684,0.000283928688909171,0.02552244187522787,0.05035914440398388,260.9485470368285,308.1910002010606,3000.0,23.671550123547455,2.6715501235474535,262.62961655498697,0.013612698047808128,1.6810695181584947,1.6810695181584947,0.07101645263553052,0.0,2.231815305784891,1.0
24.00042908521381,0.9379425209429344,43181.67483019339,0.04479828693806067,3309058.4010403138,0.022552759514877892,0.000283916363290959,0.025523332387827845,0.050360008265996695,260.95554016657445,308.1924864013254,3000.0,23.67126461544812,2.67126461544812,262.6292015090428,0.013612684631540752,1.6736613424683355,1.6736613424683355,0.07070434848571995,0.0,2.222017606338538,1.0
24.029412613740295,0.9379487386543747,43182.24734306606,0.04479694632923816,3309080.337107628,0.022552739822881127,0.0002838993708962773,0.025524556511968718,0.050361195705746126,260.96515313497025,308.1945294390444,3000.0,23.670870072082323,2.6708700720823217,262.6286309570526,0.013612666188533426,1.6634778220823705,1.6634778220823705,0.07027531379356833,0.0,2.208549021917778,1.0
24.07936981252146,0.9379593673264732,43183.226016055436,0.04479464412387589,3309117.8350309175,0.022552706161376713,0.0002838701913243285,0.025526648949419726,0.05036322530212077,260.98158493428036,308.1980218458903,3000.0,23.670190022200472,2.6701900222004733,262.62765564482123,0.013612634661600152,1.6460707105408687,1.6460707105408687,0.06954193054626959,0.0,2.1855256820325577,1.0
24.129327011302625,0.9379698850807665,43184.19448680837,0.04479235260798741,3309154.9416365214,0.0225526728516048,0.0002838411487265766,0.025528719422535397,0.05036523342286678,260.99784426078963,308.2014778069696,3000.0,23.669509973885393,2.6695099738853942,262.62669051067144,0.013612603463533896,1.6288462498818035,1.6288462498818035,0.06881622186850983,0.0,2.1627427589408237,1.0
24.17928421008379,0.9379802930779928,43185.1528618634,0.04479007166870066,3309191.661019523,0.022552639889875194,0.0002838122416518018,0.025530768163793436,0.05036722029532043,261.01393292166733,308.2048977036818,3000.0,23.66882992712074,2.668829927120741,262.6257354480911,0.013612572590896,1.6118025264237872,1.6118025264237872,0.0680981075696064,0.0,2.1401977512509225,1.0
24.203923896359033,0.9379853864032033,43185.62186238847,0.04478895053360054,3309209.6302555907,0.02255262375966877,0.000283798033686876,0.025531770703588776,0.05036819249694442,261.02180580780407,308.206571286578,3000.0,23.668494517788993,2.668494517788993,262.62526807245564,0.013612557482811757,1.6034622646515686,1.6034622646515686,0.06774669438507899,0.0,2.129165045395203,1.0
24.229241408864954,0.937990592466832,43186.10124665703,0.044787801194334245,3309227.9972324604,0.022552607272536253,0.0002837834686642605,0.0255327954032026,0.05036918614440311,261.02985270526887,308.2082819134643,3000.0,23.66814988189034,2.668149881890341,262.62479035167473,0.013612542040283462,1.5949376464058673,1.5949376464058673,0.0673875082913106,0.0,2.1178881833137897,1.0
24.25042908521381,0.9379949280869323,43186.50048085586,0.044786841381865325,3309243.293287172,0.02255259354210344,0.0002837713057098014,0.025533648751195827,0.05037001359900907,261.03655398171855,308.20970652692296,3000.0,23.66786146389165,2.6678614638916502,262.6243925048624,0.013612529179689444,1.5878385231438301,1.5878385231438301,0.06708838166753177,0.0,2.108496828694423,1.0
24.27919860764612,0.938000784383938,43187.0397455265,0.04478554107439372,3309263.954285445,0.022552574995974746,0.00028375482834363,0.025534801368311145,0.05037113119262952,261.0456053811865,308.2116308098028,3000.0,23.66746983817819,2.6674698381781887,262.6238551171203,0.013612511808328863,1.5782497359338095,1.5782497359338095,0.06668434550565781,0.0,2.095811605164163,1.0
24.329155806427284,0.9380108699539983,43187.96846171511,0.04478329119956499,3309299.536146371,0.022552543056615675,0.00028372631928491826,0.025536786284220656,0.05037305566012125,261.06119270034435,308.2149447622511,3000.0,23.666789795968448,2.666789795968449,262.6229296412236,0.013612481891700163,1.561736940879257,1.561736940879257,0.06598854151082599,0.0,2.0739655923991114,1.0
24.37911300520845,0.9380208502898316,43188.887497381045,0.044781051461704385,3309334.7467412613,0.022552511450921936,0.000283697940098331,0.02553875037360719,0.050374959764627456,261.076616395151,308.21822413646316,3000.0,23.666109755245454,2.666109755245454,262.6220138218699,0.013612452287100427,1.545397426718921,1.545397426718921,0.0653000194244596,0.0,2.0523477459768107,1.0
24.429070203989614,0.9380307264927881,43189.796953634046,0.04477882175379969,3309369.589955673,0.02255248017539308,0.0002836696894087716,0.025540693856802004,0.05037684372160385,261.09187818012293,308.22146929432455,3000.0,23.665429715993696,2.665429715993697,262.62110755799665,0.013612422991266658,1.529229377873719,1.529229377873719,0.06461870315586228,0.0,2.030955691351652,1.0
24.47902740277078,0.938040499652776,43190.69693053768,0.04477660196996689,3309404.0696348017,0.022552449226565185,0.00028364156585579256,0.02554261695179878,0.050378707744219764,261.10697975192727,308.2246805939612,3000.0,23.664749678197833,2.6647496781978317,262.6202107495913,0.013612394000969691,1.5132309976640386,1.5132309976640386,0.06394451740422032,0.0,2.0097870784264558,1.0
24.50042908521381,0.9380446552182371,43191.0796052005,0.04477565402417189,3309418.730457286,0.02255243606718433,0.0002836295562806272,0.025543434621854103,0.050379500245319064,261.1134006678953,308.2260460444267,3000.0,23.66445835019614,2.664458350196139,262.61982942502084,0.013612381674206317,1.5064287571255477,1.5064287571255477,0.06365785917568073,0.0,2.000786224997629,1.0
24.528984601551944,0.9380501708482922,43191.58752711197,0.044774392005446625,3309438.1895835795,0.02255241860101077,0.0002836135680935445,0.025544519874261404,0.05038055204336572,261.12192278943,308.2278583897494,3000.0,23.664069641842673,2.664069641842674,262.6193232976884,0.013612365313014125,1.4974005082584085,1.4974005082584085,0.06327738765654718,0.0,1.988839581495771,1.0
24.57894180033311,0.9380597411464806,43192.46884133866,0.0447721917565979,3309471.9535668865,0.022552388295338618,0.00028358569479068965,0.02554640283753739,0.0503823768276667,261.13670895378925,308.231003032335,3000.0,23.6633896069132,2.6633896069131997,262.61844510436424,0.013612336924238128,1.4817361505749886,1.4817361505749886,0.06261724018363385,0.0,1.9681108991264187,1.0
24.628898999114273,0.938069211603221,43193.340970169236,0.04477000112088891,3309505.3653098657,0.022552358306193437,0.0002835579446302798,0.025548266052677116,0.050384182303500835,261.1513398885934,308.23411486866297,3000.0,23.662709573394544,2.6627095733945425,262.61757607272887,0.01361230883151322,1.4662361841354823,1.4662361841354823,0.06196400203398781,0.0,1.947598753974728,1.0
24.67885619789544,0.9380785832635115,43194.204009559915,0.04476781999685995,3309538.428499265,0.02255232863025471,0.0002835303163092798,0.02555010972851086,0.05038596867507485,261.1658172204574,308.2371942421023,3000.0,23.66202954127199,2.6620295412719894,262.6167161068907,0.01361228103174309,1.450898886433265,1.450898886433265,0.06131760100724097,0.0,1.9273008919588916,1.0
24.728813396676603,0.9380878571614935,43195.0580544739,0.04476564828412036,3309571.146783534,0.022552299264236568,0.0002835028085385228,0.025551934071655444,0.05038773614443054,261.1801425590628,308.24024149245497,3000.0,23.661349510530982,2.661349510530981,262.6158651119544,0.013612253521863548,1.4357225528916047,1.4357225528916047,0.06067796565249189,0.0,1.9072150822141085,1.0
24.75042908521381,0.9380918397864031,43195.42482199581,0.04476471151044671,3309585.1974722706,0.022552286653267157,0.00028349094340537456,0.025552717495323365,0.0503884950919959,261.1862941967777,308.24155011749957,3000.0,23.661055272426342,2.6610552724263434,262.6154996568203,0.013612241707862797,1.429205460042624,1.429205460042624,0.06040328478959109,0.0,1.8985894404034345,1.0
24.778770595457768,0.9380970343204805,43195.90319888375,0.04476348588334519,3309603.5237729186,0.022552270204887686,0.0002834754200426622,0.025553739286521555,0.050389484911451905,261.1943174972028,308.2432569559649,3000.0,23.66066948115711,2.66066948115711,262.61502299401843,0.01361222629884245,1.4207054968156285,1.4207054968156285,0.060045025266383535,0.0,1.8873391170392813,1.0
24.828727794238933,0.9381061157530141,43196.73953577653,0.04476133269626919,3309635.563039662,0.022552241448991126,0.0002834481495600897,0.02555552557532644,0.05039121517387765,261.2083436108715,308.2462409653366,3000.0,23.65998945313612,2.659989453136122,262.61418966016953,0.013612199359679524,1.4058460492980203,1.4058460492980203,0.05941870988922508,0.0,1.8676708117821583,1.0
24.878684993020098,0.9381151024609475,43197.56715716127,0.04475918862567826,3309667.2681183,0.02255221299336406,0.00028342099584282085,0.025557293138112048,0.05039292712731893,261.2222224593952,308.2491938497626,3000.0,23.65930942645391,2.6593094264539108,262.61336501847524,0.013612172701406109,1.3911425590800377,1.3911425590800377,0.05879895029922452,0.0,1.84820800466502,1.0
24.928642191801263,0.938123995435807,43198.38615410211,0.04475705357537439,3309698.6425069347,0.0225521848348566,0.00028339395765604583,0.02555904217281756,0.050394620965330206,261.23595558599334,308.25211593504207,3000.0,23.65862940109652,2.6586294010965186,262.6125489779507,0.01361214632108411,1.3765933919573854,1.3765933919573854,0.05818567798748239,0.0,1.8289485560060212,1.0
24.978599390582428,0.9381327956588186,43199.1966167207,0.044754927450172496,3309729.6896673283,0.022552156970351754,0.0002833670337780833,0.02556077287528633,0.05039629687941617,261.24954451782327,308.2550075435898,3000.0,23.65794937705013,2.657949377050131,262.6117414485564,0.013612120215805911,1.3621969307331483,1.3621969307331483,0.05757882515610482,0.0,1.8098903481664104,1.0
25.00042908521381,0.9381366122023387,43199.5481062967,0.04475400117962839,3309743.1544214212,0.022552144885971938,0.0002833553044854507,0.025561523430792224,0.05039702362124961,261.25543756084124,308.25626159702125,3000.0,23.6576522287462,2.6576522287462017,262.61139123344554,0.013612108894252439,1.3559536726043007,1.3559536726043007,0.057315648209448844,0.0,1.8016251674174877,1.0
25.028556589363593,0.938141504100934,43199.99863419835,0.04475281015589739,3309760.413024995,0.022552129396765267,0.00028334022300033687,0.0255624854392725,0.0503979550590381,261.2629907660203,308.2578689944445,3000.0,23.65726935430108,2.6572693543010786,262.61094234119537,0.01361209438269429,1.3479515751750455,1.3479515751750455,0.05697832471649891,0.0,1.7910312855033514,1.0
25.078513788144758,0.938150121722884,43200.79229478091,0.04475070159937813,3309790.8159693913,0.0225521021110455,0.00028331352412721845,0.025564180056452945,0.050399595691625665,261.27629582578265,308.2607006032866,3000.0,23.656589332835836,2.6565893328358365,262.6101515677087,0.013612068818902283,1.3338557419260724,1.3338557419260724,0.056384110285697564,0.0,1.7723692942607425,1.0
25.128470986925922,0.9381586494752567,43201.57768578575,0.04474860168844003,3309820.9018541877,0.022552075110173184,0.00028328693597604103,0.02556585691644415,0.05040121896259338,261.2894611764931,308.2635026824636,3000.0,23.655909312641022,2.655909312641022,262.6093690408683,0.013612043521612924,1.3199078643751818,1.3199078643751818,0.05579611618099423,0.0,1.7539023224068326,1.0
25.178428185707087,0.9381670882988413,43202.354893633354,0.04474651033187132,3309850.6739984863,0.022552048391160286,0.0002832604573765917,0.0255675162068713,0.050402825055408176,261.3024882822551,308.26627554110337,3000.0,23.655229293703393,2.6552292937033917,262.60859467434494,0.013612018488038268,1.3061063920898164,1.3061063920898164,0.055214277396054626,0.0,1.7356283388899463,1.0
25.228385384488252,0.9381754391246534,43203.12400384955,0.044744427439420115,3309880.1356869075,0.022552021951049942,0.0002832340871710886,0.025569158113374606,0.05040441415159564,261.3153785919331,308.2690194851224,3000.0,23.65454927600984,2.6545492760098384,262.60782838270643,0.01361199371541927,1.2924497907733326,1.2924497907733326,0.05463852959921412,0.0,1.7175453335908364,1.0
25.25042908521381,0.9381790961984706,43203.46082213528,0.044743511027767295,3309893.037832367,0.02255201037223189,0.00028322248544212277,0.025569877127369217,0.05040510998504323,261.32102333690824,308.27022113943224,3000.0,23.654249217413764,2.654249217413762,262.6074928009149,0.013611982866728647,1.2864694640066432,1.2864694640066432,0.054386400184689494,0.0,1.7096263873914017,1.0
25.278342583269417,0.9381837028739597,43203.88510106762,0.04474235292179165,3309909.290169677,0.022551995786916385,0.0002832078242141402,0.0255707828196156,0.050405986430746126,261.3281335391915,308.2717348172337,3000.0,23.653869259547392,2.653869259547393,262.6070700814153,0.013611969201025753,1.2789365422237893,1.2789365422237893,0.05406880913183255,0.0,1.6996513172767367,1.0
25.288415341160526,0.938185358607891,43204.0375961524,0.044741935648118535,3309915.1315940213,0.02255199054467497,0.0002832025417642783,0.025571108338024985,0.050406301424464235,261.3306890190652,308.27227886417234,3000.0,23.653732149501955,2.653732149501956,262.6069181473317,0.01361196428928454,1.27622912826655,1.27622912826655,0.05395466221568007,0.0,1.696066105813336,1.0
25.328299782050582,0.9381918804583297,43204.638269032934,0.044740286690642825,3309938.1406628108,0.022551969895864755,0.0002831816673726718,0.0255723905072886,0.05040754207052603,261.34075454257635,308.2744218369641,3000.0,23.653189244303224,2.6531892443032246,262.60631968682367,0.013611944942156232,1.2655651442473186,1.2655651442473186,0.05350505300472852,0.0,1.681944321494986,1.0
25.378256980831747,0.9381999727797068,43205.383590609425,0.04473822865857485,3309966.69034836,0.0225519442750309,0.0002831556155258272,0.025573981356136064,0.0504090812466928,261.353243005627,308.27708084067734,3000.0,23.652509230264634,2.6525092302646347,262.60557711616696,0.013611920936137712,1.2523341105399481,1.2523341105399481,0.05294719889327939,0.0,1.6644223984246314,1.0
25.42821417961291,0.938207980730737,43206.121147809696,0.04473617873910152,3309994.94237558,0.02255191892158029,0.00028312966756456273,0.025575555544014462,0.050410604133159315,261.36560031738685,308.27971212168217,3000.0,23.65182921741906,2.6518292174190585,262.604842287534,0.013611897180324723,1.239241970147134,1.239241970147134,0.05239518511466585,0.0,1.647083620167074,1.0
25.478171378394077,0.9382159051947928,43206.85102179716,0.044734136846646295,3310022.8998610033,0.022551893832707965,0.0002831038223916053,0.025577113246900332,0.0504121109019999,261.37782785244315,308.2823159702403,3000.0,23.65114920575406,2.6511492057540607,262.6041151198644,0.01361187367209924,1.2262872674212417,1.2262872674212417,0.0518489506261666,0.0,1.6299260786977494,1.0
25.50042908521381,0.9382194091704742,43207.17375356311,0.044733229673609515,3310035.261876699,0.02255188273919358,0.00028309234026326703,0.025577801996167777,0.050412777075624624,261.38323422073876,308.28346731902064,3000.0,23.65084623677637,2.650846236776371,262.60379358672185,0.013611863277396413,1.2205593659830924,1.2205593659830924,0.05160742891665156,0.0,1.6223396497116989,1.0
25.52812857717524,0.9382237470459963,43207.57329288804,0.04473210289653981,3310050.565888532,0.022551869005638454,0.0002830780789214164,0.02557865463889595,0.050413601723455825,261.3899269709621,308.28489267357384,3000.0,23.650469195257337,2.6504691952573367,262.60339553294654,0.013611850408870608,1.2134685619844277,1.2134685619844277,0.0513084350236809,0.0,1.612947885824874,1.0
25.578085775956406,0.9382315071492685,43208.2880405558,0.0447300768050145,3310077.943509605,0.022551844437625614,0.0002830524360801196,0.025580179892240366,0.0504150767659461,261.4018990187678,308.28744251588165,3000.0,23.64978918591671,2.6497891859167115,262.60268344741337,0.013611827388075422,1.2007844286455907,1.2007844286455907,0.050773578538308904,0.0,1.59614717308709,1.0
25.62804297473757,0.9382391863603957,43208.99534343715,0.04472805848919805,3310105.0357434317,0.0225518201259524,0.0002830268928054132,0.025581689177323567,0.050416536196081385,261.4137453274453,308.289965778361,3000.0,23.64910917772014,2.6491091777201388,262.60197878473576,0.013611804607177307,1.188233457290437,1.188233457290437,0.05024432203179448,0.0,1.5795220916152684,1.0
25.678000173518736,0.9382467855263418,43209.69527936069,0.04472604786708298,3310131.8455780996,0.022551796067929907,0.0002830014480461807,0.025583182662749077,0.05041798017872517,261.4254672148274,308.29246273931034,3000.0,23.648429170655696,2.648429170655697,262.60128146719444,0.013611782063666013,1.1758142523670472,1.1758142523670472,0.04972060697486257,0.0,1.5630708114568903,1.0
25.7279573722999,0.9382543054852719,43210.387925349045,0.044724044857524,3310158.3759706533,0.02255177226089724,0.00028297610076245334,0.025584660515339763,0.05041940887699946,261.43706598503206,308.29493367413687,3000.0,23.647749164711588,2.6477491647115876,262.60059141787724,0.013611759755057323,1.1635254328451765,1.1635254328451765,0.049202375445585755,0.0,1.5467915215294563,1.0
25.75042908521381,0.9382576625015131,43210.6971341269,0.044723146326017676,3310170.2195138843,0.022551761633174374,0.0002829647305749518,0.025585320228462407,0.050420046592211734,261.4422435341554,308.2960367344622,3000.0,23.647443285266103,2.6474432852661036,262.6002833700825,0.013611749796155401,1.1580398359270703,1.1580398359270703,0.048971037670216315,0.0,1.539524386870312,1.0
25.777914571081066,0.9382617470665734,43211.07335762068,0.04472204938023558,3310184.6298471675,0.02255174870222148,0.0002829508499253751,0.02558612290014305,0.050420822452289904,261.448542928496,308.2973788553637,3000.0,23.647069159876136,2.647069159876137,262.59990856067765,0.013611737678893013,1.151365632181637,1.151365632181637,0.04868957012800769,0.0,1.5306824295818846,1.0
25.82787176986223,0.938269111090904,43211.75165159417,0.04472006135578702,3310210.610102922,0.02255172538929753,0.0002829256945171361,0.025587569980441496,0.05042222106425616,261.4598993220501,308.2997985526455,3000.0,23.646389156137793,2.646389156137793,262.59923282029024,0.013611715832740701,1.1393334982401484,1.1393334982401484,0.04818213430884082,0.0,1.5147417620953267,1.0
25.877828968643396,0.9382763983702528,43212.422881893806,0.044718080705596096,3310236.3196026105,0.0225517023195479,0.00028290063353088795,0.02558900191776586,0.05042360487084464,261.4711364290151,308.3021930327884,3000.0,23.64570915348513,2.645709153485128,262.59856412220483,0.013611694214193667,1.1274276931897589,1.1274276931897589,0.047680011873257266,0.0,1.4989677641554051,1.0
25.92778616742456,0.9382836097082369,43213.08712237681,0.04471610735190039,3310261.761181391,0.02255167949042178,0.00028287566597037735,0.02559041887195452,0.050424974028346684,261.482255499664,308.30456255984785,3000.0,23.64502915190683,2.6450291519068294,262.59790239267966,0.013611672820869978,1.1156468930156507,1.1156468930156507,0.04718314728428578,0.0,1.4833586988093386,1.0
25.977743366205726,0.938290745900125,43213.744446135395,0.04471414121775473,3310286.937644971,0.022551656899394937,0.0002828507908499095,0.025591821001159053,0.0504263286914039,261.49325777125836,308.3069073951361,3000.0,23.644349151391705,2.644349151391705,262.59724755873896,0.013611651650412414,1.1039897874806002,1.1039897874806002,0.04669148558126496,0.0,1.4679128470216014,1.0
26.00042908521381,0.9382939618698851,43214.04067485583,0.04471325075312691,3310298.2835766403,0.022551646718673986,0.0002828395252364186,0.025592452860139746,0.050426939104050154,261.49821570610817,308.30796410990746,3000.0,23.644040361395433,2.6440403613954317,262.59695245370483,0.013611642109791731,1.0987367475966607,1.0987367475966607,0.04646992353263835,0.0,1.4609522636874785,1.0
26.02770056498689,0.9382978077328575,43214.394925498535,0.044712182227028774,3310311.8517696736,0.02255163454396968,0.0002828260071943138,0.025593208461849256,0.05042766901301325,261.50414446808156,308.30922779722874,3000.0,23.643669151928677,2.6436691519286786,262.5965995481713,0.013611630700488415,1.092455080089735,1.092455080089735,0.04620497237843563,0.0,1.452628507633878,1.0
26.077657763768055,0.9383047959850913,43215.03863203599,0.044710230304402444,3310336.5063025965,0.02255161242167468,0.00028280131403888203,0.025594581408822897,0.050428995144536456,261.5149168015078,308.31152402197966,3000.0,23.64298915350679,2.64298915350679,262.5959582895252,0.013611609968789948,1.0810414880173767,1.0810414880173767,0.04572355386192924,0.0,1.4375039972745516,1.0
26.12761496254922,0.9383117114272572,43215.675636563574,0.04470828537535998,3310360.9039618196,0.02255159053006482,0.0002827767104292899,0.02559593999521804,0.05043030723571215,261.52557597009377,308.31379632253976,3000.0,23.642309156115196,2.6423091561151963,262.5953237121041,0.013611589453033333,1.0697477420103496,1.0697477420103496,0.04524717678576055,0.0,1.4225376502368217,1.0
26.177572161330385,0.9383185548218418,43216.30600916893,0.04470634736616279,3310385.0474373903,0.02255156886672028,0.0002827521954212493,0.025597284372569345,0.050431605434710876,261.53612316001585,308.3160449494496,3000.0,23.641629159743168,2.6416291597431667,262.59469574594044,0.01361156915095841,1.058572585924594,1.058572585924594,0.04477578845230875,0.0,1.4077278178694124,1.0
26.22752936011155,0.9383253269234109,43216.929819213736,0.044704416203846735,3310408.939391418,0.022551547429246456,0.000282727768080471,0.025598614690813593,0.05043288988814052,261.5465595451084,308.31827015064704,3000.0,23.640949164380082,2.6409491643800806,262.5940743217934,0.013611549060328475,1.0475147766850341,1.0475147766850341,0.044309336710698956,0.0,1.3930728685295453,1.0
26.25042908521381,0.9383284075409252,43217.2135908346,0.044703533253140575,3310419.8078007693,0.022551537677437422,0.00028271659995712095,0.0255992198326553,0.05043347411004984,261.55130672902214,308.3192823908965,3000.0,23.64063746375311,2.6406374637531096,262.5937916370032,0.013611539921116017,1.042484907981077,1.042484907981077,0.04409715726064755,0.0,1.3864065590269221,1.0
26.277486558892715,0.9383320284786273,43217.54713533512,0.04470249181622027,3310432.582458123,0.0225515262152739,0.00028270342748263683,0.02559993109829414,0.050434160741050685,261.5568862868911,308.3204721714732,3000.0,23.64026917001543,2.6402691700154297,262.5934593711475,0.013611529178930224,1.0365730842564176,1.0365730842564176,0.0438477699556473,0.0,1.3785711875504185,1.0
26.32744375767388,0.9383386602262945,43218.15802544974,0.044700574131859676,3310455.979244005,0.02255150522245821,0.0002826791727133367,0.02560123374177036,0.05043541813694191,261.56710453463876,308.3226512546869,3000.0,23.639589176638818,2.639589176638817,262.59285082620835,0.013611509504573622,1.0257462915695896,1.0257462915695896,0.04339103712442074,0.0,1.364221177149378,1.0
26.377400956455045,0.9383452228974101,43218.76255675851,0.04469866308010384,3310479.132328019,0.022551484448479802,0.00028265500286799847,0.025602522766428996,0.0504366622177768,261.5772154254634,308.3248076404817,3000.0,23.638909184239953,2.638909184239954,262.5922486198979,0.013611490035091761,1.0150331944344657,1.0150331944344657,0.04293908769323365,0.0,1.350021256318319,1.0
26.42735815523621,0.9383517172154326,43219.36079577124,0.044696758591028354,3310502.044262527,0.0225514638910431,0.0002826309170515573,0.02560379831593757,0.050437893124032226,261.5872200847317,308.32694156657436,3000.0,23.63822919280866,2.6382291928086596,262.59165268582973,0.01361147076834004,1.0044326010980171,1.0044326010980171,0.04249187165862622,0.0,1.3359698602421441,1.0
26.477315354017374,0.9383581438963058,43219.95280830863,0.04469486059544292,3310524.717573374,0.022551443547876467,0.00028260691437841963,0.0256050605324498,0.05043911099470469,261.59711962610135,308.32905326821214,3000.0,23.63754920233486,2.6375492023348586,262.59106295830736,0.013611451702196126,0.9939433322060154,0.9939433322060154,0.042049339535920924,0.0,1.322065440253716,1.0
26.50042908521381,0.938361094643971,43220.22462643307,0.04469398462667578,3310535.1278022877,0.02255143420756649,0.0002825958369345624,0.025605640050692966,0.050439670095194025,261.60166459169574,308.3300228353651,3000.0,23.637234591000272,2.6372345910002717,262.5907921906835,0.013611442948145324,0.9891275989877499,0.9891275989877499,0.04184616416018285,0.0,1.3156815784270488,1.0
26.52727255279854,0.938364503648474,43220.5386595038,0.044692969024889534,3310547.154759951,0.022551423416732122,0.00028258299397243667,0.02560630955660961,0.05044031596731417,261.6069151515467,308.3311429781782,3000.0,23.63686921280858,2.6368692128085804,262.59047937232214,0.013611432834559881,0.9835642207754631,0.9835642207754631,0.0416114423581309,0.0,1.3083064638029378,1.0
26.577229751579704,0.9383707971729254,43221.11841380604,0.04469108381163807,3310569.358295341,0.02255140349538601,0.00028255915496684544,0.025607545527560355,0.050441508177913215,261.61660775142633,308.33321092680575,3000.0,23.63618922421996,2.636189224219961,262.58990186354976,0.01361141416335326,0.9732941121234262,0.9732941121234262,0.041178131673023394,0.0,1.2946914143678119,1.0
26.62718695036087,0.938377025163239,43221.692134985155,0.04468920488868147,3310591.33062649,0.022551383781637655,0.000282535396504205,0.025608768582954883,0.05044268776109674,261.6261985045568,308.33525734199344,3000.0,23.63550923655924,2.63550923655924,262.58933036834566,0.013611395686520153,0.9631318637888739,0.9631318637888739,0.04074935953988706,0.0,1.28121879135612,1.0
26.677144149142034,0.9383831883058421,43222.25988615514,0.04468733218971087,3310613.074175111,0.02255136427330936,0.00028251171773607846,0.02560997885900687,0.05044385485005231,261.63568847861376,308.33728244929,3000.0,23.634829249816757,2.634829249816758,262.5887648237217,0.013611377402025625,0.9530763451079451,0.9530763451079451,0.040325078511634874,0.0,1.2678871095462527,1.0
26.69469106416821,0.9383853377796404,43222.45789742108,0.04468667588960604,3310620.6575122257,0.022551357469569707,0.0002825034195853789,0.02561040094764294,0.05044426183679803,261.6389980088985,308.33798873102853,3000.0,23.63459041219008,2.634590412190078,262.58856758289363,0.013611371025066129,0.9495695739951202,0.9495695739951202,0.04017711148932617,0.0,1.2632376754183263,1.0
26.7271013479232,0.9383892872800301,43222.821729775824,0.04468546564911349,3310634.5913377553,0.022551344968246078,0.0002824881178230037,0.02561117649049542,0.0504450095765645,261.6450787301618,308.33928647190066,3000.0,23.634149263982955,2.634149263982955,262.5882051673442,0.013611359307855883,0.9431264371824,0.9431264371824,0.03990524163354036,0.0,1.2546948990506055,1.0
26.75042908521381,0.9383921134351572,43223.08207925943,0.044684596150573797,3310644.5620045685,0.022551336022677438,0.00028247712451174824,0.02561173143671348,0.05044554458390267,261.6494296899559,308.34021509999474,3000.0,23.63383174186673,2.6338317418667287,262.5879458326279,0.013611350923326743,0.9385161426719719,0.9385161426719719,0.03971070594572333,0.0,1.2485820961364964,1.0
26.777058546704364,0.9383953227579833,43223.37772765451,0.04468360520197063,3310655.884485875,0.02255132586431545,0.0002824645959344645,0.025612361610769196,0.050446152071019115,261.6543703046832,308.3412696306929,3000.0,23.633469279048374,2.6334692790483727,262.5876513375322,0.013611341402018185,0.9332810328489813,0.9332810328489813,0.039489802442012056,0.0,1.2416407052801144,1.0
26.82701574548553,0.9384012954048069,43223.92794094944,0.044681750784053655,3310676.955965956,0.022551306959407606,0.00028244115124883727,0.025613534351754945,0.05044728246241139,261.6635642366391,308.3432321442093,3000.0,23.632789295003654,2.632789295003653,262.58710327325406,0.013611323682540753,0.9235390366149545,0.9235390366149545,0.03907871496193661,0.0,1.2287230888637615,1.0
26.876972944266694,0.9384072058785758,43224.472430174,0.044679902331819364,3310697.808099688,0.02255128825143503,0.00028241778295332953,0.02561469484396707,0.050448400878355434,261.67266154954086,308.3451742286825,3000.0,23.632109311839535,2.6321093118395344,262.5865609141233,0.013611306147472628,0.9138993645824485,0.9138993645824485,0.0386719337035476,0.0,1.2159406255531138,1.0
26.92693014304786,0.938413054830578,43225.01125521896,0.044678059782386585,3310718.443184811,0.02255126973833181,0.00028239449024368077,0.025615843216556043,0.05044950744513153,261.68166325632757,308.34709609811495,3000.0,23.631429329546854,2.631429329546853,262.58602420037624,0.01361128879488296,0.9043609440486762,0.9043609440486762,0.038269413645578156,0.0,1.203291905695788,1.0
26.976887341829023,0.9384188429053348,43225.54447535438,0.04467622307353388,3310738.8634951953,0.022551251418053565,0.0002823712723241313,0.025616979597313155,0.050450602287690854,261.69057035939954,308.3489979642858,3000.0,23.63074934811654,2.6307493481165407,262.58549307286995,0.01361127162286093,0.8949227134704074,0.8949227134704074,0.037871110233824896,0.0,1.1907755341931154,1.0
27.00042908521381,0.9384215495467637,43225.793822901214,0.04467535955309559,3310748.412518039,0.022551242851102233,0.00028236035685314437,0.025617510982566316,0.050451114190521694,261.6947352162164,308.34988732214424,3000.0,23.630428915147455,2.630428915147453,262.5852447050149,0.013611263592800599,0.8905094887985001,0.8905094887985001,0.037684863528975994,0.0,1.184922825114604,1.0
27.02684454061019,0.9384245707406162,43226.07214923089,0.04467439214369793,3310759.07128089,0.02255123328857738,0.0002823481284073985,0.02561810411267413,0.05045168552965891,261.69938385064125,308.35088003675577,3000.0,23.630069367539623,2.6300693675396225,262.58496747308124,0.013611254629515724,0.8855836224399809,0.8855836224399809,0.03747697938020012,0.0,1.1783901304731033,1.0
27.076801739391353,0.9384302389674795,43226.5943348832,0.044672566931969505,3310779.0687682647,0.022551215347901696,0.00028232505771462354,0.025619216887727406,0.050452757293343725,261.7081047114827,308.35274252287985,3000.0,23.62938938780722,2.62938938780722,262.58444734310274,0.013611237812976405,0.876342631620048,0.876342631620048,0.037086977460037175,0.0,1.1661343284084464,1.0
27.126758938172518,0.9384358482103101,43227.1110897339,0.04467074737808929,3310798.8581601493,0.02255119759404616,0.0002823020594753157,0.02562031804622284,0.050453817699744316,261.7167339129636,308.35458562782094,3000.0,23.62870940891055,2.6287094089105474,262.5839326256393,0.013611221171391807,0.8671987126757017,0.8671987126757017,0.03670106130928484,0.0,1.1540067762310042,1.0
27.176716136953683,0.938441399087053,43227.622470614595,0.04466893342242562,3310818.4416366518,0.022551180025050917,0.00028227913292706836,0.025621407710617675,0.05045486686859566,261.7252724160929,308.35640955462554,3000.0,23.62802943084091,2.6280294308409102,262.583423263987,0.01361120470292984,0.8581508478941373,0.8581508478941373,0.03631918820847668,0.0,1.1420061360306084,1.0
27.226673335734848,0.938446892209234,43228.128533767864,0.04466712500597226,3310837.821355233,0.022551162638976524,0.0002822562773155285,0.025622486002081404,0.050455904918373456,261.73372117188217,308.35821450423094,3000.0,23.627349453589705,2.627349453589705,262.5829192020306,0.013611188405777418,0.8491980301484432,0.8491980301484432,0.03594131588126253,0.0,1.130131083711428,1.0
27.25042908521381,0.9384494842238086,43228.3673285145,0.04466626699042709,3310846.9659748785,0.022551154435131098,0.00028224543363809937,0.02562299479832967,0.050456394667098864,261.737707529022,308.35906619759027,3000.0,23.627026109699244,2.6270261096992438,262.5826813526083,0.013611180715701138,0.8449738235863151,0.8449738235863151,0.035763020689236924,0.0,1.124527913623735,1.0
27.276630534516013,0.9384523281819717,43228.62933484833,0.04466532207034689,3310856.9994507493,0.022551145433903904,0.000282233491894375,0.025623553040498712,0.050456931966297,261.7420811213656,308.36000067546917,3000.0,23.62666947714842,2.6266694771484174,262.58242038424305,0.013611172278140446,0.8403392628774782,0.8403392628774782,0.035567402493620594,0.0,1.1183803089696815,1.0
27.326587733297178,0.9384577076040159,43229.124928926154,0.04466352455778724,3310875.9780355883,0.022551128407934235,0.00028221077592526737,0.025624608944477663,0.05045794812833716,261.75035319565956,308.3617682650796,3000.0,23.625989501508624,2.625989501508623,262.58192675568165,0.01361115631824369,0.8315735600220933,0.8315735600220933,0.03519740665122168,0.0,1.1067525152132272,1.0
27.376544932078342,0.9384630310677851,43229.615370490385,0.04466173241114737,3310894.7591998004,0.022551111559188836,0.0002821881286777956,0.025625653831357526,0.050458953519224164,261.7585383160215,308.3635174677212,3000.0,23.625309526661987,2.6253095266619884,262.58143826198466,0.013611140524330677,0.8228999459631723,0.8228999459631723,0.03483128739686991,0.0,1.0952464194835048,1.0
27.426502130859507,0.9384682991595867,43230.10071346926,0.04465994557387629,3310913.3450118788,0.022551094885808434,0.0002821655494292088,0.02562668781725271,0.05045994825249035,261.7666373941926,308.36524847604494,3000.0,23.624629552600265,2.624629552600264,262.5809548493511,0.01361112489466303,0.8143174551584593,0.8143174551584593,0.03446900419519301,0.0,1.0838607519767227,1.0
27.476459329640672,0.9384735124596368,43230.5810112319,0.04465816399001606,3310931.737518821,0.022551078385953147,0.00028214303746438766,0.025627711017057058,0.050460932440474594,261.77465133242845,308.36696148070024,3000.0,23.623949579315287,2.623949579315287,262.580476464539,0.013611109427520423,0.8058251321105558,0.8058251321105558,0.034110516931348436,0.0,1.072594256005455,1.0
27.50042908521381,0.9384759945485354,43230.8096853195,0.04465731102442328,3310940.4943210115,0.02255107053029439,0.00028213225977075107,0.02562819815853258,0.050461400948597725,261.77846650361147,308.36777705429034,3000.0,23.62362332443756,2.623623324437561,262.58024870215814,0.013611102063492864,0.8017821985466753,0.8017821985466753,0.033939848580182376,0.0,1.0672304671044701,1.0
27.526416528421837,0.9384786715420725,43231.05631658949,0.044656387604200175,3310949.9387461822,0.0225510620578024,0.00028212059207582214,0.02562872354444698,0.0504619061943252,261.78258102351947,308.3686566703392,3000.0,23.62326960679898,2.6232696067989805,262.5800030548641,0.013611094121200535,0.7974220313446381,0.7974220313446381,0.03375578591014061,0.0,1.0614456879731227,1.0
27.576373727203002,0.9384837769749883,43231.52668179852,0.04465461636165002,3310967.950698198,0.022551045899554825,0.00028209821256356484,0.02562972551188898,0.050462869624007374,261.7904273508473,308.3703342316282,3000.0,23.622589635043354,2.6225896350433526,262.5795345681968,0.013611078974018948,0.7891072173494535,0.7891072173494535,0.03340477185358367,0.0,1.0504138172995756,1.0
27.626330925984167,0.9384888293204695,43231.99215856385,0.04465285020817133,3310985.7753579044,0.022551029909428172,0.00028207589823518324,0.025630717030646864,0.05046382283831022,261.79819118843795,308.37199434925935,3000.0,23.621909664040494,2.6219096640404955,262.5790709529587,0.013611063984309045,0.7808797645207619,0.7808797645207619,0.03305743589856713,0.0,1.0394974263498693,1.0
27.676288124765332,0.9384938291348038,43232.45279805815,0.044651089090134016,3311003.414687881,0.02255101408565861,0.000282053648405503,0.025631698210823683,0.0504647659448878,261.8058734012897,308.37363720601957,3000.0,23.621229693782585,2.6212296937825834,262.5786121581037,0.0136110491504214,0.7727387568139648,0.7727387568139648,0.0327137395822098,0.0,1.0286953099760434,1.0
27.726245323546497,0.9384987769684984,43232.90865092342,0.04464933295447015,3311020.8706303174,0.022550998426500674,0.00028203146239658003,0.025632669161365647,0.05046569905026291,261.81347484540106,308.37526298279647,3000.0,23.620549724261874,2.6205497242618727,262.5781581331157,0.013611034470723683,0.7646832877146608,0.7646832877146608,0.032373644840670894,0.0,1.0180062754817945,1.0
27.75042908521381,0.9385011536534191,43233.12762005731,0.044648484601523875,3311029.2555675902,0.022550990904681517,0.0002820207451054941,0.02563313554590531,0.050466147195692326,261.81712586447566,308.376043922373,3000.0,23.620220558333525,2.6202205583335236,262.5779400428546,0.013611027419340753,0.7608141783789506,0.7608141783789506,0.032210291030094776,0.0,1.0128720940840068,1.0
27.77620252232766,0.9385036733662929,43233.35976727216,0.04464758174867259,3311038.1451070523,0.022550982930227243,0.00028200933953768145,0.025633629990065174,0.050466622259830105,261.8209963677913,308.3768718585826,3000.0,23.619869755470702,2.6198697554707007,262.5777088280083,0.013611019943600686,0.7567124602170452,0.7567124602170452,0.03203711400829294,0.0,1.0074291425975388,1.0
27.826159721108827,0.9385085188671933,43233.80619669042,0.044645835420791584,3311055.240019697,0.02255096759512941,0.00028198727916524017,0.02563458080356797,0.05046753567786262,261.82843880655264,308.37846401048637,3000.0,23.619189787401485,2.6191897874014844,262.57726419332096,0.013611005567454157,0.748825386768317,0.748825386768317,0.03170410981530542,0.0,0.9969627434102034,1.0
27.87611691988999,0.9385133140045036,43234.247988240735,0.04464409391943146,3311072.1572497473,0.022550952419516386,0.000281965280622811,0.025635521707379746,0.050468439407518946,261.8358029909011,308.3800396137427,3000.0,23.61850982004672,2.6185098200467225,262.57682418011643,0.013610991340702766,0.7410211892153598,0.7410211892153598,0.03137459538562429,0.0,0.9866059222959896,1.0
27.926074118671156,0.9385180593060257,43234.68519048048,0.044642357193731434,3311088.8986592875,0.02255093740171487,0.00028194334326082644,0.025636452805906,0.05046933355088169,261.8430897414869,308.3815988417788,3000.0,23.61782985339899,2.6178298533989905,262.57638873996234,0.013610977261781466,0.7332989984754477,0.7332989984754477,0.031048534222966044,0.0,0.9763575354858137,1.0
27.97603131745232,0.9385227552940776,43235.11785146341,0.04464062519336379,3311105.4660910508,0.022550922540068994,0.0002819214664365712,0.025637374202455834,0.0504702182089614,261.8502998704225,308.3831418662195,3000.0,23.617149887450942,2.6171498874509416,262.57595782492956,0.013610963329141466,0.7256579545070849,0.7256579545070849,0.030725890209667758,0.0,0.9662164510300517,1.0
28.00042908521381,0.9385250309232765,43235.327515460005,0.04463978103277771,3311113.4945040406,0.022550915338295015,0.0002819108041871462,0.025637820692794515,0.050470646835276675,261.8537935008362,308.3838896005479,3000.0,23.61681781041106,2.6168178104110598,262.57574900778184,0.013610956577512491,0.7219555069456192,0.7219555069456192,0.030569550594888265,0.0,0.9613024749320498,1.0
28.025988516233486,0.938527402485504,43235.54601874079,0.04463889786853245,3311121.8613684666,0.02255090783294027,0.0002818996495141629,0.02563828599924471,0.05047109348169915,261.8574341813006,308.38466885689166,3000.0,23.616469922195307,2.6164699221953063,262.5755313875912,0.01361094954125019,0.7180972062905653,0.7180972062905653,0.030406627605918394,0.0,0.9561815487761841,1.0
28.07594571501465,0.9385320013917101,43235.96973936427,0.04463717516996983,3311138.0862957695,0.022550893278707497,0.0002818778918645093,0.02563918829740134,0.05047195946797335,261.8644934692459,308.3861799818345,3000.0,23.61578995762489,2.615789957624891,262.57510938101956,0.013610935896591193,0.7106159117736865,0.7106159117736865,0.030090711047514554,0.0,0.9462517203000208,1.0
28.125902913795816,0.9385365525186895,43236.38905988858,0.04463545704893377,3311154.142658104,0.022550878875766667,0.0002818561928652687,0.02564008119697369,0.050472816265605625,261.87147852095967,308.3876754073093,3000.0,23.615109993732577,2.6151099937325784,262.5746917587834,0.013610922393664038,0.7032132378237179,0.7032132378237179,0.029778105543880586,0.0,0.9364258688452066,1.0
28.175860112576977,0.9385410563672156,43236.80402638904,0.04463374345718925,3311170.032222198,0.022550864622530354,0.0002818345519006166,0.025640964796966946,0.05047366397139792,261.8783901150174,308.3891552978619,3000.0,23.614430030511325,2.614430030511325,262.5742784749304,0.013610909030983772,0.695888359912999,0.695888359912999,0.029468776464808492,0.0,0.9267029089081189,1.0
28.225817311358142,0.9385455134328576,43237.214684463026,0.04463203434700668,3311185.7567364164,0.02255085051742767,0.0002818129683612222,0.025641839195347006,0.0504745026811359,261.8852290218933,308.39061981632824,3000.0,23.61375006795416,2.6137500679541614,262.5738694839863,0.013610895807080876,0.6886404620930193,0.6886404620930193,0.02916268953941213,0.0,0.9170817662066516,1.0
28.25042908521381,0.9385476921870382,43237.415427783926,0.04463119397491589,3311193.443374631,0.022550843622438112,0.0002818023560049944,0.025642266620372257,0.05047491259881537,261.8885717659278,308.39133571911884,3000.0,23.6134150797442,2.6134150797442013,262.5736695563206,0.013610889342811256,0.685097790392831,0.685097790392831,0.02901307532515761,0.0,0.912378952327733,1.0
28.275774510139307,0.9385499242059926,43237.62107923101,0.0446303296711606,3311201.3179308083,0.022550836558904226,0.0002817914416442302,0.02564270448904329,0.050475332489591754,261.89199600397995,308.3920691238381,3000.0,23.61307010605419,2.6130701060541903,262.57346474095266,0.013610882720501191,0.6814687369727039,0.6814687369727039,0.028859810855259398,0.0,0.9075613776545557,1.0
28.325731708920472,0.9385542891718351,43238.02325533934,0.044628629382926555,3311216.717517211,0.022550822745422007,0.00028176997115321955,0.02564356077395499,0.050476153490530216,261.89869181563483,308.39350337982506,3000.0,23.612390144804586,2.6123901448045874,262.5730642013051,0.013610869769805873,0.6743723856702672,0.6743723856702672,0.02856010685638484,0.0,0.8981406913005648,1.0
28.375688907701637,0.9385586088104658,43238.42125696275,0.04462693343607838,3311231.9571893457,0.022550809075459338,0.00028174855629816765,0.02564440814495694,0.05047696577671445,261.9053172032245,308.39492274203565,3000.0,23.6117101841986,2.6117101841986012,262.5726678209904,0.013610856953571284,0.6673506177658624,0.6673506177658624,0.028263544341335593,0.0,0.888818666268531,1.0
28.4256461064828,0.9385628835970109,43238.81512782091,0.04462524178487084,3311247.038623457,0.022550795547510258,0.0002817271964952288,0.025645246695935348,0.05047776943994084,261.9118729054044,308.3963273665886,3000.0,23.61103022422955,2.611030224229549,262.5722755564097,0.013610844270388472,0.6604026510053131,0.6604026510053131,0.02797009045067464,0.0,0.8795942723661342,1.0
28.475603305263967,0.9385671140016592,43239.20491117999,0.04462355438403783,3311261.9634783687,0.022550782160084503,0.0002817058911667104,0.025646076519791408,0.05047856457104262,261.9183596531451,308.39771740798017,3000.0,23.61035026489082,2.610350264890819,262.5718873644174,0.013610831718863113,0.6535277112723179,0.6535277112723179,0.027679712665852736,0.0,0.8704664900509085,1.0
28.50042908521381,0.9385691998997125,43239.39710345316,0.044622717412417745,3311269.322520446,0.022550775559133797,0.0002816953237599586,0.025646485675760215,0.050478956558653976,261.92155776091204,308.39840279977454,3000.0,23.61001236545452,2.6100123654545198,262.57169595745086,0.013610825530037377,0.6501381965388191,0.6501381965388191,0.027536546210796667,0.0,0.8659661423658309,1.0
28.52556050404513,0.9385713004896725,43239.590649853526,0.04462187118879132,3311276.733395525,0.022550768911707448,0.00028168463974105737,0.02564689770844377,0.05047935125989228,261.9247781697492,308.3990930190878,3000.0,23.609670306175868,2.6096703061758677,262.57150320232,0.013610819297615488,0.6467250325708278,0.6467250325708278,0.027392378808511194,0.0,0.8614343104097865,1.0
28.575517702826296,0.9385754435214152,43239.97238620513,0.044620192154818314,3311291.3499990883,0.022550755800920013,0.00028166344165281255,0.025647710352834602,0.05048012959540743,261.93112917089684,308.4004543511796,3000.0,23.608990348078223,2.608990348078221,262.57112302787334,0.013610807005280388,0.6399938569765027,0.6399938569765027,0.027108057038474683,0.0,0.8524967350974374,1.0
28.62547490160746,0.9385795435523788,43240.3501621508,0.0446185172382783,3311305.814896032,0.022550742826278617,0.0002816422963425826,0.025648514542934882,0.05048089966555608,261.93741336468554,308.4018015539226,3000.0,23.608310390591473,2.608310390591473,262.57074679928047,0.013610794840507043,0.6333334345949311,0.6333334345949311,0.026826715852030263,0.0,0.8436527762835738,1.0
28.675432100388626,0.9385836010333543,43240.72401917461,0.044616846395786884,3311320.1296767457,0.022550729986354583,0.00028162120325682957,0.02564931036777843,0.05048166155738985,261.94363145189647,308.4031347754393,3000.0,23.607630433709286,2.6076304337092853,262.57037447517564,0.013610782801958618,0.6267430232791753,0.6267430232791753,0.02654832407001129,0.0,0.8349014562797421,1.0
28.69668550749455,0.9385853144247451,43240.88189184959,0.044616136790147656,3311326.174516434,0.022550724564336763,0.00028161224527701125,0.025649646422569432,0.05048198323218321,261.94625695309986,308.40369776767085,3000.0,23.607341158255426,2.6073411582554273,262.5702172503064,0.013610777718319176,0.6239602972065654,0.6239602972065654,0.02643077392848911,0.0,0.8312062135803144,1.0
28.72538929916979,0.9385876164104477,43241.09399833031,0.04461517958441394,3311334.295915089,0.022550717279734116,0.00028160016184784666,0.025650097915465415,0.05048241535704738,261.94978412602075,308.40445416231285,3000.0,23.606950477425386,2.6069504774253844,262.57000601462323,0.013610770888312163,0.6202218886024866,0.6202218886024866,0.026272850836688375,0.0,0.826241807505799,1.0
28.75042908521381,0.9385896133150449,43241.27799485815,0.04461434564051599,3311341.3409885196,0.022550710960573876,0.00028158963464414475,0.025650489567183667,0.05048279016240169,261.9528436042202,308.40511031232114,3000.0,23.60660966670869,2.6066096667086898,262.5698227739079,0.013610764963477465,0.6169791696876814,0.6169791696876814,0.026135865268182863,0.0,0.8219355652686593,1.0
28.775346497950956,0.9385915901250904,43241.46014024208,0.044613516761682605,3311348.3151684315,0.022550704705018285,0.000281579171573743,0.025650877273164525,0.05048316114975655,261.9558720732739,308.40575985959026,3000.0,23.606270521733563,2.606270521733563,262.5696413771164,0.01361075909825858,0.6137693038425027,0.6137693038425027,0.026000265619146586,0.0,0.8176728724716477,1.0
28.82530369673212,0.9385955226140663,43241.82248510714,0.044611857885566514,3311362.1889777454,0.022550692260822888,0.0002815582318984081,0.025651648527118823,0.05048389901984012,261.9618959726401,308.40705201079163,3000.0,23.60559056662768,2.605590566627679,262.56928052257473,0.013610747430502541,0.6073845499346362,0.6073845499346362,0.025730538205357336,0.0,0.809193703717916,1.0
28.875260895513286,0.9385994143095362,43242.181072697844,0.04461020291448737,3311375.9188676914,0.022550679945778414,0.000281537342291479,0.02565241176265069,0.050484629050720584,261.96785649590896,308.4083307579178,3000.0,23.604910612101655,2.6049106121016554,262.56892341134227,0.013610735883762423,0.6010669154333073,0.6010669154333073,0.025463638702582295,0.0,0.8008033637670476,1.0
28.92521809429445,0.9386032656391995,43242.53594237668,0.04460855180729933,3311389.5063471943,0.022550667758529513,0.0002815165022281421,0.025653167064193943,0.050485351324951605,261.97375430792806,308.40959624150383,3000.0,23.60423065814948,2.6042306581494787,262.5685700041722,0.013610724456769833,0.5948156962441544,0.5948156962441544,0.025199537526074435,0.0,0.7925009247693392,1.0
28.975175293075615,0.9386070770263113,43242.88713309768,0.044606904523287375,3311402.952909494,0.022550655697734963,0.00028149571118911085,0.025653914515297412,0.05048606592422149,261.97959006662865,308.4108486006243,3000.0,23.603550704765198,2.6035507047651976,262.5682202622257,0.013610713148269534,0.5886301955970339,0.5886301955970339,0.024938205397978468,0.0,0.7842854684695802,1.0
29.00042908521381,0.9386089886493457,43243.06327535214,0.04460607324909128,3311409.6971098273,0.022550649648596505,0.0002814852196321125,0.025654289397263032,0.05048642426549165,261.9825166870715,308.4114767285137,3000.0,23.60320698271618,2.6032069827161797,262.56804484714934,0.013610707476419601,0.5855281600778426,0.5855281600778426,0.024807144237077815,0.0,0.780165294731066,1.0
29.02513249185678,0.9386108488896908,43243.23468340734,0.044605261022166214,3311416.260032186,0.022550643762067585,0.0002814749686606105,0.025654654198626937,0.050486772929355134,261.9853644230401,308.4120879728965,3000.0,23.602870751942923,2.6028707519429237,262.5678741470708,0.013610701957019453,0.5825097240307286,0.5825097240307286,0.024679613346727244,0.0,0.7761560861892607,1.0
29.075089690637945,0.9386145816437478,43243.57863144685,0.0446036212640778,3311429.4291773047,0.022550631950214242,0.00028145427413434564,0.025655386195970808,0.050487472420319396,261.99107802133034,308.4133144944884,3000.0,23.60219079967683,2.6021907996768294,262.5675316206804,0.01361069088179057,0.5764535993500886,0.5764535993500886,0.024423732705269954,0.0,0.7681118787720317,1.0
29.12504688941911,0.9386182756985045,43243.919014954234,0.04460198520958897,3311442.4617914082,0.02255062026087569,0.0002814336271074686,0.025656110588244418,0.05048816447622757,261.9967314988409,308.4145283001268,3000.0,23.60151084796115,2.60151084796115,262.5671926454299,0.013610679921366883,0.5704611465889684,0.5704611465889684,0.02417053510954569,0.0,0.7601519565368589,1.0
29.175004088200275,0.9386219314597507,43244.255871278525,0.04460035281967664,3311455.359306121,0.022550608692766153,0.0002814130270823913,0.02565682745552081,0.05048884917536935,262.00232548632744,308.4157295231474,3000.0,23.600830896790182,2.600830896790181,262.5668571840829,0.01361066907454493,0.5645316977554558,0.5645316977554558,0.023919992487732057,0.0,0.7522754389411356,1.0
29.22496128698144,0.9386255493290586,43244.58923738118,0.04459872405572624,3311468.1231381893,0.02255059724461321,0.00028139247356676425,0.02565753687703404,0.05048952659521402,262.0078606079835,308.41691829550024,3000.0,23.600150946158276,2.6001509461582755,262.5665251997903,0.013610658340133745,0.558664591806803,0.558664591806803,0.023672077059225104,0.0,0.7444814545496999,1.0
29.25042908521381,0.9386273792369412,43244.75785348569,0.04459789510740862,3311474.579047711,0.022550591454190565,0.00028138201328321513,0.025657895694544214,0.050489869162017996,262.0106599158771,308.41751957313465,3000.0,23.59980431272706,2.5998043127270583,262.5663572830907,0.013610652910693235,0.555697367213611,0.555697367213611,0.023546693856013493,0.0,0.7405396249707751,1.0
29.274918485762605,0.9386291297037915,43244.9191498368,0.044597098879530776,3311480.7546895095,0.022550585915157816,0.00028137196607346335,0.025658238931181,0.05049019681241228,262.013337481454,308.41809474775243,3000.0,23.599470996059846,2.599470996059847,262.5661966560892,0.01361064771695485,0.5528591746351594,0.5528591746351594,0.023426761334076705,0.0,0.7367691410182123,1.0
29.32487568454377,0.9386326729771292,43245.245644835464,0.04459547725328829,3311493.255347219,0.022550574703154212,0.00028135150412055666,0.025658933695526714,0.050490859902801485,262.01875671787485,308.4192590090963,3000.0,23.598791046489367,2.598791046489369,262.56587151690024,0.01361063720384215,0.547114799025394,0.547114799025394,0.023184018111249156,0.0,0.729137645039329,1.0
29.374832883324935,0.9386361795380882,43245.568758184614,0.04459385913959978,3311505.626483766,0.02255056360736983,0.0002813310872312765,0.025659621246808637,0.05049151594140974,262.02411892190514,308.4204112073564,3000.0,23.59811109744137,2.598111097441372,262.5655497465265,0.013610626799641904,0.5414308246213295,0.5414308246213295,0.022943820477226002,0.0,0.7215861223000524,1.0
29.4247900821061,0.9386396497716682,43245.88852532247,0.044592244501455186,3311517.869457429,0.022550552626584872,0.0002813107149338415,0.025660301660965442,0.05049216500248416,262.0294246919542,308.4215514690372,3000.0,23.59743114891044,2.597431148910443,262.56523130963944,0.01361061650321227,0.535806617685239,0.535806617685239,0.02270614179586148,0.0,0.7141137371636133,1.0
29.474747280887264,0.9386430840588679,43246.204981319475,0.04459063330223178,3311529.98561237,0.022550541759592233,0.0002812903867614352,0.025660975013140512,0.05049280715949418,262.0346746202065,308.4226799193286,3000.0,23.596751200891227,2.5967512008912266,262.56491617127773,0.01361060631342327,0.5302415510712422,0.5302415510712422,0.022470955707293107,0.0,0.7067196626362592,1.0
29.50042908521381,0.9386448356776748,43246.36638651798,0.044589806349650735,3311536.165318268,0.022550536217025616,0.0002812799535544064,0.025661318443364108,0.050493134613944134,262.0373519422081,308.4232554724603,3000.0,23.596401656029915,2.5964016560299155,262.56475543856993,0.01361060111623255,0.5274034963618419,0.5274034963618419,0.022351013686320566,0.0,0.702948754594536,1.0
29.52470447966843,0.9386464827766916,43246.518160878935,0.044589025505693373,3311541.97627866,0.022550531005197477,0.0002812701022521945,0.02566164137768349,0.05049344248513316,262.0398692926329,308.42379668210805,3000.0,23.596071253378422,2.596071253378422,262.5646042968466,0.013610596229156767,0.52473500421371,0.52473500421371,0.022238236127490072,0.0,0.6994030803540158,1.0
29.574661678449594,0.9386498462981755,43246.82809833938,0.044587421075987725,3311553.842772368,0.022550520362218756,0.00028124986094917596,0.025662300828155536,0.050494071051323475,262.04500928903053,308.4249018799491,3000.0,23.595391306366785,2.595391306366787,262.5642956521153,0.01361058624930638,0.5192863630847455,0.5192863630847455,0.022007957246490996,0.0,0.6921631805282232,1.0
29.62461887723076,0.9386531749924039,43247.134827676,0.044585819977644936,3311565.586395623,0.022550509829486785,0.0002812296624003342,0.025662953437332832,0.05049469292921995,262.0500951830488,308.4259956341268,3000.0,23.594711359851132,2.5947113598511318,262.5639902032158,0.013610576372777447,0.5138950201669559,0.5138950201669559,0.021780093527289424,0.0,0.6849991619114215,1.0
29.674576076011924,0.9386564692246502,43247.43838251372,0.04458422217556384,3311577.2084371094,0.022550499405844353,0.00028120950615834927,0.02566359927723446,0.05049530818923716,262.0551275424089,308.427078064664,3000.0,23.594031413826322,2.5940314138263223,262.56368791662976,0.013610566598486612,0.5085603742208491,0.5085603742208491,0.021554619696014646,0.0,0.6779102314895356,1.0
29.72453327479309,0.9386597293563914,43247.73879612843,0.04458262763501059,3311588.710172115,0.02255048909014629,0.00028118939178060724,0.025664238419125414,0.05049591690105231,262.06010692892613,308.428149290336,3000.0,23.593351468287278,2.5933514682872776,262.56338875918715,0.013610556925361748,0.5032818302610167,0.5032818302610167,0.021331510740960097,0.0,0.6708956044522082,1.0
29.75042908521381,0.9386614059768662,43247.89329324137,0.044581802361206145,3311594.625284122,0.022550483785006077,0.0002811789816229468,0.025664567112141105,0.05049622987877013,262.06266738096446,308.4287002002493,3000.0,23.59299901194989,2.592999011949888,262.5632349085046,0.013610551950662145,0.50056752754017,0.50056752754017,0.021216782456805586,0.0,0.6672884864437907,1.0
29.774490473574254,0.938662955745315,43248.03610144762,0.04458103632161789,3311600.092862562,0.02255047888125947,0.00028116931882918956,0.025664870933518175,0.05049651913360684,262.06503389852026,308.4292094286731,3000.0,23.59267152322897,2.59267152322897,262.56309269806576,0.013610547352341984,0.4980587995455039,0.4980587995455039,0.021110741912170616,0.0,0.6639545041806874,1.0
29.82444767235542,0.9386661487453425,43248.33033105258,0.04457944820138257,3311611.357757083,0.022550468778062705,0.0002811492868708416,0.02566549689017757,0.05049711495511112,262.06990900125373,308.4302585959681,3000.0,23.591991578646425,2.591991578646425,262.5627997007889,0.013610537878377611,0.49289069953516673,0.49289069953516673,0.02089228871975742,0.0,0.6570861621956946,1.0
29.874404871136583,0.9386693087066461,43248.621517179854,0.04457786324066401,3311622.5060910857,0.0225504587794467,0.0002811292954769511,0.025666116358124227,0.05049770443304788,262.0747327813564,308.4312969072818,3000.0,23.59131163453472,2.59131163453472,262.5625097352239,0.013610528502430025,0.48777695386752384,0.48777695386752384,0.020676126932827235,0.0,0.6502898181245873,1.0
29.92436206991775,0.9386724359757819,43248.90969173351,0.044576281406171335,3311633.539087218,0.02255044888431364,0.000281109344223386,0.02566672940566088,0.050498287634197905,262.079505777433,308.4323244764868,3000.0,23.590631690888983,2.590631690888985,262.56222276957,0.013610519223471344,0.48271699213700003,0.48271699213700003,0.020462232570204204,0.0,0.6435647194104572,1.0
29.974319268698913,0.9386755308957035,43249.19488628643,0.04457470266496196,3311644.45795542,0.022550439091577123,0.0002810894326904749,0.025667336100375276,0.05049886462464288,262.08422852248503,308.4333414162721,3000.0,23.589951747704397,2.589951747704399,262.5619387723569,0.013610510040484367,0.47771024987184774,0.47771024987184774,0.020250581899487564,0.0,0.6369101212832955,1.0
30.00042908521381,0.9386771356781141,43249.342766153895,0.044573878765672,3311650.1196229523,0.022550434013848302,0.0002810790417184722,0.025667650680176117,0.0504991637357429,262.08667701735277,308.433868721379,3000.0,23.589596379846785,2.589596379846786,262.561791513706,0.013610505278903794,0.47511449635322833,0.47511449635322833,0.02014084890232082,0.0,0.6334599426180756,1.0
30.024276467480078,0.938678593805769,43249.47713208086,0.04457312698444095,3311655.2638929454,0.022550429400162185,0.0002810695604629977,0.025667936509141655,0.05049943546976684,262.0889015439208,308.43434783814513,3000.0,23.589271804976192,2.5892718049761925,262.5616577124443,0.01361050095246256,0.4727561685234605,0.4727561685234605,0.020041151436634506,0.0,0.6303252867476529,1.0
30.074233666261243,0.9386816250417641,43249.75646003058,0.04457155433235858,3311665.9580844454,0.022550419809005167,0.000281049727130154,0.025668530698125587,0.050500000234260906,262.09352536359256,308.43534385243953,3000.0,23.588591862699648,2.5885918626996465,262.56137955901977,0.013610491958409961,0.46785419542720774,0.46785419542720774,0.01983391794433562,0.0,0.6238094865323253,1.0
30.124190865042408,0.9386846249359153,43250.03290072209,0.04456998467680908,3311676.541702015,0.02255041031705371,0.0002810299322855463,0.02566911873278666,0.050500558982125916,262.0981004978163,308.43632956831954,3000.0,23.58791192087009,2.5879119208700923,262.5611042815974,0.013610483057341185,0.4630037837811187,0.4630037837811187,0.019628858431146787,0.0,0.6173619990638065,1.0
30.174148063823573,0.938687593817019,43250.30648442649,0.044568417986218294,3311687.015905645,0.022550400923266326,0.00028101017552702303,0.025669700677903994,0.05050111177669735,262.10262745757285,308.43730509382215,3000.0,23.587231979482908,2.587231979482908,262.560831850006,0.013610474248280996,0.45820439243317423,0.45820439243317423,0.019425950142506684,0.0,0.6109821101845904,1.0
30.224105262604738,0.9386905320104529,43250.57724110048,0.044566854229342416,3311697.381843269,0.0225503916266124,0.00028099045645666186,0.02567027659757866,0.050501658680647724,262.1071067485256,308.4382705358612,3000.0,23.586552038533522,2.586552038533522,262.5605622343882,0.013610465530264295,0.4534554858626052,0.4534554858626052,0.01922517055997806,0.0,0.6046691131300278,1.0
30.25042908521381,0.9386920679893072,43250.718783012664,0.04456603141253373,3311702.8007720592,0.02255038676667947,0.0002809800809639174,0.02567057766304433,0.05050194451068772,262.10944800324773,308.438775233251,3000.0,23.586193759113314,2.586193759113316,262.5604212893153,0.013610460972803315,0.45097328606755127,0.45097328606755127,0.019120223070893016,0.0,0.6013692939151283,1.0
30.274062461385903,0.9386934398381838,43250.84520038713,0.044565293375267205,3311707.6406507823,0.022550382426072105,0.0002809707746807587,0.02567084655523537,0.050502199755988235,262.1115388710331,308.4392260002296,3000.0,23.585872098017408,2.585872098017409,262.5602954051995,0.013610456902336103,0.4487565341664208,0.4487565341664208,0.019026497400710597,0.0,0.5984223085121378,1.0
30.324019660167068,0.9386963176187877,43251.11039161768,0.044563735393405995,3311717.7934521227,0.022550373320636384,0.00028095112980980157,0.025671410613626638,0.05050273506407282,262.11592432018017,308.4401715916063,3000.0,23.58519215793009,2.585192157930092,262.56003133320667,0.01361044836355149,0.44410701302649613,0.44410701302649613,0.0188299086160794,0.0,0.5922410042774849,1.0
30.373976858948232,0.938699165667465,43251.372843812926,0.044562180253498125,3311727.841359315,0.02255036430930688,0.00028093152145845015,0.025671968834835853,0.050503264665601184,262.1202635858016,308.4411074135609,3000.0,23.584512218267143,2.5845122182671423,262.55976998948614,0.013610439912975543,0.43950640368456106,0.43950640368456106,0.0186353823906583,0.0,0.5861245156755691,1.0
30.423934057729397,0.9387019842961599,43251.6325856942,0.04456062792559756,3311737.7854728973,0.022550355391095574,0.0002809119492453909,0.02567252128030087,0.05050378862064184,262.1245571526677,308.44203356859316,3000.0,23.583832279024175,2.5838322790241754,262.5595113454131,0.01361043154968298,0.43495419274540836,0.43495419274540836,0.01844289713390912,0.0,0.5800721649981704,1.0
30.473891256510562,0.9387047738135739,43251.88964568461,0.04455907838007147,3311747.626881968,0.02255034656502472,0.00028089241279331855,0.02567306801081686,0.0505043069886349,262.1288055005058,308.44295015813725,3000.0,23.583152340196854,2.5831523401968544,262.5592553726606,0.013610423272758156,0.4304498721547816,0.4304498721547816,0.01825243147927647,0.0,0.5740832815515275,1.0
30.50042908521381,0.938706243902193,43252.02511779958,0.04455825636548577,3311752.8133502086,0.0225503419136571,0.00028088204922481795,0.02567335613665358,0.0505045800995355,262.13104404348366,308.44343320507954,3000.0,23.582791149173396,2.5827911491733953,262.55912047383237,0.013610418910776453,0.42807643034871035,0.42807643034871035,0.018152068075441313,0.0,0.5709275029659914,1.0
30.523848455291727,0.9387075345251709,43252.14405190956,0.04455753158759966,3311757.366664203,0.022550337830126853,0.0002808729117289278,0.02567360908653746,0.05050481982839324,262.13300910400835,308.44385728256367,3000.0,23.582472401780887,2.5824724017808864,262.55900204319823,0.013610415081295011,0.42599293918988224,0.42599293918988224,0.018063964283817516,0.0,0.5681572016453261,1.0
30.573805654072892,0.9387102667331992,43252.39583219865,0.044555987519172446,3311767.0058859345,0.022550329185444695,0.0002808534456828857,0.025674144566979185,0.05050532719810677,262.1371684328667,308.4447550411862,3000.0,23.581792463772025,2.581792463772025,262.55875132929117,0.013610406974397027,0.4215828964244679,0.4215828964244679,0.017877474626754205,0.0,0.5622932685477938,1.0
30.623762852854057,0.9387129707367029,43252.645014086746,0.04455444614608948,3311776.5456021857,0.02255032063003113,0.0002808340142898159,0.025674674511023815,0.05050582915534477,262.1412839517888,308.4456435322658,3000.0,23.581112526166066,2.5811125261660677,262.55850320349833,0.013610398951177181,0.41721925170952545,0.41721925170952545,0.01769294180868569,0.0,0.5564908324615429,1.0
30.67372005163522,0.9387156468316364,43252.891624824595,0.044552907439948754,3311785.9868570855,0.022550312162948845,0.00028081461718815936,0.0256751989769411,0.050506325757078106,262.14535612067834,308.4465228530483,3000.0,23.580432588958857,2.5804325889588564,262.5582576386623,0.013610391010757616,0.41290151798398256,0.41290151798398256,0.017510345343592925,0.0,0.550749250272754,1.0
30.723677250416387,0.9387182953108778,43253.13569137997,0.04455137137264524,3311795.3306839066,0.022550303783270283,0.0002807952540201559,0.02567571802239136,0.0505068170596818,262.1493853946546,308.4473930997685,3000.0,23.579752652146276,2.579752652146276,262.5580146079079,0.013610383152269593,0.40862921325333446,0.40862921325333446,0.017329664957963002,0.0,0.5450678855242205,1.0
30.75042908521381,0.9387197023058332,43253.26535112909,0.044550549891359675,3311800.2945578895,0.022550299331608094,0.00028078489896654006,0.025675993760041205,0.05050707799061584,262.15152557259347,308.4478554151705,3000.0,23.57938854948055,2.5793885494805506,262.55788549870437,0.01361037897747287,0.4063599261108948,0.4063599261108948,0.017233692267217285,0.0,0.542050080374866,1.0
30.77363444919755,0.9387209164642335,43253.37724043811,0.04454983791637044,3311804.578105085,0.022550295490077626,0.00028077592443183813,0.0256762317044267,0.05050730311893616,262.1533722240602,308.44825436765205,3000.0,23.579072715724255,2.579072715724255,262.5577740846417,0.013610375374853476,0.4044018605815154,0.4044018605815154,0.01715088059047507,0.0,0.5394461084060388,1.0
30.823591647978716,0.938723510578458,43253.61629840353,0.04454830704361036,3311813.7301322888,0.02255028728246273,0.00028075662807300464,0.025676740079494893,0.05050778399003063,262.15731705449207,308.4491067509218,3000.0,23.578392779688762,2.5783927796887642,262.5575360425505,0.013610367677658683,0.400218988058441,0.400218988058441,0.016973972390654353,0.0,0.5338832957138416,1.0
30.87354884675988,0.9387260779372659,43253.85289140111,0.04454677872714437,3311822.787766464,0.022550279159527092,0.00028073736459720505,0.02567724320344194,0.05050825972756624,262.1612203268195,308.44995034280174,3000.0,23.57771284403582,2.577712844035818,262.5573004556,0.013610360059843646,0.39608012878051113,0.39608012878051113,0.016798920718075625,0.0,0.5283788308242969,1.0
30.923506045541046,0.9387286188214404,43254.087045286076,0.044545252940034724,3311831.7519982117,0.022550271120381504,0.00028071813366160734,0.025677741131533448,0.05050873038557656,262.1650824773537,308.45078523555253,3000.0,23.57703290876147,2.577032908761471,262.5570672980248,0.013610352520575485,0.3919848206710981,0.3919848206710981,0.016625706134779684,0.0,0.5229321034571782,1.0
30.97346324432221,0.9387311335088452,43254.318785645126,0.044543729655625426,3311840.623807834,0.022550263164146024,0.0002806989349269821,0.02567823391845709,0.050509196017530095,262.16890393786605,308.45161152047564,3000.0,23.57635297386182,2.57635297386182,262.5568365443275,0.013610345059029985,0.38793260646144745,0.38793260646144745,0.016454309404492422,0.0,0.5175425096513291,1.0
31.00042908521381,0.938732480094256,43254.44288012613,0.0445429084496274,3311845.3745571254,0.02255025890368639,0.0002806885851190098,0.025678497796976497,0.0505094452857819,262.1709499224851,308.45205398629486,3000.0,23.5759859595164,2.5759859595164003,262.5567129784475,0.013610341063457227,0.3857630559623999,0.3857630559623999,0.016362541809484214,0.0,0.5146568532140978,1.0
31.023420443103376,0.9387336222744298,43254.54813779685,0.044542208847541655,3311849.404165353,0.022550255289949934,0.0002806797680576949,0.025678721618323803,0.050509656676331435,262.17268513559645,308.452429287915,3000.0,23.575673039333,2.575673039333002,262.5566081692781,0.013610337674391562,0.38392303368163994,0.38392303368163994,0.016284711492270586,0.0,0.5122094517540332,1.0
31.07337764188454,0.9387360853902488,43254.775126793524,0.044540690489687854,3311858.094030576,0.02255024749693171,0.00028066063272168154,0.025679204284671634,0.05051011241432503,262.1764264932829,308.45323862726315,3000.0,23.574993105171195,2.5749931051711954,262.5563821479122,0.013610330365853213,0.3799556546292706,0.3799556546292706,0.01611689356320223,0.0,0.5069323383806519,1.0
31.123334840665706,0.9387385231254708,43254.99977742196,0.044539174556246744,3311866.6943531283,0.022550239784238965,0.00028064152859043443,0.02567968197046767,0.050510563283297075,262.1801284291767,308.45403962696463,3000.0,23.57431317137262,2.574313171372619,262.55615845553024,0.013610323132616509,0.3760300263535328,0.3760300263535328,0.015950836981760447,0.0,0.5017105843947923,1.0
31.17329203944687,0.938740935746484,43255.22211421313,0.04453766102166936,3311875.2060728273,0.022550232151028138,0.00028062245533887675,0.02568015472812882,0.050511009334495836,262.1837913572052,308.4548323745501,3000.0,23.57363323793353,2.5736332379335307,262.55593706768775,0.013610315973891245,0.37214571048252765,0.37214571048252765,0.015786523304506538,0.0,0.4965436106793343,1.0
31.223249238228036,0.9387433235169061,43255.442161443185,0.0445361498606739,3311883.6301197163,0.022550224596464434,0.0002806034126453466,0.025680622609523876,0.05051145061863366,262.18741568698823,308.4556169566401,3000.0,23.572953304850227,2.5729533048502273,262.55571796019467,0.013610308888895454,0.3683022732064387,0.3683022732064387,0.015623934279403976,0.0,0.491430844115325,1.0
31.25042908521381,0.9387446122686056,43255.560927801285,0.04453532868244973,3311888.176831847,0.022550220519048182,0.00028059306494854447,0.02568087513643304,0.05051168872042977,262.1893714815219,308.45604041925293,3000.0,23.572583378789215,2.5725833787892145,262.5555997012735,0.013610305064906611,0.3662282197515765,0.3662282197515765,0.015536193630822464,0.0,0.4886717452494292,1.0
31.2732064370092,0.9387456866975901,43255.65994313386,0.04453464104824525,3311891.9674140816,0.02255021711972185,0.0002805844001915908,0.025681085665974733,0.05051188718588818,262.1910018238464,308.4563934589465,3000.0,23.572273372119046,2.5722733721190445,262.5555011091144,0.013610301876855342,0.36449928526798203,0.36449928526798203,0.015463051845440867,0.0,0.4863717175705666,1.0
31.323163635790365,0.9387480255466417,43255.8754830542,0.04453313455963312,3311900.218866522,0.022550209719983068,0.00028056541766274053,0.025681543948260034,0.050512319085905845,262.19455016882944,308.4571619662787,3000.0,23.571593439736358,2.5715934397363576,262.5552864907626,0.013610294937005281,0.3607363219331887,0.3607363219331887,0.015303858131418012,0.0,0.48136566986195667,1.0
31.37312083457153,0.9387503403194293,43256.088804721345,0.04453163037035115,3311908.3853779742,0.02255020239643947,0.00028054646474729903,0.025681997506617052,0.050512746367803826,262.19806111873055,308.4579225625465,3000.0,23.570913507698577,2.5709135076985783,262.5550740817061,0.013610288068587745,0.35701296297554563,0.35701296297554563,0.015146335455303436,0.0,0.47641214573563245,1.0
31.423078033352695,0.9387526312686816,43256.2999314096,0.044530128456167516,3311916.467840066,0.022550195148290774,0.00028052754113702303,0.025682446390761105,0.05051316908018891,262.2015350662389,308.45867533079246,3000.0,23.57023357600216,2.570233576002158,262.55486385875383,0.013610281270853052,0.35332879251495797,0.35332879251495797,0.014990466317427452,0.0,0.4715105956534122,1.0
31.47303523213386,0.9387548986444995,43256.50888615149,0.04452862879310374,3311924.467135152,0.022550187974745062,0.00028050864652690656,0.025682890649887855,0.05051358727115983,262.2049723999577,308.4594203531956,3000.0,23.569553644643584,2.569553644643583,262.55465579895593,0.013610274543059298,0.34968339899825196,0.34968339899825196,0.014836233399681754,0.0,0.4666604757680303,1.0
31.50042908521381,0.9387561320340686,43256.62255194856,0.044527807405241,3311928.818529853,0.02255018407254385,0.0002804982979364009,0.02568313231199125,0.0505138146824715,262.2068418454496,308.4598256247229,3000.0,23.56918080683255,2.5691808068325472,262.55454262019555,0.013610270883323361,0.3477007747459311,0.3477007747459311,0.014752348738617803,0.0,0.46402256830509386,1.0
31.522992430915025,0.9387571426943607,43256.71569173817,0.04452713135743424,3311932.384136333,0.022550180875018703,0.00028048978061517485,0.025683330332674437,0.050514000988308314,262.208373504412,308.46015771107295,3000.0,23.56887371361938,2.5688737136193778,262.55444987960334,0.013610267884472364,0.3460763751913305,0.3460763751913305,0.014683619565212771,0.0,0.4618612479139082,1.0
31.57294962969619,0.9387593636631361,43256.92037072096,0.0445256361256846,3311940.2197075114,0.02255017384833636,0.000280470943103262,0.025683765487282618,0.05051441027872224,262.21173876007396,308.4608874848851,3000.0,23.5681937829261,2.5681937829261035,262.55424607822613,0.013610261294365862,0.3425073181521725,0.3425073181521725,0.01453260785730219,0.0,0.4571123795723564,1.0
31.622906828477355,0.9387615617930992,43257.12294541214,0.044524143074630804,3311947.9747034293,0.022550166893930898,0.00028045213369580024,0.025684196161360924,0.05051481518898762,262.2150685433772,308.4616097542392,3000.0,23.567513852560356,2.567513852560357,262.55404437259256,0.013610254772021097,0.3389758292153715,0.3389758292153715,0.01438318149873689,0.0,0.4524133438521587,1.0
31.67286402725852,0.938763737324019,43257.3234378936,0.04452265218129012,3311955.64996999,0.02255016001104314,0.0002804333521005048,0.02568462240206277,0.050515215765206414,262.21836322686187,308.4623245979193,3000.0,23.56683392251877,2.5668339225187706,262.553844740701,0.013610248316726812,0.3354815138391132,0.3354815138391132,0.014235323885341728,0.0,0.4477636192865856,1.0
31.722821226039684,0.9387658904931709,43257.52187001777,0.044521163422920194,3311963.2463443014,0.022550153198921803,0.00028041459802816165,0.025685044256048836,0.0505156120529988,262.22162317919145,308.4630320938903,3000.0,23.566153992798014,2.566153992798013,262.5536471607784,0.013610241927779142,0.3320239815869286,0.3320239815869286,0.01408901858523022,0.0,0.44316268981020907,1.0
31.75042908521381,0.9387670708918422,43257.63065358981,0.04452034159772332,3311967.4107872737,0.022550149464425677,0.0002804042456636889,0.02568527552022739,0.05051582923031676,262.223409960583,308.4634199534801,3000.0,23.56577824320394,2.5657782432039395,262.5535388445888,0.013610238425262568,0.33012888400577367,0.33012888400577367,0.014008825874485112,0.0,0.4406408242138223,1.0
31.77277842482085,0.9387680215353418,43257.71826340801,0.044519676777018485,3311970.7646546885,0.02255014645682349,0.0002803958711926197,0.025685461769488015,0.050516004097504126,262.2248487651598,308.4637323192992,3000.0,23.565474063394785,2.565474063394786,262.55345161128025,0.0136102356044816,0.3286028461204751,0.3286028461204751,0.01394424933852306,0.0,0.4386100447504237,1.0
31.822735623602014,0.9387701306828451,43257.91263946018,0.04451819222132068,3311978.205720755,0.022550139784012664,0.0002803771713107704,0.025685874988060603,0.05051639194338404,262.22804034571635,308.46442535048044,3000.0,23.564794134305828,2.564794134305828,262.5532580708889,0.013610229346145033,0.32521772517253567,0.32521772517253567,0.013801000056227138,0.0,0.4341051787925594,1.0
31.87269282238318,0.9387722181655296,43258.10501934328,0.04451670973379986,3311985.570353406,0.022550133179761574,0.00028035849810253635,0.02568628395695998,0.050516775634824096,262.2311982779787,308.46511126295854,3000.0,23.56411420552791,2.5641142055279103,262.55306651851276,0.013610223152087599,0.3218682405340587,0.3218682405340587,0.0136592548197102,0.0,0.4296475919637195,1.0
31.922650021164344,0.9387742842108674,43258.29542400762,0.04451522929265814,3311992.859355161,0.022550126643350012,0.00028033985129076553,0.02568668872091005,0.05051715521555083,262.2343229153694,308.4657901314771,3000.0,23.563434277057837,2.563434277057839,262.55287693327864,0.013610217021634502,0.3185540179092641,0.3185540179092641,0.013518997874576336,0.0,0.42523678944052756,1.0
31.97260721994551,0.9387763290439654,43258.48387418583,0.04451375087632549,3312000.0735201994,0.022550120174065262,0.00028032123060121595,0.025687089324167457,0.050517530728833936,262.237414607634,308.4664620300025,3000.0,23.562754348892454,2.562754348892453,262.55268929453007,0.013610210954117963,0.31527468689608895,0.31527468689608895,0.013380213629859795,0.0,0.4208722815241156,1.0
32.00042908521381,0.9387774587264024,43258.58798498918,0.044512928395444275,3312004.0590364486,0.022550116600070624,0.00028031087170230445,0.025687310638144136,0.05051773810991707,262.2391222596586,308.46683322507187,3000.0,23.56237568748369,2.5623756874836894,262.55258563218274,0.013610207602073503,0.31346337252415424,0.31346337252415424,0.013303555493797923,0.0,0.41846151680806926,1.0
32.022564418726674,0.9387783528875685,43258.67039039323,0.044512274463459296,3312007.213634361,0.022550113771202106,0.00028030263576254923,0.02568748581052243,0.05051790221748709,262.2404737008467,308.4671270317251,3000.0,23.562074421028626,2.5620744210286253,262.5525035818274,0.013610204948877202,0.3120298809807309,0.3120298809807309,0.013242886657816987,0.0,0.41655358363391887,1.0
32.07252161750784,0.9387803559620758,43258.85499292917,0.04451080003294294,3312014.2804752155,0.022550107434062744,0.00028028406650631234,0.025687878223301906,0.05051826972387097,262.24350053743416,308.4677852090644,3000.0,23.56139449346326,2.56139449346326,262.55231977494645,0.013610199005258401,0.3088192375122958,0.3088192375122958,0.013107001692874029,0.0,0.4122802162749063,1.0
32.122478816289004,0.9387823384855465,43259.03770187777,0.04450932756388501,3312021.274812076,0.02255010116195681,0.0002802655225669269,0.025688266605370873,0.05051863328989461,262.2464954561866,308.4684366336711,3000.0,23.560714566193298,2.5607145661932957,262.55213785387747,0.013610193122614682,0.30564239769086043,0.30564239769086043,0.012972543631143486,0.0,0.4080517050227059,1.0
32.17243601507017,0.9387843006737863,43259.21853711565,0.044507857035611206,3312028.1974063003,0.022550094954201055,0.0002802470036815868,0.025688650999149302,0.050518992957031945,262.24945879239016,308.46908137645534,3000.0,23.5600346392157,2.5600346392157025,262.5519577988176,0.013610187300305844,0.3024990064274675,0.3024990064274675,0.012839497524505233,0.0,0.4038675803377709,1.0
32.19783645256976,0.9387852906070235,43259.30976949097,0.044507110092030476,3312031.689887793,0.022550091822364855,0.00028023759738985077,0.025688844925904796,0.0505191743456595,262.25095347813664,308.46940665223605,3000.0,23.55968893454116,2.5596889345411613,262.5518669601893,0.013610184362921699,0.3009134820526356,0.3009134820526356,0.012772387737745658,0.0,0.40175705944381607,1.0
32.22239321385133,0.9387862427403554,43259.39751831286,0.0445063884276634,3312035.049011332,0.02255008881011937,0.00028022850959024596,0.02568903144661386,0.05051934876632348,262.2523908778411,308.4697195075895,3000.0,23.55935471252748,2.5593547125274814,262.55177959017016,0.013610181537698348,0.29938871232906195,0.29938871232906195,0.01270784857998953,0.0,0.3997273775462864,1.0
32.25042908521381,0.9387873238883071,43259.49715725902,0.044505565081734165,3312038.8632980636,0.0225500853897173,0.0002802181415115665,0.02568924323969219,0.05051954677092106,262.25402279072085,308.4700747550252,3000.0,23.558973139273682,2.558973139273684,262.55168038146263,0.013610178329654221,0.2976575907417782,0.2976575907417782,0.012634574053041895,0.0,0.3974229734557403,1.0
32.2723504126325,0.9387881648965736,43259.57466493319,0.044504921719799195,3312041.830372705,0.022550082729042718,0.00028021004003561174,0.025689407989298925,0.05051970075837726,262.25529204085234,308.47035109650983,3000.0,23.558674786125664,2.558674786125666,262.55160320854384,0.013610175834165307,0.2963111676914991,0.2963111676914991,0.012577582159502653,0.0,0.39563063683184185,1.0
32.32230761141366,0.9387900673515347,43259.74999623562,0.04450345689199046,3312048.5422281027,0.02255007671030915,0.0002801915947631263,0.025689780668299505,0.050520048973371784,262.2581626062772,308.47097621192114,3000.0,23.55799486000732,2.55799486000732,262.55142863475174,0.013610170189086425,0.29326602847453387,0.29326602847453387,0.01244868377878756,0.0,0.39157690320304145,1.0
32.37226481019483,0.9387919503121133,43259.92353127482,0.04450199392442267,3312055.1853073766,0.022550070753263724,0.0002801731735209576,0.025690149524272638,0.05052039345105732,262.2610028955188,308.4715949217989,3000.0,23.55731493416954,2.557314934169539,262.55125584981056,0.013610164601847987,0.2902529542917591,0.2902529542917591,0.012321139107019003,0.0,0.3875657264810614,1.0
32.42222200897599,0.9387938139830437,43260.09528890853,0.04450053279748727,3312061.7603328307,0.022550064857258287,0.00028015477605990293,0.02569051459745297,0.050520734230771164,262.263813226654,308.4722072934156,3000.0,23.556635008609447,2.556635008609449,262.5510848349333,0.013610159071842631,0.28727160827929765,0.28727160827929765,0.012194933961251512,0.0,0.3835966611253272,1.0
32.47217920775716,0.9387956585669318,43260.26528779854,0.04449907349178073,3312068.268019256,0.022550059021651435,0.0002801364021333759,0.02569087592765504,0.05052107135143985,262.26659391445037,308.47281339334404,3000.0,23.555955083324207,2.5559550833242057,262.55091557152855,0.013610153598469312,0.2843216570781806,0.2843216570781806,0.012070054305692674,0.0,0.3796692662109349,1.0
32.50042908521381,0.9387966932727667,43260.360647578214,0.04449824908007971,3312071.9184583384,0.02255005574821649,0.0002801260223402543,0.025691078611432213,0.05052126038198896,262.26815333940567,308.473153380664,3000.0,23.55557059819629,2.555570598196292,262.55082062446013,0.013610150528218734,0.28266728505445826,0.28266728505445826,0.012000018589067964,0.0,0.37746667565339653,1.0
32.52213640653832,0.9387974842642567,43260.43354641091,0.04449761598810407,3312074.709073943,0.022550053245808492,0.00028011805149740095,0.02569123355427379,0.05052140485157969,262.26934527037014,308.47341328745847,3000.0,23.555275158310994,2.5552751583109945,262.55074804119965,0.01361014818113328,0.2814027708295157,0.2814027708295157,0.01194648625151927,0.0,0.3757831054231409,1.0
32.57209360531949,0.938799291273386,43260.60008301737,0.04449616026746154,3312081.084196732,0.022550047529101485,0.000280099723910595,0.025691587516287567,0.05052173476929965,262.27206760259355,308.47400704093917,3000.0,23.55459523356703,2.55459523356703,262.55058222574417,0.013610142819246057,0.27851462315061326,0.27851462315061326,0.011824216055884901,0.0,0.37193774702641835,1.0
32.62205080410065,0.9388010797905811,43260.76491569575,0.04449470631106005,3312087.394080033,0.022550041870909095,0.0002800814191341607,0.02569193785225921,0.05052206114230247,262.2747612160265,308.47459471827443,3000.0,23.553915309089557,2.5539153090895583,262.5504181071524,0.0136101375122254,0.275656891125891,0.275656891125891,0.011703230121554942,0.0,0.36813276385323856,1.0
32.67200800288182,0.9388028500100732,43260.928062337036,0.044493254100301825,3312093.6394090923,0.022550036270616466,0.0002800631369317931,0.02569228460035103,0.05052238400789929,262.2774264124198,308.47517638328543,3000.0,23.55323538487585,2.5532353848758516,262.55025566760145,0.013610132259495113,0.272829255181648,0.272829255181648,0.011583514991610826,0.0,0.364367733137777,1.0
32.72196520166298,0.9388046021240736,43261.08954064625,0.044491803616783544,3312099.820862031,0.02255003072761512,0.00028004487706966805,0.025692627798326893,0.05052270340301168,262.2800634903842,308.4757520991296,3000.0,23.552555460923212,2.552555460923213,262.55009488945353,0.013610127060484957,0.27003139906935303,0.27003139906935303,0.011465057348760759,0.0,0.3606422364944837,1.0
32.75042908521381,0.9388055923941956,43261.18080604251,0.04449097794689238,3312103.3145320513,0.022550027594794426,0.00028003448313375785,0.02569282176738171,0.050522883845309896,262.2815535449563,308.47607748560506,3000.0,23.552168063893312,2.552168063893311,262.55000401991185,0.013610124122076043,0.2684504749555572,0.2684504749555572,0.011398121575359578,0.0,0.3585370982212038,1.0
32.77192240044415,0.9388063363227757,43261.249368142744,0.04449035484229592,3312105.939109851,0.022550025241302972,0.00028002663931643703,0.025692967483552685,0.0505230193641721,262.28267274539445,308.4763219283014,3000.0,23.551875537228973,2.5518755372289714,262.5499357552559,0.013610121914630697,0.2672630098614377,0.2672630098614377,0.011347844015181258,0.0,0.3569558599133448,1.0
32.82187959922531,0.93880805279437,43261.40756216143,0.044488907758822374,3312111.9948164886,0.02255001981108429,0.0002800084234432095,0.025693303692999273,0.050523331927526775,262.28525446981183,308.4768859326371,3000.0,23.551195613790487,2.5511956137904863,262.5497782477399,0.013610116821374038,0.2645237779280478,0.2645237779280478,0.011231861951550137,0.0,0.3533081937297098,1.0
32.87183679800648,0.9388097517250481,43261.564139853275,0.04448746234853855,3312117.988638826,0.022550014436369663,0.00027999022922354643,0.025693636463243366,0.050523641128836574,262.28780895289106,308.4774441733163,3000.0,23.550515690605145,2.550515690605144,262.5496223498201,0.013610111780162608,0.2618133969290284,0.2618133969290284,0.011117098256726153,0.0,0.34969883261445184,1.0
32.92179399678764,0.9388114332990758,43261.7191181919,0.044486018593805396,3312123.9212269527,0.022550009116575807,0.00027997205643337275,0.025693965830481887,0.05052394700349107,262.29033648089325,308.4779967108856,3000.0,23.54983576767036,2.549835767670358,262.54946804458774,0.013610106790449751,0.2591315636944955,0.2591315636944955,0.011003540162697696,0.0,0.3461273754153311,1.0
32.97175119556881,0.9388130976988015,43261.8725139745,0.04448457647716823,3312129.7932241936,0.022550003851125492,0.0002799539048509653,0.025694291830533695,0.05052424958651015,262.2928373370997,308.47854360526173,3000.0,23.54915584498357,2.5491558449835687,262.54931531531025,0.013610101851694497,0.25647797821056884,0.25647797821056884,0.01089117503399612,0.0,0.3425934251387691,1.0
33.00042908521381,0.9388140454569512,43261.959862165626,0.044483749364650854,3312133.1369121037,0.02255000085282824,0.00027994349444607154,0.025694477463090372,0.050524421810364685,262.2942610102947,308.4788550230023,3000.0,23.548765536024973,2.5487655360249732,262.54922834676825,0.013610099039420469,0.2549673364735554,0.2549673364735554,0.010827206041161929,0.0,0.340581556665708,1.0
33.02170839434997,0.9388147451046603,43262.02434382211,0.04448313598135643,3312135.605267123,0.02254999863944755,0.000279935774256948,0.025694614498840425,0.050524548912544924,262.2953118018179,308.4790849157327,3000.0,23.548475922542245,2.548475922542244,262.5491641454304,0.01361009696336154,0.2538523436124933,0.2538523436124933,0.010779990367422807,0.0,0.3390965889414837,1.0
33.07166559313114,0.9388163756951862,43262.17462418072,0.04448169708928216,3312141.3579856083,0.02254999348097683,0.00027991766443427607,0.025694933870468922,0.05052484501588003,262.29776015240026,308.4796207009618,3000.0,23.54779600034388,2.5477960003438787,262.5490145185655,0.01361009212492124,0.25125436616525576,0.25125436616525576,0.010669973791245116,0.0,0.33563647810541797,1.0
33.1216227919123,0.9388179896470166,43262.3233713218,0.044480259784039876,3312147.052002826,0.022549988375154206,0.00027989957516822865,0.02569524998011223,0.05052513793043467,262.30018266325214,308.4801510189892,3000.0,23.547116078385994,2.5471160783859927,262.5488664185068,0.013610087335849548,0.24868375525466035,0.24868375525466035,0.010561113064836349,0.0,0.3322127080266285,1.0
33.171579990693466,0.9388195871349617,43262.47060134855,0.044478824048899815,3312152.6879355046,0.022549983321426336,0.00027988150624632676,0.02569556286210318,0.050525427689775845,262.3025796059387,308.4806759272547,3000.0,23.546436156666132,2.546436156666133,262.5487198292135,0.013610082595627857,0.2461402232747787,0.2461402232747787,0.010453396073914777,0.0,0.3288248980657555,1.0
33.22153718947463,0.9388211683320128,43262.61633019673,0.04447738986730708,3312158.2663939595,0.02254997831924563,0.0002798634574583215,0.025695872550416044,0.05052571432712,262.304951249198,308.48119548260036,3000.0,23.545756235181873,2.545756235181872,262.54857473481127,0.013610077903742952,0.24362348561328417,0.24362348561328417,0.010346810829939027,0.0,0.32547267152920795,1.0
33.25042908521381,0.9388220754224558,43262.69993104872,0.044476561135398184,3312161.466606322,0.022549975449632963,0.0002798530283563769,0.025696050208984286,0.05052587868697363,262.30631140645323,308.48149353760135,3000.0,23.545363014268997,2.5453630142689962,262.54849149803476,0.013610075212132701,0.2421800915815311,0.2421800915815311,0.01028568094001204,0.0,0.32355006229713046,1.0
33.271494388255796,0.9388227334093454,43262.76057363497,0.044475957222881335,3312163.787982095,0.022549973368070263,0.00027984542859618944,0.02569617907866729,0.050525997875333746,262.30729785894636,308.48170974127163,3000.0,23.545076313930807,2.5450763139308075,262.5484311195928,0.013610073259686993,0.2411332606464498,0.2411332606464498,0.010241345469913793,0.0,0.3221556556632524,1.0
33.32145158703696,0.9388242825363318,43262.90334726584,0.044474526099415615,3312169.2532974575,0.022549968467364116,0.0002798274194541174,0.02569648248011802,0.05052627836693625,262.30961969829747,308.4822187589214,3000.0,23.544396392910564,2.544396392910563,262.54828896801604,0.013610068662957501,0.23866926971857083,0.23866926971857083,0.010136988255533974,0.0,0.31887348162728846,1.0
33.371408785818126,0.9388258158805444,43263.044666526286,0.04447309648087583,3312174.662931241,0.022549963616596766,0.0002798094298284958,0.025696782787674684,0.05052655583409994,262.311917027568,308.4827225906114,3000.0,23.543716472118785,2.543716472118786,262.54814826470414,0.013610064113057329,0.23623123713616678,0.23623123713616678,0.010033727572956432,0.0,0.31562578448686224,1.0
33.42136598459929,0.938827333607822,43263.18454669355,0.04447166835139469,3312180.017468525,0.022549958815243284,0.0002797914595178418,0.025697080033902135,0.05052683030866326,262.3141901043801,308.48322129083334,3000.0,23.54303655155315,2.5430365515531506,262.5480089944393,0.013610059609494471,0.2338188900591831,0.2338188900591831,0.0099315519281967,0.0,0.3124122030690711,1.0
33.471323183380456,0.9388288358822778,43263.32300288606,0.044470241695270675,3312185.3174883,0.022549954062784212,0.00027977350832278586,0.02569737425102519,0.05052710182213219,262.3164391836741,308.4837149135122,3000.0,23.54235663121135,2.542356631211353,262.54787114216214,0.01361005515178204,0.2314319584880309,0.2314319584880309,0.0098304499465958,0.0,0.3092323799459764,1.0
33.50042908521381,0.9388297040728839,43263.403019235266,0.04446941117457502,3312188.3804621547,0.022549951316259406,0.00027976305838996976,0.025697544283017525,0.0505272586576669,262.31773857165444,308.48400018666655,3000.0,23.54196049831969,2.5419604983196873,262.5477914749272,0.013610052575591003,0.23005290327273542,0.23005290327273542,0.009772036754931922,0.0,0.3073951847096135,1.0
33.52128038216162,0.938830322866302,43263.46005006362,0.04446881649696789,3312190.5635634777,0.022549949358705555,0.00027975557604606954,0.025697665470929228,0.05052737040568085,262.3186645177129,308.4842035120067,3000.0,23.541676711091114,2.541676711091115,262.5477346929714,0.01361005073943827,0.2290701752585278,0.2290701752585278,0.009730410372622554,0.0,0.306085961428565,1.0
33.571237580942785,0.938831794720574,43263.59570302851,0.044467392741114824,3312195.756260935,0.022549944702498718,0.00027973766249252954,0.02569795372516264,0.050527636090153885,262.3208663561004,308.4846871391134,3000.0,23.54099679119018,2.5409967911901816,262.5475996321227,0.01361004637198645,0.2267332760222871,0.2267332760222871,0.009631422069057764,0.0,0.302972597541264,1.0
33.62119477972395,0.9388332516040659,43263.72997642581,0.044465970412504,3312200.8961415254,0.022549940093660525,0.0002797197674690928,0.025698239044937513,0.05052789890606713,262.32304494578756,308.48516584706806,3000.0,23.540316871506324,2.5403168715063225,262.54746594502836,0.013610042048954944,0.22442099924080594,0.22442099924080594,0.009533474016760142,0.0,0.2998919420147519,1.0
33.671151978505115,0.9388346936741039,43263.862884749076,0.044464549496086095,3312205.9837602954,0.02254993553169302,0.0002797018907847024,0.025698521461141672,0.050528158883619397,262.32520053116707,308.48563968756537,3000.0,23.53963695203733,2.5396369520373305,262.54733361725175,0.013610037769877,0.22213308608468196,0.22213308608468196,0.009436555310401955,0.0,0.29684365215200287,1.0
33.72110917728628,0.938836121086378,43263.9944423412,0.044463129976969044,3312211.019666517,0.022549931016103416,0.00027968403225030544,0.025698801004340754,0.05052841605269448,262.3273333540894,308.48610871176254,3000.0,23.53895703278102,2.538957032781021,262.5472026345065,0.013610033534290722,0.21986928041712872,0.21986928041712872,0.009340655157785135,0.0,0.2938273888069413,1.0
33.75042908521381,0.9388369520715938,43264.07103026717,0.04446229750517143,3312213.9513798663,0.022549928387302437,0.00027967355944330275,0.025698963742667592,0.05052856568941333,262.32857460531585,308.48638175983757,3000.0,23.53855798788709,2.5385579878870894,262.5471263813267,0.013610031068492073,0.21855177601082687,0.21855177601082687,0.009284841328143098,0.0,0.292071921250689,1.0
33.771066376067445,0.938837533994943,43264.12466339454,0.04446171184041787,3312216.0044036973,0.022549926546404118,0.000279666191678851,0.025699077704778247,0.05052867044286122,262.3294436538632,308.48657297027944,3000.0,23.538277113735234,2.5382771137352322,262.54707298265606,0.01361002934173905,0.2176293287928388,0.2176293287928388,0.009245762879809334,0.0,0.29084281638359716,1.0
33.82102357484861,0.9388389325522308,43264.25356195202,0.044460295071853444,3312220.938509614,0.022549922122112646,0.0002796483688852738,0.02569935159237817,0.05052892208337609,262.33153166727595,308.4870325132027,3000.0,23.537597194897828,2.537597194897826,262.54694464771296,0.013610025191769745,0.21541298043700863,0.21541298043700863,0.009151867909597121,0.0,0.2878896028087495,1.0
33.870980773629775,0.938840316909053,43264.38115190735,0.04445887965685233,3312225.8225163314,0.0225499177427517,0.0002796305636864923,0.025699622696745375,0.05052917100318357,262.33359762859664,308.48748739008647,3000.0,23.536917276266685,2.5369172762666867,262.54681761583834,0.013610021083935381,0.21321998724170044,0.21321998724170044,0.009058959792355627,0.0,0.2849674195277294,1.0
33.92093797241094,0.93884168721466,43264.50744701051,0.044457465581141054,3312230.656950404,0.02254991340784887,0.0002796127759013356,0.02569989104717736,0.05052941723092757,262.33564176966803,308.487937649972,3000.0,23.53623735783972,2.53623735783972,262.5466918733366,0.013610017017793156,0.21105010366858323,0.21105010366858323,0.008967028181260427,0.0,0.2820759413751086,1.0
33.970895171192105,0.9388430436167492,43264.6324608685,0.044456052830595304,3312235.442332906,0.0225499091169367,0.0002795950053505338,0.025700156672665824,0.05052966079495306,262.33766431992007,308.4883833413903,3000.0,23.535557439614855,2.5355574396148537,262.54656740665484,0.013610012992904878,0.20890308673477875,0.20890308673477875,0.00887606283686975,0.0,0.2792148465564228,1.0
34.00042908521381,0.9388438390204666,43264.7057699574,0.044455218252181065,3312238.248514836,0.022549906600719108,0.00027958450771293255,0.02570031243630906,0.050529803544741105,262.3388499572369,308.4886446979702,3000.0,23.535155482696176,2.5351554826961755,262.54649441851785,0.013610010632681035,0.2076444612809496,0.2076444612809496,0.008822735903895628,0.0,0.27753757312852845,1.0
34.02085236997327,0.9388443862614673,43264.75620694552,0.04445464139123969,3312240.1791794454,0.022549904869552634,0.00027957725185671396,0.025700419601897135,0.050529901723306486,262.33966550637257,308.4888245123627,3000.0,23.53487752159004,2.5348775215900385,262.5464442023821,0.013610009008836946,0.2067786960095077,0.2067786960095077,0.008786053626997484,0.0,0.27638381664432143,1.0
34.070809568754434,0.9388457152934208,43264.87869856394,0.04445323124924677,3312244.8680001916,0.02254990066523899,0.000279559515244388,0.02570067986325448,0.05053014004373786,262.34164555365203,308.48926121040455,3000.0,23.534197603763246,2.5341976037632454,262.546322247249,0.01361000506516034,0.20467669359697993,0.20467669359697993,0.00869699052600166,0.0,0.27358253655633064,1.0
34.1207667675356,0.9388470308556789,43264.99994890458,0.04445182239093669,3312249.509299893,0.022549896503542957,0.0002795417953399474,0.025700937484818442,0.05053037578370135,262.3436046839962,308.48969348252604,3000.0,23.533517686132466,2.533517686132467,262.54620152812726,0.013610001161450593,0.20259684413105106,0.20259684413105106,0.008608863614572792,0.0,0.27081069454833523,1.0
34.170723966316764,0.93884833308983,43265.119971011925,0.04445041480277177,3312254.1035780725,0.02254989238401642,0.0002795240919715951,0.025701192494378054,0.05053060897036607,262.34554311734155,308.49012137525074,3000.0,23.532837768695718,2.532837768695718,262.54608203202423,0.013609997297287622,0.20053891468268148,0.20053891468268148,0.008521663075816806,0.0,0.26806798209151134,1.0
34.22068116509793,0.9388496221359883,43265.23877779467,0.044449008471356,3312258.6513290536,0.02254988830621593,0.0002795064049693386,0.025701444919432243,0.05053083963061751,262.34746107133395,308.4905449346179,3000.0,23.532157851451032,2.532157851451032,262.54596374608286,0.013609993472255744,0.1985026747489087,0.1985026747489087,0.008435379194801241,0.0,0.2653540938581853,1.0
34.25042908521381,0.938850383514313,43265.30895139351,0.044448171637341403,3312261.3374695,0.022549885897656077,0.0002794958806281567,0.025701594013998012,0.050530975792282246,262.34859351221735,308.4907951110133,3000.0,23.53175298248608,2.53175298248608,262.54589388019684,0.013609991212990152,0.19730036797949424,0.19730036797949424,0.008384431373486646,0.0,0.2637516278199611,1.0
34.270638363879094,0.9388508981327971,43265.35638202612,0.04444760338343448,3312263.153041968,0.0225498842697027,0.00027948873416498276,0.025701694787190334,0.050531067791058024,262.3493587613336,308.49096420618343,3000.0,23.531477934396467,2.5314779343964653,262.54584665758074,0.013609989685943602,0.196487896247163,0.196487896247163,0.008350002358328392,0.0,0.26266872771482935,1.0
34.32059556266026,0.9388521612174386,43265.472796345006,0.044446199525892606,3312267.6092007956,0.022549880274042547,0.00027947107939211923,0.02570194212457421,0.050531293478008873,262.35123640043025,308.4913792350232,3000.0,23.530798017530092,2.5307980175300933,262.5457307539299,0.013609985937944208,0.1944943534996355,0.1944943534996355,0.008265523054285712,0.0,0.26001158470175656,1.0
34.370552761441424,0.9388534115256365,43265.58803325572,0.04444479688575585,3312272.0202843677,0.022549876318805936,0.00027945344048612314,0.02570218695821866,0.050531516717510716,262.3530941994472,308.49179006573365,3000.0,23.53011810085001,2.5301181008500127,262.54561602267586,0.013609982227854875,0.19252182322867384,0.19252182322867384,0.00818193187146473,0.0,0.25738236902755096,1.0
34.42050996022259,0.9388546491917085,43265.70210513325,0.04444339545018459,3312276.386766558,0.022549872403567765,0.0002794358172840879,0.025702429314481808,0.05053173753533366,262.35493236702314,308.4921967424495,3000.0,23.52943818435434,2.5294381843543388,262.5455024514934,0.013609978555277104,0.19057008447026647,0.19057008447026647,0.008099219495898721,0.0,0.2547807879539976,1.0
34.47046715900375,0.938855874348575,43265.81502422387,0.044441995206473336,3312280.709116309,0.022549868527907375,0.0002794182096248154,0.025702669219446837,0.05053195595697903,262.3567511096258,308.49259930884614,3000.0,23.52875826804121,2.5287582680412077,262.54539002818535,0.013609974919816527,0.18863891855954762,0.18863891855954762,0.008017376710260706,0.0,0.2522065517772666,1.0
34.50042908521381,0.9388566031924955,43265.88219968572,0.04444115597414586,3312283.280475475,0.022549866222285893,0.0002794076567871571,0.025702811937697995,0.050532085816771044,262.35783267033906,308.4928387949714,3000.0,23.528350487009373,2.5283504870093725,262.54532314773365,0.013609972757085774,0.18749047739459002,0.18749047739459002,0.007968704712134771,0.0,0.25067564746017457,1.0
34.52042435778492,0.9388570871277602,43265.92680264527,0.04444059614205068,3312284.987797637,0.022549864691408503,0.0002794006173488146,0.02570290669892217,0.05053217200767949,262.35855063155293,308.4929978081403,3000.0,23.528078351908775,2.5280783519087757,262.5452787406828,0.013609971321082926,0.1867281091298878,0.1867281091298878,0.007936394393838756,0.0,0.24965937382725356,1.0
34.57038155656608,0.9388582876594022,43266.037452387536,0.0444391982444782,3312289.22326967,0.022549860893659304,0.00027938304029828773,0.025703141778443545,0.05053238571240114,262.36033113494886,308.49339228309316,3000.0,23.527398435955217,2.527398435955216,262.5451685770439,0.013609967758690193,0.18483744209504493,0.18483744209504493,0.007856263521791312,0.0,0.24713897044427224,1.0
34.62033875534725,0.9388594760722548,43266.14698531325,0.0444378015014503,3312293.41598665,0.022549857134252296,0.00027936547831712804,0.025703374483274376,0.050532597095843804,262.362092819807,308.4937827760112,3000.0,23.526718520178726,2.5267185201787243,262.545059525454,0.013609964232256326,0.18296670564700435,0.18296670564700435,0.007776975165069234,0.0,0.24464506097671498,1.0
34.67029595412841,0.938860652493739,43266.255413162224,0.044436405900789344,3312297.566398118,0.022549853412784218,0.0002793479312508582,0.0257036048384158,0.05053280618245087,262.3638358840491,308.4941693287627,3000.0,23.526038604577515,2.526038604577513,262.5449515742206,0.013609960741403276,0.1811156901715094,0.1811156901715094,0.00769852048683918,0.0,0.2421773676686651,1.0
34.72025315290958,0.9388618170499486,43266.3627475521,0.04443501143044503,3312301.674948933,0.022549849728856024,0.00027933039894662194,0.025703832868607963,0.05053301299641061,262.3655605235359,308.4945519827802,3000.0,23.525358689149815,2.525358689149814,262.54484471177295,0.013609957285756926,0.17928418823703396,0.17928418823703396,0.007620890742028177,0.0,0.23973561564567922,1.0
34.75042908521381,0.9388625147879113,43266.427056472676,0.04443416966311296,3312304.136566373,0.022549847521651713,0.00027931981589645585,0.025703969490977117,0.05053313682852528,262.3665934231371,308.4947812479993,3000.0,23.524947996031365,2.524947996031366,262.54478068567795,0.013609955215323084,0.1781872625408596,0.1781872625408596,0.007574395597852951,0.0,0.23827316290939873,1.0
34.77021035169074,0.938862969865654,43266.46899997861,0.04443361807849408,3312305.7420792845,0.022549846082072854,0.0002793128812531803,0.025704058598330574,0.050533217561656615,262.3672669320709,308.49493077906106,3000.0,23.52467877389388,2.5246787738938776,262.5447389266619,0.013609953864947103,0.17747199459103058,0.17747199459103058,0.007544077277177412,0.0,0.23731953291029384,1.0
34.82016755047191,0.9388641110643098,43266.57418181634,0.04443222583313943,3312309.7682247194,0.022549842472044005,0.0002792953780209007,0.02570428205180463,0.050533419901869533,262.36895530141345,308.4953057581705,3000.0,23.52399885880797,2.5239988588079725,262.544634207559,0.01360995047860751,0.17567890614554926,0.17567890614554926,0.007468071529844115,0.0,0.23492885032331615,1.0
34.87012474925307,0.9388652407680577,43266.67830431892,0.04443083468270998,3312313.753816154,0.02254983889838294,0.00027927788910175395,0.025704503252992845,0.05053362004047754,262.37062582128306,308.49567696024224,3000.0,23.523318943890388,2.523318943890386,262.54453054325614,0.013609947126375765,0.17390472197308782,0.17390472197308782,0.007392865028438317,0.0,0.23256330159879057,1.0
34.92008194803424,0.9388663590977738,43266.78137862349,0.04442944461565605,3312317.6992800394,0.022549835360707135,0.00027926041434925654,0.025704722225609062,0.050533818000665455,262.3722786794329,308.49604442499424,3000.0,23.522639029139423,2.5226390291394236,262.54442792266155,0.01360994380789324,0.17214924322865954,0.17214924322865954,0.007318449388922907,0.0,0.23022262320030112,1.0
34.9700391468154,0.9388674661730768,43266.88341575131,0.04442805562054865,3312321.605038388,0.02254983185863803,0.00027924295361846124,0.025704938993119764,0.050534013805376254,262.37391406166176,308.4964081917312,3000.0,23.521959114553407,2.5219591145534075,262.5443263347986,0.013609940522805019,0.17041227313683294,0.17041227313683294,0.007244816314275293,0.0,0.22790655432413556,1.0
35.00042908521381,0.9388681341734673,43266.94498419698,0.044427211187300114,3312323.9617417622,0.02254982974551991,0.00027923233871352134,0.025705069788203288,0.050534131872436716,262.37490042586495,308.4966276856731,3000.0,23.521545509329464,2.5215455093294636,262.54426503749403,0.013609938540608301,0.1693646116290779,0.1693646116290779,0.00720040320317821,0.0,0.22650957321384943,1.0
35.01999634559657,0.938868562112328,43266.9844266079,0.04442666768607934,3312325.4715087796,0.02254982839180106,0.0002792255067659552,0.025705153578744214,0.05053420747731123,262.37553215181566,308.49676829934464,3000.0,23.521279200130678,2.521279200130678,262.5442257688063,0.01360993727075994,0.16869361699065166,0.16869361699065166,0.0071719575944540655,0.0,0.22561483689833134,1.0
35.06995354437773,0.9388696470326419,43267.0844219839,0.04442528080105935,3312329.299104393,0.022549824959825604,0.0002792080736498482,0.025705366005456445,0.0505343990389319,262.3771331318026,308.4971247863165,3000.0,23.520599285869594,2.5205992858695936,262.5441262139379,0.01360993405141052,0.16699308213526365,0.16699308213526365,0.007099865105715551,0.0,0.22334721556127168,1.0
35.1199107431589,0.938870721049886,43267.18341255516,0.044423894954419424,3312333.0882340097,0.022549821562344984,0.00027919065412977136,0.025705576295985376,0.050534588512460135,262.37871718159386,308.49747769071894,3000.0,23.51991937176853,2.5199193717685295,262.54402765956104,0.013609930864412985,0.16531047796718212,0.16531047796718212,0.0070285308105948645,0.0,0.22110343766118093,1.0
35.16986794194006,0.9388717842787281,43267.28140888701,0.04442251013520541,3312336.8393021766,0.02254981819899634,0.0002791732480668202,0.025705784472823952,0.050534775919887115,262.38028447929634,308.49782705022994,3000.0,23.51923945782588,2.519239457825878,262.5439300951537,0.013609927709427124,0.16364561585737647,0.16364561585737647,0.006957946754648328,0.0,0.2188832531537486,1.0
35.21982514072123,0.9388728368326422,43267.37842143482,0.04442112633257771,3312340.5527092284,0.02254981486942056,0.00027915585532354843,0.025705990558230425,0.050534961282974536,262.38183520116195,308.4981729021352,3000.0,23.51855954404005,2.518559544040048,262.5438335103031,0.013609924586116252,0.1619983091411541,0.1619983091411541,0.0068881050660352565,0.0,0.21668641458906132,1.0
35.25042908521381,0.9388734764061781,43267.437370162574,0.04442027910804828,3312342.8091227454,0.022549812846240348,0.0002791452069923472,0.025706115783264212,0.05053507383649691,262.38277706606056,308.49838305548025,3000.0,23.518143026692538,2.518143026692537,262.54377482151426,0.01360992268826792,0.16099775545370676,0.16099775545370676,0.006845683150705313,0.0,0.2153520501805137,1.0
35.26978233950239,0.9388738788239103,43267.474460544174,0.044419743535811,3312344.2288512974,0.02254981157326233,0.0002791384757639638,0.02570619457422866,0.05053514462325495,262.3833695215908,308.49851528332863,3000.0,23.517879630409464,2.5178796304094653,262.54373789470606,0.013609921494147232,0.16036837311526142,0.16036837311526142,0.0068189979554066325,0.0,0.21451267710818678,1.0
35.31973953828356,0.93887491036363,43267.56953645161,0.04441836173429354,3312347.868120335,0.022549808310170085,0.0002791211092535192,0.025706396542609727,0.050535325962033334,262.38488761314306,308.4988542303152,3000.0,23.517199716932573,2.517199716932573,262.54364323816793,0.013609918433190444,0.15875562502486673,0.15875562502486673,0.006750617715363509,0.0,0.21236179842622205,1.0
35.36969673706472,0.9388759315617176,43267.663659284815,0.04441698091752683,3312351.4709041254,0.022549805079795992,0.00027910375565910804,0.025706596484932412,0.050535505320387517,262.386389646543,308.4991897792115,3000.0,23.516519803607828,2.51651980360783,262.54354953060255,0.013609915402919757,0.1571598840595243,0.1571598840595243,0.00668295672029725,0.0,0.21023353882735069,1.0
35.419653935845886,0.9388769425269501,43267.75683906658,0.04441560107512166,3312355.0375864343,0.022549801881795818,0.0002790864148490144,0.025706794422531612,0.050535682719176446,262.38787579074545,308.49952196576,3000.0,23.51583989043371,2.5158398904337105,262.54345676202826,0.01360991240301243,0.15558097128280224,0.15558097128280224,0.006616007423408801,0.0,0.20812766107116443,1.0
35.46961113462705,0.9388779433669718,43267.84908571534,0.04441422219679742,3312358.568547029,0.02254979871582894,0.00027906908669290433,0.025706990376519485,0.050535858179041326,262.38934621294476,308.49985082533067,3000.0,23.515159977408707,2.5151599774087066,262.54336492256743,0.013609909433149095,0.15401870962267594,0.15401870962267594,0.0065497623563115686,0.0,0.20604393038025065,1.0
35.50042908521381,0.9388785557690068,43267.90553038455,0.044413372060946595,3312360.7290995717,0.02254979677861368,0.0002790584034318612,0.025707110277836735,0.05053596545988227,262.3902455285955,308.50005205056743,3000.0,23.514740547920336,2.514740547920336,262.54330872710017,0.013609907615924628,0.15306319850463979,0.15306319850463979,0.006509244624354438,0.0,0.20476944781584136,1.0
35.519568333408216,0.9388789341882962,43267.9404090454,0.04441284427238192,3312362.06416169,0.02254979558155828,0.00027905177106182284,0.025707184367785928,0.050536031720406036,262.3908010785787,308.5001763929222,3000.0,23.514480064531323,2.5144800645313246,262.54327400244614,0.013609906493013708,0.15247292386743538,0.15247292386743538,0.0064842141288687,0.0,0.20398211443515085,1.0
35.56952553218938,0.938879915096314,43268.03081876765,0.0444114672918106,3312365.5248022354,0.02254979247865036,0.0002790344678281843,0.025707376417000216,0.05053620336347876,262.392240551341,308.5004987031642,3000.0,23.513800151800087,2.5138001518000874,262.5431839919934,0.01360990358229358,0.15094344065238374,0.15094344065238374,0.0064193554286387155,0.0,0.20194198335699842,1.0
35.619482730970546,0.9388808861952941,43268.12032448963,0.04441009124512645,3312368.950836525,0.022549789406775215,0.0002790171768657709,0.025707566544611097,0.050536373128252085,262.39366479318187,308.5008177903178,3000.0,23.513120239213535,2.5131202392135337,262.54309488164125,0.013609900700679339,0.14943008845938266,0.14943008845938266,0.006355179020867406,0.0,0.199923309707338,1.0
35.66943992975171,0.9388818475884245,43268.208935719354,0.04440871612247606,3312372.3426286057,0.022549786365606322,0.00027899989804968273,0.0257077547708549,0.050536541034510905,262.3950739643727,308.5011336882888,3000.0,23.512440326770218,2.5124403267702164,262.54300666192097,0.013609897847864828,0.14793269754824223,0.14793269754824223,0.006291677745581034,0.0,0.19792586839676404,1.0
35.719397128532876,0.9388827993778193,43268.29666186589,0.044407341914108986,3312375.700538736,0.022549783354820534,0.0002789826312563298,0.025707941115756857,0.05053670710183372,262.39646822351597,308.5014464306302,3000.0,23.511760414468704,2.511760414468705,262.5429193234624,0.013609895023547073,0.14645109994643235,0.14645109994643235,0.006228844517159551,0.0,0.19594943667156697,1.0
35.75042908521381,0.938883385810565,43268.350713242595,0.04440648875200485,3312377.769471704,0.02254978149976558,0.00027897191162700623,0.025708055929229225,0.05053680934062181,262.39732685739585,308.5016391227856,3000.0,23.51133807282293,2.5113380728229306,262.5428655109988,0.013609893283379589,0.14553865360295504,0.14553865360295504,0.006190147628015485,0.0,0.19473221636897417,1.0
35.76935432731404,0.938883741664519,43268.383512239445,0.0444059686103777,3312379.024923387,0.022549780374098147,0.0002789653763634309,0.025708125599131312,0.05053687134959289,262.39784772754695,308.5017560505423,3000.0,23.511080502307582,2.511080502307583,262.54283285699364,0.013609892227426272,0.14498512944669528,0.14498512944669528,0.006166672324245804,0.0,0.1939937941109461,1.0
35.8193115260952,0.9388846745484996,43268.469496052145,0.04440459620173669,3312382.3161352724,0.022549777423122776,0.00027894813325000256,0.02570830824058331,0.05053703379695609,262.3992126317461,308.50206258087553,3000.0,23.51040059028545,2.5104005902854487,262.5427472533408,0.013609889459205804,0.14353462159471064,0.14353462159471064,0.0061051542292316135,0.0,0.19205872261091284,1.0
35.86926872487636,0.9388855981286719,43268.554622418036,0.04440322467874248,3312385.5745233507,0.022549774501581455,0.0002789309017963584,0.025708489059508708,0.05053719446288653,262.40056308974016,308.5023660541304,3000.0,23.509720678400917,2.5097206784009165,262.54266250342744,0.013609886718592184,0.1420994136872764,0.1420994136872764,0.006044283368191073,0.0,0.19014400638225842,1.0
35.91922592365753,0.9388865125029222,43268.63890035677,0.04440185403204985,3312388.8004329638,0.022549771609164417,0.000278913681884062,0.025708668075101984,0.050537353366150464,262.4018992535633,308.5026665024707,3000.0,23.509040766652614,2.5090407666526144,262.54257859827146,0.01360988400529499,0.14067934470818955,0.14067934470818955,0.005984052948163758,0.0,0.18824943186516194,1.0
35.96918312243869,0.9388874177681167,43268.72233879406,0.04440048425241132,3312391.994205855,0.022549768745565156,0.0002788964733959197,0.025708845306357184,0.05053751052531826,262.4032212736654,308.50296395772506,3000.0,23.508360855039186,2.5083608550391845,262.5424955289841,0.013609881319026804,0.1392742553186963,0.1392742553186963,0.005924456246758773,0.0,0.18637478771679838,1.0
36.00042908521381,0.93888797938278,43268.77410294753,0.044399627954023316,3312393.975580703,0.022549766969027364,0.00027888571602235917,0.025708955257818668,0.05053760794286839,262.4040410139959,308.50314849506674,3000.0,23.50793560122018,2.5079356012201797,262.5424439938868,0.013609879652500713,0.13840297989094097,0.13840297989094097,0.005887500384498125,0.0,0.18521232076025837,1.0
36.01914032121986,0.9388883140201045,43268.80494656189,0.044399115330676885,3312395.15618018,0.022549765910480375,0.0002788792762159777,0.025709020772068554,0.05053766595876491,262.4045292989159,308.5032584513879,3000.0,23.507680943559283,2.5076809435592837,262.54241328677006,0.013609878659503244,0.13788398785413847,0.13788398785413847,0.005865486612022289,0.0,0.18451986480723467,1.0
36.06909752000102,0.9388892013537236,43268.88673239915,0.0443977472577934,3312398.2866905266,0.022549763103609986,0.0002788620902295136,0.025709194490831637,0.05053781968467114,262.4058234766137,308.5035500146215,3000.0,23.507001032211583,2.507001032211583,262.5423318629267,0.013609876026442917,0.13650838631298257,0.13650838631298257,0.005807137461981028,0.0,0.18268445620513082,1.0
36.11905471878219,0.938890079862802,43268.9677049517,0.04439638002480448,3312401.3860679213,0.022549760324657078,0.00027884491532303497,0.025709366481043654,0.05053797172102377,262.40710395248874,308.5038386782562,3000.0,23.506321120994766,2.5063211209947673,262.54225124884414,0.013609873419567427,0.1351472963553988,0.1351472963553988,0.005749402284591928,0.0,0.18086835717621672,1.0
36.16901191756335,0.9388909496401955,43269.04787277578,0.04439501362284696,3312404.4546399573,0.022549757573327837,0.0002788277513842351,0.02570953676091072,0.05053812208562279,262.40837087075994,308.5041244728028,3000.0,23.505641209907537,2.505641209907536,262.5421714360018,0.013609870838601261,0.13380056524187012,0.13380056524187012,0.005692274635140508,0.0,0.17907136510151433,1.0
36.21896911634452,0.9388918107777924,43269.12724433859,0.04439364804315028,3312407.492730816,0.022549754849331506,0.0002788105983019845,0.02570970534844898,0.050538270796082474,262.409624374144,308.50440742845433,3000.0,23.5049612989486,2.5049612989486008,262.5420924159677,0.01360986828327179,0.13246804182369942,0.13246804182369942,0.005635748135846743,0.0,0.1772932794649973,1.0
36.25042908521381,0.9388923486766352,43269.17682283076,0.0443927885031498,3312409.3904363206,0.02254975314782275,0.0002787998018681545,0.0257098106541042,0.05053836360379511,262.41040693309503,308.5045841731675,3000.0,23.504533132941226,2.5045331329412277,262.54204305709055,0.013609866687116685,0.13163612399551994,0.13163612399551994,0.005600456867234432,0.0,0.17618316316029622,1.0
36.26892631512568,0.9388926633665153,43269.20582801835,0.04439228327703646,3312410.500661274,0.02254975215238038,0.00027879345596633066,0.025709872261484846,0.050538417869831556,262.4108646038571,308.5046875750865,3000.0,23.504281388116688,2.504281388116688,262.54201418039867,0.013609865753309228,0.13114957654158843,0.13114957654158843,0.00557981647581428,0.0,0.1755339018520499,1.0
36.31888351390685,0.9388935074963285,43269.28363210496,0.04439091931591933,3312413.4787487234,0.022549749482189792,0.00027877632426848837,0.025710037517656457,0.050538563324114744,262.41209169962616,308.50496494226,3000.0,23.503601477410538,2.5036014774105366,262.54193672103935,0.013609863248446652,0.129845021413189,0.129845021413189,0.005524473410510464,0.0,0.1737930359331656,1.0
36.36884071268801,0.9388943432562377,43269.36066480007,0.04438955615130449,3312416.4273071764,0.02254974683847812,0.00027875920310083867,0.02571020113441374,0.050538707175992695,262.4133057996897,308.50523955922074,3000.0,23.5029215668289,2.5029215668289,262.5418600297223,0.013609860768419966,0.12855423003259148,0.12855423003259148,0.005469712761754176,0.0,0.17207048746361894,1.0
36.41879791146918,0.9388951707343256,43269.4369342203,0.04438819377478597,3312419.346647389,0.022549744220966637,0.0002787420923568869,0.025710363129025318,0.05053884944234885,262.4145070408522,308.50551145491124,3000.0,23.502241656370543,2.5022416563705434,262.5417840983648,0.013609858312967823,0.12727705751262874,0.12727705751262874,0.005415528415270502,0.0,0.1703660642065977,1.0
36.46875511025034,0.9388959900177579,43269.51244839776,0.044386832178045676,3312422.237076882,0.02254974162937954,0.00027872499193125566,0.025710523518579664,0.050538990139890466,262.41569555849304,308.50578065797265,3000.0,23.50156174603425,2.5015617460342465,262.5417089189684,0.013609855881831594,0.12601336047538325,0.12601336047538325,0.005361914320296066,0.0,0.1686795759208395,1.0
36.50042908521381,0.9388965052560799,43269.55993846555,0.04438596929561421,3312424.0548361363,0.022549739999560364,0.0002787141551785877,0.025710624385396605,0.05053907854013556,262.41644257526565,308.5059499568113,3000.0,23.50113066782403,2.5011306678240275,262.54166163947457,0.013609854352916381,0.12521906420892037,0.12521906420892037,0.00532821445822438,0.0,0.1676195095173305,1.0
36.51871230903151,0.9388968011927838,43269.58721528019,0.044385471352853235,3312425.09889994,0.022549739063443923,0.0002787079017196824,0.025710682319985287,0.05053912928514889,262.41687148656854,308.5060471967451,3000.0,23.5008818358188,2.5008818358187996,262.54163448361874,0.013609853474755374,0.12476299705019755,0.12476299705019755,0.005308864489503556,0.0,0.16701083435830874,1.0
36.56866950781267,0.9388976043447436,43269.66124273152,0.044384111291065426,3312427.932417645,0.022549736522889757,0.00027869082161901203,0.02571083954997217,0.05053926689448094,262.41803495762235,308.5063110992699,3000.0,23.500201925723008,2.5002019257230077,262.5415607844847,0.013609851091485941,0.12352582686236246,0.12352582686236246,0.005256372998529546,0.0,0.16535965324939284,1.0
36.61862670659384,0.9388983995580674,43269.73453853194,0.044382751984626045,3312430.737927867,0.02254973400744989,0.00027867375152719573,0.025710995225091626,0.05053940298406871,262.41918610278503,308.50657239328956,3000.0,23.49952201574569,2.499522015745688,262.5414878138187,0.013609848731772784,0.12230171103368548,0.12230171103368548,0.005204433986007804,0.0,0.16372584830399914,1.0
36.668583905375,0.9388991869163102,43269.80711038095,0.04438139342556279,3312433.515725387,0.022549731516859933,0.00027865669134325067,0.025711149361723043,0.05053953756992623,262.42032505182704,308.5068311062588,3000.0,23.49884210588567,2.4988421058856702,262.54141556395365,0.013609846395367988,0.1210905121266137,0.1210905121266137,0.005153041651200532,0.0,0.1621092371370896,1.0
36.71854110415617,0.9388999665021572,43269.878965897915,0.04438003560598666,3312436.266101917,0.02254972905085828,0.000278639640967253,0.025711301976075025,0.05053967066790056,262.4214519331678,308.50708726534657,3000.0,23.498162196141795,2.4981621961417955,262.54134402730216,0.013609844082026215,0.1198920941343431,0.1198920941343431,0.005102190253586231,0.0,0.160509639255763,1.0
36.75042908521381,0.9389004600902037,43269.924460628776,0.04437916928463121,3312438.007479064,0.0225497274895319,0.00027862876269227615,0.025711398602162632,0.05053975485438681,262.42216497696165,308.50724945026076,3000.0,23.49772820571489,2.4977282057148877,262.54129873448903,0.013609842617353455,0.1191337575273792,0.1191337575273792,0.00507001172557629,0.0,0.15949741982614976,1.0
36.76849830293733,0.9389007383974237,43269.95011262211,0.04437867851809193,3312438.989346102,0.02254972660918604,0.00027862260030033696,0.02571145308418537,0.05053980229367175,262.4225668738753,308.50734089743605,3000.0,23.497482286512916,2.4974822865129176,262.5412731963566,0.013609841791504707,0.11870632248127322,0.11870632248127322,0.005051874112887757,0.0,0.15892687606018321,1.0
36.818455501718496,0.9389015026830626,43270.02055801335,0.04437732215415544,3312441.6857435443,0.02254972419158708,0.0002786055692446864,0.025711602701922538,0.0505399324627543,262.42366999967817,308.50759202912707,3000.0,23.496802376997902,2.4968023769979024,262.54120306368856,0.013609839523563271,0.11753306401038799,0.11753306401038799,0.005002087608543982,0.0,0.15736077082700398,1.0
36.86841270049966,0.9389022594391637,43270.09030945194,0.044375966506536656,3312444.3555767997,0.022549721797807988,0.00027858854770353413,0.025711750844985545,0.050540061190497074,262.42476143496424,308.50784068673585,3000.0,23.49612246759563,2.4961224675956286,262.5411336219488,0.013609837277964266,0.11637218698456309,0.11637218698456309,0.0049528251797740785,0.0,0.15581114871143512,1.0
36.918369899280826,0.9389030087449867,43270.15937424167,0.04437461156767456,3312446.999125495,0.022549719427597974,0.00027857153558112424,0.025711897528910392,0.050540188492089494,262.42584130283126,308.5080868963057,3000.0,23.495442558304987,2.4954425583049855,262.5410648638643,0.013609835054472521,0.11522356103301945,0.11522356103301945,0.00490408132330715,0.0,0.15427783667586714,1.0
36.96832709806199,0.9389037506789651,43270.227759610294,0.0443732573300872,3312449.616666347,0.02254971708070887,0.00027855453278270503,0.0257120427690709,0.05054031438256248,262.42690972509433,308.50833068360873,3000.0,23.494762649124873,2.494762649124874,262.5409967822378,0.013609832852855311,0.11408705714347889,0.11408705714347889,0.004855850593056678,0.0,0.15276066347967218,1.0
37.00042908521381,0.938904223583763,43270.27134811115,0.0443723874774627,3312451.285073055,0.02254971558481532,0.0002785436118347711,0.025712135344042316,0.05054039454069241,262.4275902979627,308.50848607234764,3000.0,23.494325746468043,2.4943257464680415,262.5409533873688,0.013609831449555777,0.11336308940610706,0.11336308940610706,0.004825126314729386,0.0,0.15179418195459293,1.0
37.018284296843156,0.9389044853187082,43270.295472709564,0.044371903786371576,3312452.2084731567,0.02254971475689512,0.00027853753921452815,0.025712186580679024,0.050540438876788676,262.4279668222876,308.50857207414595,3000.0,23.494082740054207,2.494082740054208,262.5409293699477,0.013609830672882363,0.11296254766011771,0.11296254766011771,0.004808127600041689,0.0,0.15125945967676543,1.0
37.06824149562432,0.9389052127410068,43270.36252061589,0.04437055092920296,3312454.7748168446,0.022549712455913758,0.00027852055478383956,0.025712328978786104,0.0505405619894837,262.42901271367435,308.50881109314963,3000.0,23.49340283109191,2.493402831091911,262.54086261994746,0.01360982851432582,0.11184990627310754,0.11184990627310754,0.0047609070119498335,0.0,0.14977405760190102,1.0
37.118198694405486,0.9389059330218327,43270.42891033018,0.04436919875133509,3312457.3159654383,0.022549710177524402,0.0002785035793988819,0.025712469978282648,0.050540683735205934,262.4300475172451,308.50904776558286,3000.0,23.49272292223692,2.4927229222369194,262.5407965252657,0.013609826376960269,0.11074900802060483,0.11074900802060483,0.0047141835532302605,0.0,0.14830429137363316,1.0
37.16815589318665,0.9389066462363702,43270.494648780805,0.044367847245597065,3312459.832184188,0.02254970792148916,0.00027848661296885535,0.0257126095939046,0.05054080412836262,262.4310713497672,308.5092821161499,3000.0,23.49204301348818,2.49204301348818,262.5407310790034,0.013609824260562621,0.10965972923622758,0.10965972923622758,0.0046679520028660515,0.0,0.14684999682428249,1.0
37.218113091967815,0.9389073524590202,43270.559742824,0.04436649640489296,3312462.323735579,0.02254970568757264,0.0002784696554039126,0.025712747840234102,0.050540923183210656,262.4320843267914,308.50951416929774,3000.0,23.491363104844652,2.4913631048446505,262.5406662743333,0.013609822164912123,0.10858194754189299,0.10858194754189299,0.004622207194077214,0.0,0.14541101149063076,1.0
37.25042908521381,0.9389078056061456,43270.60151038381,0.04436562293263156,3312463.922437279,0.02254970425418318,0.0002784586906830094,0.02571283654555603,0.05054099949042222,262.4327338663885,308.5096630659904,3000.0,23.49092328994524,2.4909232899452407,262.5406246924753,0.013609820820239545,0.1078908260868161,0.1078908260868161,0.004592872947356494,0.0,0.14448824884072078,1.0
37.26807029074898,0.9389080517634011,43270.62419924386,0.04436514622220174,3312464.7908793376,0.022549703475541905,0.0002784527066151578,0.025712884731699696,0.05054104091385676,262.43308656265253,308.5097439492161,3000.0,23.4906831963053,2.4906831963053007,262.5406021045001,0.013609820089790337,0.10751554184759016,0.10751554184759016,0.004576944014318859,0.0,0.14398717461390062,1.0
37.318027489530145,0.9389087442223547,43270.68802475296,0.04436379669057672,3312467.233872449,0.02254970128516649,0.00027843576651463925,0.025713020282577506,0.05054115733425864,262.43407817047927,308.50997147983963,3000.0,23.490003287869108,2.4900032878691096,262.54053856281956,0.013609818034981121,0.10646039234029558,0.10646039234029558,0.004532157404817167,0.0,0.14257832712519447,1.0
37.36798468831131,0.9389094299079467,43270.75122599238,0.044362447803145466,3312469.652969161,0.022549699116218375,0.0002784188350153484,0.025713154506991312,0.05054127245822504,262.4350592621947,308.51019678484795,3000.0,23.48932337953507,2.489323379535068,262.54047564267876,0.013609816000270655,0.10541638048403001,0.10541638048403001,0.00448784236057959,0.0,0.14118431164585113,1.0
37.417941887092475,0.9389101088914947,43270.813809534266,0.04436109955310713,3312472.048421083,0.022549696968471915,0.0002784019120311858,0.025713287418918075,0.050541386299421176,262.43602994855996,308.51041988767486,3000.0,23.488643471302176,2.488643471302177,262.54041333753344,0.013609813985447323,0.10438338897347421,0.10438338897347421,0.004443993928427888,0.0,0.1398049724256056,1.0
37.46789908587364,0.9389107812435734,43270.87578188233,0.04435975193373197,3312474.4204772003,0.022549694841703816,0.00027838499747695554,0.025713419032188902,0.050541498871369675,262.43699033918193,308.51064081151003,3000.0,23.487963563169448,2.487963563169449,262.5403516409076,0.013609811990301719,0.10336130172566982,0.10336130172566982,0.004400607206652288,0.0,0.13844015533174392,1.0
37.50042908521381,0.9389112155188502,43270.91581012841,0.04435887475727902,3312475.952599074,0.022549693468015563,0.00027837398793160664,0.025713504041517246,0.05054157149746442,262.4376102214042,308.5107835072236,3000.0,23.487520836015367,2.487520836015367,262.54031179077526,0.013609810701627766,0.10270156937104957,0.10270156937104957,0.004372601522659161,0.0,0.13755917889599986,1.0
37.517856284654805,0.9389114470340156,43270.9371494719,0.04435840493836126,3312476.769383884,0.02254969273569313,0.00027836809126836334,0.025713549360489345,0.05054161018745084,262.4379405425153,308.51085957929934,3000.0,23.487283655135904,2.487283655135905,262.54029054639307,0.013609810014626637,0.10235000387774562,0.10235000387774562,0.004357677344922132,0.0,0.1370897078463253,1.0
37.56781348343597,0.9389121063319171,43270.99791867046,0.04435705856040677,3312479.0953849033,0.022549690650221242,0.0002783511933220104,0.025713678417360282,0.05054172026090353,262.4388806658697,308.51107621374655,3000.0,23.48660374720058,2.486603747200579,262.5402300476495,0.013609808058217054,0.10134938177981212,0.10134938177981212,0.004315199543990782,0.0,0.13575347905693222,1.0
37.617770682217134,0.9389127592056369,43271.05809577755,0.04435571279335073,3312481.3987214286,0.022549688585071875,0.0002783343035553924,0.025713806216198003,0.05054182910482527,262.4398108154106,308.5112907373133,3000.0,23.485923839362513,2.485923839362512,262.54017013840416,0.013609806120870142,0.10035932299354045,0.10035932299354045,0.004273169055642502,0.0,0.1344313196550315,1.0
37.6677278809983,0.9389134057228249,43271.11768702745,0.044354367630743255,3312483.6796321287,0.022549686540030978,0.0002783174218868673,0.025713932770259657,0.0505419367321775,262.4407310962018,308.51150317222823,3000.0,23.485243931620758,2.485243931620758,262.5401108124493,0.013609804202385169,0.09937971624754027,0.09937971624754027,0.00423158118079985,0.0,0.13312308187646896,1.0
37.717685079779464,0.9389140459504259,43271.17669858943,0.044353023066201924,3312485.938353185,0.02254968451488675,0.00027830054823564963,0.025714058092664003,0.050542043155786406,262.4416416122119,308.51171354048836,3000.0,23.48456402397438,2.4845640239743787,262.5400520636419,0.013609802302563498,0.09841045142997018,0.09841045142997018,0.0041904312692161196,0.0,0.1318286194918253,1.0
37.75042908521381,0.9389144622015597,43271.2150656379,0.04435214210465806,3312487.406885937,0.02254968319821748,0.0002782894928608941,0.025714139572166575,0.050542112263244954,262.4422331537384,308.511850313765,3000.0,23.484118384554066,2.4841183845540673,262.5400138674478,0.013609801067372916,0.09778071370936914,0.09778071370936914,0.004163695315625785,0.0,0.13098757944522002,1.0
37.76764227856063,0.9389146799546808,43271.235136567906,0.044351679093411644,3312488.1751182955,0.02254968250942962,0.0002782836825218092,0.025714182196391662,0.050542148388343096,262.44254246631607,308.5119218638593,3000.0,23.48388411642245,2.4838841164224474,262.5399938859035,0.013609800421208575,0.09745141958745762,0.09745141958745762,0.00414971471943643,0.0,0.13054778780522186,1.0
37.817599477341794,0.9389153078011315,43271.29300700291,0.044350335706124205,3312490.39015869,0.022549680523452215,0.0002782668246662646,0.02571430509428612,0.0505422524424046,262.4434337603038,308.51212816387704,3000.0,23.483204208964047,2.483204208964046,262.5399362732199,0.013609798558125932,0.09650251291611767,0.09650251291611767,0.00410942697842233,0.0,0.12928044364254093,1.0
37.86755667612296,0.9389159295546212,43271.3503158701,0.044348992898158204,3312492.5837031375,0.022549678556749372,0.00027824997459078275,0.02571442679905374,0.0505423553303939,262.444315594879,308.512332461848,3000.0,23.482524301598268,2.482524301598266,262.53987921964085,0.013609796713123163,0.09556362476183722,0.09556362476183722,0.0040695635415709105,0.0,0.12802644535205607,1.0
37.917513874904124,0.9389165452793198,43271.4070690831,0.044347650663396646,3312494.755978028,0.022549676609118077,0.0002782331322179484,0.025714547323268777,0.05054245706460481,262.4451880697003,308.5125347788574,3000.0,23.48184439432421,2.4818443943242103,262.5398227192781,0.013609794886009864,0.09463464957781298,0.09463464957781298,0.004030119950913528,0.0,0.12678565274779632,1.0
37.96747107368529,0.9389171550387286,43271.463272493915,0.04434630899578653,3312496.907207393,0.02254967468035741,0.00027821629747115895,0.02571466667937433,0.050542557657202905,262.44605128338736,308.51273513577064,3000.0,23.48116448714099,2.481164487140989,262.53976676630447,0.013609793076597612,0.09371548291710496,0.09371548291710496,0.003991091794805426,0.0,0.12555792709981023,1.0
38.00042908521381,0.9389175540768798,43271.50005309438,0.04434542417175603,3312498.3150127935,0.02254967341814057,0.0002782051953066107,0.025714744788041272,0.050542623401488455,262.4466157441244,308.5128662531443,3000.0,23.480715935443403,2.4807159354434036,262.5397301496146,0.013609791892483576,0.093114405490212,0.093114405490212,0.003965569267402904,0.0,0.12475505305194451,1.0
38.017428272466454,0.9389177588956811,43271.51893189306,0.04434496788933868,3312499.0376129104,0.02254967277026858,0.00027819947027462173,0.0257147848796824,0.050542657120225605,262.4469053335226,308.51293355323384,3000.0,23.480484580047722,2.4804845800477224,262.53971135495425,0.013609791284699968,0.09280602143167016,0.09280602143167016,0.003952474707891294,0.0,0.1243431311331091,1.0
38.06738547124762,0.9389183569123474,43271.574053009885,0.0443436273381274,3312501.1474139155,0.022549670878654896,0.00027818265055335037,0.025714901936374903,0.05054275546558315,262.4477503166582,308.51313005167503,3000.0,23.47980467304354,2.4798046730435406,262.5396564795226,0.01360978951013246,0.09190616286440445,0.09190616286440445,0.003914264370773032,0.0,0.12314112901724221,1.0
38.11734267002878,0.9389189491502351,43271.628641512725,0.04434228733629036,3312503.2368274075,0.02254966900532175,0.0002781658382331623,0.025715017861503743,0.05054285270505866,262.44858632831705,308.51332465130463,3000.0,23.479124766127583,2.479124766127582,262.53960213436545,0.013609787752712583,0.09101580604840365,0.09101580604840365,0.003876456509984929,0.0,0.12195178636554213,1.0
38.16729986880995,0.9389195356702128,43271.682703011036,0.04434094787802629,3312505.3060681303,0.022549667150076575,0.00027814903324065046,0.02571513266699544,0.05054294885031267,262.4494134630296,308.51351737212303,3000.0,23.478444859298996,2.4784448592989947,262.5395483138973,0.013609786012259728,0.09013485086768469,0.09013485086768469,0.0038390468963273522,0.0,0.12077497018273148,1.0
38.21725706759111,0.9389201165325151,43271.73624305586,0.0443396089575946,3312507.3553485903,0.022549665312728794,0.0002781322355031781,0.02571524636465216,0.05054304391288413,262.4502318143414,308.51370823392233,3000.0,23.477764952556935,2.477764952556935,262.53949501259086,0.013609784288595168,0.08926319824945494,0.08926319824945494,0.003802031344543868,0.0,0.11961054885479082,1.0
38.25042908521381,0.9389204991338079,43271.77150873035,0.04433872019703977,3312508.705164804,0.022549664102508738,0.00027812108563116355,0.025715321254593713,0.05054310644273362,262.4507703997687,308.51383395041466,3000.0,23.477313488571525,2.477313488571524,262.53945990418623,0.013609783153254793,0.08868950441751622,0.08868950441751622,0.003777668363149353,0.0,0.1188441465850616,1.0
38.26721426637228,0.9389206917967424,43271.7892671398,0.044338270569315344,3312509.3848790587,0.022549663493089837,0.0002781154449488779,0.02571535896615167,0.05054313790419039,262.4510414748135,308.51389725628627,3000.0,23.47708504590057,2.4770850459005698,262.5394422249771,0.013609782581542046,0.0884007501636006,0.0884007501636006,0.003765405713305819,0.0,0.11845839214849768,1.0
38.31717146515344,0.938921261521867,43271.84178069761,0.04433693270756861,3312511.3948675897,0.02254966169097313,0.0002780986615066448,0.025715470483048435,0.05054323083552821,262.45184253603037,308.51408445859215,3000.0,23.476405139329074,2.4764051393290725,262.53938994564464,0.01360978089092539,0.08754740961427387,0.08754740961427387,0.003729165904860333,0.0,0.1173183712003776,1.0
38.36712866393461,0.9389218257662314,43271.89378910598,0.0443355953667947,3312513.3855200154,0.0225496599061941,0.0002780818851061378,0.0257155809267735,0.05054332271807374,262.4526350885993,308.5142698600104,3000.0,23.475725232841626,2.4757252328416266,262.5393381692397,0.013609779216572077,0.08670308064040455,0.08670308064040455,0.003693307865058427,0.0,0.11619035851761148,1.0
38.41708586271577,0.9389223845875729,43271.94529768587,0.04433425854149182,3312515.3570400323,0.02254965813857007,0.00027806511567775077,0.025715690308639082,0.0505434135628869,262.4534192221867,308.5144534795125,3000.0,23.475045326437424,2.4750453264374244,262.5392868904643,0.01360977755831079,0.08586766827761494,0.08586766827761494,0.003657827581738954,0.0,0.11507422792722084,1.0
38.46704306149694,0.9389229380430261,43271.99631170267,0.044332922226215786,3312517.309629211,0.02254965638792028,0.00027804835315260897,0.025715798639839197,0.05054350338091208,262.45419502552306,308.51463533587196,3000.0,23.474365420115667,2.4743654201156655,262.5392361040756,0.013609775915971999,0.08504107855253551,0.08504107855253551,0.0036227210844925356,0.0,0.11396985456866406,1.0
38.50042908521381,0.9389233049500025,43272.0301308795,0.04433202945831676,3312518.6040759245,0.022549655227347663,0.0002780371546963748,0.025715870456572344,0.050543562838616385,262.4547088889532,308.51475589547005,3000.0,23.47391104383235,2.473911043832348,262.53920243581877,0.013609774827202025,0.08449354686558763,0.08449354686558763,0.0035994660927109495,0.0,0.11323830288087575,1.0
38.5170002602781,0.9389234861891257,43272.04683636654,0.04433158641557976,3312519.2434870075,0.02254965465406587,0.0002780315974625651,0.025715905931450248,0.050543592182978686,262.4549625864076,308.5148154476651,3000.0,23.47368551387556,2.4736855138755596,262.5391858048858,0.013609774289387947,0.08422321847820058,0.08422321847820058,0.003587984444471461,0.0,0.11287711488787772,1.0
38.56695745905927,0.9389240290818086,43272.09687683255,0.044330251104254044,3312521.158810765,0.02254965293682987,0.00027801484854019735,0.025716012194431294,0.05054367997980136,262.45572199171033,308.514993833272,3000.0,23.473005607716324,2.4730056077163227,262.53913598776194,0.013609772678392664,0.08341399605160404,0.08341399605160404,0.003553613774291572,0.0,0.11179588663421197,1.0
38.61691465784043,0.9389245667764158,43272.14643820082,0.04432891628696593,3312523.055795726,0.022549651236037194,0.0002779981063188066,0.025716117439624566,0.05054376678198057,262.456473327376,308.51517051087666,3000.0,23.472325701637182,2.4723257016371805,262.5390866476259,0.013609771082821931,0.08261332024989088,0.08261332024989088,0.003519605227876019,0.0,0.1107260488555361,1.0
38.6668718566216,0.9389250993277132,43272.19552551853,0.04432758195849769,3312524.9346351055,0.022549649551514582,0.0002779813707323916,0.02571622167775949,0.05054385260000646,262.4572166784561,308.5153454984743,3000.0,23.471645795637368,2.471645795637367,262.53903777945226,0.013609769502513257,0.08182110099613737,0.08182110099613737,0.0034859549990033213,0.0,0.10966748185258406,1.0
38.71682905540276,0.9389256267898956,43272.24414378024,0.04432624811368614,3312526.7955201035,0.02254964788309056,0.00027796464171564336,0.02571632491945345,0.050543937444259654,262.45795212911514,308.51551881387246,3000.0,23.470965889716123,2.4709658897161235,262.53898937826784,0.013609767937305822,0.0810372491527005,0.0810372491527005,0.003452659321029784,0.0,0.10862006717024228,1.0
38.75042908521381,0.9389259787129095,43272.276581922306,0.044325351270706574,3312528.0371034415,0.02254964676991791,0.00027795339383763975,0.02571639380217678,0.05054399396593233,262.4584423738603,308.5156344499869,3000.0,23.47050860112527,2.470508601125272,262.53895708497504,0.013609766892998499,0.08051471111474484,0.08051471111474484,0.003430462990089812,0.0,0.10792181487508554,1.0
38.76678625418393,0.9389261492165878,43272.292297927954,0.044324914747422645,3312528.6386399074,0.022549646230595494,0.0002779479192039448,0.025716427175212067,0.05054402132501151,262.45867976263224,308.5156904746914,3000.0,23.4702859838727,2.4702859838726994,262.538941439152,0.013609766387040511,0.08026167651973992,0.08026167651973992,0.003419714466832261,0.0,0.10758368759576882,1.0
38.81674345296509,0.9389266666608488,43272.33999285156,0.04432358185465261,3312530.4641817077,0.022549644593861516,0.0002779312031333648,0.025716528455429967,0.05054410425242485,262.4593996614075,308.5158604983653,3000.0,23.469606078106352,2.4696060781063522,262.53889395723587,0.013609764851559885,0.07949429582839684,0.07949429582839684,0.0033871167485232394,0.0,0.1065582271498496,1.0
38.86670065174626,0.9389271791751709,43272.38723338874,0.04432224943037559,3312532.2723306995,0.022549642972722547,0.00027791449344065865,0.025716628770390666,0.05054418623655387,262.46011190696123,308.51602890214247,3000.0,23.468926172416346,2.468926172416347,262.5388469277027,0.013609763330708189,0.07873502074147609,0.07873502074147609,0.0033548625174855875,0.0,0.10554357108771067,1.0
38.91665785052742,0.9389276868115016,43272.434024326954,0.04432091746964328,3312534.063270152,0.022549641367014244,0.0002778977900632436,0.02571672813027081,0.0505442672873483,262.4608165799672,308.51619570309185,3000.0,23.46824626680196,2.4682462668019576,262.5388003457856,0.013609761824331278,0.07798376581843058,0.07798376581843058,0.003322948162886204,0.0,0.10453960585237872,1.0
38.96661504930859,0.9389281896212469,43272.480370403784,0.044319585967559035,3312535.8371814257,0.022549639776573982,0.00027788109293919237,0.025716826545140833,0.05054434741465401,262.46151376025813,308.5163609181046,3000.0,23.467566361262463,2.467566361262464,262.5387542067675,0.013609760332276623,0.07724044650939277,0.07724044650939277,0.0032913701114271627,0.0,0.10354621906687042,1.0
39.00042908521381,0.9389285272398066,43272.51149013219,0.044318684984716694,3312537.0282986914,0.022549638708651436,0.0002778697948394196,0.025716892626999055,0.05054440113048991,262.461981441717,308.51647185401066,3000.0,23.467106160354884,2.4671061603548834,262.53872322608544,0.013609759330415703,0.07674178436843704,0.07674178436843704,0.003270185247556595,0.0,0.10287978207493846,1.0
39.01657224808975,0.9389286876552715,43272.526276306926,0.04431825491927801,3312537.5942439702,0.022549638201240833,0.0002778644020072345,0.025716924024965053,0.050544426628213124,262.4622035268264,308.5165245638941,3000.0,23.466886455797155,2.4668864557971544,262.5387085059808,0.013609758854393287,0.07650497915443566,0.07650497915443566,0.003260124827319655,0.0,0.10256329953339068,1.0
39.066529446870916,0.9389291809639031,43272.571746674614,0.04431692432000664,3312539.3346353434,0.02254963664085558,0.0002778477172067501,0.02571702057960247,0.0505445049376648,262.4628859578299,308.5166866569972,3000.0,23.466206550405325,2.466206550405325,262.5386632388075,0.013609757390531942,0.07577728097760428,0.07577728097760428,0.0032292088120350836,0.0,0.10159073722551965,1.0
39.11648664565208,0.9389296695969326,43272.616786095605,0.04431559416500266,3312541.0585312056,0.022549635095260697,0.00027783103847777005,0.025717116218806797,0.05054458235254526,262.463561130593,308.5168472137743,3000.0,23.46552664508628,2.4655266450862787,262.53861840067856,0.013609755940544841,0.07505727008555141,0.07505727008555141,0.0031986186042523164,0.0,0.10062842328657065,1.0
39.166443844433246,0.9389301536036335,43272.66139911097,0.04431426444957326,3312542.7661053957,0.022549633564300304,0.0002778143657609527,0.025717210952230337,0.05054465888229159,262.4642291216365,308.517006250416,3000.0,23.464846739839327,2.4648467398393263,262.5385739870725,0.013609754504285781,0.0743448654359895,0.0743448654359895,0.0031683507785185976,0.0,0.0996762499874812,1.0
39.21640104321441,0.9389306330327657,43272.70559021447,0.044312935169074696,3312544.4575299355,0.02254963204782015,0.0002777976989975784,0.025717304789424595,0.05054473453624232,262.4648900066831,308.51716378294384,3000.0,23.464166834663786,2.4641668346637857,262.538529993515,0.01360975308161007,0.07363998683189266,0.07363998683189266,0.003138401945007643,0.0,0.09873411071921935,1.0
39.25042908521381,0.9389309569968212,43272.73545142704,0.04431202998441754,3312545.6004741522,0.022549631023091408,0.00027778634991200397,0.02571736819776208,0.05054478557076549,262.46533613434104,308.51727023220434,3000.0,23.463703721430697,2.463703721430697,262.5385002658027,0.01360975212026701,0.07316413146168088,0.07316413146168088,0.003118183400639177,0.0,0.09809806925388087,1.0
39.266358241995576,0.9389311079325754,43272.74936385254,0.0443116063189123,3312546.1329750405,0.022549630545667578,0.00027778103812955035,0.02571739773984043,0.05054480932363756,262.4655438606582,308.5173198272108,3000.0,23.463486929558982,2.4634869295589814,262.538486415579,0.01360975167237456,0.07294255492075763,0.07294255492075763,0.003108768749493307,0.0,0.09780189999197125,1.0
39.31631544077674,0.9389315783508003,43272.79272442472,0.04431027789454003,3312547.792609127,0.02254962905769159,0.0002777643830993882,0.025717489812828953,0.05054488325361993,262.46619075769695,308.5174743989027,3000.0,23.462807024524245,2.462807024524246,262.53844324888377,0.013609750276437592,0.07225249118681631,0.07225249118681631,0.0030794478730228306,0.0,0.09687951342487766,1.0
39.366272639557906,0.9389320443346677,43272.835676283576,0.04430894989146052,3312549.4365988136,0.022549627583742755,0.0002777477338502291,0.02571758101764118,0.05054495633523416,262.46683077114193,308.5176275135377,3000.0,23.462127119558918,2.4621271195589185,262.53840048909575,0.013609748893659032,0.07156971795382105,0.07156971795382105,0.003050436032040668,0.0,0.09596684774994488,1.0
39.41622983833907,0.9389325059309146,43272.87822373644,0.04430762230522332,3312551.065108989,0.022549626123673228,0.000277731090325805,0.025717671363432046,0.05054502857743108,262.4674639735744,308.51777918647275,3000.0,23.461447214662343,2.4614472146623445,262.5383581319263,0.013609747523900203,0.07089415835190493,0.07089415835190493,0.0030217299769811,0.0,0.09506380076778517,1.0
39.466187037120235,0.9389329631857908,43272.92037104578,0.04430629513142452,3312552.6783028203,0.022549624677336684,0.00027771445247043837,0.025717760859260905,0.05054509998906803,262.46809043681856,308.51792943290474,3000.0,23.460767309833876,2.460767309833878,262.5383161731313,0.01360974616702386,0.07022573631275009,0.07022573631275009,0.0029933264920672087,0.0,0.09417027134130773,1.0
39.50042908521381,0.938933274116972,43272.949031031116,0.04430538568571144,3312553.7752670953,0.02254962369383507,0.00027770305166947406,0.025717821715865483,0.05054514846137003,262.46851597617194,308.51803159977715,3000.0,23.4603012842669,2.4603012842668996,262.5382876413466,0.013609745244354134,0.06977166517464184,0.06977166517464184,0.0029740310803865323,0.0,0.0935632672561386,1.0
39.5161442359014,0.9389334161450587,43272.96212242917,0.044304968365706715,3312554.2763417587,0.022549623244588354,0.0002776978202290411,0.02571784951409158,0.05054517057890898,262.4687102319419,308.5180782678705,3000.0,23.460087405072876,2.460087405072878,262.5382746085116,0.013609744822894223,0.06956437656970138,0.06956437656970138,0.0029652223953206235,0.0,0.0932861593960395,1.0
39.566101434682565,0.9389338648539981,43273.00348205968,0.04430364200375866,3312555.8593855524,0.022549621825284992,0.00027768119354711063,0.025717937336793263,0.05054524035562537,262.4693234292624,308.5182257062483,3000.0,23.45940750037871,2.4594075003787115,262.538233433912,0.013609743491376926,0.06891000464963781,0.06891000464963781,0.002937414538219918,0.0,0.0924113659093929,1.0
39.61605863346373,0.9389343093574052,43273.044454065806,0.04430231604131529,3312557.4275922393,0.022549620419284874,0.00027766457237072997,0.025718024336140326,0.05054530932779593,262.4699300983464,308.5183717627573,3000.0,23.45872759575075,2.4587275957507515,262.5381926452222,0.013609742172339052,0.06826254687575783,0.06826254687575783,0.0029098998058241965,0.0,0.09154579291456764,1.0
39.666015832244895,0.9389347496996105,43273.085042533196,0.04430099047415596,3312558.981118219,0.02254961902644776,0.0002776479566465451,0.02571811052081586,0.050545377503910166,262.47053030803784,308.5185164519638,3000.0,23.458047691188376,2.458047691188378,262.5381522383741,0.013609740865649055,0.06762193033625863,0.06762193033625863,0.002882675115442777,0.0,0.09068934345871417,1.0
39.71597303102606,0.9389351859244823,43273.125251504825,0.044299665298104286,3312560.5201182584,0.022549617646634868,0.00027763134632176345,0.0257181958994123,0.05054544489236894,262.4711241264619,308.51865978828226,3000.0,23.457367786690977,2.4573677866909773,262.53811220934233,0.013609739571176772,0.06698808288041391,0.06698808288041391,0.002855737416472661,0.0,0.08984192159783383,1.0
39.75042908521381,0.9389354844172881,43273.1527650517,0.04429875153469077,3312561.573199982,0.022549616702479562,0.00027761989310880577,0.025718254320749253,0.05054549091633762,262.4715300008653,308.51875786810905,3000.0,23.456898848782107,2.456898848782108,262.53808481893253,0.01360973868541635,0.06655481806723174,0.06655481806723174,0.0028373238293896335,0.0,0.08926265580120392,1.0
39.765930229807225,0.9389356180754271,43273.16508498119,0.04429834050902789,3312562.044745495,0.022549616279708883,0.00027761474134415054,0.025718280480431586,0.05054551150148462,262.47171162102717,308.5188017859753,3000.0,23.456687882257942,2.4566878822579423,262.53807255414375,0.013609738288793393,0.06636093311658442,0.06636093311658442,0.002829083690318367,0.0,0.08900343239427,1.0
39.81588742858839,0.9389360461953934,43273.20454692052,0.0442970161028382,3312563.555151453,0.022549614925533933,0.0002775981416620271,0.02571836427228584,0.0505455773394818,262.47229285843036,308.5189424591551,3000.0,23.45600797788867,2.4560079778886723,262.5380332688374,0.013609737018371487,0.06574041040704515,0.06574041040704515,0.0028027109501760406,0.0,0.08817378190992906,1.0
39.865844627369555,0.9389364703268701,43273.243641238754,0.044295692075490466,3312565.0514860307,0.022549613583975597,0.00027758154722426937,0.025718447283297127,0.050545642414496994,262.4728679046552,308.51908182178283,3000.0,23.45532807358257,2.4553280735825727,262.53799434952435,0.013609735759784972,0.06512644486917907,0.06512644486917907,0.0027766162410889548,0.0,0.08735287720803887,1.0
39.91580182615072,0.9389368905119057,43273.282371811176,0.04429436842298209,3312566.5338975755,0.02254961225490085,0.000277564957980288,0.025718529521701117,0.05054570673458225,262.47343682500025,308.51921988767486,3000.0,23.454648169339055,2.454648169339056,262.5379557923461,0.013609734512909078,0.06451896734586171,0.06451896734586171,0.0027507966386894575,0.0,0.08654062631358411,1.0
39.965759024931884,0.938937306792109,43273.32074247263,0.044293045141352363,3312568.002532885,0.02254961093817807,0.00027754837388002483,0.025718610995647356,0.05054577030770545,262.47399968408246,308.51935667050327,3000.0,23.45396826515754,2.453968265157539,262.53791759348456,0.013609733277620344,0.0639179094021074,0.0639179094021074,0.0027252492490604154,0.0,0.08573693820895938,1.0
40.00042908521381,0.9389375934150476,43273.3471619751,0.044292127006080685,3312569.013737752,0.0225496100315705,0.0002775368675900539,0.02571866709308387,0.05054581399224443,262.4743867765214,308.5194508500869,3000.0,23.453496414899142,2.4534964148991434,262.537891292282,0.013609732427082325,0.06350451576059868,0.06350451576059868,0.0027076779784636546,0.0,0.0851841681914293,1.0
40.01571622371305,0.9389377192086512,43273.358757017595,0.04429172222668243,3312569.457537209,0.022549609633677005,0.0002775317948739521,0.025718691713199543,0.0505458331417505,262.4745565458383,308.5194921837962,3000.0,23.453288361037448,2.4532883610374476,262.5378797491617,0.013609732053796599,0.06332320332336394,0.06332320332336394,0.002699971208666914,0.0,0.08494172283183216,1.0
40.065673422494214,0.9389381278022695,43273.39641920054,0.044290399675094884,3312570.899054269,0.02254960834126878,0.0002775152209130678,0.025718771682336307,0.050545895244518156,262.47510747353004,308.5196264409392,3000.0,23.45260845697821,2.4526084569782105,262.5378422556395,0.01360973084131696,0.0627347821094304,0.0627347821094304,0.0026749596841013205,0.0,0.08415489106713427,1.0
40.11563062127538,0.9389385326132647,43273.43373273575,0.04428907748275392,3312572.327226246,0.022549607060825913,0.0002774986519488967,0.025718850910950778,0.05054595662372559,262.475652529743,308.51975945517444,3000.0,23.451928552979265,2.451928552979265,262.53780510921973,0.01360972964006185,0.06215257947673081,0.06215257947673081,0.0026502118721846066,0.0,0.08337635475026053,1.0
40.165587820056544,0.9389389336815193,43273.47070129896,0.044287755645863736,3312573.742193845,0.022549605792222215,0.00027748208793347085,0.025718929406854062,0.05054601728700975,262.476191776412,308.5198912396067,3000.0,23.451248649040053,2.451248649040053,262.53776830624275,0.013609728449912916,0.06157652983074513,0.06157652983074513,0.002625724998795136,0.0,0.08260602663023478,1.0
40.21554501883771,0.9389393310464996,43273.507328527536,0.04428643416066824,3312575.1440963047,0.022549604535332845,0.0002774655288193259,0.0257190071777757,0.050546077241927875,262.47672527482615,308.52002180720393,3000.0,23.450568745160023,2.450568745160022,262.5377318430871,0.013609727270753061,0.06100656826095019,0.06100656826095019,0.0026014963186571484,0.0,0.08184382036306631,1.0
40.25042908521381,0.9389396063431856,43273.53270408592,0.04428551160176204,3312576.115342187,0.02254960366455322,0.00027745396881755996,0.025719061057796647,0.05054611869116743,262.47709442962105,308.52011226516726,3000.0,23.450093982544814,2.450093982544813,262.5377065812084,0.013609726453824385,0.06061215158734967,0.06061215158734967,0.002584729580720086,0.0,0.08131635782034229,1.0
40.265502217618874,0.9389397247472567,43273.543618020594,0.044285113023451,3312576.533071394,0.022549603290034265,0.0002774489745594999,0.025719084231363803,0.05054613649595757,262.4772530856291,308.52015117079765,3000.0,23.449888841338627,2.449888841338627,262.53769571616925,0.0136097261024664,0.06044263054013754,0.06044263054013754,0.0025775231153158506,0.0,0.0810896505109769,1.0
40.31545941640004,0.9389401148224287,43273.57957333919,0.04428379223053498,3312577.9092554315,0.02254960205620424,0.0002774324251075304,0.025719160575185564,0.05054619505649734,262.4777752688234,308.52027934308376,3000.0,23.449208937575328,2.4492089375753268,262.53765992194366,0.01360972494493828,0.05988465312026392,0.05988465312026392,0.0025538027009646344,0.0,0.08034343253697551,1.0
40.3654166151812,0.9389405013102414,43273.61519800641,0.044282471778282526,3312579.272783276,0.02254960083372185,0.00027741588041745366,0.02571923621672739,0.050546252930866696,262.4782918837715,308.5204063366226,3000.0,23.448529033869587,2.4485290338695873,262.53762445690273,0.013609723798055286,0.059332573131257504,0.059332573131257504,0.002530332416398325,0.0,0.07960508280339762,1.0
40.41537381396237,0.938940884248523,43273.65049550864,0.04428115166309394,3312580.6237883843,0.022549599622467414,0.00027739934044378737,0.025719311163397696,0.050546310126308905,262.4788029892177,308.5205321638439,3000.0,23.44784913022088,2.447849130220879,262.5375893175753,0.013609722661705162,0.05878632835759845,0.05878632835759845,0.002507109630018533,0.0,0.07887451854062452,1.0
40.46533101274353,0.9389412636747066,43273.685469295924,0.04427983188140722,3312581.962402823,0.022549598422322518,0.0002773828051415268,0.025719385422527535,0.050546366649991584,262.4793086432934,308.52065683704757,3000.0,23.44716922662868,2.447169226628679,262.5375545005262,0.013609721535776827,0.058245857232805065,0.058245857232805065,0.002484131737602504,0.0,0.07815165783982103,1.0
40.50042908521381,0.9389415281649125,43273.70984881365,0.04427890484937034,3312582.8955234764,0.022549597585726482,0.00027737119082213224,0.025719437186942203,0.05054640596349082,262.47966066773347,308.52074374417924,3000.0,23.446691551649703,2.4466915516497045,262.5375302302758,0.013609720750915183,0.05786956254235065,0.05786956254235065,0.002468133400180247,0.0,0.07764836639254587,1.0
40.5152882115247,0.9389416396258321,43273.72012278201,0.044278512429697936,3312583.288757266,0.022549597233169984,0.00027736627446614347,0.025719459001370786,0.050546422509006914,262.47980890351846,308.52078036840425,3000.0,23.446489323092468,2.4464893230924694,262.53752000235676,0.013609720420160376,0.05771109883829695,0.05771109883829695,0.002461396162258596,0.0,0.07743641965154435,1.0
40.56524541030586,0.9389420121385473,43273.754459344585,0.04427719330447904,3312584.602981008,0.022549596054893886,0.00027734974837358227,0.02571953190710459,0.05054647771037206,262.4803038268049,308.5209027699559,3000.0,23.445809419611738,2.445809419611737,262.53748581970393,0.01360971931474706,0.05718199289901804,0.05718199289901804,0.002438900354243559,0.0,0.07672872378000523,1.0
40.61520260908703,0.938942381249109,43273.78848232523,0.04427587450230083,3312585.9052019627,0.02254959488737952,0.0002773332268202617,0.02571960414682939,0.050546532261029176,262.4807934694566,308.52102405361586,3000.0,23.445129516185975,2.445129516185976,262.5374519492409,0.013609718219429304,0.056658479784289284,0.056658479784289284,0.0024166417910028424,0.0,0.07602849088434495,1.0
40.66515980786819,0.9389427469933964,43273.82219503078,0.044274556019749646,3312587.195546712,0.022549593730513382,0.00027731670976305643,0.025719675727571653,0.050546586167848094,262.48127788719125,308.5211442311734,3000.0,23.444449612814683,2.4444496128146835,262.53741838767525,0.013609717134100635,0.05614050048399122,0.05614050048399122,0.002394617976158628,0.0,0.07533564244680871,1.0
40.71511700664936,0.9389431094069144,43273.85560073356,0.044273237853447535,3312588.474140517,0.022549592584183153,0.0002773001971592942,0.025719746656284462,0.05054663943762691,262.4817571351453,308.52126331429497,3000.0,23.443769709497364,2.4437697094973636,262.5373851317488,0.013609716058655697,0.055627996603504926,0.055627996603504926,0.0023728264392978288,0.0,0.0746501007660849,1.0
40.75042908521381,0.9389433635875806,43273.879030010205,0.044272306300967006,3312589.370889145,0.022549591780198615,0.000277288527944148,0.025719796402425204,0.050546676710567964,262.4820928010583,308.52134683388147,3000.0,23.44328912214799,2.443289122147992,262.5373618075264,0.01360971530438652,0.05526900646810873,0.05526900646810873,0.002357561952170503,0.0,0.07416989376881589,1.0
40.76507420543052,0.9389434685247946,43273.88870267149,0.044271920000052166,3312589.7411073213,0.022549591448277704,0.00027728368896675373,0.025719816939847782,0.05054669207709224,262.48223126787553,308.52138131452415,3000.0,23.443089806233527,2.4430898062335253,262.537352178238,0.01360971499299025,0.05512091036246147,0.05512091036246147,0.002351264735922515,0.0,0.07397178895575392,1.0
40.81503140421169,0.9389438243817969,43273.92150404824,0.04427060245625671,3312590.9965697573,0.022549590322687062,0.00027726718514366357,0.025719886585068692,0.050546744092899415,262.48270033936114,308.52149824328245,3000.0,23.442409903022682,2.442409903022683,262.53731952395304,0.01360971393700114,0.05461918459189974,0.05461918459189974,0.0023299304473324263,0.0,0.07330063094060066,1.0
40.86498860299285,0.93894417701231,43273.95400803328,0.044269285218789735,3312592.2406491507,0.02254958920730245,0.00027725068564870073,0.02571995559868155,0.050546795491632705,262.48316440300533,308.5216141118695,3000.0,23.441729999864354,2.441729999864355,262.53728716573846,0.013609712890586335,0.05412276273312955,0.05412276273312955,0.0023088211805802187,0.0,0.07263655145521469,1.0
40.91494580177402,0.9389445264503649,43273.98621776309,0.044267968284413976,3312593.4734655605,0.022549588102016203,0.000277234190440975,0.025720023987350585,0.05054684627980777,262.4836235116549,308.52172893146724,3000.0,23.441050096758065,2.4410500967580657,262.53725510047144,0.013609711853644848,0.053631588816529074,0.053631588816529074,0.002287934567570691,0.0,0.07197947601566065,1.0
40.96490300055518,0.938944872729637,43274.01813634144,0.04426665164992603,3312594.6951377937,0.022549587006721807,0.0002772176994800253,0.025720091757670406,0.05054689646387224,262.4840777176056,308.5218427131409,3000.0,23.440370193703345,2.440370193703345,262.5372233250618,0.013609710826076756,0.05314560745620156,0.05314560745620156,0.0022672682648364386,0.0,0.07132933091242817,1.0
41.00042908521381,0.938945117075841,43274.04065916199,0.04426571553177893,3312595.5571904685,0.02254958623384583,0.00027720597481752833,0.02572013957858307,0.05054693178724643,262.4843977628628,308.5219230012849,3000.0,23.43988669397725,2.439886693977252,262.537200903273,0.01360971010099035,0.052803140410219385,0.052803140410219385,0.00225270459279937,0.0,0.07087116935184676,1.0
41.01486019933635,0.9389452158834479,43274.04976683941,0.04426533531215633,3312595.9057834097,0.02254958592131383,0.00027720121272581925,0.025720158916166212,0.05054694605020586,262.48452707260265,308.52195546783946,3000.0,23.439690290699726,2.4396902906997266,262.53719183645194,0.01360970980778318,0.052664763849293195,0.052664763849293195,0.0022468199535123226,0.0,0.07068604320963652,1.0
41.06481739811751,0.9389455559447661,43274.08111229562,0.04426401926796896,3312597.10551872,0.02254958484568799,0.00027718473013875044,0.025720225469294054,0.05054699504512079,262.48497162784344,308.5220672063958,3000.0,23.439010387746748,2.4390103877467495,262.5371606316166,0.013609708798666291,0.052189003773150944,0.052189003773150944,0.00222658733921778,0.0,0.07004954074133961,1.0
41.11477459689868,0.9389458929462088,43274.11217571626,0.04426270351426156,3312598.2944587995,0.022549583779741113,0.0002771682516796377,0.025720291423441108,0.050547043454861856,262.48541143397955,308.5221779395273,3000.0,23.43833048484396,2.438330484843958,262.53712970756266,0.013609707798629304,0.051718273583105656,0.051718273583105656,0.0022065681519657936,0.0,0.06941975210866957,1.0
41.16473179567984,0.9389462269200529,43274.142960076206,0.044261388047964145,3312599.47271752,0.022549582723371077,0.00027715177730971004,0.02572035678492792,0.050547091285608706,262.4858465411344,308.52228767783976,3000.0,23.4376505819909,2.4376505819909005,262.53709906132843,0.013609706807576442,0.051252520194054796,0.051252520194054796,0.0021867601453806284,0.0,0.06879660665523467,1.0
41.21468899446101,0.9389465578982391,43274.1734683193,0.044260072866038926,3312600.6404075683,0.02254958167647685,0.00027713530699060397,0.025720421560009102,0.05054713854347656,262.48627699890875,308.52239643182827,3000.0,23.43697067918713,2.436970679187131,262.53706868998285,0.013609705825412932,0.05079169107409598,0.05079169107409598,0.0021671610964296177,0.0,0.06818003445868814,1.0
41.25042908521381,0.9389467928641256,43274.19512653981,0.044259132139003045,3312601.469366511,0.022549580933272764,0.00027712352635454165,0.025720467544635795,0.050547172004263105,262.4865821288702,308.52247363775416,3000.0,23.436484267078285,2.436484267078285,262.53704712895427,0.013609705128161701,0.05046500008404564,0.05046500008404564,0.00215326665505606,0.0,0.06774292493558845,1.0
41.26464619324217,0.9389468859123717,43274.20370335841,0.044258757965480136,3312601.7976404442,0.02254958063895846,0.00027711884068436194,0.02572048575487338,0.050547185234516206,262.4867028563814,308.5225042118775,3000.0,23.43629077643221,2.4362907764322075,262.53703859062585,0.013609704852044985,0.05033573424447013,0.05033573424447013,0.00214776880542412,0.0,0.06756996633076558,1.0
41.314603392023336,0.9389472109937202,43274.23366807556,0.04425744334331397,3312602.944526467,0.022549579610716974,0.000277102378353431,0.02572054937564386,0.050547231364714264,262.4871241621108,308.52261102826213,3000.0,23.435610873725693,2.4356108737256927,262.5370087603881,0.013609703887379816,0.049884598277344594,0.049884598277344594,0.002128581095928316,0.0,0.06696633381442223,1.0
41.3645605908045,0.9389475331732211,43274.263365322084,0.044256128996598344,3312604.081174779,0.022549578591654542,0.00027708591996066,0.025720612428378392,0.0505472769399936,262.4875409641386,308.52271689114735,3000.0,23.434930971067153,2.4349309710671547,262.5369791964309,0.01360970293132563,0.04943823229228883,0.04943823229228883,0.002109595814612189,0.0,0.0663690691792147,1.0
41.414517789585666,0.9389478524814877,43274.29279791951,0.04425481492242208,3312605.207693387,0.022549577581674304,0.00027706946546928916,0.02572067491907153,0.05054732196621513,262.48795331000423,308.52282181059223,3000.0,23.434251068456167,2.4342510684561653,262.5369498959449,0.013609701983791578,0.04899658594064249,0.04899658594064249,0.002090810830587826,0.0,0.0657781054004277,1.0
41.46447498836683,0.9389481689488149,43274.321968660035,0.044253501117904305,3312606.3241891684,0.022549576580680446,0.00027705301484294255,0.02572073685365541,0.0505473664491788,262.48836124675285,308.52292579655114,3000.0,23.4335711658923,2.433571165892301,262.53692085615023,0.013609701044687774,0.048559609397386794,0.048559609397386794,0.0020722240350657946,0.0,0.06519337614827019,1.0
41.50042908521381,0.9389483949684878,43274.34280228984,0.04425255574067244,3312607.1215858967,0.022549575865774964,0.0002770411777313933,0.025720781087009773,0.05054739813051613,262.4886521356535,308.5230000628984,3000.0,23.43308184139495,2.433081841394952,262.5369001160475,0.013609700373983595,0.04824798039396683,0.04824798039396683,0.0020589686290744705,0.0,0.06477636894122343,1.0
41.514432187147996,0.9389484826051774,43274.35088030635,0.04425218758019474,3312607.4307678747,0.022549575588578136,0.0002770365680456316,0.025720798237999422,0.050547410394623196,262.48876482093226,308.52302885887326,3000.0,23.432891263375144,2.4328912633751427,262.53689207429636,0.013609700113925266,0.0481272533641004,0.0481272533641004,0.0020538333414844862,0.0,0.0646148157919508,1.0
41.56438938592916,0.9389487934802342,43274.37953559205,0.044250874306473176,3312608.5275341426,0.022549574605273553,0.00027702012504174866,0.025720859077911138,0.050547453808226436,262.48916407859986,308.5231310073041,3000.0,23.432211360904276,2.432211360904277,262.53686354766177,0.01360969919141605,0.047699469061910804,0.047699469061910804,0.0020356366852125403,0.0,0.06404235939032216,1.0
41.614346584710326,0.9389491016033262,43274.40793722143,0.04424956129394977,3312609.614591487,0.022549573630673878,0.0002770036857960704,0.025720919379135784,0.05054749669560574,262.4895590653194,308.52323225148456,3000.0,23.43153145847929,2.431531458479292,262.536835273554,0.013609698277073062,0.047276208234620754,0.047276208234620754,0.0020176320236854456,0.0,0.06347594269618449,1.0
41.66430378349149,0.9389494070034897,43274.43608787068,0.04424824853986371,3312610.692042348,0.022549572664687257,0.0002769872502737412,0.02572097914735888,0.05054753906231988,262.489949826181,308.5233326009555,3000.0,23.430851556099782,2.430851556099783,262.53680724930865,0.013609697370810138,0.04685742312767616,0.04685742312767616,0.0019998173355111246,0.0,0.06291550212815339,1.0
41.714260982272656,0.9389497097094577,43274.46399018804,0.044246936041483165,3312611.759988095,0.02254957170722281,0.00027697081844027234,0.02572103838820655,0.05054758091386963,262.49033640580404,308.52343206515803,3000.0,23.43017165376535,2.4301716537653486,262.536779472289,0.013609696472542012,0.046443066484982864,0.046443066484982864,0.0019821906203371423,0.0,0.06236097476648803,1.0
41.75042908521381,0.9389499271978369,43274.48403746859,0.044245985974580966,3312612.527286445,0.022549571019303362,0.00027695892437456084,0.025721080951542068,0.05054761089521999,262.4906136980845,308.5235035282625,3000.0,23.429679416874016,2.429679416874016,262.53675951503806,0.013609695827153682,0.04614581695358311,0.04614581695358311,0.0019695453844045755,0.0,0.0619631619721738,1.0
41.76421818105382,0.9389500097496597,43274.49164679384,0.04424562379610513,3312612.8185290284,0.022549570758190588,0.00027695439026154025,0.025721097107245454,0.05054762225569759,262.49071884833705,308.5235306534338,3000.0,23.42949175147559,2.4294917514755916,262.53675193988647,0.013609695582184335,0.04603309154941826,0.04603309154941826,0.001964749898875595,0.0,0.06181229835387983,1.0
41.814175379834985,0.9389503071522262,43274.519060280785,0.044244311801055244,3312613.8677643905,0.022549569817501607,0.0002769379657037839,0.02572115530998366,0.050547663093189046,262.49109719746326,308.52362837502585,3000.0,23.42881184923012,2.428811849230118,262.5367246495196,0.013609694699653627,0.0456274520563511,0.0456274520563511,0.0019474932126295787,0.0,0.06126941128685263,1.0
41.86413257861615,0.9389506019449856,43274.546233213776,0.044243000053687864,3312614.907792362,0.02254956888506785,0.00027692154473360573,0.02572121300187006,0.05054770343167152,262.49147149639776,308.52372523907826,3000.0,23.42813194702854,2.428131947028539,262.5366975986349,0.013609693824867309,0.04522610223710899,0.04522610223710899,0.0019304186240442082,0.0,0.06073225262051922,1.0
41.914089777397315,0.9389508941554772,43274.57316813106,0.04424168855138497,3312615.9387101,0.02254956796080218,0.0002769051273179581,0.02572127018829689,0.050547743276417034,262.4918417879056,308.5238212546399,3000.0,23.42745204487047,2.427452044870471,262.53667078470517,0.013609692957743669,0.04482899679953789,0.04482899679953789,0.0019135242156798425,0.0,0.060200762042576496,1.0
41.96404697617848,0.9389511838109527,43274.59986754437,0.04424037729155593,3312616.960613749,0.02254956704461841,0.00027688871342414006,0.025721326874600055,0.050547782632642604,262.49220811430604,308.52391643066534,3000.0,23.42677214275553,2.426772142755532,262.5366442052298,0.013609692098201839,0.0444360909237389,0.0444360909237389,0.001896808090033021,0.0,0.05967487986767732,1.0
42.00042908521381,0.9389513931645946,43274.61916502491,0.04423942249726309,3312617.69921277,0.022549566382430518,0.00027687676194783345,0.025721367845571143,0.050547810989949496,262.492472425887,308.52398522082893,3000.0,23.42627699346499,2.4262769934649913,262.5366249944417,0.01360969147695264,0.044152568554693516,0.044152568554693516,0.001884745432106448,0.0,0.05929539361965958,1.0
42.014004174959645,0.9389514709383765,43274.62633393898,0.044239066271637546,3312617.9735984383,0.02254956613643123,0.0002768723030197978,0.025721383066059176,0.05054782150551021,262.4925705174719,308.5240107760145,3000.0,23.426092240683346,2.426092240683346,262.5366178577345,0.0136096912461618,0.04404734026257984,0.04404734026257984,0.001880268369561195,0.0,0.05915454703821361,1.0
42.06396137374081,0.9389517555644282,43274.65256977391,0.044237755489093714,3312618.9777582963,0.022549565236156238,0.00027685589607292073,0.02572143876789807,0.05054785990012723,262.4929290388335,308.524104299454,3000.0,23.42541233865354,2.425412338653539,262.536591739771,0.013609690401544392,0.04366270093748881,0.04366270093748881,0.001863903196506059,0.0,0.058639705118763395,1.0
42.113918572521975,0.9389520377155024,43274.67857748191,0.04423644494141556,3312619.9731864394,0.022549564343709957,0.00027683949255184287,0.025721493985284696,0.0505478978215465,262.4932837193787,308.5241970096565,3000.0,23.424732436665742,2.4247324366657432,262.53656584891735,0.013609689564271287,0.04328212953862476,0.04328212953862476,0.001847710732903701,0.0,0.05813029629641502,1.0
42.16387577130314,0.9389523174177177,43274.7043594703,0.0442351346261205,3312620.9599750154,0.02254956345900975,0.00027682309242523076,0.025721548723332984,0.05054793527476796,262.4936345996668,308.5242889152043,3000.0,23.424052534719593,2.4240525347195936,262.53654018277683,0.013609688734264984,0.042905583110041334,0.042905583110041334,0.001831689159954104,0.0,0.0576262633609365,1.0
42.213832970084304,0.938952594696921,43274.72991812137,0.04423382454075184,3312621.9382152143,0.022549562581973864,0.000276806695662079,0.025721602987103655,0.0505479722647396,262.4939817198355,308.52438002459024,3000.0,23.42337263281473,2.4233726328147287,262.53651473897764,0.013609687911448785,0.042533019142126705,0.042533019142126705,0.0018158366777011657,0.0,0.057127549694713675,1.0
42.25042908521381,0.9389527962948063,43274.74850073144,0.04423286498302652,3312622.6494519487,0.02254956194431866,0.0002767946863400247,0.025721642439920315,0.050547999070579,262.49423363934153,308.52444626633974,3000.0,23.42287457112,2.4228745711200026,262.53649623987616,0.013609687313214155,0.04226260053462738,0.04226260053462738,0.0018043302245547793,0.0,0.05676556045258918,1.0
42.26379016886547,0.9389528695786866,43274.75525579223,0.04423251468287892,3312622.9079972585,0.022549561712521395,0.00027679030223171173,0.02572165678160394,0.05054800879635705,262.4943251195981,308.5244703462175,3000.0,23.422692730950793,2.422692730950791,262.536489515173,0.013609687095746807,0.04216439557490048,0.04216439557490048,0.0018001515051761904,0.0,0.056634099277269034,1.0
42.313747367646634,0.9389531420883186,43274.780374815185,0.04423120505009677,3312623.869410423,0.022549560850572293,0.00027677391210377794,0.025721710111788216,0.05054804487446429,262.4946648382494,308.52455988840074,3000.0,23.42201282912743,2.4220128291274277,262.5364645090411,0.013609686287083953,0.0417996707917041,0.0417996707917041,0.0017846318801312568,0.0,0.056145856676877964,1.0
42.3637045664278,0.9389534122508503,43274.8052774975,0.0442298956400263,3312624.822543024,0.022549559996047384,0.00027675752524825443,0.02572176298255778,0.05054808050385342,262.4950009146629,308.52464865936537,3000.0,23.421332927344288,2.421332927344289,262.5364397182846,0.013609685485385952,0.041438803621701936,0.041438803621701936,0.0017692760591487234,0.0,0.055662767054018084,1.0
42.413661765208964,0.9389536800910536,43274.82996612241,0.04422858645031328,3312625.767482459,0.022549559148868293,0.00027674114163543244,0.025721815398762747,0.050548115689266475,262.4953333873069,308.52473666725115,3000.0,23.420653025601027,2.420653025601028,262.5364151406305,0.013609684690579285,0.04108175332356723,0.04108175332356723,0.0017540823169473934,0.0,0.055184776139545755,1.0
42.46361896399013,0.938953945633443,43274.85444294936,0.04422727747862808,3312626.7043152126,0.022549558308957475,0.0002767247612359146,0.025721867365202773,0.050548150435396164,262.49566229424914,308.524823920113,3000.0,23.419973123897304,2.419973123897303,262.5363907738293,0.013609683902591218,0.04072847958013881,0.04072847958013881,0.0017390489461569976,0.0,0.054711830227605326,1.0
42.50042908521381,0.9389541398377316,43274.87234406843,0.04422631312303448,3312627.3894673595,0.02254955769468932,0.00027671269365331825,0.025721905370778845,0.05054817575912149,262.495902384182,308.52488773244824,3000.0,23.41947214979365,2.41947214979365,262.53637295318185,0.013609683326296494,0.04047056899986501,0.04047056899986501,0.001728073491196154,0.0,0.05436654513668922,1.0
42.513576162771294,0.9389542089022735,43274.878710213954,0.04422596872266573,3312627.6331268568,0.022549557476238217,0.00027670838402061584,0.02572191888662669,0.05054818474688552,262.49598767315496,308.52491042592084,3000.0,23.419293222232774,2.4192932222327745,262.5363666156552,0.01360968312134977,0.0403789425002401,0.0403789425002401,0.0017241742573984651,0.0,0.0542438761781587,1.0
42.56353336155246,0.9389544699215444,43274.90277012817,0.0442246601801457,3312628.5540020615,0.022549556650634586,0.00027669200996076007,0.025721969967733255,0.0505482186283286,262.4963095612922,308.52499619256037,3000.0,23.418613320607108,2.4186133206071077,262.53634266390605,0.013609682346783726,0.040033102613847404,0.040033102613847404,0.0017094565790802161,0.0,0.05378086141058067,1.0
42.613490560333624,0.9389547287149981,43274.92662488034,0.04422335184881191,3312629.4670245904,0.022549555832071484,0.0002766756390278807,0.0257220206131709,0.050548252084270266,262.49662799553005,308.52508122783297,3000.0,23.41793341901997,2.417933419019971,262.5363189164033,0.013609681578822643,0.03969092087322679,0.03969092087322679,0.001694894257449291,0.0,0.05332273390527144,1.0
42.66344775911479,0.9389549853061294,43274.95027663597,0.044222043726431876,3312630.3722773315,0.02254955502047459,0.00027665927119380977,0.02572207082753956,0.05054828511920796,262.4969430123531,308.52516553945867,3000.0,23.417253517471035,2.4172535174710355,262.53629537099073,0.013609680817396793,0.03935235863764319,0.03935235863764319,0.0016804856559409654,0.0,0.05286944218319937,1.0
42.71340495789595,0.938955239718188,43274.973727537974,0.04422073581079649,3312631.2698423113,0.02254955421577036,0.0002766429064306751,0.025722120615391125,0.05054831773759216,262.4972546478651,308.5252491350769,3000.0,23.416573615959976,2.4165736159599773,262.53627202553514,0.013609680062437193,0.039017377670063524,0.039017377670063524,0.0016662291550404516,0.0,0.05242093530155395,1.0
42.75042908521381,0.9389554268749437,43274.99097906213,0.044219766624435414,3312631.930130785,0.022549553623794526,0.0002766307801922167,0.025722157241486545,0.05054834164547329,262.49748344572885,308.52531063170875,3000.0,23.41606972944288,2.4160697294428823,262.5362548515861,0.013609679507055487,0.03877140585723282,0.03877140585723282,0.0016557606082152402,0.0,0.05209159661875911,1.0
42.76336215667712,0.9389554919741784,43274.99697970669,0.044219428099719994,3312632.1598006887,0.02254955341788602,0.0002766265447108999,0.02572216998122951,0.05054834994382643,262.4975629377895,308.5253320222466,3000.0,23.415893714486476,2.4158937144864745,262.53624887792546,0.013609679313875571,0.03868594013596294,0.03868594013596294,0.0016521231522343943,0.0,0.05197716285222346,1.0
42.81331935545828,0.9389557420968617,43275.02003523999,0.044218120591039835,3312633.0422327663,0.022549552626749573,0.0002766101860072012,0.025722218929510914,0.050548381742267695,262.49786791747124,308.52541420844665,3000.0,23.415213813050208,2.4152138130502094,262.53622592607314,0.013609678571644395,0.03835800860190375,0.03835800860190375,0.0016381660619526498,0.0,0.05153807495996708,1.0
42.86327655423945,0.9389559901087561,43275.04289621338,0.04421681328261661,3312633.9172179853,0.022549551842289788,0.00027659383029258853,0.025722267464643945,0.05054841313722633,262.4981696218782,308.5254957010762,3000.0,23.414533911650867,2.4145339116508673,262.5362031679119,0.013609677835676843,0.038033546033659604,0.038033546033659604,0.0016243563154906297,0.0,0.05110362227997535,1.0
42.91323375302061,0.9389562360321445,43275.06556468068,0.04421550617233333,3312634.784834962,0.02254955106443618,0.00027657747754035537,0.025722315590991172,0.050548444132967704,262.49846808561307,308.525576507457,3000.0,23.413854010288137,2.413854010288137,262.53618060139684,0.013609677105906787,0.037712515783766776,0.037712515783766776,0.001610692360480071,0.0,0.05067375598122404,1.0
42.96319095180178,0.938956479889077,43275.088042674244,0.04421419925809519,3312635.6451614886,0.022549550293118996,0.0002765611277240756,0.02572236331286953,0.0505484747337126,262.49876334291685,308.52565663483443,3000.0,23.413174108961712,2.413174108961711,262.5361582245047,0.013609676382268801,0.03739488158782933,0.03739488158782933,0.0015971726607335965,0.0,0.05024842774158744,1.0
43.00042908521381,0.9389566603289614,43275.1046750801,0.04421322520953749,3312636.2817528592,0.02254954972238949,0.0002765489424530632,0.02572239862422637,0.05054849728906892,262.49898136229524,308.5257159244128,3000.0,23.412667310026873,2.4126673100268734,262.53614166691176,0.01360967584681892,0.037160304616520534,0.037160304616520534,0.0015871880006002564,0.0,0.04993431132872403,1.0
43.01314815058294,0.938956721701372,43275.11033220507,0.04421289253782947,3312636.4982745405,0.02254954952826922,0.0002765447808176029,0.02572241063455055,0.05054850494363737,262.4990554276705,308.52573609037756,3000.0,23.412494207671283,2.4124942076712834,262.53613603523337,0.013609675664698142,0.03708060756287068,0.03708060756287068,0.0015837956961766567,0.0,0.049827589745700625,1.0
43.06310534936411,0.9389569614906167,43275.132435262865,0.04421158600948547,3312637.344250277,0.022549548769818555,0.0002765284367950691,0.025722457560260533,0.05054853476687416,262.49934437339624,308.52581488117966,3000.0,23.411814306416552,2.411814306416554,262.536114031602,0.013609674953130754,0.03676965820574196,0.03676965820574196,0.0015705599627818842,0.0,0.049411194682897425,1.0
43.11306254814527,0.9389571992781671,43275.154353816026,0.044210279671034546,3312638.183164041,0.022549548017699463,0.000276512095630885,0.025722504094180466,0.05054856420751082,262.49963021325726,308.5258930142579,3000.0,23.411134405197224,2.4111344051972234,262.5360922116508,0.01360967424750326,0.036461998393519934,0.036461998393519934,0.0015574639725884213,0.0,0.04899919574782177,1.0
43.16301974692644,0.9389574350851572,43275.17608981248,0.04420897352046913,3312639.015090395,0.022549547271845084,0.0002764957572997286,0.02572255024044784,0.050548593269592657,262.4999129800718,308.5259704965566,3000.0,23.410454504012996,2.410454504012997,262.5360705734405,0.013609673547752946,0.03615759336867086,0.03615759336867086,0.0015445062530705144,0.0,0.048591546620566736,1.0
43.2129769457076,0.9389576689324993,43275.197645179716,0.04420766755580287,3312639.8401031164,0.02254954653218927,0.0002764794217765455,0.02572259600315677,0.050548621957122584,262.50019270631407,308.52604733494724,3000.0,23.409774602863582,2.409774602863583,262.5360491150522,0.013609672853817768,0.035856408738141,0.035856408738141,0.0015316853471009026,0.0,0.04818820146552576,1.0
43.25042908521381,0.9389578429714371,43275.21368758585,0.04420668861502561,3312640.4541119677,0.022549545981706724,0.000276467177114102,0.025722630061629947,0.05054864322045077,262.5004004379054,308.5261045212799,3000.0,23.409264891506908,2.409264891506909,262.5360331448253,0.01360967233736224,0.03563270691989828,0.03563270691989828,0.0015221625747345081,0.0,0.04788861534070446,1.0
43.26293414448877,0.9389579008408864,43275.21902182503,0.04420636177507024,3312640.6582752108,0.022549545798666557,0.0002764630890365453,0.025722641386358346,0.050548650274061455,262.50046942411745,308.52612353622914,3000.0,23.409094701748693,2.4090947017486917,262.536027834587,0.013609672165636313,0.03555841046954811,0.03555841046954811,0.0015189998127903615,0.0,0.047789114926347735,1.0
43.31289134326993,0.9389581308307917,43275.24022163545,0.04420505617632667,3312641.469678907,0.02254954507121219,0.0002764467590552025,0.02572268639406069,0.050548678224328084,262.5007431652741,308.52619910712946,3000.0,23.408414800668037,2.4084148006680377,262.5360067301663,0.01360967148314783,0.03526356489220461,0.03526356489220461,0.0015064482235336264,0.0,0.047394242127384696,1.0
43.3628485420511,0.9389583589224699,43275.261246477865,0.04420375075764844,3312642.274385664,0.022549544349762092,0.0002764304318082552,0.02572273103022906,0.05054870581179941,262.5010139612368,308.5262740543036,3000.0,23.40773489962134,2.407734899621338,262.5359857999314,0.013609670806292214,0.034971838694559665,0.034971838694559665,0.001494029167902333,0.0,0.047003538670326604,1.0
43.41280574083226,0.9389585851359641,43275.28209819965,0.04420244551713194,3312643.0724661928,0.022549543634252874,0.00027641410727169603,0.025722775298787293,0.05054873304031186,262.5012818431297,308.5263483843373,3000.0,23.407054998608313,2.4070549986083125,262.53596504204313,0.013609670135009994,0.034683198913455726,0.034683198913455726,0.0014817412491882403,0.0,0.04661696061983391,1.0
43.46276293961343,0.9389588094911083,43275.30277862895,0.044201140452893466,3312643.863990469,0.02254954292462178,0.00027639778542176913,0.02572281920361831,0.05054875991366187,262.5015468417527,308.52642210374785,3000.0,23.406375097628683,2.4063750976286844,262.5359444546815,0.013609669469242316,0.03439761292878529,0.03439761292878529,0.0014695830851770867,0.0,0.04623446449642578,1.0
43.50042908521381,0.9389589774309259,43275.31825885456,0.04420015659121887,3312644.456481642,0.022549542393431432,0.000276385481026057,0.025722852068300727,0.05054877994275822,262.50174475435995,308.5264772860099,3000.0,23.405862473846277,2.405862473846278,262.5359290441244,0.013609668970885511,0.03418428976442556,0.03418428976442556,0.0014605011801049033,0.0,0.045948747448907236,1.0
43.51272013839459,0.9389590320075274,43275.32328957458,0.04419983556306933,3312644.649027728,0.022549542220806743,0.00027638146623497204,0.025722862748564012,0.05054878643560573,262.50180898758003,308.5264952189835,3000.0,23.40569519668218,2.40569519668218,262.5359240360456,0.013609668808930936,0.0341150484655941,0.0341150484655941,0.0014575533082405515,0.0,0.04585600727937594,1.0
43.56267733717576,0.9389592527046384,43275.34363282626,0.0441985308458155,3312645.427646474,0.022549541522746335,0.0002763651496880509,0.025722905937425652,0.050548812609860036,262.5020683107641,308.52656773642445,3000.0,23.40501529576853,2.4050152957685276,262.5359037843538,0.013609668154018241,0.03383547358970418,0.03383547358970418,0.0014456505651513677,0.0,0.045481546400898756,1.0
43.61263453595692,0.9389594716016507,43275.36381015452,0.04419722629930783,3312646.1999144773,0.022549540830379806,0.000276348835758003,0.025722948773963767,0.05054883844010158,262.50232484113434,308.5266396623826,3000.0,23.404335394887458,2.404335394887459,262.53588369784336,0.013609667504447238,0.033558856709021256,0.033558856709021256,0.0014338735171412727,0.0,0.045111039747974965,1.0
43.662591734738086,0.9389596887175736,43275.38382331148,0.04419592192174118,3312646.9658988016,0.022549540143647007,0.0002763325244220664,0.02572299126189974,0.05054886392996881,262.50257860820943,308.526711003104,3000.0,23.40365549403871,2.4036554940387087,262.53586377476984,0.013609666860161502,0.03328516656040392,0.03328516656040392,0.0014222208393420504,0.0,0.0447444456447693,1.0
43.71254893351925,0.9389599040712173,43275.40367403089,0.04419461771132942,3312647.725665811,0.02254953946248845,0.00027631621565771903,0.025723033404915947,0.05054888908306212,262.5028296411991,308.5267817647695,3000.0,23.402975593222013,2.4029755932220147,262.53584401340726,0.013609666221105229,0.03301437220812886,0.03301437220812886,0.0014106912207219712,0.0,0.04438172285063339,1.0
43.75042908521381,0.938960066200254,43275.41861865223,0.04419362890136619,3312648.297656566,0.022549538949678205,0.0002763038512031933,0.025723065132258475,0.050548907933139875,262.5030181826806,308.5268350377045,3000.0,23.402460057010167,2.4024600570101686,262.5358291360613,0.013609665739991538,0.03281095338070372,0.03281095338070372,0.0014020300985782585,0.0,0.044109243109721565,1.0
43.762506132300416,0.938960117681194,43275.42336402826,0.0441933136663052,3312648.479281168,0.022549538786845257,0.000276299909442677,0.025723075206655992,0.05054891390294393,262.5030779690055,308.5268519534947,3000.0,23.402295692437118,2.4022956924371166,262.53582441204776,0.013609665587223185,0.03274644304224239,0.03274644304224239,0.0013992833640173604,0.0,0.044022830557955285,1.0
43.81246333108158,0.938960329565919,43275.44289500097,0.04419200978491999,3312649.2268098425,0.022549538116659173,0.0002762836057548937,0.025723116670724907,0.050548938393138974,262.50332362022493,308.52692157533056,3000.0,23.401615791683756,2.4016157916837573,262.53580496900145,0.013609664958460724,0.032481348776514096,0.032481348776514096,0.001387995985647154,0.0,0.04366772838947379,1.0
43.862420529862746,0.9389605397436105,43275.46226862818,0.04419070606544403,3312649.968316107,0.022549537451872572,0.00027626730457256044,0.025723157800689136,0.05054896255713427,262.50356662314755,308.52699063626324,3000.0,23.400935890961684,2.4009358909616823,262.5357856825966,0.013609664334763785,0.032219059449062115,0.032219059449062115,0.0013768278157416055,0.0,0.043316376399183926,1.0
43.91237772864391,0.938960748232296,43275.481486571574,0.04418940250616562,3312650.703863565,0.022549536792428434,0.0002762510058740963,0.025723198600077792,0.05054898639838032,262.50380700576784,308.5270591422164,3000.0,23.40025599027064,2.40025599027064,262.5357665511789,0.013609663716078869,0.03195954541104129,0.03195954541104129,0.0013657775976608731,0.0,0.04296873505719389,1.0
43.962334927425076,0.9389609550498157,43275.50055047545,0.04418809910539103,3312651.433515154,0.02254953613827032,0.000276234709638148,0.025723239072383258,0.050549009920291724,262.50404479578884,308.5271270990519,3000.0,23.39957608961038,2.399576089610382,262.53574757311145,0.013609663102353045,0.03170277732260729,0.03170277732260729,0.001354844087824463,0.0,0.04262476524436144,1.0
44.00042908521381,0.938961111643509,43275.51498487977,0.04418710532097833,3312651.985977235,0.0225495356429689,0.0002762222848148445,0.02572326971630953,0.050549027644093275,262.5042243939672,308.5271785531641,3000.0,23.39905764096557,2.3990576409655695,262.5357332037017,0.013609662637665138,0.03150880973447556,0.03150880973447556,0.0013465845598547507,0.0,0.04236491920637941,1.0
44.01229212620624,0.938961160213821,43275.51946196682,0.04418679586144443,3312652.157333149,0.0225495354893424,0.0002762184158435884,0.02572327922106099,0.05054903312624698,262.50428002062074,308.5271945125698,3000.0,23.39889618898066,2.398896188980661,262.53572874677434,0.013609662493533934,0.03144872615359873,0.03144872615359873,0.0013440260557422792,0.0,0.042284428253273054,1.0
44.062249324987405,0.9389613637417767,43275.53822265541,0.04418549277266778,3312652.8753791666,0.022549534845589424,0.0002762021244695153,0.025723319049529885,0.050549056019588826,262.50451270738387,308.5272613885087,3000.0,23.398216288381235,2.3982162883812332,262.535710070565,0.013609661889569708,0.03119736318114974,0.03119736318114974,0.0013333222839144922,0.0,0.04194768578509583,1.0
44.11220652376857,0.9389615656509607,43275.55683413376,0.04418418983742081,3312653.587714162,0.022549534206956736,0.0002761858354952512,0.02572335856117221,0.0505490786036242,262.5047428829081,308.5273277325458,3000.0,23.397536387811858,2.3975363878118574,262.53569154289806,0.01360966129040909,0.030948659989974203,0.030948659989974203,0.0013227315678455722,0.0,0.04161449995002116,1.0
44.162163722549735,0.9389617659584704,43275.57529797778,0.044182887054080466,3312654.294398456,0.022549533573390262,0.00027616954890033604,0.02572339775933495,0.05054910088162555,262.5049705737434,308.5273935502991,3000.0,23.396856487272295,2.3968564872722955,262.5356731622046,0.013609660696001355,0.030702588461224423,0.030702588461224423,0.0013122527155699907,0.0,0.04128483325234522,1.0
44.2121209213309,0.9389619646812246,43275.59361574691,0.04418158442104069,3312654.995491737,0.022549532944836484,0.00027615326466452484,0.025723436647330074,0.05054912285683108,262.50519580616225,308.52745884732786,3000.0,23.39617658676231,2.3961765867623104,262.535654926932,0.013609660106296294,0.03045912076976265,0.03045912076976265,0.001301884547537421,0.0,0.0409586485868593,1.0
44.25042908521381,0.9389621160026729,43275.607564184174,0.04418058563719431,3312655.529353353,0.02254953246621164,0.00027614077917737564,0.02572346625934675,0.05054913950473577,262.5053668696973,308.52750856906704,3000.0,23.39565522568118,2.3956552256811774,262.535641041316,0.013609659657253454,0.030274171618714263,0.030274171618714263,0.0012940082817378248,0.0,0.0407108595934708,1.0
44.262078120112065,0.9389621618359643,43275.611788984184,0.044180281936712355,3312655.691053067,0.022549532321242446,0.00027613698276778665,0.025723475228434708,0.05054914453244494,262.5054186061608,308.52752362913276,3000.0,23.395496686281668,2.395496686281669,262.53563683554415,0.013609659521244231,0.03021822938336527,0.03021822938336527,0.0012916258965805253,0.0,0.04063590923783839,1.0
44.31203531889323,0.9389623574392519,43275.62981921622,0.04417897959952331,3312656.3811408794,0.022549531702555744,0.00027612070319030495,0.02572351350589107,0.05054916591163712,262.5056389994582,308.5275879011561,3000.0,23.39481678583014,2.39481678583014,262.53561888652126,0.013609658940796018,0.02997988706306387,0.02997988706306387,0.0012814756079313346,0.0,0.040316578879558494,1.0
44.361992517674395,0.9389625515074741,43275.64770795339,0.04417767740791818,3312657.0658129854,0.022549531088724567,0.00027610442591247526,0.025723551482906885,0.05054918699754393,262.50585701150027,308.52765166878214,3000.0,23.394136885407494,2.394136885407495,262.5356010783596,0.013609658364903023,0.029744066859336726,0.029744066859336726,0.0012714325390602512,0.0,0.04000062157123344,1.0
44.41194971645556,0.9389627440568457,43275.66545669024,0.04417637536035791,3312657.7451265906,0.022549530479697613,0.0002760881509148996,0.02572358916265629,0.050549207793268804,262.50607266746636,308.5277149373388,3000.0,23.393456985013508,2.393456985013507,262.5355834095713,0.013609657793517142,0.02951074210494653,0.02951074210494653,0.0012614955593716621,0.0,0.03968800174744066,1.0
44.461906915236725,0.9389629351034119,43275.68306690573,0.044175073455319576,3312658.4191383035,0.022549529875424124,0.00027607187817838376,0.02572362654828019,0.0505492283018827,262.50628599227247,308.52777771209844,3000.0,23.392777084647953,2.392777084647952,262.535565878684,0.013609657226590754,0.029279886411529787,0.029279886411529787,0.0012516635500598766,0.0,0.039378684213590746,1.0
44.50042908521381,0.9389630814039108,43275.69655253818,0.04417406964818051,3312658.935286025,0.022549529412680954,0.0002760593317465638,0.02572365517758224,0.050549243922009754,262.50644891149545,308.5278257840362,3000.0,23.39225281112731,2.39225281112731,262.5355524538022,0.013609656792447284,0.029103542306756935,0.029103542306756935,0.001244153033987084,0.0,0.03914240138259723,1.0
44.51186411401789,0.938963124663049,43275.70054006318,0.0441737716912964,3312659.0879041343,0.022549529275853887,0.00027605560768393755,0.0257236636428864,0.05054924852642423,262.5064970105718,308.52783999827756,3000.0,23.392097184310607,2.3920971843106087,262.5355484842408,0.013609656664076751,0.02905147366897154,0.02905147366897154,0.0012419354040841088,0.0,0.039072634145142136,1.0
44.561821312799054,0.9389633127514654,43275.7178776105,0.04417247006679753,3312659.751479504,0.022549528680937205,0.000276039339412772,0.025723700449549865,0.05054926846989984,262.50670574675723,308.5279018010378,3000.0,23.391417284001257,2.3914172840012577,262.53553122480037,0.013609656105928515,0.028825478043131625,0.028825478043131625,0.0012323100260729835,0.0,0.03876981708459869,1.0
44.61177851158022,0.9389634993842013,43275.73508098004,0.044171168580348134,3312660.409919236,0.022549528090624937,0.0002760230733463008,0.0257237369713126,0.05054928813528384,262.5069122249605,308.5279631254853,3000.0,23.39073738371968,2.3907373837196824,262.53551409893663,0.013609655552099937,0.0286018739761289,0.0286018739761289,0.0012227863323383832,0.0,0.03847019894194696,1.0
44.661735710361384,0.9389636845766339,43275.75215158917,0.0441698672304889,3312661.0632775836,0.022549527504868425,0.00027600680946613363,0.02572377321118469,0.050549307525519255,262.5071164690599,308.5280239766729,3000.0,23.390057483465668,2.3900574834656676,262.53549710523856,0.013609655002545388,0.028380636178667373,0.028380636178667373,0.0012133632505490644,0.0,0.03817374598438973,1.0
44.71169290914255,0.9389638683439807,43275.76909084053,0.04416856601577572,3312661.711608232,0.022549526923619546,0.0002759905477540724,0.025723809172144948,0.05054932664351856,262.50731850268585,308.5280843596007,3000.0,23.389377583239003,2.3893775832390016,262.53548024230975,0.013609654457219704,0.02816173962389712,0.02816173962389712,0.0012040397194698343,0.0,0.03788042482814203,1.0
44.75042908521381,0.93896400986354,43275.78213579025,0.04416755716256075,3312662.210888812,0.02254952647599885,0.0002759779401103716,0.025723836865716897,0.050549341281826116,262.5074736504018,308.52813086060036,3000.0,23.38885039727582,2.3888503972758195,262.53546725613836,0.013609654037263398,0.02799360573658305,0.02799360573658305,0.0011968782244998052,0.0,0.03765512192978019,1.0
44.761650107923714,0.9389640507012981,43275.785900121875,0.04416726493477983,3312662.3549643,0.022549526346830672,0.0002759742881921128,0.02572384485714065,0.05054934549216344,262.5075183492187,308.528144279216,3000.0,23.388697683039474,2.3886976830394735,262.5354635087686,0.01360965391607821,0.027945159549915388,0.027945159549915388,0.0011948146890701004,0.0,0.03759020244184779,1.0
44.81160730670488,0.9389642316634833,43275.80258080637,0.04416596398608754,3312662.9933983465,0.02254952577445467,0.00027595803076244134,0.025723880269087913,0.05054936407430503,262.50771603179163,308.52820374041386,3000.0,23.388017782866875,2.388017782866876,262.53544690324804,0.0136096533790767,0.027730871456412842,0.027730871456412842,0.001185687120382103,0.0,0.03730304614212133,1.0
44.861564505486044,0.938964411245274,43275.819134252386,0.04416466316830047,3312663.6269623656,0.022549525206444935,0.00027594177544743747,0.025723915410871583,0.05054938239276396,262.5079115732898,308.52826274803675,3000.0,23.387337882721003,2.3873378827210026,262.5354304243958,0.013609652846171442,0.0275188511060378,0.0275188511060378,0.001176655985560855,0.0,0.03701892359543469,1.0
44.91152170426721,0.9389645894612537,43275.83556180416,0.044163362480034794,3312664.2557078074,0.022549524642755336,0.00027592552222966484,0.02572395028534636,0.050549400450331364,262.5081049963595,308.52832130687665,3000.0,23.38665798260165,2.3866579826016507,262.5354140708736,0.013609652317319162,0.02730907451410758,0.02730907451410758,0.0011677202674458223,0.0,0.036737802804329374,1.0
44.96147890304837,0.9389647663258538,43275.85186479185,0.044162061919921225,3312664.8796855863,0.02254952408334021,0.00027590927109187087,0.0257239848953371,0.05054941824976919,262.5082963234101,308.5283794216754,3000.0,23.38597808250862,2.3859780825086183,262.5353978413573,0.013609651792477034,0.027101517947187403,0.027101517947187403,0.0011588789595017108,0.0,0.036459652105554935,1.0
45.00042908521381,0.9389649032936898,43275.86449018617,0.04416104799887574,3312665.362907701,0.02254952365011693,0.0002758966019820949,0.02572401169804964,0.05054943195014867,262.5084440556625,308.52842442705366,3000.0,23.38544798410002,2.3854479841000167,262.53538527286287,0.013609651386027717,0.026941217200374012,0.026941217200374012,0.001152050506737848,0.0,0.0362448264906178,1.0
45.01143610182954,0.9389649418533534,43275.86804453162,0.044160761486604944,3312665.498946079,0.02254952352815441,0.0002758930220169856,0.0257240192436389,0.0505494357938103,262.50848557661493,308.528437097125,3000.0,23.385298182441705,2.3852981824417063,262.53538173453643,0.013609651271602682,0.026896157921498798,0.026896157921498798,0.0011501310657519492,0.0,0.03618444016797781,1.0
45.0613933006107,0.9389651160578805,43275.884102325654,0.04415946117874555,3312666.1135391276,0.022549522977153232,0.00027587677498812146,0.025724053333017225,0.05054945308515858,262.50867277791247,308.52849433786747,3000.0,23.384618282400716,2.3846182824007176,262.5353657491147,0.013609650754654192,0.02669297120223746,0.02669297120223746,0.0011414756007510549,0.0,0.035912135991713355,1.0
45.11135049939187,0.9389652889534115,43275.900039462234,0.044158160995017,3312666.7235140423,0.022549522430292474,0.0002758605299885721,0.025724087166207884,0.05054947012648893,262.5088579490061,308.5285511484954,3000.0,23.383938382385455,2.3839383823854567,262.5353498838095,0.013609650241590077,0.026491934803402728,0.026491934803402728,0.001132911589578873,0.0,0.035642708907946,1.0
45.16130769817303,0.9389654605537767,43275.91585721614,0.0441568609341072,3312667.3289196175,0.022549521887528384,0.0002758442870018073,0.02572412074591808,0.05054948692044828,262.5090411113721,308.5286075335532,3000.0,23.383258482395732,2.383258482395731,262.53533413735187,0.01360964973236931,0.02629302597978267,0.02629302597978267,0.0011244380674993427,0.0,0.03537612856819523,1.0
45.2112648969542,0.9389656308726628,43275.9315568489,0.0441555609947177,3312667.9298041356,0.022549521348817676,0.0002758280460114695,0.025724154074826873,0.05054950346965602,262.50922228626354,308.528663497538,3000.0,23.38257858243135,2.3825785824313495,262.53531850848583,0.013609649226951273,0.02609622222229291,0.02609622222229291,0.0011160540797626347,0.0,0.03511236493809204,1.0
45.25042908521381,0.9389657635076715,43275.94378286394,0.044154541985070496,3312668.3977400493,0.0225495209292994,0.00027581531519386564,0.025724180029529576,0.05054951627402285,262.50936294306945,308.52870707922045,3000.0,23.382045571574594,2.3820455715745927,262.53530633758197,0.013609648833359392,0.02594339451252381,0.02594339451252381,0.001109543407274128,0.0,0.03490753650783496,1.0
45.26122209573536,0.9389657999236107,43275.94713960863,0.04415426117556392,3312668.5262153735,0.02254952081411751,0.00027581180700137625,0.025724187155584787,0.050549519776703675,262.5094014947075,308.52871904489916,3000.0,23.38189868249212,2.381898682492123,262.5353029959687,0.013609648725295779,0.02590150126121671,0.02590150126121671,0.0011077586817451746,0.0,0.03485138830178551,1.0
45.31117929451653,0.9389659677200192,43275.96260673033,0.04415296147537485,3312669.1182005997,0.022549520283385513,0.0002757955699555164,0.025724219990814513,0.050549535844155544,262.50957875751,308.5287741800393,3000.0,23.381218782577864,2.381218782577865,262.5352875985712,0.01360964822736307,0.025708841061202747,0.025708841061202747,0.0010995509387371745,0.0,0.03459316925525964,1.0
45.36113649329769,0.9389661342751426,43275.97795943572,0.044151661892893136,3312669.7058065757,0.022549519756579747,0.00027577933485805153,0.025724252583110507,0.050549551674548304,262.5097540952531,308.5288289073136,3000.0,23.38053888268839,2.3805388826883895,262.53527231507695,0.013609647733113819,0.025518219823879917,0.025518219823879917,0.00109142992605591,0.0,0.03433767870989846,1.0
45.41109369207886,0.9389662996020971,43275.99319893373,0.04415036242687462,3312670.2890795744,0.022549519233658732,0.0002757631016933096,0.025724284935040094,0.050549567270392136,262.50992752830393,308.5288832310318,3000.0,23.379858982823514,2.379858982823514,262.5352571442824,0.013609647242509104,0.02532961597847816,0.02532961597847816,0.0010833947286460143,0.0,0.034084887879912255,1.0
45.46105089086002,0.938966463713862,43276.00832642073,0.04414906307608815,3312670.86806539,0.02254951871458141,0.0002757468704457832,0.025724317049143866,0.05054958263417106,262.51009907681754,308.52893715545866,3000.0,23.379179082983057,2.3791790829830584,262.5352420849965,0.013609646755510404,0.025143008178986292,0.025143008178986292,0.0010754444409593093,0.0,0.033834768278558136,1.0
45.50042908521381,0.9389665922250724,43276.020172323224,0.04414803895800806,3312671.3214525543,0.022549518308106947,0.0002757340776904895,0.025724342196754055,0.050549594582551496,262.5102329828711,308.5289793821288,3000.0,23.378643159675548,2.378643159675549,262.53523029250215,0.013609646374155683,0.02499730963103275,0.02499730963103275,0.0010692369724068992,0.0,0.033639478498196436,1.0
45.51100808964119,0.9389666266232796,43276.023343080415,0.04414776383931566,3312671.442809326,0.022549518199307166,0.0002757306411001299,0.02572434892793553,0.05054959776834283,262.5102687607356,308.52899068481395,3000.0,23.37849918316684,2.378499183166842,262.5352271360409,0.013609646272079619,0.024958375305288882,0.024958375305288882,0.0010675781670048175,0.0,0.033587291719714696,1.0
45.56096528842235,0.9389667883430557,43276.03825008394,0.044146464715351975,3312672.0133562107,0.0225495176877958,0.0002757144136411705,0.02572438057390215,0.050549612675339126,262.5104365997885,308.5290438232726,3000.0,23.377819283374688,2.3778192833746883,262.5352122962496,0.013609645792179036,0.024775696461119878,0.024775696461119878,0.0010597950202626172,0.0,0.03334243031517298,1.0
45.61092248720352,0.9389669488857606,43276.05304858996,0.04414516570300488,3312672.579750392,0.022549517180007552,0.0002756981880538889,0.025724411989504186,0.05054962735756563,262.5106026134957,308.5290965749651,3000.0,23.377139383606423,2.3771393836064214,262.5351975644692,0.013609645315771362,0.02459495097349418,0.02459495097349418,0.0010520941236609029,0.0,0.03310015647391596,1.0
45.66087968598468,0.9389671082638327,43276.06773974495,0.04414386680109464,3312673.142035752,0.022549516675903086,0.0002756819643234272,0.025724443177176294,0.050549641817402804,262.5107668211721,308.5291489439783,3000.0,23.37645948386187,2.3764594838618684,262.5351829395582,0.013609644842819681,0.02441611838605695,0.02441611838605695,0.001044474609292858,0.0,0.032860442893212244,1.0
45.71083688476585,0.9389672664895807,43276.082324683455,0.044142568008453946,3312673.700255717,0.022549516175443457,0.00027566574243508414,0.02572447413932776,0.0505496560572063,262.5109292419312,308.5292009343569,3000.0,23.375779584140858,2.375779584140857,262.5351684203872,0.013609644373287471,0.024239178456014088,0.024239178456014088,0.001036935618286673,0.0,0.03262326255452785,1.0
45.75042908521381,0.9389673910765874,43276.09380887062,0.04414153876300839,3312674.1397983036,0.022549515781381452,0.0002756528875236032,0.025724498518915274,0.050549667187820335,262.5110567072762,308.52924187159823,3000.0,23.37524074838013,2.37524074838013,262.53515698798714,0.013609644003577634,0.024100280710911193,0.024100280710911193,0.001031017432946923,0.0,0.032437073510680564,1.0
45.76079408354701,0.9389674235751835,43276.09680452804,0.04414126932392777,3312674.254453253,0.02254951567859014,0.0002756495223743135,0.025724504878342398,0.05054967007930686,262.5110898946846,308.5292525501024,3000.0,23.375099684443217,2.3750996844432173,262.5351540058387,0.013609643907138598,0.024064111154132206,0.024064111154132206,0.0010294763008068602,0.0,0.032388588723568694,1.0
45.81075128232818,0.9389675795326906,43276.111180389365,0.044139970746373415,3312674.80467087,0.02254951518530504,0.00027563330412672495,0.025724535396578777,0.05054968388601054,262.5112487981434,308.52930379517426,3000.0,23.374419784768783,2.3744197847687816,262.5351396948069,0.013609643444337294,0.023890896663488093,0.023890896663488093,0.0010220958160020663,0.0,0.032156394948639755,1.0
45.86070848110934,0.9389677343740228,43276.125453366214,0.04413867227466039,3312675.350950626,0.022549514695550436,0.00027561708767808227,0.025724565696370175,0.0505496974795987,262.51140597081877,308.5293546734894,3000.0,23.373739885117384,2.3737398851173834,262.53512548619796,0.013609642984848186,0.023719515379184486,0.023719515379184486,0.0010147933319942207,0.0,0.031926655060304704,1.0
45.910665679890506,0.9389678881109761,43276.13962454585,0.04413737390767013,3312675.893334136,0.022549514209289016,0.00027560087301429977,0.02572459578002549,0.05054971086232881,262.51156143102764,308.5294051889238,3000.0,23.373059985488858,2.3730599854888577,262.53511137892946,0.013609642528636282,0.023549947901813084,0.023549947901813084,0.0010075680256001588,0.0,0.03169934316262897,1.0
45.96062287867167,0.9389680407552231,43276.15369500421,0.04413607564429574,3312676.4318625815,0.022549513726483856,0.0002755846601214392,0.025724625649829462,0.05054972403643476,262.5117151968959,308.5294553453129,3000.0,23.37238008588304,2.3723800858830417,262.5350973719303,0.013609642075666934,0.023382175034385,0.023382175034385,0.0010004190822015544,0.0,0.03147443362908878,1.0
46.00042908521381,0.9389681616086026,43276.16483504207,0.04413504125341103,3312676.8582329424,0.02254951334423149,0.00027557174284613476,0.02572464929869825,0.050549734385775875,262.51183651757174,308.52949505574577,3000.0,23.37183833766676,2.371838337666758,262.5350862821368,0.013609641717036453,0.023249764565036912,0.023249764565036912,0.0009947768861453612,0.0,0.03129692712348819,1.0
46.010580077452836,0.9389681923183133,43276.167665805835,0.044134777483442106,3312676.9665767094,0.022549513247098432,0.0002755684489857111,0.025724655308042695,0.050549737004126835,262.51186728635787,308.52950514645164,3000.0,23.371700186299776,2.371700186299775,262.53508346414065,0.013609641625905873,0.023216177782785508,0.023216177782785508,0.0009933456957656236,0.0,0.03125190110322339,1.0
46.060537276233994,0.938968342811674,43276.181538004035,0.04413347942402566,3312677.4975168346,0.022549512771096594,0.0002755522395934716,0.025724684756901896,0.05054974976759197,262.51201771715847,308.52955459609484,3000.0,23.371020286738897,2.3710202867388976,262.535069654512,0.013609641179319188,0.023051937353500307,0.023051937353500307,0.0009863470687490848,0.0,0.0310317204956146,1.0
46.11049447501516,0.9389684922466096,43276.19531264077,0.04413218146497457,3312678.0247228392,0.02254951229844258,0.0002755360319312253,0.02572471399861971,0.05054976232899352,262.5121665068513,308.529603697957,3000.0,23.37034038720025,2.3703403872002515,262.5350559420068,0.013609640735873335,0.022889435155491356,0.022889435155491356,0.0009794224121796582,0.0,0.03081386698645175,1.0
46.160451673796324,0.938968640634307,43276.20899074719,0.04413088360522817,3312678.548234191,0.022549511829101008,0.0002755198259856174,0.025724743035385744,0.05054977469047237,262.5123136728078,308.52965245571386,3000.0,23.36966048768368,2.3696604876836815,262.5350423255988,0.013609640295535118,0.022728652790988235,0.022728652790988235,0.000972570945263271,0.0,0.03059831601317495,1.0
46.21040887257749,0.938968787985835,43276.22257334357,0.04412958584373698,3312679.06808994,0.02254951136303687,0.0002755036217434349,0.025724771869366562,0.050549786854146864,262.5124592322164,308.5297008730026,3000.0,23.368980588189032,2.3689805881890322,262.5350288042721,0.013609639858271688,0.022569572055715525,0.022569572055715525,0.0009657918953949777,0.0,0.03038504327081956,1.0
46.25042908521381,0.9389689052875427,43276.23338600356,0.04412854629016031,3312679.4819300123,0.02254951099201859,0.0002754906419070487,0.025724794823132464,0.05054979645705811,262.5125746908747,308.5297394164145,3000.0,23.368435927514973,2.3684359275149722,262.5350180403884,0.013609639510180628,0.022443349513707744,0.022443349513707744,0.0009604129939771453,0.0,0.030215819955224987,1.0
46.26036607135865,0.9389689343121471,43276.236061439486,0.04412828817946257,3312679.58432873,0.02254951090021552,0.00027548741919160367,0.025724800502706036,0.05054979882211316,262.51260320208536,308.52974895342214,3000.0,23.36830068871615,2.3683006887161513,262.5350153770217,0.01360963942405055,0.02241217493633485,0.02241217493633485,0.0009590844980506869,0.0,0.03017402470861072,1.0
46.31032327013982,0.9389690796240796,43276.24945603381,0.044126990611377565,3312680.096988792,0.022549510440602674,0.0002754712183171896,0.025724828937525198,0.05054981059644506,262.5127455992421,308.52979670053327,3000.0,23.367620789264887,2.3676207892648877,262.53500204285314,0.013609638992839535,0.02225644361101331,0.02225644361101331,0.0009524479968126642,0.0,0.02996523653076652,1.0
46.36028046892098,0.9389692239323529,43276.26275811468,0.04412569313846565,3312680.6061079474,0.022549509984164422,0.000275455019107398,0.02572485717592235,0.05054982217919417,262.5128864403336,308.5298441178585,3000.0,23.366940889835092,2.3669408898350914,262.5349888007828,0.013609638564606842,0.022102360449196112,0.022102360449196112,0.0009458816433609807,0.0,0.029758655196229822,1.0
46.41023766770215,0.9389693672475756,43276.275968659924,0.04412439575972114,3312681.1117236232,0.02254950953086721,0.0002754388215495684,0.025724885219973893,0.05054983357239067,262.5130257418331,308.5298912088836,3000.0,23.366260990426614,2.3662609904266145,262.5349756498371,0.013609638139320986,0.021949908004046392,0.021949908004046392,0.0009393846971511396,0.0,0.02955425740852699,1.0
46.46019486648331,0.9389695095802448,43276.28908863712,0.04412309847414892,3312681.6138728536,0.022549509080677845,0.0002754226256311739,0.02572491307173441,0.05054984477804343,262.5131635200409,308.52993797705784,3000.0,23.36558109103931,2.3655810910393114,262.5349625890528,0.013609637716950814,0.02179906901187678,0.02179906901187678,0.0009329564253908804,0.0,0.02935202011503887,1.0
46.50042908521381,0.9389696235039948,43276.29958993111,0.04412205374141206,3312682.015795502,0.022549508720344176,0.0002754095830463657,0.025724935364399622,0.05054985366779016,262.51327338653584,308.52997541052844,3000.0,23.36503351790537,2.365033517905372,262.53495213513855,0.013609637378883689,0.02167874860271013,0.02167874860271013,0.0009278286969328339,0.0,0.029190698663648637,1.0
46.51015206526448,0.9389696509407474,43276.30211900364,0.04412180128076442,3312682.1125922827,0.02254950863356346,0.0002754064313398206,0.02572494073323691,0.0505498557981402,262.51329979108596,308.52998442579405,3000.0,23.364901191673034,2.3649011916730363,262.53494961747685,0.01360963729746551,0.021649826390898852,0.021649826390898852,0.0009265961029877835,0.0,0.02915192050535324,1.0
46.56010926404564,0.9389697913393598,43276.31506070675,0.0441205041785935,3312682.607918166,0.022549508189491547,0.00027539023866324615,0.02572496820649279,0.05054986663464758,262.513434570926,308.53003055846904,3000.0,23.364221292327645,2.3642212923276458,262.5349367341663,0.013609636880834578,0.02150216324031362,0.02150216324031362,0.0009203030125114639,0.0,0.028953936010076127,1.0
46.61006646282681,0.9389699307862486,43276.32791468351,0.04411920716667249,3312683.099886371,0.022549507748429967,0.00027537404758932056,0.025724995493491918,0.05054987728951121,262.513567875348,308.53007637842325,3000.0,23.363541393002997,2.3635413930029983,262.5349239381881,0.013609636467027848,0.02135606284014102,0.02135606284014102,0.0009140764441873875,0.0,0.02875804430063806,1.0
46.66002366160797,0.9389700692914738,43276.34068186122,0.04411791024404786,3312683.588532391,0.022549507310346873,0.00027535785810604174,0.025725022596203302,0.050549887764656215,262.51369971997326,308.5301218889623,3000.0,23.362861493698954,2.362861493698954,262.53491122861925,0.01360963605601547,0.021211508645990307,0.021211508645990307,0.0009079156956741418,0.0,0.02856422328228753,1.0
46.70998086038914,0.93897020686499,43276.35336315744,0.044116613409776066,3312684.0738913435,0.022549506875210804,0.00027534167020153356,0.02572504951657533,0.050549898061987675,262.5138301202599,308.53016709335714,3000.0,23.36218159441537,2.362181594415373,262.5348986045462,0.013609635647767897,0.021068484286274725,0.021068484286274725,0.0009018200719452953,0.0,0.028372451090374937,1.0
46.75042908521381,0.9389703175766212,43276.36356837144,0.04411556348216042,3312684.4644816457,0.022549506525037177,0.00027532856469043745,0.02572507118060009,0.05054990627032771,262.5139346522161,308.5302034713783,3000.0,23.36163110881956,2.3616311088195605,262.53488844538356,0.013609635319232592,0.020953793167450385,0.020953793167450385,0.0008969319423736573,0.0,0.0282186674022753,1.0
46.7599380591703,0.9389703435166474,43276.36595948009,0.044115316662923544,3312684.5559979803,0.02254950644299058,0.00027532548386404604,0.025725076256535945,0.05054990818339057,262.51395909150335,308.5302119948443,3000.0,23.361501695152118,2.3615016951521186,262.53488606506505,0.013609635242255905,0.020926973561699924,0.020926973561699924,0.0008957888852685615,0.0,0.028182706089697758,1.0
46.80989525795147,0.9389704792561911,43276.37847172744,0.04411402000256666,3312685.0348866843,0.02254950601365539,0.0002753092990819543,0.025725102817992493,0.05054991813072984,262.51408664883616,308.5302565966259,3000.0,23.360821795909054,2.3608217959090547,262.5348736092817,0.013609634839450581,0.020786960445548175,0.020786960445548175,0.0008898214552190277,0.0,0.027994966874917503,1.0
46.85985245673263,0.9389706140932621,43276.390900788116,0.044112723427791725,3312685.510591466,0.022549505587174733,0.0002752931158437592,0.025725129202831952,0.050549927905850445,262.514212807229,308.5303009018698,3000.0,23.36014189668605,2.3601418966860472,262.5348612363114,0.013609634439323302,0.020648429082370967,0.020648429082370967,0.0008839171086242513,0.0,0.027809212268832987,1.0
46.9098096555138,0.9389707480374002,43276.403247541486,0.04411142693769461,3312685.983145984,0.022549505163518443,0.00027527693413808207,0.025725155412921523,0.05054993751057805,262.51433758149585,308.5303449137107,3000.0,23.359461997482963,2.359461997482962,262.53484894527867,0.013609634041845772,0.02051136378281626,0.02051136378281626,0.0008780751793438739,0.0,0.027625421315447558,1.0
46.95976685429496,0.9389708810980458,43276.415512857675,0.0441101305313807,3312686.452583542,0.022549504742656646,0.00027526075395366436,0.025725181450108905,0.050549946946719215,262.5144609862958,308.5303886352504,3000.0,23.35878209829967,2.3587820982996686,262.5348367353173,0.013609633646989971,0.02037574902152528,0.02037574902152528,0.000872295008180605,0.0,0.02744357327716916,1.0
47.00042908521381,0.9389709887558686,43276.42543658382,0.0441090753938841,3312686.8324000183,0.022549504402142307,0.00027524758534746766,0.025725202516479428,0.05054995450396921,262.51456042964736,308.5304240098404,3000.0,23.358228700240094,2.358228700240095,262.5348268563795,0.013609633327516713,0.02026642673212109,0.02026642673212109,0.0008676354269924918,0.0,0.027296979720490933,1.0
47.00972405307613,0.9389710132845396,43276.42769759769,0.04410883420796478,3312686.9189370954,0.022549504324559804,0.00027524457527936615,0.025725207316222277,0.050549956216061454,262.5145830361335,308.53043206955823,3000.0,23.358102199136034,2.358102199136036,262.53482460557024,0.013609633254728184,0.020241569436734608,0.020241569436734608,0.000866575942864198,0.0,0.02726364763430691,1.0
47.05968125185729,0.938971144606123,43276.43980261334,0.04410753796657116,3312687.3822392477,0.02254950390919868,0.0002752283981041678,0.025725233013070413,0.05054996532037326,262.51470374535904,308.53047521967073,3000.0,23.357422299991935,2.3574222999919354,262.53481255518943,0.013609632865032986,0.020108809830389873,0.020108809830389873,0.0008609173380573256,0.0,0.0270856240852565,1.0
47.10963845063846,0.9389712750719383,43276.45182874734,0.04410624180633347,3312687.8425222537,0.022549503496544363,0.0002752122224171672,0.025725258542442692,0.05054997426140423,262.5148231281694,308.530518088592,3000.0,23.35674240086724,2.3567424008672395,262.5348005833359,0.013609632477877245,0.019977455166497293,0.019977455166497293,0.0008553185552860114,0.0,0.026909482544312184,1.0
47.15959564941962,0.9389714046910326,43276.46377683355,0.0441049457263945,3312688.299818029,0.02254950308656824,0.0002751960482075777,0.025725283906109772,0.05054998304088559,262.5149411986123,308.5305606792945,3000.0,23.356062501761823,2.3560625017618215,262.5347886891795,0.013609632093234122,0.019847490567201476,0.019847490567201476,0.0008497789627726983,0.0,0.026735203136415593,1.0
47.20955284820079,0.9389715334723577,43276.47564769715,0.04410364972590598,3312688.754158158,0.022549502679241988,0.0002751798754647257,0.025725309105823782,0.050549991660530494,262.51505797058906,308.53060299471997,3000.0,23.355382602675558,2.3553826026755575,262.5347768718988,0.013609631711077045,0.01971890130977272,0.01971890130977272,0.0008442979353082296,0.0,0.026562766193128657,1.0
47.25042908521381,0.9389716382274892,43276.485303864545,0.04410258936421081,3312689.123733948,0.02254950234790894,0.00027516664360326495,0.02572532960411796,0.05054999859563017,262.5151525600995,308.5306374155333,3000.0,23.354826292150435,2.3548262921504346,262.5347672593188,0.013609631400217405,0.019614699219289378,0.019614699219289378,0.0008398563523412668,0.0,0.02642303087449188,1.0
47.25951004698195,0.9389716614247717,43276.48744215461,0.044102353804028625,3312689.205573891,0.022549502274537586,0.0002751637041780507,0.02572533414331839,0.05055000012203403,262.5151734578544,308.5306450377788,3000.0,23.354702703608325,2.3547027036083232,262.534765130681,0.013609631331379735,0.01959167282660701,0.01959167282660701,0.0008388748542528043,0.0,0.026392152252664308,1.0
47.309467245763116,0.9389717885570382,43276.49916101373,0.04410105795993209,3312689.6540961456,0.02254950187242732,0.0002751475343371053,0.025725359020308834,0.05055000842707326,262.51528767401675,308.5306868113507,3000.0,23.354022804559996,2.354022804559997,262.53475346472186,0.01360963095411618,0.01946579070511234,0.01946579070511234,0.0008335091075320669,0.0,0.026223342059763993,1.0
47.35942444454428,0.9389719148778265,43276.51080507359,0.04409976219279501,3312690.0997555084,0.022549501472883763,0.00027513136593155515,0.025725383738491873,0.05055001657730719,262.515400632538,308.53072831828416,3000.0,23.353342905530457,2.353342905530457,262.53474187322587,0.013609630579260656,0.019341240687879235,0.019341240687879235,0.0008282000896453634,0.0,0.026056316565958016,1.0
47.409381643325446,0.9389720403957161,43276.52237512501,0.04409846650180452,3312690.5425822465,0.02254950107587978,0.0002751151989511732,0.0257254082995467,0.050550024574377656,262.5155123467408,308.53076956139836,3000.0,23.352663006519585,2.3526630065195846,262.53473035540577,0.01360963020678771,0.019218008664950048,0.019218008664950048,0.0008229472013356581,0.0,0.025891056919181338,1.0
47.45933884210661,0.9389721651191959,43276.53387195045,0.0440971708861564,3312690.982606309,0.02254950068138853,0.0002750990333858416,0.025725432705134735,0.0505500324199091,262.5156228298068,308.5308105434825,3000.0,23.35198310752726,2.3519831075272606,262.53471891048264,0.013609629836672143,0.019096080675865323,0.019096080675865323,0.0008177498496780732,0.0,0.025727544466559622,1.0
47.50042908521381,0.9389722671158783,43276.54327385454,0.04409610528659908,3312691.3424502984,0.02254950035878052,0.00027508573811721535,0.025725452663584496,0.05055003876048223,262.515712789564,308.53084405791486,3000.0,23.351423884534896,2.3514238845348965,262.53470955102443,0.013609629533998085,0.01899676146041429,0.01899676146041429,0.0008135161930316122,0.0,0.02559435053670978,1.0
47.509296040887776,0.9389722890566656,43276.54529632416,0.0440958753450549,3312691.4198573306,0.022549500289383427,0.00027508286922554913,0.02572545695689999,0.05055004011550897,262.51573209477925,308.5308512672967,3000.0,23.351303208553368,2.351303208553368,262.5347075376856,0.013609629468889032,0.01897544290636688,0.01897544290636688,0.0008126074479396229,0.0,0.02556576074999693,1.0
47.55925323966894,0.9389724122164359,43276.556649012186,0.0440945798777127,3312691.8543646303,0.02254949989983819,0.00027506670646039113,0.025725481056468998,0.05055004766276758,262.5158401545632,308.5308917355717,3000.0,23.350623309597793,2.3506233095977915,262.53469623625216,0.013609629103413724,0.018856081688966242,0.018856081688966242,0.0008075194156044579,0.0,0.025405687506970386,1.0
47.609210438450106,0.938972534606728,43276.567930772304,0.044093284483351,3312692.2861572145,0.022549499512726823,0.00027505054508057024,0.02572550500545082,0.050550055063258215,262.51594702192494,308.53093195100877,3000.0,23.349943410660416,2.3499434106604156,262.53468500542783,0.013609628740221803,0.0187379835028878,0.0187379835028878,0.0008024851783723371,0.0,0.02524730667048265,1.0
47.65916763723127,0.9389726562356774,43276.57914235441,0.04409198916119915,3312692.715263783,0.02254949912802358,0.00027503438507639195,0.0257255288054377,0.050550062318537675,262.51605270949716,308.53097191628115,3000.0,23.34926351174113,2.349263511741128,262.5346738444662,0.01360962837928915,0.01862113496906659,0.01862113496906659,0.0007975041679452969,0.0,0.025090600362350807,1.0
47.709124836012435,0.9389727771113342,43276.59028450051,0.0440906939104946,3312693.1417127373,0.022549498745703007,0.00027501822643826406,0.025725552458005205,0.05055006943014648,262.5161572297804,308.531011634034,3000.0,23.348583612839814,2.3485836128398145,262.53466275262844,0.013609628020591865,0.018505522848045075,0.018505522848045075,0.0007925758219384472,0.0,0.0249355508904004,1.0
47.75042908521381,0.9389728764872414,43276.59944483136,0.04408962306003631,3312693.4923106404,0.02254949843138456,0.00027500486761846196,0.02572557190355651,0.05055007520255954,262.51624277367256,308.5310442873227,3000.0,23.34802147737861,2.3480214773786097,262.5346536336588,0.013609627725694852,0.01841085998626113,0.01841085998626113,0.0007885404767208653,0.0,0.02480859587580997,1.0
47.7590820347936,0.9389728972416637,43276.601357944826,0.04408939873048285,3312693.5655321795,0.022549498365739905,0.0002750020691566958,0.025725575964712262,0.05055007639960886,262.5162605951433,308.5310511068845,3000.0,23.347903713956367,2.347903713956366,262.5346517291837,0.013609627664106312,0.01839113404037107,0.01839113404037107,0.0007876995838978746,0.0,0.02478214074902916,1.0
47.809039233574765,0.9389730166345461,43276.612363413726,0.04408810362041748,3312693.986749911,0.022549497988109353,0.00027498591322229834,0.025725599327101195,0.05055008322843285,262.51636281782277,308.5310903374221,3000.0,23.347223815090672,2.3472238150906715,262.5346407734088,0.01360962730980911,0.018277955586029293,0.018277955586029293,0.000782874903277159,0.0,0.024630352618468666,1.0
47.85899643235593,0.9389731352977784,43276.62330162587,0.04408680857956,3312694.4053934384,0.022549497612786684,0.0002749697586257828,0.025725622546697947,0.050550089918110414,262.5164639099256,308.5311293282086,3000.0,23.346543916242624,2.3465439162426227,262.5346298845884,0.013609626957677116,0.018165974662792905,0.018165974662792905,0.0007781012353676255,0.0,0.02448016936259046,1.0
47.908953631137095,0.9389732532390744,43276.63417329231,0.044085513607179806,3312694.821489977,0.022549497239747498,0.0002749536053579598,0.025725645625012297,0.05055009647011775,262.5165638834305,308.53116808177873,3000.0,23.34586401741211,2.3458640174121115,262.53461906201454,0.013609626607687445,0.01805517858406347,0.01805517858406347,0.0007733780412066705,0.0,0.02433157402602235,1.0
47.95891082991826,0.9389733704660685,43276.64497911673,0.04408421870255383,3312695.2350664604,0.02254949686896765,0.00027493745340973505,0.025725668563538372,0.05055010288591576,262.51666275019204,308.531206600641,3000.0,23.345184118599033,2.345184118599032,262.53460830498676,0.013609626259817442,0.017945554794721374,0.017945554794721374,0.0007687047874008502,0.0,0.024184549828583004,1.0
48.00042908521381,0.9389734673525977,43276.653909985864,0.044083142588752726,3312695.576881845,0.022549496562523155,0.0002749240309022854,0.025725687521908434,0.05055010811533388,262.5167440823606,308.53123843596103,3000.0,23.344619070667473,2.3446190706674734,262.5345994144484,0.013609625972307565,0.017855332087776787,0.017855332087776787,0.0007648585754912584,0.0,0.024063544994945566,1.0
48.008868028699425,0.9389734869863137,43276.65571979534,0.04408292386496674,3312695.646149536,0.022549496500423254,0.00027492130277211187,0.025725691363754407,0.05055010916694977,262.51676052193864,308.5312448872772,3000.0,23.34450421980328,2.344504219803279,262.5345976128119,0.013609625914044693,0.017837090873285888,0.017837090873285888,0.000764080946219221,0.0,0.024039080168219013,1.0
48.05882522748059,0.9389736028072827,43276.66639601693,0.044081629093710835,3312696.0547655676,0.02254949613409066,0.00027490515343618963,0.025725714027122957,0.05055011531464981,262.51685721027434,308.53128294414273,3000.0,23.343824321024748,2.343824321024747,262.5345869848043,0.013609625570347022,0.01772977452998248,0.01772977452998248,0.000759505995511372,0.0,0.023895148618426468,1.0
48.108782426261754,0.9389737179363687,43276.677008463,0.04408033438808594,3312696.460940638,0.022549495769946498,0.00027488900539316275,0.025725736555090965,0.05055012133043063,262.51695282667947,308.53132077366695,3000.0,23.343144422263336,2.343144422263334,262.5345764202856,0.013609625228702488,0.017623593606117538,0.017623593606117538,0.0007549794186814514,0.0,0.02375273892743429,1.0
48.15873962504292,0.9389738323808875,43276.68755780784,0.04407903974739928,3312696.8647005567,0.022549495407967617,0.0002748728586343191,0.025725758949090207,0.050550127215692145,262.5170473825137,308.53135837825357,3000.0,23.342464523518938,2.3424645235189385,262.53456591858435,0.01360962488908939,0.01751853607066778,0.01751853607066778,0.0007505007045428643,0.0,0.023611835013633224,1.0
48.208696823824084,0.9389739461480774,43276.69804471868,0.044077745170965396,3312697.266070862,0.022549495048131123,0.0002748567131510384,0.02572578121053735,0.05055013297181951,262.51714088901724,308.5313957602811,3000.0,23.341784624791458,2.341784624791458,262.5345554790363,0.013609624551486238,0.017414590019086518,0.017414590019086518,0.0007460693472679193,0.0,0.02347242096399209,1.0
48.25042908521381,0.938974040670629,43276.70675768488,0.044076663781949875,3312697.5995461396,0.02254949474916392,0.0002748432268266697,0.025725799706269398,0.050550137682259993,262.51721820429145,308.53142681883696,3000.0,23.341216664388117,2.341216664388117,262.5345468054222,0.013609624270991374,0.01732860113077095,0.01732860113077095,0.000742403507920362,0.0,0.023357090706202326,1.0
48.25865402260525,0.9389740592451011,43276.70846985573,0.044076450658106024,3312697.665076822,0.02254949469041437,0.00027484056893479147,0.025725803340834238,0.0505501386001834,262.51723335731253,308.531432922103,3000.0,23.341104726080793,2.341104726080794,262.5345451009845,0.013609624215871785,0.01731174367193944,0.01731174367193944,0.0007416848463301615,0.0,0.02333448103224389,1.0
48.308611221386414,0.9389741716790452,43276.718833872204,0.04407515620815013,3312698.0617434396,0.022549494334794935,0.00027482442597714024,0.02572582534136778,0.05055014410213986,262.5173247984036,308.53146986604787,3000.0,23.340424827386848,2.3404248273868467,262.5345347837784,0.013609623882224997,0.017209985374790904,0.017209985374790904,0.0007373467065002734,0.0,0.02319799963875725,1.0
48.35856842016758,0.9389742834569198,43276.72913741428,0.044073861820433914,3312698.4560954464,0.02254949398125064,0.00027480828426973766,0.025725847213509973,0.05055014947903035,262.51741522317604,308.5315065944191,3000.0,23.339744928709518,2.339744928709519,262.5345245267747,0.013609623550525076,0.0171093035986587,0.0171093035986587,0.0007330544378663307,0.0,0.02306296137117405,1.0
48.408525618948744,0.9389743945856622,43276.73938112138,0.04407256749430056,3312698.8481573155,0.022549493629759554,0.0002747921438043249,0.025725868958618513,0.0505501547321824,262.517504642402,308.53154310949617,3000.0,23.339065030048715,2.339065030048714,262.534514329337,0.013609623220751436,0.017009686935011814,0.017009686935011814,0.000728807555620248,0.0,0.02292935097769117,1.0
48.45848281772991,0.9389745050721365,43276.74956562623,0.0440712732291001,3312699.2379532657,0.022549493280299947,0.00027477600457272947,0.025725890578036793,0.05055015986290947,262.51759306674046,308.53157941353453,3000.0,23.338385131404337,2.3383851314043356,262.5345041908354,0.013609622892883705,0.016911124094917795,0.016911124094917795,0.0007246055800219887,0.0,0.022797153365934793,1.0
48.50042908521381,0.9389745973503824,43276.758071720295,0.04407018655354318,3312699.5635106405,0.022549492988431508,0.0002747624543090457,0.025725908634552604,0.05055016407729316,262.5176665510538,308.53160973464844,3000.0,23.337814258527864,2.3378142585278634,262.534495723164,0.013609622619048736,0.016829172110192303,0.016829172110192303,0.0007211117512447748,0.0,0.02268723462243699,1.0
48.508440016511074,0.9389746149231349,43276.759691554886,0.0440699790241895,3312699.6255072593,0.022549492932850357,0.0002747598665668663,0.025725912073094125,0.05055016487251135,262.5176805067383,308.5316155087659,3000.0,23.33770523277629,2.3377052327762895,262.53449411064645,0.013609622566901727,0.016813603908133246,0.016813603908133246,0.0007204480363613313,0.0,0.02266635360175796,1.0
48.55839721529224,0.9389747241453769,43276.76975952673,0.04406868487893254,3312700.0108430013,0.022549492587389516,0.0002747437297787361,0.025725933445105573,0.050550169762273826,262.51776697282975,308.53165139739826,3000.0,23.33702533416448,2.3370253341644815,262.53448408815376,0.013609622242785566,0.01671711532401332,0.01671711532401332,0.0007163344549975753,0.0,0.022536936910490045,1.0
48.6083544140734,0.9389748327455104,43276.77977015455,0.044067390792699855,3312700.393983946,0.022549492243896404,0.0002747275942004262,0.025725954695372255,0.05055017453346909,262.517852475338,308.53168708161604,3000.0,23.33634543556882,2.33634543556882,262.5344741227472,0.01360962192051549,0.016621647409237994,0.016621647409237994,0.0007122643712628452,0.0,0.02240888867389498,1.0
48.65831161285457,0.9389749407301131,43276.789724044625,0.04406609676486872,3312700.774953301,0.022549491902350203,0.0002747114598241076,0.025725975825181453,0.050550179187355763,262.5179370244767,308.5317225635805,3000.0,23.33566553698921,2.335665536989212,262.53446421382324,0.013609621600071982,0.0165271893465615,0.0165271893465615,0.0007082373254092265,0.0,0.022282194428508383,1.0
48.70826881163573,0.9389750481056945,43276.799621797,0.04406480279482289,3312701.1537740305,0.02254949156273034,0.00027469532664203263,0.025725996835807154,0.050550183725179526,262.51802063035416,308.5317578454306,3000.0,23.334985638425568,2.334985638425567,262.5344543607845,0.013609621281435726,0.016433730430321702,0.016433730430321702,0.000704252862417039,0.0,0.02215683985960601,1.0
48.75042908521381,0.9389751382538332,43276.807931545234,0.04406371082191787,3312701.4718163926,0.022549491277599452,0.0002746817123232049,0.025726014475457085,0.050550187465379745,262.51809046114136,308.5317874666263,3000.0,23.33441185307469,2.3344118530746916,262.5344460885769,0.01360962101392177,0.016355627435530096,0.016355627435530096,0.0007009230632643939,0.0,0.022052081555428885,1.0
48.7582260104169,0.9389751548786949,43276.8094640053,0.044063508881952686,3312701.530468855,0.02254949122501643,0.000274679194646537,0.025726017728509784,0.050550188148172755,262.5181033029709,308.53179292928246,3000.0,23.334305739877795,2.334305739877796,262.53444456304,0.013609620964587612,0.016341260069054897,0.016341260069054897,0.0007003105321075851,0.0,0.022032810804751172,1.0
48.80818320919806,0.9389752610554862,43276.819251256864,0.044062215025654924,3312701.9050602564,0.02254949088918833,0.00027466306383003785,0.025726038504536416,0.05055019245755478,262.51818505222155,308.53182781722984,3000.0,23.33362584134581,2.3336258413458095,262.5344348200051,0.01360962064950873,0.01624976778356313,0.01624976778356313,0.0006964098890610261,0.0,0.021910093251211443,1.0
48.85814040797923,0.9389753666423722,43276.82898413276,0.044060921225332866,3312702.277570474,0.02254949055522609,0.00027464693418503377,0.02572605916512073,0.05055019665453185,262.5182658878946,308.53186251134406,3000.0,23.332945942829518,2.3329459428295194,262.5344251311013,0.01360962033618037,0.016159243206686824,0.016159243206686824,0.0006925504926073317,0.0,0.021788673335674146,1.0
48.90809760676039,0.9389754716455906,43276.83866320793,0.044059627480396116,3312702.648021513,0.02254949022310999,0.00027463080570410314,0.025726079711483496,0.05055020074029759,262.5183458196759,308.53189701367467,3000.0,23.33226604432884,2.332266044328839,262.53441549575626,0.013609620024584032,0.016069676080348927,0.016069676080348927,0.0006887319067002853,0.0,0.02166853734028279,1.0
48.95805480554156,0.9389755760713135,43276.84828905131,0.04405833379026041,3312703.016435151,0.022549489892820494,0.0002746146783799018,0.025726100144832686,0.05055020471603308,262.51842485714997,308.5319313262498,3000.0,23.331586145843684,2.331586145843682,262.5344059134036,0.013609619714701393,0.015981056253622228,0.015981056253622228,0.0006849536998353244,0.0,0.021549671690052466,1.0
49.00042908521381,0.938975664198316,43276.85641249816,0.044057236509697485,3312703.327346951,0.022549489614082485,0.000274600999896372,0.025726117388943755,0.05055020800292261,262.51849120372765,308.5319602833334,3000.0,23.331009448017205,2.3310094480172037,262.5343978266602,0.013609619453185085,0.01590662293256173,0.01590662293256173,0.0006817803133637478,0.0,0.02144983420074158,1.0
49.00801200432272,0.9389756799256482,43276.857862225836,0.044057040154347714,3312703.3828329314,0.022549489564338304,0.00027459855220516395,0.02572612046636351,0.05055020858290698,262.51850300980004,308.5319654510761,3000.0,23.330906247373964,2.330906247373964,262.5343963834828,0.013609619406514327,0.01589337368272936,0.01589337368272936,0.0006812154450502007,0.0,0.02143206295289094,1.0
49.05796920310389,0.9389757832146368,43276.86738328846,0.04405574657208612,3312703.747236174,0.022549489237644292,0.0002745824271727012,0.025726140677258473,0.05055021234207547,262.5185802870086,308.531999390139,3000.0,23.3302263489196,2.3302263489196,262.53438690543953,0.013609619100004912,0.01580661843092912,0.01580661843092912,0.0006775167199207697,0.0,0.021315697839466474,1.0
49.10792640188505,0.9389758859442567,43276.87685279014,0.044054453042909926,3312704.1096659647,0.02254948891271956,0.0002745663032754031,0.025726160778687408,0.050550215994682374,262.5186566980574,308.5320331454025,3000.0,23.329546450480507,2.329546450480507,262.5343774787253,0.013609618795155404,0.015720780667891177,0.015720780667891177,0.0006738571065348501,0.0,0.02120056320238567,1.0
49.15788360066622,0.9389759881204228,43276.8862712761,0.0440531595662593,3312704.4701431724,0.022549488589545388,0.0002745501805062335,0.025726180771807886,0.05055021954185951,262.5187322521311,308.53206671881026,3000.0,23.328866552056603,2.328866552056602,262.53436810279726,0.013609618491948257,0.01563585066617179,0.01563585066617179,0.0006702361913418113,0.0,0.02108664603146161,1.0
49.20784079944738,0.9389760897489876,43276.895639285794,0.044051866141580354,3312704.828688444,0.022549488268103282,0.0002745340588582309,0.025726200657765295,0.050550222984726806,262.5188069583178,308.5321001122852,3000.0,23.328186653647805,2.3281866536478035,262.5343587771184,0.013609618190366098,0.015551818800645378,0.015551818800645378,0.000666653565128842,0.0,0.0209739334529675,1.0
49.25042908521381,0.9389761759588308,43276.90358601542,0.04405076354352421,3312705.1328365123,0.02254948799542925,0.00027452031610642835,0.02572621752668692,0.0505502258382226,262.5188699822478,308.5321284394218,3000.0,23.327607043344592,2.327607043344592,262.5343508662982,0.013609617934538893,0.015480884050418808,0.015480884050418808,0.0006636293221869721,0.0,0.020878788094727284,1.0
49.25779799822855,0.9389761908357425,43276.90495735304,0.044050572768325025,3312705.1853222125,0.02254948794837491,0.00027451793832450734,0.025726220437693036,0.050550226324392454,262.51888082561015,308.5321333277303,3000.0,23.32750675525403,2.327506755254031,262.53434950115735,0.013609617890391744,0.015468675547197108,0.015468675547197108,0.0006631088229655368,0.0,0.020862412727893555,1.0
49.30775519700971,0.9389762913864165,43276.91422600594,0.04404927944595113,3312705.5400646883,0.022549487630342153,0.0002745018188982489,0.025726240112712344,0.05055022956195275,262.51895386290465,308.5321663670281,3000.0,23.326826856875204,2.326826856875205,262.5343402743884,0.013609617592008197,0.015386411483746087,0.015386411483746087,0.0006596015642483835,0.0,0.020752071253346886,1.0
49.35771239579088,0.938976391406678,43276.923445766966,0.04404798617392227,3312705.8929358716,0.02254948731398709,0.00027448570057271457,0.025726259683932537,0.05055023269849235,262.51902607900314,308.532199232041,3000.0,23.326146958511245,2.3261469585112455,262.53433109629134,0.013609617295198632,0.015305017288198997,0.015305017288198997,0.0006561313926136653,0.0,0.02064289655981155,1.0
49.40766959457204,0.9389764909021354,43276.932617153085,0.04404669295170772,3312706.243955546,0.02254948699929197,0.0002744695833412348,0.02572627915245122,0.05055023573508442,262.5190974826143,308.53223192461195,3000.0,23.325467060162076,2.3254670601620755,262.53432196635146,0.013609616999946407,0.015224483737142691,0.015224483737142691,0.0006526979158820284,0.0,0.02053487630940483,1.0
49.45762679335321,0.9389765898783384,43276.94174067585,0.04404539977878232,3312706.593143294,0.022549486686239247,0.0002744534671972104,0.025726298519354502,0.05055023867279096,262.51916808235603,308.53226444656445,3000.0,23.324787161827615,2.3247871618276164,262.53431288405966,0.013609616706235053,0.015144801703627309,0.015144801703627309,0.0006493007459640475,0.0,0.020427998292906455,1.0
49.50042908521381,0.9389766742702298,43276.94951983279,0.04404429185385087,3312706.890877634,0.022549486419315395,0.0002744396600792822,0.025726315032502518,0.050550241111897196,262.51922793779414,308.532292176352,3000.0,23.32420463904661,2.324204639046609,262.534305140059,0.013609616455802557,0.015077202264876632,0.015077202264876632,0.000646418709585328,0.0,0.02033732683169491,1.0
49.50758399213437,0.9389766883407784,43276.95081684144,0.044044106654626484,3312706.940518487,0.022549486374811547,0.00027443735213411195,0.025726317785717063,0.05055024151266273,262.5192378867554,308.53229679970286,3000.0,23.32410726350779,2.3241072635077926,262.53430384891203,0.013609616414048281,0.015065962156654678,0.015065962156654678,0.0006459394988388875,0.0,0.0203222504290875,1.0
49.557541190915536,0.9389767862948882,43276.95984615061,0.04404281357872614,3312707.2861002926,0.02254948606499168,0.0002744212381454799,0.02572633695260215,0.05055024425573931,262.5193069042483,308.53232898581234,3000.0,23.323427365202527,2.3234273652025275,262.5342948604099,0.013609616123369958,0.014987956161576221,0.014987956161576221,0.0006426137945719572,0.0,0.02021762076526605,1.0
49.6074983896967,0.9389768837460424,43276.96882909878,0.04404152055057275,3312707.6299076728,0.022549485756762667,0.00027440512522492437,0.025726356021061575,0.05055024690304917,262.51937514318075,308.53236100665885,3000.0,23.322747466911746,2.3227474669117467,262.5342859180602,0.013609615834184144,0.014910774879467681,0.014910774879467681,0.0006393232572886951,0.0,0.020114097476482667,1.0
49.657455588477866,0.938976980699559,43276.97776617616,0.04404022756966316,3312707.9719593883,0.022549485450107667,0.00027438901336612314,0.025726374992136133,0.05055024945560993,262.51944261181075,308.53239286398986,3000.0,23.322067568635376,2.322067568635376,262.5342770213749,0.013609615546475055,0.014834409564173257,0.014834409564173257,0.0006360675150484203,0.0,0.020011668861531814,1.0
49.70741278725903,0.9389770771607007,43276.98665786783,0.04403893463549945,3312708.3122740067,0.022549485145010036,0.00027437290256282,0.025726393866855712,0.05055025191442857,262.51950931830993,308.53242455953455,3000.0,23.32138767037334,2.3213876703733414,262.5342681698711,0.013609615260227073,0.01475885156116874,0.01475885156116874,0.0006328461997961579,0.0,0.01991032334144649,1.0
49.75042908521381,0.938977159829292,43276.99427817671,0.04403782137474332,3312708.6039285487,0.022549484883537002,0.00027435903098637173,0.025726410042754173,0.05055025395727755,262.5195661523376,308.532451723074,3000.0,23.320802235113536,2.3208022351135376,262.5342605840046,0.013609615014908413,0.014694431667010122,0.014694431667010122,0.0006300997503801602,0.0,0.019823917526870828,1.0
49.757369986040196,0.938977173134674,43276.995504653714,0.044037641747589,3312708.650869897,0.022549484841453322,0.0002743567928088257,0.025726412646239274,0.050550254280501423,262.5195752707635,308.53245609500374,3000.0,23.32070777212557,2.3207077721255707,262.5342593630711,0.013609614975424754,0.014684092307618357,0.014684092307618357,0.000629658947365643,0.0,0.019810049459592884,1.0
49.80732718482136,0.9389772686266309,43277.00430700869,0.044036348905444465,3312708.9877652344,0.02254948453942121,0.00027434068409801715,0.02572643133129508,0.05055025655481431,262.51964047717115,308.5324874720902,3000.0,23.32002787389199,2.3200278738919926,262.534250600502,0.013609614692052801,0.014610123330839997,0.014610123330839997,0.0006265053974140745,0.0,0.019710835879617895,1.0
49.857284383602526,0.9389773636416674,43277.01306540251,0.04403505610858369,3312709.3229779983,0.022549484238897594,0.0002743245764243368,0.025726449923020433,0.05055025873834237,262.5197049454464,308.53251869246856,3000.0,23.319347975672535,2.3193479756725353,262.53424188169623,0.013609614410096095,0.014536936249839982,0.014536936249839982,0.000623385193488487,0.0,0.019612671387537514,1.0
49.90724158238369,0.9389774581848265,43277.021780300005,0.04403376335652962,3312709.65652598,0.022549483939866517,0.00027430846978179145,0.025726468422402258,0.05055026083205057,262.5197686834198,308.5325497577957,3000.0,23.31866807746713,2.318668077467129,262.5342332061911,0.013609614129539677,0.014464522771334032,0.014464522771334032,0.0006202979828556814,0.0,0.019515544886386366,1.0
49.957198781164855,0.9389775522610978,43277.03045216111,0.04403247064881023,3312709.988426783,0.0225494836423122,0.00027429236416445096,0.025726486830417047,0.0505502628368937,262.5198316988396,308.53258066971125,3000.0,23.317988179275705,2.3179881792757038,262.53422457352866,0.01360961385036873,0.014392874689065138,0.014392874689065138,0.0006172434164735135,0.0,0.019419445395314656,1.0
50.00042908521381,0.9389776332966909,43277.03792194561,0.044031352043693274,3312710.274320112,0.022549483386004338,0.0002742784280422996,0.025726502686738574,0.050550264500785216,262.5198856517835,308.53260729667437,3000.0,23.317399831536164,2.317399831536165,262.5342171375099,0.013609613609895934,0.014331485726415849,0.014331485726415849,0.0006146262374860894,0.0,0.01933710651083991,1.0
50.00715597994602,0.9389776458754191,43277.039081440955,0.04403117798495846,3312710.318697828,0.022549483346219017,0.000274276259566448,0.025726505148031126,0.05055026475381659,262.5198939993729,308.5326114298376,3000.0,23.317308281098192,2.3173082810981906,262.53421598325593,0.013609613572568608,0.01432198388300776,0.01432198388300776,0.0006142211489573027,0.0,0.019324362048531545,1.0
50.057113178727185,0.9389777390326746,43277.04766858976,0.04402988536451227,3312710.6473563453,0.022549483051571523,0.00027426015598197844,0.025726523376200343,0.05055026658375385,262.5199555926042,308.5326420397796,3000.0,23.31662838293452,2.3166283829345216,262.53420743492455,0.013609613296124819,0.014251842320334163,0.014251842320334163,0.00061123083862181,0.0,0.019230284096625982,1.0
50.10707037750835,0.9389778317376969,43277.05621405299,0.04402859278701455,3312710.9744193866,0.022549482758354437,0.0002742440534053001,0.025726541515870466,0.05055026832763021,262.5200164860378,308.53267250112526,3000.0,23.31594848478463,2.3159484847846294,262.53419892809126,0.013609613021023016,0.014182442053481736,0.014182442053481736,0.0006082721473988854,0.0,0.01913720090397603,1.0
50.157027576289515,0.9389779239952679,43277.064718271395,0.044027300252013006,3312711.2999038203,0.02254948246655264,0.00027422795183073157,0.025726559567977314,0.05055026998636068,262.52007668709876,308.53270281544576,3000.0,23.315268586648447,2.3152685866484477,262.5341904623171,0.013609612747249014,0.014113775218334013,0.014113775218334013,0.0006053447407599801,0.0,0.01904510194631113,1.0
50.20698477507068,0.9389780158101185,43277.07318168108,0.04402600775906014,3312711.6238263384,0.02254948217615115,0.0002742118512526519,0.02572657753344672,0.05055027156085053,262.52013620313363,308.53273298429565,3000.0,23.31458868852591,2.3145886885259097,262.534182037168,0.013609612474788774,0.014045834034391191,0.014045834034391191,0.0006024482877239751,0.0,0.01895397681095862,1.0
50.25042908521381,0.9389780952988601,43277.080508881874,0.044024883801440776,3312711.90426238,0.02254948192473598,0.0002741978505025903,0.025726593087050584,0.05055027286228915,262.5201874088681,308.5327591029888,3000.0,23.313997428305754,2.3139974283057545,262.534174743092,0.013609612238906207,0.013987334223941161,0.013987334223941161,0.0005999543521849668,0.0,0.018875515248884592,1.0
50.256941973851845,0.9389781071869309,43277.08160471361,0.044024715307713146,3312711.9462034577,0.022549481887135167,0.0002741957516654991,0.025726595413194994,0.050550273051995664,262.5201950414126,308.53276300921334,3000.0,23.31390879041695,2.3139087904169506,262.5341736522144,0.013609612203628395,0.013978610801814284,0.013978610801814284,0.0005995824607309141,0.0,0.018863815192871378,1.0
50.30689917263301,0.9389781981303364,43277.08998779592,0.044023422897533956,3312712.2670515203,0.022549481599490037,0.0002741796530637709,0.025726613208128527,0.05055027446068234,262.52025320912776,308.5327928917207,3000.0,23.313228892321504,2.3132288923215056,262.53416530703123,0.013609611933754144,0.013912097903471476,0.013912097903471476,0.0005967469357302795,0.0,0.01877460689740526,1.0
50.356856371414175,0.9389782886449174,43277.098331350346,0.044022130528089225,3312712.58638669,0.022549481313201284,0.0002741635554420246,0.025726630919144042,0.050550275787787355,262.5203107133942,308.53282263332335,3000.0,23.31254899423951,2.312548994239511,262.53415700119797,0.013609611665152416,0.013846287803744417,0.013846287803744417,0.000593941392130299,0.0,0.018686341838724408,1.0
50.40681357019534,0.9389783787352078,43277.10663579485,0.04402083819895014,3312712.904224965,0.022549481028254537,0.0002741474587948744,0.025726648547128868,0.05055027703417828,262.5203675612526,308.5328522355111,3000.0,23.311869096170902,2.311869096170904,262.53414873429864,0.013609611397809761,0.013781173046027106,0.013781173046027106,0.0005911655126911612,0.0,0.01859901003644182,1.0
50.456770768976504,0.9389784684056939,43277.11490154295,0.04401954590969245,3312713.220582171,0.02254948074463563,0.0002741313631169921,0.025726666092960947,0.050550278200713575,262.52042375966914,308.53288169975804,3000.0,23.31118919811562,2.311189198115621,262.5341405059216,0.013609611131712863,0.01371674625244168,0.01371674625244168,0.0005884189835133115,0.0,0.018512601615251326,1.0
50.50042908521381,0.9389785464297632,43277.12209373504,0.04401841659180577,3312713.4958508536,0.022549480497853224,0.00027411729766156195,0.025726681359929865,0.050550279155444654,262.5204723459081,308.532907337184,3000.0,23.310595025414024,2.3105950254140235,262.5341333462474,0.013609610900176664,0.013661000339311613,0.013661000339311613,0.000586042540931191,0.0,0.018437836465742225,1.0
50.50672796775767,0.9389785576608146,43277.123129003805,0.04401825365989634,3312713.535473969,0.022549480462330518,0.0002741152684031053,0.025726683557508994,0.050550279288242614,262.52047931553676,308.53291102752274,3000.0,23.3105093000736,2.310509300073601,262.5341323156594,0.013609610866848549,0.013653000122644698,0.013653000122644698,0.0005857014939867312,0.0,0.01842710680333195,1.0
50.556685166538834,0.9389786465049622,43277.13131858229,0.0440169614491465,3312713.848915855,0.022549480181325302,0.00027409917464799835,0.02572670094163257,0.050550280297605873,262.5205342356759,308.53294022024846,3000.0,23.30982940204478,2.3098294020447816,262.5341241631091,0.013609610603203788,0.013589927433201865,0.013589927433201865,0.0005830127367645913,0.0,0.018342515931519237,1.0
50.60664236532,0.9389787349424812,43277.13947067886,0.04401566927703208,3312714.160923157,0.02254947990160625,0.00027408308184651177,0.02572671824618189,0.05055028122963465,262.52058852683257,308.5329692793627,3000.0,23.309149504029104,2.3091495040291035,262.53411604787203,0.013609610340765688,0.013527521039463863,0.013527521039463863,0.0005803524078442057,0.0,0.018258819435852253,1.0
50.656599564101164,0.9389788229776707,43277.147585689796,0.04401437714314656,3312714.4715110413,0.02254947962315975,0.00027406698999354054,0.025726735471998285,0.05055028208515158,262.5206421956827,308.5329982062781,3000.0,23.308469606026506,2.308469606026506,262.5341079695537,0.01360961007952149,0.013465773871018882,0.013465773871018882,0.0005777202063724187,0.0,0.01817600785145101,1.0
50.70655676288233,0.9389789106147846,43277.15566400721,0.04401308504708771,3312714.7806945164,0.022549479345972356,0.00027405089908403375,0.02572675261991425,0.05055028286497064,262.52069524883166,308.5330270023924,3000.0,23.30778970803693,2.30778970803693,262.53409992776363,0.013609609819458565,0.013404678931976832,0.013404678931976832,0.0005751158346582588,0.0,0.018094071812914704,1.0
50.75042908521381,0.9389789872525732,43277.16272841646,0.04401195036152845,3312715.0510724047,0.022549479103574747,0.0002740367688503104,0.02572676761558957,0.05055028348801463,262.5207413374071,308.5330521843093,3000.0,23.307192622853115,2.307192622853117,262.5340928952979,0.013609609592036108,0.013351557890757704,0.013351557890757704,0.0005728513985706826,0.0,0.01802283047208405,1.0
50.756513961663494,0.938978997858032,43277.16370601909,0.04401179298845754,3312715.0884884316,0.022549479070030753,0.0002740348091129937,0.025726769690753493,0.05055028356989724,262.5207476928156,308.53305566908864,3000.0,23.307109810060318,2.307109810060317,262.53409192211575,0.013609609560564432,0.013344229300173538,0.013344229300173538,0.0005725389981392551,0.0,0.018013002053262124,1.0
50.80647116044466,0.9389790847115774,43277.171712109295,0.04401050096686229,3312715.3949074796,0.022549478795321768,0.00027401872007547625,0.025726786685331012,0.050550284200728254,262.52079953410106,308.5330842077352,3000.0,23.306429912096608,2.3064299120966085,262.5340839522279,0.01360960930282673,0.013284418126829678,0.013284418126829678,0.0005699894053672605,0.0,0.017932789403485788,1.0
50.85642835922582,0.9389791711795403,43277.179682657545,0.04400920898191249,3312715.6999661927,0.02254947852183237,0.0002740026319665909,0.02572680360445297,0.050550284758251934,262.52085077908487,308.5331126196857,3000.0,23.305750014145747,2.3057500141457474,262.53407601772193,0.013609609046233236,0.013225238637062375,0.013225238637062375,0.0005674667680308564,0.0,0.017853424793256956,1.0
50.90638555800699,0.9389792572659971,43277.18761803959,0.04400791703322273,3312716.0036789547,0.022549478249549674,0.0002739865447814986,0.025726820448917106,0.05055028524324828,262.52090143409686,308.5331409062796,3000.0,23.305070116207677,2.3050701162076765,262.5340681182239,0.013609608790771844,0.013166684127043027,0.013166684127043027,0.0005649708008338564,0.0,0.017774899247103328,1.0
50.95634275678815,0.9389793429749814,43277.195518627246,0.04400662512041163,3312716.306059994,0.022549477978460908,0.0002739704585154108,0.02572683721951281,0.05055028565648913,262.5209515054006,308.5331690688422,3000.0,23.30439021828234,2.30439021828234,262.53406025336363,0.013609608536430597,0.013108747963030964,0.013108747963030964,0.0005625012214542788,0.0,0.01769720388311842,1.0
51.00042908521381,0.9389794183012636,43277.20246214608,0.044005485060117866,3312716.571810892,0.022549477740211595,0.0002739562634347974,0.02572685195852786,0.05055028596217426,262.5209952125275,308.5331938198197,3000.0,23.30379022061559,2.3037902206155887,262.5340533412448,0.01360960831289999,0.013058128717318596,0.013058128717318596,0.0005603435575800362,0.0,0.01762932168034228,1.0
51.00629995556932,0.9389794283104842,43277.20338478838,0.04400533324310193,3312716.6071233917,0.022549477708553457,0.00027395437316359093,0.0257268539170211,0.05055028599873815,262.52100099919335,308.53319710868493,3000.0,23.30371032036968,2.3037103203696816,262.53405242277495,0.013609608283197648,0.01305142358160083,0.01305142358160083,0.0005600577505545385,0.0,0.01762032991328233,1.0
51.05625715435048,0.938979513276454,43277.21121688696,0.044004041400920305,3312716.906883079,0.02254947743981483,0.00027393828872135205,0.025726870542214682,0.050550286270750866,262.52104992160633,308.53322502710523,3000.0,23.303030422469647,2.3030304224696465,262.53404462609546,0.013609608031061276,0.012994704489130982,0.012994704489130982,0.0005576401117599282,0.0,0.01754426864278485,1.0
51.10621435313165,0.938979597876797,43277.21901528303,0.04400274959349752,3312717.205352835,0.02254947717223268,0.00027392220518405845,0.025726887095857992,0.05055028647327474,262.5210982787052,308.5332528253865,3000.0,23.30235052458218,2.3023505245821805,262.5340368629668,0.013609607780009891,0.012938584261576125,0.012938584261576125,0.0005552480316492929,0.0,0.017469011469732225,1.0
51.15617155191281,0.9389796821153782,43277.22678033289,0.04400145782046819,3312717.5025462965,0.022549476905794764,0.000273906122547123,0.02572690357870741,0.0505502866070493,262.5211460764916,308.5332805047989,3000.0,23.301670626707228,2.3016706267072293,262.5340291330342,0.013609607530032026,0.012883056542591476,0.012883056542591476,0.0005528812396749592,0.0,0.01739454988262813,1.0
51.20612875069398,0.9389797659960225,43277.23451238906,0.04400016608147077,3312717.7984769586,0.022549476640488997,0.000273890040806007,0.025726919991511447,0.05055028667280645,262.52119332090484,308.53330806659903,3000.0,23.30099072884474,2.30099072884474,262.5340214359468,0.013609607281116327,0.012828115041941146,0.012828115041941146,0.000550539468094847,0.0,0.017320875458237933,1.0
51.25042908521381,0.9389798400821189,43277.241341591594,0.043999020639708314,3312718.059852484,0.022549476406162387,0.0002738757808140366,0.025726934487823556,0.05055028667479998,262.52123475743525,308.53333241007186,3000.0,23.300387818694375,2.3003878186943756,262.5340146376304,0.013609607061265933,0.01277988019512577,0.01277988019512577,0.0005484835829587442,0.0,0.017256195298341173,1.0
51.25608594947514,0.9389798495225137,43277.24221180036,0.04399887437614757,3312718.093158169,0.022549476376303407,0.0002738739599562203,0.02572693633501057,0.0505502866712702,262.52124001782045,308.5333355120303,3000.0,23.30031083099466,2.3003108309946594,262.5340137713573,0.013609607033251576,0.012773753536862387,0.012773753536862387,0.0005482224520314303,0.0,0.01724797986344381,1.0
51.30604314825631,0.9389799326985958,43277.24987891189,0.0439975827041447,3312718.3866031375,0.02254947611322615,0.0002738578799933203,0.025726952609937487,0.050550286603156955,262.52128617305226,308.53336284232296,3000.0,23.299630933156934,2.2996309331569353,262.53400613892217,0.013609606786426644,0.012719965869905536,0.012719965869905536,0.0005459299293794467,0.0,0.017175854852341278,1.0
51.35600034703747,0.9389800155279729,43277.257514065066,0.04399629106511207,3312718.6788249314,0.02254947585124552,0.00027384180091291247,0.02572696881701707,0.050550286469175504,262.52133179235204,308.533390058694,3000.0,23.298951035331516,2.298951035331516,262.5339985383015,0.013609606540630556,0.012666745949445612,0.012666745949445612,0.0005436616408282597,0.0,0.017104492266942845,1.0
51.40595754581864,0.9389800980143095,43277.26511759768,0.04399499945870331,3312718.969836479,0.022549475590349914,0.0002738257227106491,0.025726984956966428,0.050550286270026994,262.52137688140994,308.5334171623476,3000.0,23.298271137518352,2.2982711375183507,262.5339909691591,0.01360960629585243,0.012614087749170722,0.012614087749170722,0.0005414173298403089,0.0,0.017033884036500163,1.0
51.4559147445998,0.938980180161232,43277.272689844,0.043993707884575656,3312719.2596505755,0.022549475330527865,0.0002738096453822277,0.02572700103049525,0.05055028600640535,262.52142144585713,308.53344415447526,3000.0,23.297591239717388,2.2975912397173888,262.5339834311621,0.013609606052081509,0.01256198530495567,0.01256198530495567,0.0005391967425173201,0.0,0.016964022173294915,1.0
51.50042908521381,0.9389802530751666,43277.27941100047,0.043992557054923186,3312719.516890718,0.022549475099908813,0.0002737953204183755,0.02572701529741658,0.05055028571774377,262.5214607175244,308.533468112795,3000.0,23.296985417082784,2.296985417082783,262.533976740406,0.013609605835709462,0.012516022881584377,0.012516022881584377,0.0005372378725191998,0.0,0.016902394192704784,1.0
51.50587194338097,0.9389802619723285,43277.280231134784,0.04399241634239001,3312719.5482798787,0.02254947507176803,0.00027379356892339216,0.025727017038305728,0.05055028567899715,262.5214654912655,308.53347103625606,3000.0,23.29691134192858,2.29691134192858,262.5339759239813,0.01360960580930714,0.012510432715828301,0.012510432715828301,0.0005369996276421703,0.0,0.016894898773956023,1.0
51.55582914216213,0.9389803434511487,43277.28774179721,0.04399112483181088,3312719.8357369117,0.02254947481405917,0.00027377749332993144,0.025727032981092468,0.05055028528848157,262.5215090231467,308.53349780885634,3000.0,23.296231444151875,2.2962314441518745,262.533968447291,0.013609605567518796,0.01245942414431056,0.01245942414431056,0.0005348257366939187,0.0,0.016826506019932713,1.0
51.6057863409433,0.9389804246012047,43277.29522215502,0.04398983335250635,3312720.122034066,0.02254947455739019,0.0002737614185976798,0.02572704885954282,0.05055028483553069,262.5215520469545,308.5335244734301,3000.0,23.295551546387223,2.295551546387224,262.5339610007688,0.013609605326706046,0.012408953814258439,0.012408953814258439,0.0005326748237554768,0.0,0.016758836174589738,1.0
51.65574353972446,0.9389805054259711,43277.30267252851,0.043988541904148054,3312720.4071835997,0.022549474301750083,0.0002737453447225161,0.025727064674336747,0.05055028432080935,262.52159456808465,308.53355103111903,3000.0,23.29487164863458,2.29487164863458,262.533953584096,0.013609605086858588,0.01235901601137357,0.01235901601137357,0.0005305466455359495,0.0,0.016691881583910398,1.0
51.70570073850563,0.9389805859288864,43277.310093234606,0.04398725048641108,3312720.6911976435,0.022549474047127996,0.00027372927170036236,0.025727080426147117,0.05055028374497548,262.521636591876,308.533577483053,3000.0,23.294191750893894,2.2941917508938934,262.533946196957,0.013609604847966215,0.01230960508098633,0.01230960508098633,0.0005284409612758493,0.0,0.016625634673514533,1.0
51.75042908521381,0.9389806577355354,43277.3167123251,0.04398609426274585,3312720.9445312857,0.02254947382001128,0.0002737148817078651,0.025727094476373644,0.05055028317809279,262.521673799525,308.5336010775369,3000.0,23.29358301577446,2.2935830157744608,262.53393960780807,0.013609604634880002,0.01226580828307533,0.01226580828307533,0.0005265745623920932,0.0,0.01656691591630788,1.0
51.75565793728679,0.9389806661133527,43277.31748458692,0.04398595909897388,3312720.9740882004,0.02254947379351315,0.00027371319952718354,0.02572709611563971,0.05055028310868005,262.52167812361176,308.5336038303499,3000.0,23.293511853165118,2.293511853165118,262.5339388390397,0.013609604610018833,0.01226071542794216,0.01226071542794216,0.0005263575327425854,0.0,0.016560087948516697,1.0
51.805615136067956,0.9389807459827358,43277.32484689569,0.043984667741518456,3312721.255867144,0.022549473540894902,0.0002736971281989886,0.025727111743473193,0.05055028241256709,262.521719168518,308.5336300741156,3000.0,23.292831955448207,2.2928319554482064,262.53393151003513,0.013609604373006451,0.012212341517113146,0.012212341517113146,0.000524296124252795,0.0,0.016495233994228854,1.0
51.85557233484912,0.9389808255403655,43277.33218046785,0.043983376413730145,3312721.536546223,0.022549473289262722,0.00027368105771182887,0.0257271273102992,0.05055028165727375,262.5217597317656,308.53365621544424,3000.0,23.292152057743113,2.2921520577431123,262.5339242096378,0.013609604136919189,0.012164477872204316,0.012164477872204316,0.0005222565026214666,0.0,0.0164310654745598,1.0
51.905529533630286,0.9389809047895363,43277.33948560709,0.04398208511529764,3312721.81613706,0.022549473038606195,0.00027366498806179787,0.025727142816762423,0.05055028084343042,262.52179981847024,308.5336822554184,3000.0,23.29147216004979,2.291472160049789,262.5339169375454,0.013609603901747269,0.012117119075185201,0.012117119075185201,0.0005202384371378996,0.0,0.01636757513125891,1.0
51.95548673241145,0.9389809837335085,43277.34676261391,0.043980793845912906,3312722.0946511575,0.022549472788914997,0.0002736489192450302,0.025727158263500895,0.05055027997166092,262.52183943369437,308.5337081951093,3000.0,23.290792262368193,2.2907922623681922,262.5339096934587,0.01360960366748102,0.01207025976435716,0.01207025976435716,0.0005182416994830842,0.0,0.016304755781316904,1.0
52.00042908521381,0.9389810544947432,43277.35328534156,0.04397963222239728,3312722.3442965816,0.022549472565104926,0.00027363446417071573,0.025727172109140557,0.0505502791384162,262.52187467350427,308.53373144608724,3000.0,23.29018061476339,2.2901806147633894,262.53390320023954,0.013609603457497038,0.012028526735264222,0.012028526735264222,0.0005164634372839287,0.0,0.01624880988519859,1.0
52.005443931192616,0.9389810623755078,43277.354011785676,0.04397950260527115,3312722.372099895,0.022549472540178927,0.0002736328512577013,0.025727173651145883,0.05055027904258251,262.5218785824472,308.53373403557686,3000.0,23.290112364698278,2.290112364698276,262.5339024770818,0.013609603434110867,0.0120238946346376,0.0120238946346376,0.0005162660637422549,0.0,0.016242600317360877,1.0
52.05540112997378,0.9389811407187256,43277.36123341655,0.04397821139307082,3312722.648494533,0.022549472292387903,0.00027361678409602733,0.0257271889803219,0.050550278056805835,262.52191726968437,308.53375977786976,3000.0,23.289432467039997,2.289432467039996,262.53389528812187,0.01360960320162734,0.011978018437503124,0.011978018437503124,0.0005143113064027999,0.0,0.016181101707588613,1.0
52.105358328754946,0.938981218766319,43277.36842779754,0.04397692020901369,3312722.9238462076,0.02254947204553193,0.00027360071775626635,0.02572720425164677,0.05055027701493497,262.52195550030797,308.53378542302534,3000.0,23.28875256939331,2.2887525693933086,262.533888126289,0.01360960297002107,0.011932625981046385,0.011932625981046385,0.000512377206357053,0.0,0.016120252995856503,1.0
52.15531552753611,0.9389812965214118,43277.37559521658,0.04397562905280461,3312723.1981659415,0.022549471799601126,0.000273584652234715,0.025727219465731806,0.05055027591756765,262.5219932791688,308.53381097207,3000.0,23.28807267175817,2.2880726717581696,262.53388099129677,0.013609602739282791,0.01188771212798656,0.01188771212798656,0.0005104635448172139,0.0,0.016060047299002927,1.0
52.205272726317276,0.9389813739870951,43277.38273595862,0.04397433792415155,3312723.4714646405,0.022549471554585726,0.0002735685875277094,0.02572723462318191,0.05055027476529535,262.5220306110669,308.5338364260195,3000.0,23.287392774134535,2.287392774134536,262.5338738828614,0.013609602509403327,0.011843271794532484,0.011843271794532484,0.0005085701052668672,0.0,0.016000477805323036,1.0
52.25042908521381,0.9389814437619194,43277.389167762216,0.043973170895219835,3312723.7176300115,0.022549471333895673,0.0002735540673218306,0.025727248275781368,0.05055027367699887,262.52206397476397,308.5338593528792,3000.0,23.28677821404386,2.28677821404386,262.5338674801576,0.013609602302346483,0.01180350539362962,0.01180350539362962,0.0005068758453889996,0.0,0.015947174701923833,1.0
52.25522992509844,0.9389814511664276,43277.3898503056,0.04397304682276556,3312723.7437530938,0.022549471310476032,0.00027355252363162416,0.025727249724595638,0.0505502735587033,262.5220675007517,308.5338617858788,3000.0,23.286712876522365,2.2867128765223654,262.5338668007023,0.013609602280373601,0.01179929995061002,0.01179929995061002,0.0005066966734710789,0.0,0.01594153777488647,1.0
52.305187123879605,0.9389815280624348,43277.396938536396,0.04397175574836081,3312724.0150419767,0.0225494710672625,0.00027353646054287343,0.02572726477056508,0.050550272298370454,262.52210395292144,308.5338870526421,3000.0,23.286032978921615,2.286032978921616,262.5338597445418,0.013609602052184634,0.011755791620373657,0.011755791620373657,0.0005048430374986986,0.0,0.01588322054023915,1.0
52.35514432266077,0.9389816046781103,43277.404000926945,0.04397046470065454,3312724.28534185,0.022549470824935646,0.0002735203982579096,0.025727279761676033,0.05055027098486959,262.52213997222435,308.533912227293,3000.0,23.285353081332246,2.2853530813322447,262.5338527141052,0.013609601824827545,0.011712741880842259,0.011712741880842259,0.0005030089876641084,0.0,0.015825519504570625,1.0
52.405101521441935,0.9389816810164161,43277.41103775028,0.04396917367936693,3312724.554663164,0.022549470583486105,0.0002735043367732223,0.025727294698508152,0.05055026961876748,262.52217556326,308.5339373108048,3000.0,23.28467318375421,2.284673183754211,262.5338457091207,0.013609601598293547,0.011670145860705361,0.011670145860705361,0.0005011943164762844,0.0,0.015768428140111618,1.0
52.4550587202231,0.9389817570802829,43277.41804927655,0.04396788268422116,3312724.823016258,0.022549470342904606,0.00027348827608533884,0.025727309581634945,0.05055026820062489,262.5222107305793,308.5339623041404,3000.0,23.283993286187474,2.2839932861874743,262.53383872931937,0.013609601372573934,0.01162799874009579,0.01162799874009579,0.0004993988186293521,0.0,0.015711939987836904,1.0
52.50042908521381,0.938981825924962,43277.42439534249,0.04396671024456731,3312725.0659000794,0.022549470125156606,0.00027347369070141803,0.02572732305220492,0.05055026686806295,262.5222423056377,308.53398492536974,3000.0,23.28337581361046,2.2833758136104594,262.5338324119679,0.01360960116827727,0.01159010633023172,0.01159010633023172,0.0004977846177896868,0.0,0.01566115562003377,1.0
52.505015919004265,0.9389818328726104,43277.42503577304,0.04396659171494331,3312725.090411362,0.022549470103181972,0.00027347221619082314,0.025727324411623873,0.05055026673099667,262.52224547868485,308.5339872082527,3000.0,23.283313388631992,2.2833133886319934,262.53383177443516,0.01360960114766011,0.011586295750305453,0.011586295750305453,0.0004976222909906984,0.0,0.01565604865709142,1.0
52.55497311778543,0.9389819083962677,43277.431997504216,0.043965300771262414,3312725.3568585985,0.022549469864309148,0.00027345615708627595,0.02572733918903639,0.050550265210431815,262.5222798120319,308.5340120240844,3000.0,23.28263349108773,2.282633491087729,262.53382484420473,0.013609600923543559,0.011545032172818992,0.011545032172818992,0.0004958645325597842,0.0,0.01560074782429448,1.0
52.604930316566595,0.9389819836540932,43277.43893473171,0.043964009852910366,3312725.622367982,0.022549469626277133,0.0002734400987683343,0.025727353914427934,0.0505502636394734,262.52231373502786,308.5340367525681,3000.0,23.28195359355464,2.2819535935546407,262.53381793836763,0.013609600700215859,0.011504203339768537,0.011504203339768537,0.000494125344487988,0.0,0.015546031233564192,1.0
52.65488751534776,0.9389820586488948,43277.445847714356,0.04396271895962197,3312725.886949417,0.022549469389077068,0.00027342404123367167,0.02572736858834799,0.050550262018658726,262.52234725203294,308.5340613946265,3000.0,23.28127369603269,2.28127369603269,262.53381105666625,0.013609600477668668,0.011463804633308428,0.011463804633308428,0.0004924045300520628,0.0,0.015491892695882421,1.0
52.704844714128924,0.9389821333834515,43277.45273670829,0.043961428091134756,3312726.1506127086,0.02254946915270014,0.00027340798447899575,0.025727383211340375,0.05055026034851951,262.5223803673623,308.5340859511727,3000.0,23.28059379852184,2.2805937985218376,262.53380419884564,0.013609600255893754,0.011423831483341473,0.011423831483341473,0.0004907018945567793,0.0,0.01543832608603189,1.0
52.75042908521381,0.9389822013516387,43277.45900198217,0.04396025023570046,3312726.3904042686,0.02254946893772449,0.00027339333387367423,0.02572739651038032,0.05055025878197849,262.52241023719955,308.53410828440116,3000.0,23.279973413458055,2.2799734134580554,262.5337979619231,0.013609600054198041,0.011387724723533665,0.011387724723533665,0.0004891639917831895,0.0,0.01538994213209042,1.0
52.75480191291009,0.9389822078605127,43277.459601966984,0.04396013724718906,3312726.413367557,0.022549468917137664,0.00027339192850104975,0.02572739778394314,0.05055025862958185,262.5224130852854,308.5341104231101,3000.0,23.279913901022045,2.2799139010220455,262.5337973646533,0.013609600034882948,0.01138427936791686,0.01138427936791686,0.0004890172453523148,0.0,0.015385325343143297,1.0
52.804759111691254,0.9389822820827985,43277.46644374114,0.043958846427528,3312726.6752235587,0.022549468682381037,0.0002733758732966117,0.025727412306688586,0.050550256862366236,262.522445410026,308.53413481133254,3000.0,23.279234003533276,2.279234003533275,262.5337905538399,0.013609599814628184,0.01134514381385543,0.01134514381385543,0.00048735039186141116,0.0,0.015332884471549854,1.0
52.85471631047242,0.9389823560530001,43277.473262278836,0.04395755563189744,3312726.936190208,0.022549468448421744,0.0002733598188624941,0.025727426780103323,0.05055025504738756,262.5224773457629,308.5341591167242,3000.0,23.27855410605549,2.27855410605549,262.5337837661582,0.013609599595121471,0.011306420395271743,0.011306420395271743,0.00048570114551618927,0.0,0.015280997538799402,1.0
52.904673509253584,0.9389824297737799,43277.48005782548,0.04395626486004593,3312727.1962768976,0.022549468215251372,0.0002733437651955435,0.02572744120470839,0.05055025318515531,262.52250889663054,308.53418334016,3000.0,23.277874208588653,2.277874208588652,262.5337770013642,0.013609599376354914,0.011268104733630935,0.011268104733630935,0.000484069319760884,0.0,0.015229658675740556,1.0
52.95463070803475,0.9389825032477727,43277.48683062396,0.043954974111724665,3312727.455492924,0.02254946798286158,0.00027332771229263933,0.02572745558101937,0.05055025127617359,262.5225400667201,308.5342074825056,3000.0,23.277194311132725,2.2771943111327246,262.53377025921577,0.013609599158320686,0.011230192495645497,0.011230192495645497,0.0004824547299617833,0.0,0.015178862073689289,1.0
53.00042908521381,0.9389825703906266,43277.493019821464,0.043953790835688025,3312727.6923727114,0.022549467770496465,0.0002733129964255344,0.02572746871854057,0.05055024948546257,262.5225683108808,308.53422954454317,3000.0,23.27657101358178,2.2765710135817807,262.5337640980278,0.013609598959074124,0.011195787147016745,0.011195787147016745,0.0004809895383853597,0.0,0.015132765689069402,1.0
53.004587906815914,0.9389825764775852,43277.49358091453,0.04395368338668751,3312727.713847483,0.02254946775124412,0.00027331166015069484,0.025727469909546396,0.05055024932094121,262.52257086007944,308.5342315446176,3000.0,23.27651441368767,2.2765144136876714,262.533763539474,0.013609598941011061,0.011192679394582683,0.011192679394582683,0.00048085719346367716,0.0,0.015128601986204993,1.0
53.05454510559708,0.9389826494657963,43277.50030893493,0.04395239268469094,3312727.9713496733,0.02254946752039084,0.0002732956087666562,0.0257274841907941,0.0505502473199516,262.52260128071305,308.5342555273434,3000.0,23.275834516253457,2.2758345162534566,262.5337568419022,0.013609598724418383,0.011155561189127638,0.011155561189127638,0.0004792765295413034,0.0,0.015078872727562915,1.0
53.104502304378244,0.9389827222149579,43277.50701492036,0.043951102005494,3312728.2280084975,0.022549467290293668,0.00027327955813750146,0.025727498425261872,0.05055024527369305,262.52263133258344,308.53427943152144,3000.0,23.275154618830044,2.275154618830044,262.5337501662661,0.013609598508535077,0.011118833682644436,0.011118833682644436,0.00047771255936788007,0.0,0.015029668671764241,1.0
53.15445950315941,0.9389827947275939,43277.51369910349,0.043949811348858385,3312728.4838328594,0.02254946706094462,0.00027326350826024253,0.025727512613443616,0.05055024318264848,262.52266101960987,308.53430325798104,3000.0,23.2744747214174,2.2744747214173993,262.5337435123341,0.013609598293353653,0.011082492724256099,0.011082492724256099,0.00047616510606178714,0.0,0.014980984254004797,1.0
53.20441670194057,0.9389828670062029,43277.52036171462,0.043948520714548175,3312728.7388315755,0.022549466832335795,0.00027324745913192097,0.025727526755828272,0.05055024104729599,262.5226903456721,308.5343270075432,3000.0,23.273794824015486,2.273794824015487,262.53373687987704,0.013609598078866697,0.011046534204922409,0.011046534204922409,0.00047463399451832595,0.0,0.014932813965382027,1.0
53.25042908521381,0.9389829333725025,43277.52647933206,0.04394733201331293,3312728.9729716806,0.022549466622426937,0.0002732326779654899,0.02572753974137623,0.050550239041768655,262.522717040005,308.53434881441774,3000.0,23.27316861397702,2.2731686139770204,262.5337307899476,0.013609597881924531,0.011013749942605955,0.011013749942605955,0.000473238093415071,0.0,0.01488889753238828,1.0
53.25437390072174,0.9389829390532558,43277.52700298153,0.04394723010233008,3312728.993013362,0.022549466604459376,0.0002732314107496114,0.025727540852899383,0.050550238868108374,262.5227193146072,308.5343506810199,3000.0,23.273114926624274,2.2731149266242725,262.5337302686681,0.01360959786506688,0.011010954060907352,0.011010954060907352,0.0004731190515589686,0.0,0.01488515235759065,1.0
53.3043310995029,0.9389830108711985,43277.533623129646,0.04394593951197319,3312729.2463868484,0.022549466377307623,0.00027321536311041846,0.025727554905135577,0.05055023664555362,262.52274793021286,308.53437427921466,3000.0,23.272435029243724,2.272435029243722,262.5337236784829,0.013609597651946944,0.010975748270027452,0.010975748270027452,0.0004716201057704329,0.0,0.014837994037859773,1.0
53.35428829828407,0.9389830824624494,43277.540222381926,0.043944648943249155,3312729.4989605667,0.02254946615087289,0.000273199316211479,0.025727568913010115,0.05055023438009448,262.5227761962447,308.5343978029223,3000.0,23.271755131873803,2.2717551318738014,262.5337171090994,0.013609597439499707,0.010940912854721319,0.010940912854721319,0.00047013698763683984,0.0,0.01479133367311083,1.0
53.40424549706523,0.9389831538294025,43277.54680095902,0.04394335839593198,3312729.7507429626,0.02254946592514761,0.0002731832700499595,0.025727582876991444,0.05055023207218901,262.52280411641993,308.5344212529293,3000.0,23.271075234514477,2.2710752345144773,262.5337105602981,0.01360959722771807,0.010906443878184291,0.010906443878184291,0.00046866952937389016,0.0,0.014745165984740556,1.0
53.4542026958464,0.9389832249744259,43277.55335907923,0.043942067869798096,3312730.001742393,0.022549465700124286,0.00027316722462305664,0.02572759679754302,0.05055022972229037,262.5228316944161,308.5344446300139,3000.0,23.270395337165716,2.270395337165717,262.5337040318615,0.013609597016594999,0.010872337445391622,0.010872337445391622,0.0004672175649730861,0.0,0.014699485750012344,1.0
53.50042908521381,0.9389832906106785,43277.55940940355,0.04394087373898319,3312730.2333068945,0.022549465492524578,0.00027315237812246485,0.025727609640218706,0.050550227510865756,262.522856911243,308.534466197007,3000.0,23.269766214639397,2.269766214639398,262.53369800892284,0.013609596821819218,0.010841097679815448,0.010841097679815448,0.0004658876922018724,0.0,0.014657646639908654,1.0
53.50415989462756,0.9389832958998628,43277.55989695853,0.04394077736462631,3312730.2519671214,0.02254946547579551,0.0002731511799279974,0.02572761067512337,0.05055022733084688,262.52285893387153,308.534467934946,3000.0,23.269715439827486,2.269715439827487,262.53369752357474,0.013609596806123548,0.010838589703212165,0.010838589703212165,0.0004657809302068766,0.0,0.01465428780221818,1.0
53.55411709340873,0.9389833666080322,43277.56641481069,0.043939486880197734,3312730.501425331,0.02254946525215394,0.00027313513596203745,0.025727624510186252,0.05055022489830223,262.522885838387,308.53449116848753,3000.0,23.269035542499758,2.269035542499756,262.53369103522493,0.013609596596296836,0.01080519683790726,0.01080519683790726,0.00046435946252143095,0.0,0.014609567027305152,1.0
53.60407429218989,0.9389834371012269,43277.572912847056,0.043938196416295885,3312730.75012511,0.022549465029192337,0.00027311909272246274,0.025727638303180395,0.0505502224250952,262.52291241152324,308.53451433139196,3000.0,23.268355645182492,2.268355645182491,262.5336845666017,0.013609596387108052,0.010772155078484502,0.010772155078484502,0.00046295300118101736,0.0,0.014565318368417915,1.0
53.65403149097106,0.9389835073817165,43277.57939127682,0.04393690597270657,3312730.998074467,0.022549464806903514,0.0002731030502065881,0.025727652054549903,0.050550219911660005,262.5229386568042,308.53453742440496,3000.0,23.26767574787566,2.267675747875661,262.53367811749683,0.013609596178550466,0.01073946069266185,0.01073946069266185,0.00046156138709481387,0.0,0.014521536820449913,1.0
53.70398868975222,0.9389835774517465,43277.58585030699,0.04393561554921782,3312731.2452813224,0.022549464585280368,0.0002730870084117561,0.02572766576473419,0.05055021735842631,262.5229645777168,308.5345604482644,3000.0,23.266995850579235,2.2669958505792343,262.5336716877042,0.013609595970617413,0.01070710998743607,0.01070710998743607,0.0004601844628415797,0.0,0.014478217430819645,1.0
53.75042908521381,0.9389836424022924,43277.591837425374,0.043934415984647576,3312731.474426653,0.022549464379849553,0.0002730720965447529,0.025727678473214395,0.05055021494960871,262.52298838599404,308.53458178994555,3000.0,23.266363815564763,2.266363815564764,262.53366572768766,0.01360959577787644,0.010677341693622111,0.010677341693622111,0.00045891750762012794,0.0,0.014438357776576132,1.0
53.75394588853339,0.9389836473135387,43277.59229014235,0.04393432514561993,3312731.491753516,0.022549464364315867,0.000273070967335338,0.025727679434168028,0.05055021476581924,262.522990177711,308.5345834037003,3000.0,23.26631595329318,2.2663159532931796,262.53366527702,0.013609595763302302,0.010675099309025882,0.010675099309025882,0.0004588220726674563,0.0,0.014435355299401523,1.0
53.80390308731455,0.9389837169692908,43277.59871098549,0.04393303476170544,3312731.7374988007,0.022549464144003075,0.0002730549269747332,0.02572769306328152,0.05055021213425933,262.52301546019976,308.5346062914349,3000.0,23.265636056017467,2.265636056017467,262.5336588852425,0.013609595556598608,0.010643425042758281,0.010643425042758281,0.0004574740624813241,0.0,0.014392945578379836,1.0
53.85386028609572,0.9389837864211779,43277.60511303688,0.04393174439726911,3312731.98252485,0.022549463924335097,0.000273038887327369,0.02572770665250025,0.05055020946416272,262.52304042856,308.5346291121827,3000.0,23.264956158752064,2.264956158752065,262.5336525121722,0.013609595350499878,0.01061208361215904,0.01061208361215904,0.00045614027981595275,0.0,0.014350983471026521,1.0
53.90381748487688,0.9389838556713509,43277.611496494814,0.043930454052107895,3312732.2268392523,0.02254946370530514,0.0002730228483907002,0.025727720202245168,0.050550206755941005,262.52306508613225,308.5346518666506,3000.0,23.264276261496946,2.2642762614969447,262.5336461576116,0.013609595144999731,0.010581071479350612,0.010581071479350612,0.00045482057384534216,0.0,0.014309464232246782,1.0
53.95377468365805,0.9389839247219388,43277.61786155553,0.04392916372602087,3312732.47044952,0.022549463486906465,0.00027300681016220827,0.025727733712932868,0.05055020401000154,262.5230894362223,308.5346745555382,3000.0,23.263596364252074,2.2635963642520753,262.53363982136545,0.013609594940091847,0.0105503851431763,0.0105503851431763,0.0004535147953043285,0.0,0.014268383166049826,1.0
54.00042908521381,0.9389839890290492,43277.623789364465,0.04392795872371561,3312732.697324812,0.022549463283510852,0.0002729918328990089,0.02572774629548953,0.05055020141189939,262.5231119016938,308.53469568579703,3000.0,23.26296141674918,2.2629614167491825,262.53363392039205,0.013609594749260245,0.01052201869822511,0.01052201869822511,0.0004523077913308718,0.0,0.014230409645963251,1.0
54.00373188243921,0.9389839935750485,43277.62420841324,0.04392787341880922,3312732.7133630835,0.022549463269132406,0.0002729907726394014,0.025727747184975634,0.05055020122674744,262.52311348210145,308.5346971795376,3000.0,23.262916467017426,2.262916467017428,262.53363350324037,0.013609594735769974,0.010520021138916036,0.010520021138916036,0.0004522227964765943,0.0,0.014227735625171663,1.0
54.05368908122038,0.9389840622327633,43277.630537259975,0.04392658313027632,3312732.955587296,0.022549463051976377,0.0002729747358198149,0.025727760618781174,0.05055019840657737,262.5231372270052,308.5347197393335,3000.0,23.262236569792975,2.262236569792974,262.5336272030451,0.013609594532027926,0.010489976039934845,0.010489976039934845,0.0004509444312657595,0.0,0.01418751701331181,1.0
54.10364628000154,0.9389841306971454,43277.636848285816,0.04392529286022759,3312733.1971294307,0.02254946283543186,0.00027295869970101014,0.025727774014752985,0.05055019554988585,262.5231606741352,308.53474223560346,3000.0,23.261556672578685,2.2615566725786835,262.5336209205906,0.013609594328859595,0.010460246455352262,0.010460246455352262,0.00044967955509542777,0.0,0.014147722781988616,1.0
54.153603478782706,0.9389841989702344,43277.643141678775,0.04392400260847053,3312733.437996684,0.02254946261949239,0.0002729426642805745,0.025727787373290248,0.05055019265706322,262.5231838266591,308.53476466901765,3000.0,23.260876775374527,2.2608767753745287,262.5336146556896,0.013609594126258917,0.01043082903049708,0.01043082903049708,0.0004484280249289585,0.0,0.014108348431161363,1.0
54.20356067756387,0.9389842670540485,43277.64941762489,0.0439227123748147,3312733.6781961755,0.0225494624041516,0.0002729266295561213,0.025727800694787827,0.05055018972849555,262.5232066877104,308.5347870402392,3000.0,23.26019687818048,2.260196878180481,262.5336084081568,0.01360959392421991,0.010401720446395757,0.010401720446395757,0.0004471896992476973,0.0,0.014069389508545417,1.0
54.25042908521381,0.9389843307580217,43277.655289838964,0.04392150193098164,3312733.902943602,0.02254946220266373,0.00027291158686929175,0.02572781315930673,0.050550186948839754,262.5232278730564,308.5348079723171,3000.0,23.259559018188924,2.2595590181889227,262.53360256252876,0.013609593735178092,0.010374689472371301,0.010374689472371301,0.00044603981804892847,0.0,0.014033213136976787,1.0
54.253517876345036,0.9389843349505852,43277.65567630828,0.04392142215907163,3312733.9177349536,0.022549462189403163,0.00027291059552528844,0.02572781397963667,0.05055018676456512,262.523229260391,308.5348093499245,3000.0,23.259516980996512,2.259516980996513,262.53360217780914,0.013609593722736641,0.010372917418123961,0.010372917418123961,0.00044596443798032613,0.0,0.014030841607389493,1.0
54.3034750751262,0.9389844026618199,43277.66191791105,0.04392013196105491,3312734.156619987,0.02254946197524083,0.0002728945621857398,0.0257278272282233,0.05055018376564987,262.5232515477685,308.53483159872263,3000.0,23.2588370838226,2.2588370838225966,262.53359596446523,0.013609593521803251,0.010344416696739245,0.010344416696739245,0.0004447521025861683,0.0,0.01399270036909661,1.0
54.353432273907366,0.9389844701897078,43277.66814261338,0.04391884178058008,3312734.3948581726,0.02254946176165842,0.00027287852953516387,0.025727840440930308,0.05055018073212389,262.5232735528784,308.53485378727595,3000.0,23.258157186658703,2.2581571866587047,262.53358976794556,0.013609593321413939,0.010316215067177836,0.010316215067177836,0.0004435525559649843,0.0,0.013954961480386163,1.0
54.40338947268853,0.938984537536182,43277.67435059352,0.043917551617464703,3312734.632456332,0.022549461548649816,0.0002728624975712744,0.025727853618136027,0.05055017766435712,262.52329527872325,308.5348759162198,3000.0,23.25747728950481,2.2574772895048105,262.53358358807293,0.013609593121562966,0.010288309349675728,0.010288309349675728,0.0004423656625182835,0.0,0.013917620675222933,1.0
54.453346671469696,0.9389846047031568,43277.68054202787,0.04391626147152824,3312734.869421217,0.022549461336208967,0.0002728464662918091,0.025727866760214997,0.05055017456271577,262.5233167282748,308.534897986183,3000.0,23.256797392360887,2.2567973923608866,262.53357742467153,0.013609592922244652,0.010260696396755975,0.010260696396755975,0.0004411912880200042,0.0,0.013880673730748489,1.0
54.50042908521381,0.9389846678424077,43277.686362188106,0.043915045582552964,3312735.092176305,0.022549461136507323,0.00027283135815615845,0.025727879114213332,0.050550171608876815,262.52333669325077,308.53491873270247,3000.0,23.256156619880446,2.256156619880445,262.5335716308638,0.013609592734878627,0.010234937613006423,0.010234937613006423,0.0004400958326990764,0.0,0.013846209661445098,1.0
54.50330387025086,0.9389846716925252,43277.68671709096,0.04391497134259201,3312735.105759508,0.022549461124329883,0.00027283043569452885,0.025727879867537683,0.050550171427562095,262.523337904473,308.5349199977877,3000.0,23.256117495226906,2.2561174952269067,262.5335712775678,0.013609592723453382,0.010233373094763465,0.010233373094763465,0.00044002929968270783,0.0,0.01384411646936383,1.0
54.553261069032025,0.9389847385061607,43277.69287595549,0.043913681230479285,3312735.3414778137,0.022549460913006636,0.00027281440577721936,0.0257278929404707,0.050550168259254555,262.523358810227,308.5349419516495,3000.0,23.255437598102844,2.255437598102845,262.5335651465897,0.013609592525183593,0.010206336362671209,0.010206336362671209,0.000438879566106459,0.0,0.013807944757121084,1.0
54.60321826781319,0.9389848051459163,43277.699018792235,0.04391239113501528,3312735.5765826716,0.02254946070223337,0.00027279837653769044,0.02572790597937664,0.0505501650581477,262.5233794484141,308.5349638483772,3000.0,23.254757700988677,2.2547577009886757,262.5335590315672,0.01360959232742979,0.010179583153103522,0.010179583153103522,0.0004377419573230271,0.0,0.013772154505114188,1.0
54.653175466594355,0.9389848716136253,43277.70514577021,0.043911101056027003,3312735.81108055,0.02254946049200428,0.0002727823479737746,0.025727918984614274,0.050550161824592335,262.5233998218812,308.5349856885732,3000.0,23.25407780388437,2.2540778038843725,262.53355293233216,0.013609592130186528,0.01015311045097178,0.01015311045097178,0.00043661634473742927,0.0,0.013736741667639805,1.0
54.70313266537552,0.9389849379111024,43277.71125705667,0.043909810993343304,3312736.04497785,0.022549460282313635,0.0002727663200833274,0.02572793195653868,0.050550158558935646,262.52341993344584,308.5350074728338,3000.0,23.25339790678991,2.253397906789911,262.53354684871795,0.013609591933448425,0.010126915272110182,0.010126915272110182,0.00043550260106946166,0.0,0.01370170224035781,1.0
54.75042908521381,0.9389850005222498,43277.71702853847,0.04390858965578153,3312736.26586979,0.022549460084282408,0.00027275114647580415,0.025727944207182146,0.050550155437940364,262.5234387350182,308.53502804582706,3000.0,23.252754221820393,2.252754221820394,262.53354110337017,0.013609591747649521,0.010102368351965652,0.010102368351965652,0.00043445900023686597,0.0,0.01366886957552716,1.0
54.753089864156685,0.9389850040401424,43277.71735281706,0.04390852094679484,3312736.2782809045,0.02254946007315575,0.0002727502928642272,0.025727944895501106,0.05055015526152108,262.5234397858953,308.5350292017487,3000.0,23.252718009705266,2.252718009705265,262.53354078056,0.013609591737210158,0.010100994664696827,0.010100994664696827,0.0004344006004150076,0.0,0.013667032262220182,1.0
54.80304706293785,0.9389850700025212,43277.7234332151,0.043907230916214096,3312736.5109959794,0.02254945986452502,0.00027273426631437513,0.025727957801849045,0.05055015193268844,262.52345938198727,308.53505087590156,3000.0,23.25203811263041,2.2520381126304096,262.5335347276952,0.013609591541466452,0.010075345707946326,0.010075345707946326,0.00043331021819001067,0.0,0.013632727813708344,1.0
54.853004261719015,0.9389851357999959,43277.72949841273,0.04390594090143533,3312736.743129273,0.022549459656415864,0.0002727182404316948,0.025727970675926342,0.0505501485727739,262.52347872445,308.5350724958696,3000.0,23.251358215565322,2.2513582155653213,262.53352868996245,0.013609591346212091,0.010049965512450854,0.010049965512450854,0.00043223133114533646,0.0,0.013598785017300772,1.0
54.90296146050018,0.9389852014343046,43277.73554857019,0.04390465090229459,3312736.974686917,0.02254945944882281,0.00027270221521413237,0.02572798351807313,0.05055014518211007,262.52349781598264,308.535094062224,3000.0,23.250678318509976,2.2506783185099755,262.53352266720213,0.013609591151441924,0.010024851219498032,0.010024851219498032,0.0004311638173376301,0.0,0.013565200036556141,1.0
54.952918659281345,0.9389852669071677,43277.74158384602,0.043903360918629626,3312737.2056749817,0.022549459241740403,0.000272686190659655,0.025727996328626018,0.05055014176102608,262.5235166592564,308.53511557552997,3000.0,23.249998421464348,2.2499984214643476,262.5335166592565,0.013609590957150842,0.010000000000104592,0.010000000000104592,0.00043010755608794424,0.0,0.013531969074811748,1.0
