time_s,mach,q_pa,cl,reynolds,cd_parasite,cd_induced,cd_wave,cd_total,drag_n,speed_m_s,altitude_m,mass_kg,fuel_kg,thrust_n,fuel_flow_kg_s,excess_thrust_n,acceleration_force_n,acceleration_m_s2,climb_rate_m_s,specific_excess_power_m_s,throttle
0.0,0.8,31414.272542497896,0.08974939245165839,2304477.9911019453,0.023667374918915435,0.0011395428064152494,0.0006886574074074087,0.027495575132738093,69.10027927460497,262.8668427071567,3000.0,23.0,3.0,367.0495137582894,0.018679931819703406,297.9492344836844,297.9492344836844,12.954314542768886,0.0,347.2398590031317,1.0
0.005075929077256445,0.8002000879818538,31429.98855360382,0.08970414505037266,2305054.364040028,0.02366657631879839,0.0011383940888175443,0.0007020921204936103,0.02750706252810954,69.1637328321398,262.93258832722364,3000.0,22.99990518388261,2.9999051838826114,367.0250330261399,0.018679186485124913,297.86130019400014,297.86130019400014,12.95054470062464,0.0,347.2256314218052,1.0
0.01015185815451289,0.8004001176193217,31445.703910541433,0.08965894475673174,2305630.568911419,0.02366577819103286,0.0011372471455351496,0.0007156442543833337,0.027518669590951346,69.22751487752612,262.99831477628493,3000.0,22.999810371548108,2.9998103715481066,367.00055943241665,0.018678441301137706,297.77304455489053,297.77304455489053,12.946760853439486,0.0,347.21095239109803,1.0
0.015227787231772153,0.8006000886962362,31461.41859288404,0.08961379155550339,2306206.605093427,0.02366498053613987,0.0011361019743744555,0.0007293134450178083,0.02753039595553214,69.29162489478708,263.06402198331153,3000.0,22.999715562995718,2.9997155629957186,366.9760930035676,0.01867769626860559,297.6844681087805,297.6844681087805,12.942963024626511,0.0,347.1958221859185,1.0
0.020303716309028597,0.8008000009967918,31477.132580217432,0.08956868543133908,2306782.4719644026,0.023664183354638366,0.0011349585731415667,0.0007430993282981685,0.027542241256078098,69.35606236591236,263.1297098773932,3000.0,22.999620758224676,2.999620758224677,366.9516337659965,0.018676951388391295,297.59557140008417,297.59557140008417,12.939151237685683,0.0,347.18024108456484,1.0
0.020346810167543472,0.8008016979692923,31477.265986523413,0.08956830268876131,2306787.360259127,0.02366417658871787,0.00113494887341136,0.0007432168668437245,0.027542342328972957,69.35661083047715,263.13026747464744,3000.0,22.999619953362913,2.999619953362912,366.9514261416861,0.018676945065127182,297.59481531120895,297.59481531120895,12.939118816513131,0.0,347.1801068739421,1.0
0.02538697974668382,0.8010001430370505,31492.868556210098,0.08952356129556958,2307359.0006229905,0.023663385496200656,0.00113381529133833,0.0007570217118184539,0.02755422249935744,69.42092058726647,263.19547326016294,3000.0,22.99952582025618,2.99952582025618,366.92714641981,0.01867620558538835,297.5062258325436,297.5062258325436,12.935319978228568,0.0,347.16418587810404,1.0
0.03047030598510155,0.8012002281709563,31508.603988682014,0.089478483785126,2307935.365357281,0.023662588103708488,0.0011326737660822255,0.0007710605687110131,0.027566322438501725,69.48610697112561,263.261217944441,3000.0,22.999430884905575,2.9994308849055735,366.9026660361065,0.018675459927659097,297.4165590649809,297.4165590649809,12.93147472010597,0.0,347.147678833531,1.0
0.03555363222351928,0.801400253709684,31524.33866274157,0.08943345344205535,2308511.558421852,0.023661791187537518,0.0011315340093054523,0.0007852153618911575,0.027578540558734127,69.5516201918151,263.3269430467237,3000.0,22.999335953344996,2.999335953344995,366.87819294386344,0.01867471442528232,297.3265727520483,297.3265727520483,12.927615534430483,0.0,347.13072043612425,1.0
0.040636958461939834,0.8016002194378061,31540.072557925436,0.08938847025050932,2309087.5791961425,0.02366099474820115,0.001130396018804304,0.0007994857255337585,0.02759087649253921,69.61745972091568,263.3926484962251,3000.0,22.999241025573653,2.9992410255736517,366.85372716943823,0.01867396907912066,297.23626744852254,297.23626744852254,12.923742445153527,0.0,347.11331097898545,1.0
0.045720284700357564,0.8018001251402873,31555.80565378532,0.08934353419451888,2309663.427060722,0.023660198786210646,0.0011292597923747147,0.0008138712937940294,0.027603329872379387,69.68362502801045,263.45833422228804,3000.0,22.999146101590746,2.9991461015907475,366.82926873914056,0.018673223890035593,297.1456437111301,297.1456437111301,12.919855476311701,0.0,347.0954507585962,1.0
0.04997242470341141,0.8019672975450963,31568.965566555715,0.08930598192837726,2310144.9834702243,0.023659533340794608,0.0011283107062949587,0.0008259928680020113,0.027613836915091575,69.73922133864089,263.51326432508796,3000.0,22.999066701753513,2.9990667017535118,366.8088152225075,0.01867260066978805,297.0695938838666,297.0695938838666,12.91659343121159,0.0,347.0801648900037,1.0
0.05080559080097601,0.8020000484268589,31571.544057158335,0.08929862778375587,2310239.3255779883,0.023659402992341743,0.001128124886302122,0.0008283773707786062,0.027615905249422472,69.75014154083614,263.52402572619394,3000.0,22.999051144426545,2.9990511444265464,366.80480815743215,0.018672478568742316,297.054666616596,297.054666616596,12.915953130030866,0.0,347.0771328554164,1.0
0.05590102537931224,0.8022003092208003,31587.312963572054,0.08925367921311117,2310816.196318136,0.023658606093644896,0.0011269894861164653,0.0008430272439014174,0.027628622823662775,69.81711647068208,263.58982812947073,3000.0,22.9989560019359,2.998956001935899,366.7803062817518,0.018671731922377498,296.9631898110697,296.9631898110697,12.912029128020999,0.0,347.0583266107973,1.0
0.06099645995764848,0.802400509056395,31603.081005246582,0.08920877795393617,2311392.891461824,0.023657809676099928,0.0011258558517644598,0.0008577917672562419,0.02764145729512063,69.88441712006092,263.6556105028373,3000.0,22.99886086324933,2.9988608632493308,366.7558118643153,0.018670985436430358,296.8713947442544,296.8713947442544,12.90809125327748,0.0,347.0390683678125,1.0
0.06609189453598753,0.8026006477186527,31618.8481616485,0.08916392398966569,2311969.4103897507,0.023657013740212958,0.0011247239810249954,0.0008726705723373684,0.027654408293575322,69.9520429467833,263.72137277565145,3000.0,22.99876572836602,2.9987657283660205,366.7313249314267,0.01867023911176369,296.7792819846434,296.7792819846434,12.904139530348983,0.0,347.0193584386293,1.0
0.07118732911432377,0.8028007249929802,31634.61441225986,0.08911911730361541,2312545.75248376,0.02365621828648791,0.0011235938716766983,0.0008876632906386351,0.02766747544880324,70.01999340668455,263.78711487740134,3000.0,22.998670597285145,2.998670597285145,366.7068455093413,0.0186694929492391,296.68685210265676,296.68685210265676,12.900173983868392,0.0,346.99919713879416,1.0
0.07628276369265999,0.8030007406651807,31650.379736578216,0.08907435787898248,2313121.9171268367,0.023655423315426513,0.001122465521497951,0.0009027695536572006,0.027680658390581668,70.0882679536328,263.85283673770545,3000.0,22.998575470005875,2.9985754700058758,366.6823736242663,0.01866874694971697,296.5941056706335,296.5941056706335,12.896194638552442,0.0,346.97858478722605,1.0
0.08137819827099622,0.8032006945214547,31666.144114116756,0.08902964569884589,2313697.903703111,0.023654628827528324,0.0011213389282669073,0.0009179889928974312,0.027693956748692662,70.15686603953746,263.9185382863128,3000.0,22.99848034652738,2.9984803465273795,366.65790930235977,0.01866800111405646,296.5010432628223,296.5010432628223,12.892201519201333,0.0,346.9575217062093,1.0
0.08647363284933245,0.8034005863483997,31681.907524404283,0.0889849807461671,2314273.711597856,0.023653834823290722,0.0011202140897615133,0.0009333212398746983,0.02770737015292693,70.22578711435763,263.9842194531028,3000.0,22.998385226848818,2.9983852268488196,366.6334525697317,0.018667255443115528,296.40766545537406,296.40766545537406,12.8881946506984,0.0,346.9360082213878,1.0
0.09156906742767151,0.8036004159330095,31697.669946985265,0.08894036300379081,2314849.3401974863,0.023653041303208902,0.0011190910037595307,0.0009487659261191173,0.02772089823308755,70.29503062611009,264.0498801680851,3000.0,22.998290110969354,2.998290110969354,366.6090034524432,0.018666509937750906,296.3139728263331,296.3139728263331,12.884174058009732,0.0,346.9140446617572,1.0
0.09666450200600774,0.8038001830626748,31713.431361419916,0.08889579245444523,2315424.7888895604,0.023652248267775886,0.001117969668038552,0.0009643226831794047,0.027734540618993844,70.36459602087793,264.11552036139983,3000.0,22.99819499888814,2.9981949988881382,366.58456197650696,0.018665764598818118,296.21996595562905,296.21996595562905,12.880139766183824,0.0,346.89163135965896,1.0
0.09994484940682281,0.80392875633473,31723.577728230925,0.0888671237141834,2315795.1567341797,0.02365173798276307,0.0011172486977206603,0.000974396965194986,0.027743383645678715,70.40955100222556,264.157767424002,3000.0,22.998133769482635,2.998133769482635,366.56883105751024,0.018665284851733053,296.1592800552847,296.1592800552847,12.877535326291262,0.0,346.87696427595733,1.0
0.10176554343122815,0.8040001072387429,31729.20908891508,0.08885122011467933,2316000.689969108,0.023651454845653935,0.0011168488493809546,0.000980008445067775,0.027748312140102663,70.43455982062385,264.1812121575797,3000.0,22.998099785952416,2.998099785952417,366.5601012859688,0.018665018607301805,296.12554146534495,296.12554146534495,12.876087338581897,0.0,346.86874324600456,1.0
0.10687671792654625,0.8042003653526584,31745.017103946986,0.08880660663612852,2316577.5529891807,0.023650660335571803,0.0011157275591428012,0.000995837277440557,0.02776222517215516,70.50498503469545,264.247013680244,3000.0,22.99800438769522,2.998004387695223,366.53559973818926,0.018664271302908503,296.0306147034938,296.0306147034938,12.87201314136113,0.0,346.8453582678626,1.0
0.11198789242186434,0.804400559984915,31760.824042905402,0.08876204058971203,2317154.233144146,0.023649866314614514,0.0011146080232969956,0.0010117777604813757,0.027776252098392885,70.57573243747507,264.31279434387926,3000.0,22.997908993257198,2.9979089932571976,366.51110595738027,0.01866352416855554,295.93537351990517,295.93537351990517,12.867925236449585,0.0,346.82152178920563,1.0
0.11709906691718529,0.804600690922532,31776.629885224706,0.08871752195753257,2317730.7298204917,0.023649072783270934,0.0011134902395999794,0.0010278295224271548,0.027790392545298068,70.64680146216357,264.3785540785035,3000.0,22.997813602637468,2.997813602637469,366.4866199696002,0.018662777205101455,295.83981850743663,295.83981850743663,12.863823649458082,0.0,346.79723415892136,1.0
0.12221024141250339,0.8048007579529294,31792.434610355438,0.08867305072157797,2318307.0424058614,0.023648279742027767,0.0011123742058081207,0.0010439921915525935,0.027804646139388482,70.7181915400464,264.4442928142665,3000.0,22.997718215835164,2.997718215835163,366.46214180085803,0.018662030413403564,295.74395026081163,295.74395026081163,12.859708406079001,0.0,346.77249572924904,1.0
0.12732141590782148,0.8050007608639297,31808.238197764404,0.08862862686372142,2318883.170289058,0.023647487191369547,0.0011112599196777292,0.0010602653961740388,0.027819012507221318,70.78990210050263,264.5100104814501,3000.0,22.997622832849398,2.997622832849399,366.4376714771137,0.01866128379431795,295.6477693766111,295.6477693766111,12.855579532085946,0.0,346.7473068557732,1.0
0.1324325904031396,0.8052006994437569,31824.040626934715,0.08858425036572222,2319459.1128600375,0.023646695131778604,0.0011101473789650765,0.0010766487646532024,0.02783349127539688,70.86193257101306,264.57570701046825,3000.0,22.997527453679293,2.997527453679293,366.41320902427805,0.01866053734869945,295.551276453265,295.551276453265,12.851437053333349,0.0,346.7216678974166,1.0
0.13754376489845768,0.8054005734810369,31839.84187736584,0.08853992120922628,2320034.869509918,0.023645903563735145,0.001109036581426412,0.0010931419254009164,0.027848082070562476,70.93428237716928,264.6413823318669,3000.0,22.997432078323957,2.9974320783239565,366.38875446821254,0.01865979107740166,295.45447209104327,295.45447209104327,12.847280995756108,0.0,346.6955792164318,1.0
0.14265493939377863,0.8056003827647971,31855.64192857363,0.08849563937576677,2320610.4396309718,0.023645112487717182,0.0011079275248179886,0.0011097445068808786,0.027862784519416053,71.00695094268178,264.7070363763239,3000.0,22.997336706782498,2.9973367067824963,366.3643078347297,0.01865904498127696,295.3573568920479,295.3573568920479,12.843111385369225,0.0,346.6690411783954,1.0
0.14776611388909672,0.8058001270844666,31871.440760090412,0.0884514048467644,2321185.8226166293,0.02364432190420059,0.0011068202068960705,0.001126456137613363,0.02787759824871002,71.07993768938893,264.7726690746492,3000.0,22.997241339054014,2.9972413390540154,366.3398691495928,0.018658299061176453,295.25993146020386,295.25993146020386,12.83892824826742,0.0,346.64205415220033,1.0
0.14991727411023423,0.8058841747908669,31878.089707156618,0.08843280182536092,2321427.930228632,0.023643989315564187,0.001106354684957148,0.0011335221443118445,0.02788386614483318,71.11075090778716,264.800285768672,3000.0,22.997201202400895,2.997201202400894,366.32958592633724,0.018657985175671257,295.21883501855007,295.21883501855007,12.837163636578932,0.0,346.63056185601664,1.0
0.15288676175441188,0.8060001762670334,31887.26763054335,0.088407135748023,2321762.0837895833,0.023643530349713924,0.0011057125778740125,0.001143307722661006,0.02789255065024894,71.15337819863791,264.8384019459085,3000.0,22.997145798387713,2.997145798387713,366.31539316452984,0.01865755193590771,295.1620149658919,295.1620149658919,12.834723819796157,0.0,346.6145672428303,1.0
0.15801429429487046,0.8062004286548017,31903.114512258533,0.08836285466780833,2322338.9303149306,0.023642738227265685,0.001104605203792949,0.0011602908913551405,0.027907634322413777,71.22723628433626,264.90420158705507,3000.0,22.997050133100682,2.9970501331006827,366.29089231734343,0.018656803984878297,295.0636560330072,295.0636560330072,12.83050018699176,0.0,346.58659256704516,1.0
0.16314182683532907,0.8064006150275856,31918.960104662514,0.08831862113846214,2322915.5866776793,0.023641946601902455,0.0011034995727598666,0.0011773826853383887,0.027922828860000713,71.30141283133456,264.96997953676345,3000.0,22.996954471648337,2.996954471648337,366.2663995470796,0.01865605621356815,294.964986715745,294.964986715745,12.826263020148641,0.0,346.55816716023634,1.0
0.16826935937579054,0.8066007351744117,31934.804387157637,0.08827443514077739,2323492.0522701005,0.02364115547409597,0.001102395682509666,0.001194582729819357,0.027938133886424993,71.3759072484162,265.0357357257113,3000.0,22.99685881402975,2.9968588140297516,366.241914879551,0.01865530862283156,294.86600763113483,294.86600763113483,12.822012345931576,0.0,346.52929140819026,1.0
0.17339689191624913,0.8068007888847125,31950.64733916309,0.08823029665543627,2324068.3264856334,0.023640364844315843,0.0011012935307773632,0.0012118906500826468,0.027953549025175856,71.450718942512,265.10147008470955,3000.0,22.996763160244,2.9967631602439995,366.2174383405206,0.018654561213521572,294.7667193980086,294.7667193980086,12.817748191084169,0.0,346.4999657000138,1.0
0.17852442445670774,0.807000775948328,31966.488940115094,0.08818620566301036,2324644.4087188924,0.023639574713029503,0.001100193115298094,0.0012293060714926249,0.027969073899820222,71.5258473187092,265.16718254470317,3000.0,22.99666751029015,2.996667510290147,366.1929699557012,0.01865381398648995,294.66712263699196,294.66712263699196,12.813470582428495,0.0,346.470190428128,1.0
0.18365195699716635,0.8072006961555055,31982.329169466957,0.08814216214396124,2325220.2983656637,0.023638785080702204,0.001099094433807137,0.0012468286194971868,0.027984708134006532,71.60129178026051,265.2328730367708,3000.0,22.996571864167258,2.996571864167258,366.1685097507562,0.018653066942587206,294.5672179704957,294.5672179704957,12.809179546864708,0.0,346.43996598825987,1.0
0.18877948953762494,0.8074005492968984,31998.168006689022,0.0880981660786413,2325795.9948229045,0.023637995947797072,0.001097997484039936,0.0012644579196312861,0.028000451351468295,71.67705172859242,265.2985414921246,3000.0,22.996476221874392,2.9964762218743908,366.1440577512991,0.018652320082662596,294.4670060227067,294.4670060227067,12.804875111370665,0.0,346.40929277943485,1.0
0.1939070220780864,0.8076003351635679,32014.005431268833,0.08805421744729391,2326371.497488745,0.023637207314775067,0.0010969022637321094,0.0012821935975207816,0.028016303176027955,71.75312656331465,265.36418784211077,3000.0,22.9963805834106,2.996380583410599,366.1196139828935,0.018651573407564098,294.36648741957885,294.36648741957885,12.800557303001519,0.0,346.3781712039685,1.0
0.199034554618545,0.8078000535469811,32029.84142271111,0.08801031623005427,2326946.8057624884,0.023636419182095005,0.0010958087706194738,0.0013000352788859544,0.028032263231600435,71.82951568222857,265.4298120182088,3000.0,22.996284948774935,2.9962849487749335,366.09517847105343,0.018650826918138436,294.26566278882484,294.26566278882484,12.79622614888937,0.0,346.34660166745965,1.0
0.19988969881364563,0.8078333549982708,32032.482329171373,0.08800299921665604,2327042.7338394495,0.02363628778998672,0.001095626571202469,0.001303021112394797,0.02803493547358399,71.84228601256311,265.4407543274064,3000.0,22.996268999681785,2.9962689996817855,366.0911040438856,0.018650702440495284,294.24881803132246,294.24881803132246,12.79550252414399,0.0,346.3412931028449,1.0
0.20417248315071393,0.8080001089587543,32045.708063324182,0.08796637354214126,2327523.0848792787,0.023635629953811316,0.0010947147906458607,0.0013180190844801858,0.028048363828937363,71.90637431328227,265.4955469362829,3000.0,22.996189124080363,2.996189124080363,366.070701723848,0.018650079102303662,294.16432741056576,294.16432741056576,12.79187285438233,0.0,346.3145192102938,1.0
0.20931249250308098,0.8082001771747988,32061.57964879724,0.08792246065299542,2328099.4008800206,0.02363484090949099,0.001093622098324952,0.0013361159192231504,0.02806457892703909,71.98357860633764,265.56128606162997,3000.0,22.996093264421628,2.9960932644216283,366.04622341004216,0.018649331171848544,294.06264480370453,294.06264480370453,12.787504443577081,0.0,346.2819745331115,1.0
0.21445250185544806,0.8084001769516536,32077.44973237707,0.0878785953483599,2328675.5197350048,0.023634052369322818,0.0010925311347805807,0.001354318144565591,0.028080901648668992,72.06109688600033,265.62700269898494,3000.0,22.995997408606776,2.995997408606776,366.02175346976003,0.01864858343051962,293.9606565837597,293.9606565837597,12.783122704377165,0.0,346.24898095649877,1.0
0.21959251120781798,0.8086001080809029,32093.31829348844,0.0878347776077927,2329251.4408438685,0.023633264333760336,0.0010914418977329558,0.0013726253839070612,0.028097331615400352,72.13892853845913,265.69269677986574,3000.0,22.99590155663483,2.9959015566348306,365.99729192850134,0.018647835879164694,293.8583633900422,293.8583633900422,12.778727664419728,0.0,346.21553890218917,1.0
0.2238149118429782,0.8087642954456189,32106.35280158213,0.08779881790238182,2329724.398554375,0.023632617358329784,0.0010905484043787232,0.0013877426655558949,0.0281109084282644,72.20309948566603,265.7466460475849,3000.0,22.995822819296997,2.995822819296996,365.9772036310399,0.018647221925474716,293.7741041453739,293.7741041453739,12.77510730769993,0.0,346.1877317860073,1.0
0.22473406324289305,0.8088000303293293,32109.190073546357,0.08779099428102542,2329827.3363706567,0.02363247656696738,0.0010903540587633277,0.0013910428024313038,0.02811387342816201,72.21709644867826,265.7583879426542,3000.0,22.99580567973827,2.995805679738273,365.97283147380983,0.018647088294351903,293.75573502513157,293.75573502513157,12.774318026350402,0.0,346.1816385564562,1.0
0.22988271397300444,0.8090001593539342,32125.08219933721,0.08774719815437768,2330403.827536385,0.023631688219396346,0.001089266444400504,0.001409590188707839,0.028130544852504692,72.29568525590844,265.82414704869416,3000.0,22.99570967432029,2.995709674320287,365.9483457200865,0.018646339869559225,293.65266046417804,293.65266046417804,12.769889019433268,0.0,346.14724258511666,1.0
0.2350313647031158,0.809200218876265,32140.97273579841,0.08770344968929376,2330980.118494037,0.02363090037947587,0.0010881805554705524,0.0014282418088814287,0.02814732274382785,72.37458663160714,265.8898833174299,3000.0,22.995613672755187,2.9956136727551868,365.9238684699551,0.018645591637919637,293.54928183834795,293.54928183834795,12.765446750661852,0.0,346.11239791655095,1.0
0.2401800154332272,0.8094002086885246,32156.861662323674,0.0876597488647991,2331556.2086450327,0.02363011304765311,0.0010870963896833427,0.0014469972849330147,0.028164206722269464,72.45379995176845,265.95559668058274,3000.0,22.995517675041974,2.9955176750419734,365.8993997488396,0.018644843600279983,293.44559979707117,293.44559979707117,12.760991248114424,0.0,346.07710498773446,1.0
0.24532866616334145,0.8096001285833802,32172.74895832874,0.08761609565980287,2332132.09739213,0.023629326224372853,0.0010860139447488283,0.0014658562389774793,0.028181196408099157,72.5333245906504,266.0212870700265,3000.0,22.995421681179646,2.995421681179645,365.8749395821071,0.018644095757485636,293.3416149914567,293.3416149914567,12.756522539942765,0.0,346.04136423889696,1.0
0.24986212351705703,0.8097761027341476,32186.736573383845,0.08757769782378821,2332639.008088938,0.02362863383709684,0.001085062260075234,0.001482547175903051,0.02819624327307512,72.60360436716122,266.0791092817894,3000.0,22.99533716045894,2.9953371604589405,365.8534091732827,0.018643437433666695,293.2498048061215,293.2498048061215,12.752576870687154,0.0,346.00952361917547,1.0
0.2504789248060191,0.8098000407556432,32188.639564044246,0.08757247644259358,2332707.963893547,0.023628539664592857,0.00108493288113673,0.0014848242311409374,0.028198296776870524,72.61318490165087,266.0869749219534,3000.0,22.99532566119032,2.995325661190322,365.8504803602326,0.01864334787692254,293.23729545858174,293.23729545858174,12.752039252633168,0.0,346.00516474220734,1.0
0.25564103241087227,0.8100003422387254,32204.565050076733,0.08752880464374962,2333284.9518427327,0.02362775180671538,0.0010838510536451608,0.0015039390034756505,0.028215541863836194,72.69354027016608,266.15279069501264,3000.0,22.99522942415682,2.9952294241568165,365.82597350624246,0.0186425984730796,293.1324332360764,293.1324332360764,12.747532448105805,0.0,345.96843320997345,1.0
0.26080314001572547,0.8102005728153877,32220.488835051845,0.0874851806492898,2333861.7355390624,0.023626964461370782,0.0010827709491013585,0.0015231566555713408,0.02823289206604348,72.77420668761421,266.21858316938847,3000.0,22.995133190991304,2.995133190991302,365.80147532764136,0.01864184926764468,293.02726864002716,293.02726864002716,12.743012454253803,0.0,345.931252862223,1.0
0.26596524762057866,0.810400732278542,32236.410898313,0.0874416044374939,2334438.3143859995,0.02362617762899792,0.0010816925651977874,0.0015424768071504481,0.028250347001346154,72.85518351642553,266.2843522770351,3000.0,22.99503696169275,2.9950369616927506,365.7769858497664,0.01864110026146379,292.92180233334085,292.92180233334085,12.738479299742677,0.0,345.89362415569013,1.0
0.27112735522543185,0.8106008204215701,32252.331219226242,0.08739807598652685,2335014.6877883603,0.023625391310033328,0.0010806158996270819,0.0015618990780896375,0.02826790628775005,72.93647011732502,266.3500979500613,3000.0,22.99494073626013,2.9949407362601312,365.7525050978973,0.01864035145538142,292.8160349805723,292.8160349805723,12.733933013310107,0.0,345.85554755035264,1.0
0.27628946283028794,0.8108008370383232,32268.24977718019,0.08735459527443967,2335590.8551523127,0.02362460550491117,0.0010795409500820715,0.0015814230884235165,0.02828556954341676,73.01806584934182,266.41582012072985,3000.0,22.99484451469241,2.9948445146924088,365.72803309725634,0.018639602850240574,292.7099672479145,292.7099672479145,12.729373623765506,0.0,345.81702350942214,1.0
0.28145157043514113,0.8110007819231214,32284.166551586164,0.08731116227916975,2336166.8158853767,0.023623820214063278,0.0010784677142557958,0.001601048458348296,0.02830333638666737,73.09997006981907,266.4815187214578,3000.0,22.994748296988544,2.9947482969885435,365.7035698730085,0.01863885444688274,292.60359980318947,292.60359980318947,12.724801159989633,0.0,345.7780524993353,1.0
0.2866136780399943,0.8112006548707548,32300.081521878226,0.08726777697854152,2336742.569396424,0.023623035437919136,0.0010773961898415223,0.0016207748082255739,0.028321206435986235,73.18218213442383,266.5471936848165,3000.0,22.994652083147493,2.9946520831474914,365.67911545026107,0.018638106246147878,292.4969333158372,292.4969333158372,12.720215650934104,0.0,345.73863498974333,1.0
0.2917757856448475,0.8114004556764828,32315.994667513285,0.08722443935026693,2337318.1150956796,0.023622251176905903,0.001076326374532763,0.0016406017585860152,0.02833917931002468,73.26470139715683,266.61284494353157,3000.0,22.994555873168203,2.9945558731682036,365.654669854064,0.018637358248874476,292.3899684569072,292.3899684569072,12.715617125621028,0.0,345.6987714535049,1.0
0.2969378932497007,0.8116001841360339,32331.905967971044,0.08718114937194621,2337893.4523947197,0.0236214674314484,0.0010752582660232964,0.0016605289301329564,0.028357254627604654,73.34752721036203,266.67847243048277,3000.0,22.99445966704963,2.994459667049629,365.6302331094101,0.018636610455899476,292.28270589904804,292.28270589904804,12.71100561314256,0.0,345.65846236667466,1.0
0.29983454822046846,0.8117122276090504,32340.83358814127,0.08715687858073136,2338216.2045417363,0.0236210278680295,0.0010746596564298948,0.001671754580028446,0.02836744210448784,73.39413795379787,266.71528807298,3000.0,22.994405683826933,2.994405683826934,365.6165246086466,0.018636190930607824,292.2223866548487,292.2223866548487,12.708412240477374,0.0,345.63564842929117,1.0
0.3021079965618605,0.8118001492408617,32347.840043786273,0.08713784007892643,2338469.47137355,0.023620682989207407,0.001074190211550365,0.0016805870412961047,0.028375460242053875,73.43078792630205,266.7441776751799,3000.0,22.994363315783808,2.9943633157838088,365.60576741124487,0.01863586171026186,292.1749794849428,292.1749794849428,12.70637396967577,0.0,345.61764473846574,1.0
0.3072883233520799,0.8120004365652426,32363.803730342257,0.0870944930392312,2339046.4185372153,0.023619897515330533,0.0010731217576102929,0.001700784882592267,0.028393804155533095,73.51452038779595,266.8099887959227,3000.0,22.99426677787288,2.9942667778728818,365.5812622895695,0.018635111691259268,292.0667419017735,292.0667419017735,12.701720160210806,0.0,345.57629910670727,1.0
0.3124686501422993,0.8122006504165205,32379.7654967114,0.08705119391797399,2339623.154054445,0.023619112561926604,0.0010720550155611445,0.001721082506974178,0.028412250084461924,73.59855959750367,266.8757757746123,3000.0,22.994170243846757,2.9941702438467566,365.5567661573165,0.01863436188052347,291.9582065598128,291.9582065598128,12.697053360207285,0.0,345.5345062337258,1.0
0.31764897693251876,0.8124007905901546,32395.725322248618,0.08700794269206956,2340199.677336039,0.023618328129415573,0.001070989983073435,0.0017414795318513826,0.028430797644340394,73.68290489427876,266.9415385440399,3000.0,22.994073713704353,2.9940737137043523,365.5322790395112,0.01863361227889419,291.84937414523245,291.84937414523245,12.692373599345803,0.0,345.49226661348393,1.0
0.32282930372273816,0.8126008568820802,32411.683186332328,0.08696473933832209,2340775.9877941688,0.023617544218215037,0.0010699266578180367,0.0017619755748270686,0.028449446450860144,73.76755561534445,267.00727703715313,3000.0,22.993977187444585,2.9939771874445844,365.50780096112095,0.018632862887209615,291.7402453457765,291.7402453457765,12.68768090737585,0.0,345.44958074313877,1.0
0.32800963051296045,0.8128008490887085,32427.63906836451,0.0869215838334256,2341352.084842378,0.02361676082874027,0.0010688650374661931,0.0017825702537017244,0.02846819611990819,73.85251109630381,267.0729911870562,3000.0,22.993880665066364,2.9938806650663623,365.4833319470548,0.018632113706306387,291.630820850751,291.630820850751,12.682975314115351,0.0,345.40644912303185,1.0
0.33318995730317985,0.8130007670069269,32443.592947770747,0.08687847615396463,2341927.967895579,0.02361597796140419,0.001067805119689538,0.0018032631864767724,0.028487046267570496,73.93777067114954,267.1386809270095,3000.0,22.993784146568593,2.993784146568594,365.4588720221636,0.018631364737019613,291.52110135101407,291.52110135101407,12.67825684945026,0.0,345.36287225667945,1.0
0.33837028409339925,0.813200610434099,32459.544804000343,0.08683541627641468,2342503.6363700596,0.02361519561661741,0.001066746902160112,0.0018240539913582394,0.02850599651013576,74.02333367227432,267.2043461904301,3000.0,22.99368763195018,2.99368763195018,365.4344212112398,0.01863061598018286,291.4110875389655,291.4110875389655,12.673525543334078,0.0,345.3188506507623,1.0
0.34355061088361866,0.8134003791680642,32475.494616526325,0.08679240417714279,2343079.0896834764,0.023614413794788198,0.0010656903825503772,0.00184494228676032,0.028525046464098897,74.10919943048057,267.2699869108914,3000.0,22.99359112121002,2.993591121210019,365.4099795390178,0.018629867436628155,291.3007801085372,291.3007801085372,12.66878142578747,0.0,345.2743848151165,1.0
0.34873093767383806,0.8136000730071381,32491.44236484551,0.08674943983240822,2343654.327254857,0.023613632496322524,0.001064635558533241,0.0018659276913089921,0.028544195746164756,74.19536727499045,267.3356030221232,3000.0,22.993494614347004,2.993494614347004,365.3855470301736,0.018629119107185985,291.1901797551832,291.1901797551832,12.664024526897812,0.0,345.22947526272327,1.0
0.34980697292387986,0.8136415431417212,32494.754701882503,0.08674052145078552,2343773.7860204005,0.023613470274041273,0.0010644166674797684,0.0018702988347726,0.028548185776293644,74.21330351875466,267.34922942630385,3000.0,22.99347456884178,2.9934745688417785,365.3804731659289,0.018628963694338474,291.1671696471742,291.1671696471742,12.6630348438827,0.0,345.2200912350778,1.0
0.35392619226197136,0.8138002668692602,32507.433974988773,0.08670639961740016,2344231.0051913746,0.023612849472475488,0.0010635793954907587,0.0018870707142047624,0.028563499582171012,74.28208614096349,267.40138343270496,3000.0,22.99339783327948,2.9933978332794826,365.36105334359047,0.018628368837205617,291.078967202627,291.078967202627,12.659241114044224,0.0,345.18399117982216,1.0
0.3591253605186608,0.8140005357229867,32523.435512119293,0.08666337501574142,2344807.899148519,0.023612066386554935,0.0010625241394377877,0.0019083266759245452,0.028582917201917267,74.36917314918412,267.4671884842945,3000.0,22.993300983206918,2.993300983206918,365.33655048179673,0.018627618219296916,290.9673773326126,290.9673773326126,12.654441289013686,0.0,345.13802709508985,1.0
0.3643245287753502,0.8142007285281299,32539.434908052895,0.08662039844408305,2345384.574040306,0.02361128382902726,0.0010614705842893865,0.0019296793008279182,0.028602433714144566,74.45656240426439,267.53296854757036,3000.0,22.993204137036376,2.993204137036377,365.3120569245349,0.01862686781956678,290.8554945202705,290.8554945202705,12.649628681014235,0.0,345.0916176325479,1.0
0.36952369703203963,0.814400845082726,32555.432142158985,0.08657746987799259,2345961.0292849583,0.023610501800293504,0.0010604187276949302,0.0019511282042588942,0.02862204873224733,74.54425322177964,267.5987235561705,3000.0,22.993107294766723,2.9931072947667228,365.28757269651504,0.018626117638848496,290.7433194747354,290.7433194747354,12.644803320728608,0.0,345.0447633234388,1.0
0.374722865288729,0.8146008851852944,32571.427193831427,0.08653458929293073,2346537.264302091,0.023609720300752375,0.0010593685673043216,0.0019726730017944334,0.02864176186985113,74.63224491575305,267.6644534438917,3000.0,22.993010456396817,2.993010456396816,365.2630978223884,0.018625367677973834,290.6308529066353,290.6308529066353,12.639965238905015,0.0,344.99746470214615,1.0
0.3799220335454213,0.8148008486348374,32587.42004248864,0.08649175666425205,2347113.2785127126,0.02360893933080023,0.0010583201007680115,0.0019943133092480718,0.028661572740816314,74.72053679866589,267.7301581446895,3000.0,22.99291362192551,2.9929136219255112,365.238632326747,0.018624617937772956,290.5180955280811,290.5180955280811,12.635114466356704,0.0,344.94972230618345,1.0
0.38512120180211074,0.8150007352308403,32603.41066757359,0.08644897196720554,2347689.0713392184,0.023608158890831118,0.0010572733257370173,0.0020160487426734365,0.02868148095924157,74.80912818146764,267.7958375926779,3000.0,22.99281679135166,2.9928167913516597,365.2141762341238,0.018623868419074464,290.4050480526561,290.4050480526561,12.630251033961477,0.0,344.90153667618404,1.0
0.39032037005880016,0.8152005447732713,32619.399048553925,0.08640623517693505,2348264.6422053995,0.02360737898123677,0.0010562282398629335,0.002037878918367808,0.028701486139467512,74.89801837358642,267.8614917221299,3000.0,22.99271996467411,2.9927199646741074,365.1897295689926,0.01862311912270538,290.2917111954062,290.2917111954062,12.625374972661296,0.0,344.8529083558912,1.0
0.3955195383154896,0.8154002770625822,32635.385164922027,0.08636354626847978,2348839.990536436,0.02360659960240659,0.0010551848407979497,0.0020598034528757155,0.02872158789608025,74.98720668293933,267.9271204674772,3000.0,22.9926231418917,2.992623141891697,365.1652923557681,0.018622370049491167,290.17808567282873,290.17808567282873,12.620486313461779,0.0,344.8038378921468,1.0
0.39977939762729126,0.8155638669533851,32648.4814436372,0.08632860543144306,2349311.2271650885,0.023605961426095886,0.0010543312032402718,0.002077837045538002,0.028738129674874158,75.06050347319749,267.98087341509495,3000.0,22.992543814522158,2.992543814522159,365.1452771591432,0.018621756474663166,290.0847736859457,290.0847736859457,12.616471497282843,0.0,344.7633036009756,1.0
0.4007222231688666,0.8156000669153473,32651.379806509434,0.08632087639154766,2349415.504684614,0.023605820228113007,0.0010541424221728224,0.002081836887517849,0.028741799537803675,75.07675304251082,267.9927681272288,3000.0,22.992526257518534,2.9925262575185356,365.14084809966437,0.018621620693827435,290.06409505715357,290.06409505715357,12.615581768110534,0.0,344.75429219675857,1.0
0.4059408561373231,0.8158003910823614,32667.4211581373,0.08627812383269438,2349992.557977076,0.023605038999460502,0.0010530985002971285,0.0021040320126448986,0.028762169512402527,75.1668723906712,268.058591353855,3000.0,22.99242908007567,2.992429080075669,365.1163384702989,0.018620869267259706,289.9494660796277,289.9494660796277,12.610649578164251,0.0,344.70415095672786,1.0
0.4111594891057767,0.8160006368156325,32683.4601662393,0.0862354194386652,2350569.3853334957,0.02360425830671847,0.0010520562707814274,0.0021263210452614765,0.02878263562276137,75.25728998847214,268.1243888084432,3000.0,22.992331906553634,2.9923319065536336,365.091838437289,0.018620118068009922,289.8345484488169,289.8345484488169,12.605704790048014,0.0,344.653565930393,1.0
0.41637812207423036,0.8162008039153199,32699.4968101774,0.08619276318379973,2351145.9861782114,0.02360347815027135,0.0010510157312540174,0.0021487035986262836,0.02880319748015165,75.34800513001029,268.19016042532905,3000.0,22.99223473695124,2.9922347369512394,365.06734802508555,0.01861936709690645,289.7193428950753,289.7193428950753,12.600747435370518,0.0,344.60253768321223,1.0
0.42159675504268396,0.816400892182073,32715.53106933896,0.08615015504233425,2351722.3599369735,0.02360269853050128,0.001049976879343883,0.002171179286266686,0.02882385469611185,75.43901710790071,268.2559061390092,3000.0,22.992137571267293,2.9921375712672944,365.0428672580787,0.018618616354776053,289.60385015017795,289.60385015017795,12.59577754580282,0.0,344.5510667837356,1.0
0.4268153880111376,0.816600901417031,32731.5629231368,0.08610759498840212,2352298.5060369466,0.023601919447788028,0.0010489397126807105,0.002193747721982165,0.028844606882450906,75.53032521328693,268.3216258841413,3000.0,22.9920404095006,2.9920404095006,365.0183961605992,0.0186178658424439,289.4880709473123,289.4880709473123,12.59079515307794,0.0,344.49915380359647,1.0
0.4320340209795941,0.816800831421824,32747.592351009283,0.08606508299603433,2352874.423906704,0.023601140902509067,0.0010479042288949018,0.0022164085198479464,0.028865453651251913,75.62192873585201,268.3873195955443,3000.0,22.991943251649957,2.9919432516499556,364.9939347569175,0.01861711556073353,289.3720060210655,289.3720060210655,12.585800288990338,0.0,344.4467993174982,1.0
0.43725265394804774,0.8170006819985721,32763.619332420378,0.08602261903916,2353450.1129762353,0.02360036289503954,0.0010468704256175916,0.002239161294218375,0.028886394614875507,75.71382696382872,268.452987208198,3000.0,22.991846097714152,2.991846097714154,364.9694830712443,0.018616365510466894,289.2556561074156,289.2556561074156,12.58079298539552,0.0,344.3940039032056,1.0
0.44247128691650134,0.817200452949886,32779.643846859704,0.08598020309160705,2354025.572676941,0.02359958542575228,0.0010458383004806632,0.0022620056597304553,0.0289074293859634,75.80601918401013,268.5186286572436,3000.0,22.991748947691985,2.9917489476919847,364.94504112773006,0.018615615692464324,289.13902194371997,289.13902194371997,12.575773274209531,0.0,344.3407681415323,1.0
0.447689919884955,0.8174001440788664,32795.66587384261,0.08593783512710254,2354600.802441633,0.0235988084950178,0.0010448078511167626,0.002284941231307254,0.028928557577441817,75.89850468175999,268.5842438779832,3000.0,22.991651801582233,2.9916518015822327,364.92060895046535,0.01861486610754456,289.02210426870533,289.02210426870533,12.570741187408531,0.0,344.28709261633094,1.0
0.44975182233070266,0.8174790207879424,32801.99554976647,0.08592110859600309,2354828.0144917285,0.02359850167513295,0.0010444011778449722,0.0022940282182164645,0.02893693107119439,75.9351267376974,268.61016146733067,3000.0,22.991613419849557,2.9916134198495574,364.91095839789426,0.018614570008008365,288.97583166019683,288.97583166019683,12.568749586347547,0.0,344.26576413263047,1.0
0.45291750910142126,0.8176000976939491,32811.71288353384,0.08589544253063891,2355176.788323133,0.023598030771219664,0.001043777311005142,0.002308007220036821,0.02894981530226163,75.99144221833144,268.6499453473391,3000.0,22.99155449267104,2.9915544926710376,364.8961446580686,0.018614115470685692,288.90470243973715,288.90470243973715,12.56568808915598,0.0,344.232884665351,1.0
0.45815094832933395,0.8178001944442994,32827.775309532655,0.08585305066967594,2355753.186519724,0.02359725271914716,0.0010427472972443011,0.002331189920147557,0.02897118993653902,76.08477709491973,268.71569384858975,3000.0,22.991457078794852,2.9914570787948507,364.871662853095,0.018613364229734437,288.7868857581753,288.7868857581753,12.56061696170292,0.0,344.1781752209333,1.0
0.46338438755724376,0.8180002103267423,32843.835172199586,0.0858107069844305,2356329.3517684247,0.023596475209793362,0.0010417189616304665,0.0023544631828021742,0.028992657354226,76.17840474770071,268.78141577797606,3000.0,22.991359668849615,2.991359668849614,364.84719094229683,0.018612613225654613,288.6687861945961,288.6687861945961,12.555533485290383,0.0,344.12302529652175,1.0
0.46861782678515357,0.8182001451446789,32859.892450979685,0.0857684114480036,2356905.2835029117,0.023595698243522662,0.001040692301779315,0.002377826620827238,0.029014217166129216,76.27232445026998,268.84711107089885,3000.0,22.991262262834084,2.991262262834085,364.82272894972783,0.0186118624592654,288.55040449945784,288.55040449945784,12.550437692405708,0.0,344.06743549311875,1.0
0.4738149118429782,0.8183986106967712,32875.83561031969,0.08572645733982814,2357476.9828738975,0.023594927212255576,0.0010396744296262016,0.0024011166203329053,0.029035718262214683,76.36588003329018,268.91232358722965,3000.0,22.991165537338638,2.991165537338639,364.79844672159675,0.01861111714411392,288.43256668830657,288.43256668830657,12.545365141226952,0.0,344.0117971353697,1.0
0.4738513368586313,0.8184000014068924,32875.94734266033,0.08572616346181529,2357480.98894998,0.02359492181019029,0.001039667301443347,0.002401280165450545,0.02903586927708418,76.36653675214306,268.912780551703,3000.0,22.9911648594285,2.9911648594285007,364.79827656843884,0.01861111192122604,288.43173981629576,288.43173981629576,12.545329546363202,0.0,344.01140565330303,1.0
0.47909497480579655,0.8186001627360497,32892.030671161774,0.08568388195298023,2358057.5731721213,0.023594144419702607,0.0010386419934194989,0.0024248687612073412,0.02905765517432945,76.46122281808695,268.97855027248755,3000.0,22.991067271466854,2.991067271466854,364.7737868622587,0.018610360170770793,288.3125640441717,288.3125640441717,12.540199227809797,0.0,343.95482743081965,1.0
0.48433861275296475,0.8188002420966546,32908.111344046294,0.08564164869878953,2358633.921275856,0.023593367575494337,0.0010376183605069794,0.0024485467193888855,0.0290795326553902,76.55619987651288,269.0442930597539,3000.0,22.990969687446487,2.9909696874464875,364.74930718491765,0.018609608661386032,288.19310730840476,288.19310730840476,12.535056642946373,0.0,343.8978094421111,1.0
0.48958225070013,0.8190002392930644,32924.18934075401,0.08559946367176774,2359210.0326976166,0.02359259127792226,0.001036596400310476,0.0024723136518246306,0.029101501330057365,76.65146719128109,269.1100088492171,3000.0,22.990872107366133,2.9908721073661346,364.72483756035257,0.018608857393888747,288.0733703690715,288.0733703690715,12.529901824680003,0.0,343.8403523037385,1.0
0.49482588864729526,0.8192001541301805,32940.264640755435,0.0855573268443322,2359785.9068754027,0.023591815527340698,0.0010355761104353664,0.0024961691706721664,0.02912356080844823,76.74702402491344,269.17569757677086,3000.0,22.990774531224524,2.990774531224522,364.70037801243376,0.01860810636909414,287.9533539875203,287.9533539875203,12.52473480597365,0.0,343.7824566352444,1.0
0.49972424703411406,0.8193868305339223,32955.278970857515,0.08551800813338947,2360323.6464552535,0.023591091352324425,0.0010346245107728004,0.002518533553584711,0.029144249416681936,76.83654959384037,269.23703637284524,3000.0,22.990683383768463,2.990683383768464,364.67753818469254,0.018607405017252856,287.84098859085213,287.84098859085213,12.519897028988243,0.0,343.7279776251814,1.0
0.5000705668718266,0.8194000260496669,32956.34041189577,0.08551522984366695,2360361.657424772,0.023591040170364404,0.0010345572865702061,0.002520117647303326,0.02914571510423794,76.84288868187181,269.2413722022973,3000.0,22.990676939663565,2.9906769396635644,364.6759237154799,0.018607355438893424,287.8330350336081,287.8330350336081,12.519554591149856,0.0,343.72411144302674,1.0
0.5053300031415656,0.8196003772598154,32972.45866843229,0.08547306275254503,2360938.7886176193,0.023590263181828674,0.0010335372690596682,0.0025442217300235075,0.02916802218091185,76.9393124640026,269.3072043148527,3000.0,22.990579077443254,2.9905790774432544,364.65141077739133,0.018606602641101887,287.71209831338876,287.71209831338876,12.514347609263645,0.0,343.66516276965666,1.0
0.5105894394113076,0.8198006450274756,32988.57415014595,0.085430944067906,2361515.679446244,0.023589486744639912,0.0010325189247199884,0.0025684137639730487,0.029190419433332948,77.03602527602922,269.37300900957877,3000.0,22.990481219181586,2.9904812191815866,364.62690804847756,0.018605850089929647,287.59088277244837,287.59088277244837,12.509128453235832,0.0,343.6057748094889,1.0
0.5158488756810466,0.8200008291579749,33004.68683644426,0.08538887376149061,2362092.3293498736,0.023588710859145646,0.0010315022511378177,0.0025926933591542095,0.029212906469437673,77.13302636849016,269.4387862225093,3000.0,22.99038336487726,2.990383364877262,364.6024155525569,0.018605097786191946,287.46938918406676,287.46938918406676,12.503897156549284,0.0,343.5459481996119,1.0
0.5211083119507857,0.8202009294571908,33020.79670676582,0.08534685180493401,2362668.737769319,0.023587935525690898,0.0010304872459005908,0.0026170601259188674,0.029235482897510358,77.23031499062547,269.50453588985886,3000.0,22.990285514528978,2.990285514528976,364.5779333133803,0.01860434573070218,287.34761832275484,287.34761832275484,12.498653752741008,0.0,343.4856835800715,1.0
0.5263677482205247,0.820400945731551,33036.90374058031,0.08530487816976637,2363244.9041469754,0.023587160744618196,0.001029473906596542,0.002641513674971928,0.029258148326186666,77.32789039038799,269.57025794802274,3000.0,22.99018766813542,2.99018766813542,364.55346135463105,0.018603593924271893,287.22557096424305,287.22557096424305,12.493398275401638,0.0,343.42498159385747,1.0
0.5316271844902637,0.8206008777880326,33053.007917388575,0.08526295282741367,2363820.827926822,0.0235863865162676,0.0010284622308147277,0.002666053617374721,0.029280902364457052,77.42575181445447,269.6359523335768,3000.0,22.990089825695282,2.990089825695282,364.52899969992563,0.018602842367710804,287.10324788547115,287.10324788547115,12.48813075817499,0.0,343.36384288689266,1.0
0.5368866207600057,0.820800725434163,33069.10921672273,0.08522107574919782,2364396.508554424,0.02358561284097667,0.0010274522161450317,0.0026906795645485005,0.0293037446216702,77.52389850823707,269.7016189832778,3000.0,22.989991987207247,2.9899919872072456,364.50454837281296,0.01860209106182676,286.98064986457587,286.98064986457587,12.482851234757536,0.0,343.3022681080202,1.0
0.5421460570297447,0.821000488478019,33085.207618146145,0.08517924690633766,2364971.945476926,0.023584839719080503,0.0010264438601781892,0.002715391128277739,0.029326674707536436,77.62232971589428,269.7672578340628,3000.0,22.98989415266999,2.98989415266999,364.4801073967749,0.018601340007425787,286.8577776808806,286.8577776808806,12.477559738897956,0.0,343.24025790899094,1.0
0.5474054932994837,0.8212001667282277,33101.30310125363,0.08513746626994906,2365547.1381430607,0.023584067150911717,0.0010254371605057952,0.002740187920713689,0.029349692232131207,77.72104468034274,269.83286882304986,3000.0,22.989796322082192,2.9897963220821904,364.4556767952258,0.018600589205312053,286.7346321148831,286.7346321148831,12.472256304396586,0.0,343.17781294445103,1.0
0.5496966717375255,0.8212871263884772,33108.31389008201,0.08511928035714528,2365797.6339220093,0.023583730768776158,0.001024999127290045,0.0027510167485027557,0.02935974664456896,77.7641366113337,269.8614423372157,3000.0,22.989753705187873,2.989753705187874,364.4450372948888,0.018600262211023778,286.6809006835551,286.6809006835551,12.469942234259891,0.0,343.1504741373595,1.0
0.5526769733783343,0.8214002169534882,33117.432493292334,0.0850956383013609,2366123.4023195957,0.023583293369568267,0.0010244298151189418,0.0027651266289663683,0.029372849813653575,77.82026966714292,269.8986020369212,3000.0,22.98969827142962,2.989698271429622,364.43120068258946,0.01859983693786447,286.61093101544657,286.61093101544657,12.466928779645249,0.0,343.11478938476574,1.0
0.557957749993171,0.8216005341856665,33133.587349846704,0.0850537850640287,2366700.435635587,0.023582518782022402,0.0010234223566617149,0.002790194382759036,0.02939613552144315,77.91995392381345,269.9644229848744,3000.0,22.989600051834884,2.989600051834885,364.40669190169996,0.018599083599484725,286.4867379778865,286.4867379778865,12.461579902736105,0.0,343.0512180940545,1.0
0.5632385266080107,0.8218007653580216,33149.739202701974,0.08501198033700068,2367277.221047868,0.02358174475369971,0.00102241656067317,0.002815346885069396,0.029419508199442272,78.0199219426611,270.03021565498506,3000.0,22.989501836217677,2.989501836217679,364.38219365021587,0.018598330517869733,286.3622717075548,286.3622717075548,12.456219092856525,0.0,342.98721050407534,1.0
0.5685193032228473,0.8220009102790727,33165.88803133156,0.08497022409062836,2367853.7580048596,0.023580971284926894,0.0010214124247191227,0.002840583744830293,0.02944296745447631,78.12017295242404,270.09597998433577,3000.0,22.989403624576646,2.989403624576646,364.3577059515649,0.018597577693825987,286.23753299914085,286.23753299914085,12.450846384424727,0.0,342.9227672890968,1.0
0.573800079837684,0.8222009687578974,33182.0338152411,0.08492851629516161,2368430.0459565907,0.023580198376028153,0.0010204099463663433,0.00286590457136421,0.029466512893758706,78.22070618063515,270.1617159101926,3000.0,22.989305416910426,2.989305416910425,364.3332288291063,0.01859682512815809,286.11252264847116,286.11252264847116,12.445461811908988,0.0,342.8578891262671,1.0
0.5790808564525206,0.8224009406041326,33198.17653396857,0.0848868569207491,2369006.0843547015,0.023579426027325212,0.001019409123182568,0.0028913089743867783,0.029490144124894556,78.32152085363406,270.2274233700053,3000.0,22.98920721321765,2.9892072132176493,364.308762306131,0.01859607282166876,285.9872414524969,285.9872414524969,12.440065409827115,0.0,342.79257669560053,1.0
0.5843616330673573,0.822600825627974,33214.31616708438,0.08484524593743879,2369581.8726524436,0.02357865423913732,0.0010184099527365158,0.002916796564010003,0.029513860755883838,78.42261619657837,270.2931023014073,3000.0,22.98910901349695,2.989109013496949,364.28430640586146,0.018595320775158828,285.8616902092831,285.8616902092831,12.434657212745964,0.0,342.72683067996485,1.0
0.5896424096821969,0.8228006236401759,33230.452694191314,0.08480368331517868,2370157.410304675,0.023577883011781233,0.001017412432597904,0.0029423669507456117,0.02953766239512475,78.52399143345494,270.3587526422157,3000.0,22.989010817746948,2.9890108177469488,364.25986115145196,0.01859456898942724,285.73586971799705,285.73586971799705,12.429237255280945,0.0,342.6606517650689,1.0
0.5949231862970336,0.8230003344520516,33246.58609492473,0.08476216902381722,2370732.6967678657,0.023577112345571253,0.0010164165603374637,0.0029680197455083735,0.029561548651417087,78.62564578709154,270.42437433043096,3000.0,22.98891262596627,2.988912625966271,364.2354265659882,0.018593817465271056,285.6097807788966,285.6097807788966,12.42380557209551,0.0,342.59404063944885,1.0
0.5996690964409369,0.8231797428859449,33261.082730776965,0.08472490074216686,2371249.5002520224,0.023576420215755386,0.0010155229595363376,0.0029911442725043163,0.029583087447796037,78.7172415226363,270.4833249911467,3000.0,22.988824382981583,2.988824382981585,364.21347597318,0.018593142283499578,285.4962344505437,285.4962344505437,12.418914064256976,0.0,342.5338080669283,1.0
0.600206187868337,0.8232000419646255,33262.72314446745,0.08472068557235934,2371307.9737270963,0.02357634191646833,0.001015421914974521,0.0029937654197334323,0.02958552925117628,78.72762148515359,270.48999493455,3000.0,22.98881439678477,2.988814396784769,364.2109923841935,0.018593065887010745,285.4833708990399,285.4833708990399,12.418359901977713,0.0,342.52696965644446,1.0
0.6055089316445436,0.8234004076280391,33278.917309530465,0.08467909568223567,2371885.1465539825,0.02357556917372288,0.0010144252063243818,0.0030196894614907335,0.029609683841537997,78.83025760991067,270.55583179621055,3000.0,22.988715804519906,2.988715804519906,364.1864776777502,0.01859231176502059,285.3562200678395,285.3562200678395,12.412882150282377,0.0,342.4592144267393,1.0
0.6108116754207501,0.8236006847958792,33295.10826065623,0.08463755443399729,2372462.0644607423,0.02357479699773902,0.0010134301519372267,0.0030456954220030295,0.029633922571679273,78.93317281695725,270.62163957968113,3000.0,22.988617216253253,2.9886172162532545,364.161973798726,0.018591557909189902,285.22880098176876,285.22880098176876,12.407392680413516,0.0,342.39102548601625,1.0
0.6161144191969596,0.8238008732793618,33311.29597735757,0.08459606179671636,2373038.7269035643,0.023574025388824995,0.0010124367493575968,0.003071782908977699,0.02965824504716029,79.03636631479645,270.6874182229304,3000.0,22.988518631983403,2.988518631983402,364.1374807702186,0.01859080432031805,285.10111445542213,285.10111445542213,12.40189152765883,0.0,342.32240354277997,1.0
0.6214171629731662,0.824000972890271,33327.4804391808,0.08455461773936636,2373615.133340275,0.023573254347286552,0.0010114449961311314,0.0030979515305485108,0.029682650873966196,79.1398373108113,270.7531676641137,3000.0,22.988420051708932,2.988420051708931,364.1129986152561,0.01859005099920248,284.97316130444483,284.97316130444483,12.396378727352351,0.0,342.2533493083452,1.0
0.6267199067493727,0.8242009834409592,33343.66162570569,0.0845132222308229,2374191.2832303364,0.02357248387342695,0.0010104548898045892,0.00312420089527893,0.02970713965851047,79.24358501127641,270.8188878415731,3000.0,22.98832147542842,2.9883214754284206,364.0885273567972,0.018589297946638703,284.8449423455208,284.8449423455208,12.39085431487391,0.0,342.18386349682197,1.0
0.6320226505255793,0.824400904744347,33359.83951654561,0.08447187523986405,2374767.176034848,0.02357171396754698,0.001009466427925857,0.003150530612165368,0.02973171100763821,79.34760862136986,270.8845786938374,3000.0,22.988222903140443,2.988222903140444,364.0640670177311,0.01858854516342032,284.7164583963612,284.7164583963612,12.385318325648644,0.0,342.113946825103,1.0
0.6373253943017859,0.8246007366139233,33376.01409134761,0.08443057673517093,2375342.811216547,0.023570944629944936,0.0010084796080439664,0.003176940290640405,0.029756364528629307,79.45190734518465,270.9502401596221,3000.0,22.988124334843572,2.988124334843572,364.03961762087727,0.018587792650338972,284.58771027569264,284.58771027569264,12.379770795146484,0.0,342.04360001285005,1.0
0.6426281380779953,0.8248004788637452,33392.18532979247,0.08438932668532821,2375918.188239807,0.023570175860916642,0.001007494427709105,0.003203429540576072,0.029781099829201817,79.55648038574064,271.0158721778295,3000.0,22.98802577053637,2.9880257705363698,364.0151791889859,0.018587040408184395,284.4586988032452,284.4586988032452,12.374211758881636,0.0,341.9728237824803,1.0
0.6479308818542019,0.8250001313084377,33408.35321159469,0.08434812505882483,2376493.3065706366,0.02356940766075545,0.001006510884472637,0.003229997972286977,0.029805916517515067,79.6613269449958,271.0814746875484,3000.0,22.9879272102174,2.9879272102173995,363.99075174473757,0.018586288437744385,284.3294247997418,284.3294247997418,12.368641252412111,0.0,341.90161885915376,1.0
0.6496415211443483,0.8250645190249555,33413.56817201918,0.08433484393998172,2376678.7816651524,0.02356915996453391,0.0010061939470597302,0.0032385856464868103,0.029813939558080454,79.69520815203045,271.1026314322361,3000.0,22.98789541598958,2.98789541598958,363.98287391805763,0.018586045913841547,284.2876657660272,284.2876657660272,12.366841793106758,0.0,341.8785571645154,1.0
0.6532489314380009,0.8252002696486318,33424.56436872487,0.08430685310961578,2377069.8245708277,0.023568637814890825,0.0010055261440756684,0.003256722224586203,0.029830886183552695,79.766750033461,271.1472368545377,3000.0,22.987828369418587,2.987828369418585,363.96626485125336,0.01858553457050357,284.19951481779236,284.19951481779236,12.363043183142592,0.0,341.82977859130716,1.0
0.6585742699845614,0.8254005914174423,33440.7943211544,0.08426557333227541,2377646.870955031,0.023567867487786557,0.0010045416989943857,0.003283562123260952,0.029855971310041897,79.87259166699181,271.2130592931536,3000.0,22.987729397164376,2.987729397164375,363.94175551530765,0.018584779945438307,284.06916384831584,284.06916384831584,12.357425952793617,0.0,341.757409272868,1.0
0.663899608531122,0.8256008220554245,33457.020826959175,0.08422434229566769,2378223.654827999,0.023567097735282278,0.001003558897573393,0.003310480700802364,0.029881137333658034,79.97870672843393,271.27885178767815,3000.0,22.987630428928068,2.9876304289280675,363.917257329204,0.018584025596785556,283.9385506007701,283.9385506007701,12.351797262385794,0.0,341.68460981621706,1.0
0.6692249470776854,0.8258009613771315,33473.243865731325,0.08418315996749277,2378800.1756555336,0.02356632855766515,0.0010025777373375143,0.003337477564352234,0.0299063838593549,80.08509440530862,271.3446142771765,3000.0,22.987531464708187,2.987531464708188,363.8927703156319,0.018583271525335357,283.80767591032327,283.80767591032327,12.346157148106204,0.0,341.6113809668219,1.0
0.674550285624246,0.8260010091976939,33489.46341709771,0.08414202631535594,2379376.432905101,0.0235655599552198,0.0010015982158128346,0.0033645523215186197,0.029931710492551257,80.1917538841164,271.41034670090363,3000.0,22.987432504503257,2.9874325045032584,363.8682944972099,0.018582517731875796,283.6765406130935,283.6765406130935,12.340505646183889,0.0,341.5377234728708,1.0
0.6798756241708066,0.8262009653328208,33505.67946071999,0.08410094130676811,2379952.426045833,0.023564791928228378,0.0010006203305267132,0.0033917045803791637,0.029957116839134254,80.29868435034957,271.4760489983045,3000.0,22.987333548311796,2.987333548311795,363.84382989648617,0.018581764217192966,283.5451455461366,283.5451455461366,12.334842792889319,0.0,341.46363808525894,1.0
0.6852009627173671,0.8264008295987987,33521.891976294755,0.08405990490914629,2380528.154548526,0.023564024476970574,0.0009996440790077969,0.003418933949484063,0.029982602505462433,80.4058849885037,271.541721109014,3000.0,22.98723459613231,2.987234596132311,363.81937653593786,0.018581010982071003,283.41349154743415,283.41349154743415,12.329168624533876,0.0,341.3891255575741,1.0
0.6905263012639277,0.8266006018124923,33538.1009435535,0.08401891708981425,2381103.6178856385,0.023563257601723578,0.0009986694587860352,0.0034462400378593703,0.030008167098368982,80.5133549820896,271.60736297285683,3000.0,22.987135647963314,2.9871356479633144,363.7949344379716,0.018580258027292046,283.281579455882,283.281579455882,12.323483177469356,0.0,341.3141866460835,1.0
0.6958516398104911,0.8268002817913448,33554.30634226285,0.0839779778160027,2381678.8155313004,0.023562491302762115,0.0009976964673926864,0.0034736224550101,0.0300338102251649,80.62109351364556,271.6729745298478,3000.0,22.98703670380331,2.987036703803309,363.77050362492326,0.018579505353636283,283.1494101112777,283.1494101112777,12.317786488087407,0.0,341.2388221097188,1.0
0.6996139458477597,0.82694129828571,33565.75315540119,0.08394908381585969,2382085.027290859,0.02356195026665344,0.0009970100378466531,0.003493013697707198,0.030051974002207292,80.69737129524991,271.71931023065207,3000.0,22.98696680301821,2.986966803018208,363.75325027969376,0.018578973766037368,283.05587898444384,283.05587898444384,12.313755068688678,0.0,341.18532155356655,1.0
0.701182015335795,0.8270000580897394,33570.52347502333,0.08393704840122225,2382254.290634793,0.02356172485637189,0.0009967241843624975,0.0035011068182709206,0.030059555859005306,80.72920204908101,271.7386177358562,3000.0,22.986937670070013,2.9869376700700134,363.74606102719457,0.018578752250364823,283.01685897811353,283.01685897811353,12.312073188705503,0.0,341.16296082367876,1.0
0.7065245151486123,0.8272001957018293,33586.77386659086,0.08389607462705874,2382830.8065376095,0.023560957246542266,0.0009957513223302753,0.0035287296465101948,0.03008543821538274,80.83782480138808,271.8043796636025,3000.0,22.98683841510529,2.986838415105288,363.7215742227938,0.018577997718291685,282.8837494214057,282.8837494214057,12.306335665348174,0.0,341.0865006349801,1.0
0.7118670149614295,0.8274002399351794,33603.02060560795,0.08385514961216611,2383407.0534538617,0.02356019021753412,0.0009947800921851094,0.0035564281185115373,0.030111398428230768,80.94671534780073,271.87011090863064,3000.0,22.986739164170885,2.9867391641708845,363.69709884326664,0.018577243471503458,282.75038349546594,282.75038349546594,12.300586937367136,0.0,341.009614384449,1.0
0.7172095147742467,0.8276001906077992,33619.26367178733,0.08381427332308718,2383983.03085931,0.023559423769614885,0.000993810491439765,0.0035842018419608127,0.03013743610301546,81.05587285911358,271.9358114111416,3000.0,22.986639917265276,2.986639917265275,363.67263491087976,0.01857648951077988,282.61676205176616,282.61676205176616,12.294827041663126,0.0,340.93230284901654,1.0
0.7225520145870669,0.8278000475382844,33635.5030448777,0.08377344572627313,2384558.7382314005,0.02355865790304951,0.0009928425176084007,0.0036120504250446656,0.030163550845702575,81.1652965051962,272.0014811115288,3000.0,22.986540674386926,2.9865406743869274,363.6481824478278,0.018575735836898657,282.48288594263164,282.48288594263164,12.28905601517466,0.0,340.85456680824234,1.0
0.7238149118429782,0.8278472773907407,33639.34127892792,0.08376380172691311,2384694.788425786,0.02355847694716873,0.0009926139386980796,0.0036186443635798076,0.03016973524944662,81.19120162808291,272.01700006427467,3000.0,22.986517215253585,2.9865172152535857,363.64240388303483,0.01857555772022744,282.4512022549519,282.4512022549519,12.287690197257051,0.0,340.83612907333884,1.0
0.7279034999051226,0.828000146446603,33651.76600816704,0.083732598243243,2385135.14264423,0.023557891331463132,0.000991874544277256,0.0036400205025478778,0.030189786378288265,81.27517016309642,272.0672303218524,3000.0,22.986441268628713,2.9864412686287127,363.6237003788272,0.01857498118376315,282.34853021573076,282.34853021573076,12.283264160645544,0.0,340.7762752314507,1.0
0.7332577668102939,0.8282002548690908,33668.03367566616,0.08369177835494235,2385711.5744635514,0.023557124945716462,0.0009909076964809483,0.0036680795025846548,0.030216112144782065,81.38536649905824,272.13298265837545,3000.0,22.986341815242415,2.986341815242416,363.5992171457695,0.01857422642796109,282.21385064671125,282.21385064671125,12.277458193002818,0.0,340.69751826825325,1.0
0.738612033715465,0.8284002685933921,33684.29757299838,0.08365100727164042,2386287.733495515,0.023556359144667475,0.0009899424752762816,0.0036962125134456718,0.03024251413338943,81.4958276339759,272.19870387863193,3000.0,22.986242365896512,2.986242365896511,363.57474549901957,0.01857347196259643,282.07891786504365,282.07891786504365,12.27164115712751,0.0,340.6183372949767,1.0
0.7439663006206363,0.8286001874393761,33700.55767993295,0.08361028495918012,2386863.6192212356,0.023555593928572482,0.0009889788781661832,0.003724419142789885,0.030268991949528548,81.60655272868104,272.2643939234338,3000.0,22.986142920589437,2.986142920589438,363.5502854606164,0.018572717788443507,281.94373273193537,281.94373273193537,12.265813090346235,0.0,340.53873310674265,1.0
0.7493205675258076,0.8288000112275303,33716.813976278,0.083569611383309,2387439.231123611,0.02355482929768519,0.0009880169026549204,0.0037526989988008086,0.03029554519914092,81.7175409431485,272.33005273379615,3000.0,22.986043479319633,2.9860434793196347,363.5258370525233,0.018571963906274504,281.8082961093748,281.8082961093748,12.25997403002024,0.0,340.4587065012398,1.0
0.749586370551171,0.828809928643083,33717.62089145995,0.08356759348538424,2387467.799205948,0.023554791354200723,0.0009879691893018479,0.0037541048026526296,0.0302968653461552,81.72305759530173,272.33331143343884,3000.0,22.986038542840415,2.986038542840415,363.5246236583378,0.018571926488760607,281.8015660630361,281.8015660630361,12.259683874532193,0.0,340.4547227318691,1.0
0.7546920808305572,0.8290003829619668,33733.11878578955,0.08352885573329318,2388016.4214386707,0.023554062792168956,0.0009870534554985936,0.003781143133087855,0.030322259380755404,81.82915020356347,272.395891590295,3000.0,22.985943721799043,2.9859437217990417,363.50132160329133,0.018571207889978757,281.67217139972786,281.67217139972786,12.254105152645966,0.0,340.37799847004084,1.0
0.7600644950250992,0.8292006922465779,33749.42245313623,0.08348814224193346,2388593.43186092,0.023553296747733096,0.000986091474200319,0.0038096649670406684,0.03034905318897408,81.94104137019099,272.4617099268083,3000.0,22.985843951608675,2.9858439516086746,363.47681379478547,0.01857045204237951,281.5357724245945,281.5357724245945,12.248224299151351,0.0,340.29685326934884,1.0
0.7654369092196412,0.8294009052882664,33765.722223133795,0.08344747771383504,2389170.1650460484,0.0235525312932309,0.0009851311179653569,0.003838259342051296,0.030375921753247555,82.05319489534433,272.5274966394801,3000.0,22.985744185478236,2.9857441854782367,363.4523177615855,0.018569696491071257,281.39912286624116,281.39912286624116,12.242332490762749,0.0,340.215285213171,1.0
0.7708093234141833,0.8296010219081921,33782.0180755423,0.08340686211401582,2389746.620478889,0.02355176642890822,0.000984172384278083,0.0038669258644607554,0.030402864677647058,82.16560992708315,272.5932516695465,3000.0,22.985644423406132,2.985644423406133,363.42783352557257,0.01856894123682539,281.2622235984894,281.2622235984894,12.236429765357457,0.0,340.1332951175799,1.0
0.7761817376087283,0.8298010419281415,33798.30999016153,0.08336629540739984,2390322.79764608,0.02355100215500833,0.0009832152706243005,0.003895664141157167,0.030429881566789795,82.2782856126611,272.6589749584494,3000.0,22.985544665390766,2.9855446653907647,363.40336110855117,0.018568186280411146,281.1250754958901,281.1250754958901,12.230516160845163,0.0,340.0508838011749,1.0
0.7815541518032705,0.8300009651705276,33814.59794683104,0.08332577755881786,2390898.696036066,0.023550238471771887,0.0009822597744912525,0.003924473779578722,0.030456972025841862,82.39122109853781,272.7246664478366,3000.0,22.98544491143053,2.9854449114305295,363.37890053224885,0.01856743162259556,280.98767943371104,280.98767943371104,12.224591715167431,0.0,339.96805208506726,1.0
0.7869265659978125,0.8302007914583899,33830.881925430316,0.08328530853300777,2391474.3151390944,0.023549475379436958,0.000981305893367635,0.003953354387716773,0.03048413566052137,82.50441553039185,272.79032607956196,3000.0,22.98534516152382,2.9853451615238207,363.3544518183169,0.018566677264143523,280.85003628792504,280.85003628792504,12.218656466297155,0.0,339.88480079286495,1.0
0.7922989801923546,0.8304005206153952,33847.16190587881,0.0832448882946151,2392049.6544472193,0.02354871287823904,0.0009803536247436078,0.003982305574118864,0.030511372077101515,82.6178680531332,272.85595379568514,3000.0,22.985245415669027,2.985245415669028,363.3300149883295,0.018565923205817732,280.7121469351963,280.7121469351963,12.212710452237983,0.0,339.80113075065674,1.0
0.7976713943868966,0.8306001524658367,33863.43786813602,0.08320451680819367,2392624.7134543005,0.02354795096841103,0.0009794029661108089,0.004011326947891635,0.030538680882413474,82.73157781091535,272.9215495384718,3000.0,22.985145673864537,2.985145673864537,363.3055900637844,0.0185651694483787,280.574012252869,280.574012252869,12.206753711023818,0.0,339.7170427869978,1.0
0.7995587952545825,0.8306702626714673,33869.154873571475,0.08319034533126932,2392826.6727365847,0.02354768343972612,0.0009790693687275487,0.004021539131692163,0.030548291940145827,82.77158646750995,272.9445865989664,3000.0,22.985110634197444,2.9851106341974423,363.297012091489,0.018564904714883982,280.52542562397906,280.52542562397906,12.204658489074703,0.0,339.68740251585,1.0
0.8030596898874597,0.8308002765302483,33879.75788736499,0.08316407491290553,2393201.190331709,0.023547187400540064,0.000978451111868212,0.00404050421772153,0.03056614273012981,82.84588121979516,272.98730701467383,3000.0,22.985045641281577,2.9850456412815753,363.28110491693985,0.018564413765754295,280.4352236971447,280.4352236971447,12.200768624686901,0.0,339.63228731140634,1.0
0.8084565863280947,0.8310006215677415,33896.09986501191,0.08312361754941769,2393778.303743621,0.023546423210600947,0.0009774993565914289,0.004069798045197098,0.030593720612389477,82.96062472958616,273.05313709899616,3000.0,22.984945453104725,2.984945453104724,363.2565927340747,0.018563657181812396,280.2959680044885,280.2959680044885,12.194763245201745,0.0,339.5469768251005,1.0
0.8138534827687268,0.8312008678803364,33912.437727183766,0.08308320927510993,2394355.1327688387,0.023545659618124982,0.0009765492184091319,0.004099161518267129,0.030621370354801246,83.07562522225827,273.11893474394066,3000.0,22.98484526901025,2.9848452690102496,363.2320926301847,0.0185629009038007,280.1564674079264,280.1564674079264,12.188747156181757,0.0,339.4612471292029,1.0
0.819250379209359,0.831401015292461,33928.77145372843,0.08304285005368134,2394931.6769016106,0.023544896623337825,0.0009756006947846436,0.004128594242972578,0.03064909156109505,83.19088182726324,273.18469989181716,3000.0,22.984745088996497,2.984745088996499,363.2076046267512,0.018562144932481324,280.016722799488,280.016722799488,12.182720396300613,0.0,339.37509907351676,1.0
0.824647275649991,0.8316010636291811,33945.10102453491,0.08300253984874019,2395507.93563802,0.023544134226462503,0.0009746537831828552,0.004158095825938644,0.030676883835584,83.30639367334567,273.25043248514515,3000.0,22.984644913061814,2.9846449130618153,363.1831287451775,0.01856138926861412,279.87673507183183,279.87673507183183,12.176683004260042,0.0,339.28853351027857,1.0
0.8300441720906261,0.831801012716201,33961.42641953354,0.08296227862380424,2396083.9084759927,0.023543372427719454,0.000973708481070234,0.004187665874377798,0.030704746783167487,83.42215988855614,273.31613246665404,3000.0,22.984544741204537,2.984544741204538,363.1586650067885,0.01856063391295675,279.73650511823234,279.73650511823234,12.170635018789254,0.0,339.2015512941425,1.0
0.8354410685312582,0.8320008623798625,33977.74761869591,0.08292206634230162,2396659.594915289,0.023542611227326513,0.0009727647859148436,0.004217303996092477,0.030732680009333838,83.53817960026291,273.3817997792825,3000.0,22.984444573423,2.9844445734230023,363.13421343283125,0.018559878866264614,279.5960338325683,279.5960338325683,12.164576478644442,0.0,339.11415328216515,1.0
0.8408379649718902,0.8322006124471466,33994.06460203511,0.08288190296757089,2397234.9944575108,0.023541850625498927,0.0009718226951863471,0.004247009799478308,0.030760683120163584,83.65445193516575,273.44743436617944,3000.0,22.98434440971554,2.984344409715539,363.1097740444746,0.0185591241292909,279.45532210930884,279.45532210930884,12.158507422608164,0.0,339.02634033378894,1.0
0.8462348614125224,0.8324002627456719,34010.37734960568,0.08284178846286197,2397810.1066060965,0.023541090622449343,0.0009708822063560266,0.004276782893526686,0.030788755722332056,83.77097601930755,273.51303617070306,3000.0,22.984244250080476,2.984244250080476,363.0853468628095,0.018558369702786574,279.31437084350193,279.31437084350193,12.152427889488859,0.0,338.93811331082753,1.0
0.849531219957994,0.8325221575615442,34020.338884730016,0.08281731103708054,2398161.2365066055,0.023540626716496597,0.0009703085541766461,0.004295000871152795,0.030805936141826036,83.84227097650192,273.55308880244144,3000.0,22.98418307579915,2.98418307579915,363.07043305184425,0.01855790906132411,279.2281620753423,279.2281620753423,12.148709447470047,0.0,338.88402199719917,1.0
0.8516415320081149,0.832600174412511,34026.71537344462,0.08280165027389542,2398385.9716515904,0.023540329843597746,0.0009699416179520331,0.00430667699058784,0.030816948452137616,83.88796269272011,273.57872385655594,3000.0,22.98414391313113,2.984143913131131,363.0608877027735,0.018557614222027872,279.1729250100534,279.1729250100534,12.146326879312586,0.0,338.8493121694891,1.0
0.8570635411126213,0.832800552317783,34043.09543823784,0.08276144739614757,2398963.1797423437,0.023539567510376853,0.0009689999705904521,0.004336722930826531,0.03084529041179384,84.00553322470881,273.6445647406899,3000.0,22.984043295631047,2.984043295631046,363.03637149854086,0.018556856912431672,279.03083827383205,279.03083827383205,12.140198079372396,0.0,338.759843503706,1.0
0.8624855502171306,0.8330008290044424,34059.471167479714,0.08272129373222685,2399540.096263015,0.023538805782148956,0.0009680599324060538,0.004366835606546983,0.030873701321101996,84.12335519835631,273.71037236605235,3000.0,22.983942682236247,2.9839426822362465,363.011867678389,0.0185560999184661,278.8885124800327,278.8885124800327,12.134058822535227,0.0,338.66995953028817,1.0
0.867907559321637,0.8332010043002845,34075.84254111457,0.08268118924451176,2400116.7207175535,0.0235380446591192,0.0009671215008413425,0.004397014623708035,0.030902180783668576,84.24142772490775,273.77614667605985,3000.0,22.98384207294502,2.9838420729450204,362.98737626338726,0.018555343240883582,278.7459485384795,278.7459485384795,12.127909148253323,0.0,338.57966113261205,1.0
0.8733295684261433,0.8334010780337553,34092.20953912943,0.08264113389529282,2400693.05261178,0.023537284141490138,0.0009661846733405263,0.004427259588889977,0.030930728403720645,84.35974991500373,273.84188761434245,3000.0,22.98374146775565,2.983741467755651,362.9628972745252,0.018554586880434223,278.6031473595215,278.6031473595215,12.121749096002468,0.0,338.48894919638866,1.0
0.8787515775306497,0.8336010500339505,34108.572141554076,0.0826011276467731,2401269.0914533874,0.02353652422946168,0.0009652494473495299,0.0044575701092973265,0.030959343786108533,84.47832087869254,273.90759512474386,3000.0,22.983640866666416,2.9836408666664163,362.9384307327129,0.018553830837865888,278.46010985402035,278.46010985402035,12.11557870528146,0.0,338.39782460964784,1.0
0.884173586635156,0.8338009201306162,34124.93032846113,0.08256117046106883,2401844.836751945,0.02353576492323115,0.0009643158203160074,0.004487945792761694,0.030988026536308846,84.59713972544353,273.9732691513215,3000.0,22.983540269675593,2.983540269675592,362.9139766587809,0.018553075113924122,278.31683693333736,278.31683693333736,12.109398015611532,0.0,338.3062882627214,1.0
0.8895955957396654,0.8340006881541491,34141.28407996615,0.08252126230020969,2402420.288018891,0.023535006222993277,0.000963383789689351,0.00451838624774456,0.03101677626042719,84.7162055641596,274.0389096383464,3000.0,22.98343967678145,2.9834396767814493,362.88953507348015,0.01855231970935221,278.1733295093205,278.1733295093205,12.103207066535798,0.0,338.2143410482274,1.0
0.8950176048441717,0.834200353935595,34157.63337622767,0.08248140312613957,2402995.4447675394,0.023534248128940168,0.0009624533529207058,0.004548891083339931,0.031045592565200807,84.8355175031895,274.1045165303031,3000.0,22.98333908798225,2.9833390879822534,362.86510599748215,0.018551564624891152,278.0295884942926,278.0295884942926,12.097005897618741,0.0,338.12198386105456,1.0
0.8995036446614053,0.8343654751857021,34171.15700829443,0.0824484616100327,2403471.092625958,0.02353362135855771,0.0009616847350189261,0.004574178441329817,0.031069484534906454,84.93441873672514,274.1587726574025,3000.0,22.983255866325514,2.983255866325514,362.84490343929457,0.018550940128702554,277.9104847025694,277.9104847025694,12.091867502104297,0.0,338.0452604623236,1.0
0.900444057924904,0.8344000808303318,34173.99159211609,0.08244156029160538,2403570.777558979,0.023533490020659575,0.0009615237468164992,0.004579484990175767,0.031074498757651843,84.95517274185727,274.17014350308204,3000.0,22.983238420836912,2.9832384208369116,362.840669444283,0.018550809242793613,277.8854967024257,277.8854967024257,12.090789453347488,0.0,338.02914139791187,1.0
0.9058918106941702,0.8346004883324356,34190.40948784226,0.0824016103469985,2404148.0709062917,0.023532729547821964,0.000960592092608376,0.004610263062688708,0.031103584703119046,85.07554380315416,274.23599411224814,3000.0,22.9831373626794,2.9831373626794018,362.8161496188828,0.01855005121971552,277.7406058157286,277.7406058157286,12.084538391470035,0.0,337.9355232594631,1.0
0.9113395634634365,0.8348007921105752,34206.82282597733,0.08236170973947658,2404725.0654666135,0.023531969687506295,0.0009596620397065261,0.004641104946418184,0.031132736673631006,85.19616059861622,274.30181063942547,3000.0,22.983036308650533,2.983036308650533,362.79164248409273,0.01854929352202967,277.5954818854765,277.5954818854765,12.078277132642954,0.0,337.8414939748773,1.0
0.9167873162327058,0.8350009919960221,34223.231586571535,0.08232185843009443,2405301.7607539054,0.023531210439896918,0.0009587335855328433,0.0046720102474632815,0.031161954272893047,85.31702222170969,274.36759302917267,3000.0,22.98293525874853,2.98293525874853,362.7671480605568,0.01854853615047836,277.4501258388471,277.4501258388471,12.072005717078056,0.0,337.7470544609136,1.0
0.922235069001972,0.8352010878207103,34239.63574971933,0.08228205637982203,2405878.156284037,0.023530451805175573,0.0009578067275110671,0.004702978572581681,0.03119123710526832,85.43812776540138,274.433341226266,3000.0,22.982834212971614,2.982834212971615,362.7426663688379,0.018547779105801538,277.3045386034365,277.3045386034365,12.065724185006069,0.0,337.652205636561,1.0
0.9276828217712383,0.8354010794172365,34256.03529555952,0.08224230354954462,2406454.2515747873,0.02352969378352138,0.0009568814630667842,0.004734009529192281,0.031220584775780442,85.55947632217145,274.49905517569954,3000.0,22.982733171318003,2.982733171318004,362.7181974294176,0.018547022388736834,277.15872110724615,277.15872110724615,12.059432576676075,0.0,337.55694842302256,1.0
0.9331305745405045,0.8356009666188607,34272.43020427534,0.08220259990006341,2407030.0461458443,0.023528936375110818,0.0009559577896274435,0.004765102725378132,0.031249996890116392,85.68106698402684,274.5647348226852,3000.0,22.98263213378591,2.9826321337859087,362.69374126269673,0.018546266000019542,277.0126742786699,277.0126742786699,12.053130932354955,0.0,337.4612837436987,1.0
0.9385783273097708,0.8358007492595045,34288.82045609444,0.08216294539209615,2407605.5395188043,0.023528179580117787,0.0009550357046223697,0.004796257769888745,0.0312794730546289,85.80289884251314,274.63038011265235,3000.0,22.98253110037354,2.982531100373539,362.66929788899483,0.018545509940382596,276.86639904648166,276.86639904648166,12.046819292326845,0.0,337.3652125241704,1.0
0.94402608007904,0.8360004271737531,34305.206031289155,0.08212333998627723,2408180.7312171734,0.023527423398713557,0.0009541152054827647,0.004827474272143113,0.031309012876339436,85.92497098872876,274.69599099124844,3000.0,22.982430071079097,2.982430071079098,362.64486732855045,0.018544754210556607,276.7198963398217,276.7198963398217,12.040497696892539,0.0,337.2687356921824,1.0
0.9494738328483063,0.8362000001968531,34321.5869101763,0.08208378364315892,2408755.6207663626,0.023526667831066814,0.0009531962896417345,0.004858751842232009,0.031338615962940554,86.04728251333621,274.7615674043382,3000.0,22.982329045900787,2.982329045900786,362.62044960152105,0.01854399881126983,276.57316708818485,276.57316708818485,12.034166186368976,0.0,337.1718541776272,1.0
0.9494760693648168,0.8362000821078565,34321.59363420347,0.082083767413796,2408755.8567189933,0.023526667521002673,0.0009531959127154696,0.0048587646953903735,0.031338628129108516,86.04733277605445,274.7615943189468,3000.0,22.982329004426827,2.982329004426827,362.6204395797231,0.018543998501216723,276.5731068036687,276.5731068036687,12.034163585004615,0.0,337.17181432098425,1.0
0.9549411160491723,0.8364001830769059,34338.02177386965,0.08204413477588604,2409332.2670679586,0.023525910171906163,0.0009522756686884334,0.0048902025486017905,0.03136838838919639,86.17027228155403,274.8273442063926,3000.0,22.98222766267927,2.982227662679272,362.59595725859236,0.018543241036893143,276.4256849770383,276.4256849770383,12.027802049229747,0.0,337.07421941539855,1.0
0.9604084072713408,0.836600260275389,34354.45189203968,0.08200453518581242,2409908.6089434912,0.023525153130133862,0.0009513566358850937,0.004921714022948808,0.03139822378896777,86.29350149228712,274.8930862832213,3000.0,22.982126283451073,2.982126283451072,362.5714778457866,0.0185424835957814,276.27797635349947,276.27797635349947,12.021427997828086,0.0,336.9761788025971,1.0
0.9658756984935094,0.836800231334009,34370.877220811075,0.08196498489102302,2410484.6450728,0.023524396707024577,0.0009504391899947666,0.004953285827112817,0.03142812172413216,86.41696904486814,274.9587934842366,3000.0,22.9820249083631,2.9820249083631025,362.5470114191758,0.018541726489775597,276.13004237430766,276.13004237430766,12.015044082291663,0.0,336.87773342852375,1.0
0.9713429897156809,0.8370000960889191,34387.29774046998,0.08192548385131414,2411060.374983909,0.023523640902738306,0.0009495233284306149,0.004984917569723693,0.031458081800892615,86.54067401850835,275.02446575560117,3000.0,22.981923537413525,2.981923537413526,362.5225579988068,0.01854096971960236,275.98188398029845,275.98188398029845,12.008650343432416,0.0,336.7788842416439,1.0
0.9738149118429782,0.837090425844421,34394.72035325923,0.0819076404353647,2411320.578650778,0.023523299384720763,0.0009491097600551249,0.0049992387763461935,0.03147164792112209,86.59668234425811,275.05414662764025,3000.0,22.981877706002987,2.981877706002987,362.51150616786185,0.018540627672132482,275.91482382360374,275.91482382360374,12.00575633345805,0.0,336.7340593289953,1.0
0.976817591800258,0.8372001214224472,34403.7353791743,0.08188597930433748,2411636.567457382,0.02352288470801285,0.000948607827090285,0.0050166512774035546,0.03148814381250669,86.66478138454917,275.0901907904586,3000.0,22.98182203505556,2.98182203505556,362.49808493166984,0.018540212274708263,275.83330354712064,275.83330354712064,12.002238252753651,0.0,336.6794992033511,1.0
0.9822982271588606,0.8374002601019814,34420.18626352039,0.08184648060888916,2412213.0864350754,0.023522128301742266,0.0009476929028206577,0.005048479370736445,0.03151830057529937,86.78926212091409,275.15595306894954,3000.0,22.981720424989774,2.981720424989773,362.4735979966674,0.01853945433381409,275.68433587575333,275.68433587575333,11.995809311820745,0.0,336.5796009878416,1.0
0.9877788625174633,0.8376002914681765,34436.63225605571,0.0818070312873256,2412789.2962862337,0.023521372517784692,0.0009467795628222445,0.005080366518401494,0.03154851859900843,86.91397865739097,275.22168008604217,3000.0,22.981618819077056,2.981618819077058,362.44912419143463,0.018538696732571094,275.53514553404364,275.53514553404364,11.989370622809293,0.0,336.47929986119743,1.0
0.9932594978760659,0.8378002153587708,34453.07333711286,0.08176763129880821,2413365.1965434463,0.023520617356290494,0.0009458678044969088,0.005112312328987053,0.031578797489774456,87.03893006504278,275.28737178842,3000.0,22.98151721731555,2.98151721731555,362.4246635358242,0.018537939471701296,275.3857334707814,275.3857334707814,11.98292222687937,0.0,336.37859678714574,1.0
0.9987401332346717,0.8380000316121906,34469.509487071715,0.08172828060241641,2413940.786741284,0.023519862817407367,0.0009449576252485055,0.005144316411794895,0.03160913685445077,87.16411541461112,275.35302812299255,3000.0,22.98141561970338,2.98141561970338,362.40021604960464,0.018537182551924315,275.23610063499353,275.23610063499353,11.976464165202108,0.0,336.27749273145355,1.0
0.9994484940682281,0.8380258495881302,34471.63346473759,0.08172319820098792,2414015.157937944,0.02351976534025409,0.0009448401015561253,0.005148457105884989,0.031613062547695206,87.18031238735782,275.36151148526795,3000.0,22.98140248872394,2.981402488723939,362.397057224433,0.018537084746530826,275.2167448370752,275.2167448370752,11.975628770790344,0.0,336.264396028337,1.0
1.0042386190061372,0.8382003903410932,34485.9941946164,0.08168885123288099,2414517.9395926353,0.02351910644679541,0.0009440460657392526,0.005176482896709824,0.031639635409244485,87.28994264343879,275.4188627060868,3000.0,22.98131369535584,2.98131369535584,362.37570219159767,0.018536423510344336,275.0857595481589,275.0857595481589,11.969975398044776,0.0,336.17565741097434,1.0
1.0097397543597397,0.8384007368760865,34502.481839418935,0.08164945243010512,2415095.057318243,0.02351835033912387,0.0009431356522683571,0.005208722790436908,0.03167020878182914,87.41606426765328,275.4846932824631,3000.0,22.981211726069166,2.9812117260691653,362.35118982551353,0.018535664448012454,274.93512555786026,274.93512555786026,11.96347385138019,0.0,336.0733710839318,1.0
1.015240889713342,0.8386009744818645,34518.96445701328,0.08161010316442986,2415671.8612626255,0.02351759485916114,0.0009422268218564571,0.005241020213852437,0.03170084189487004,87.54241877011331,275.55048806649074,3000.0,22.981109760957242,2.9811097609572417,362.32669078690117,0.018534905731494966,274.78427201678784,274.78427201678784,11.95696269131531,0.0,335.97068370796904,1.0
1.0207420250669446,0.8388011029978244,34535.44202775092,0.08157080339414613,2416248.3509631525,0.023516840007045865,0.0009413195718863412,0.005273374774775799,0.031731534353708006,87.66900520992556,275.6162470053983,3000.0,22.981007800018165,2.9810078000181646,362.30220509541044,0.01853414736150963,274.6331998854849,274.6331998854849,11.950441959523976,0.0,335.867596267822,1.0
1.0262431604205502,0.8390011222640622,34551.91453203175,0.08153155307746406,2416824.5259592044,0.02351608578291396,0.0009404138997428699,0.005305786081763382,0.031762285764420216,87.79582264593728,275.681970046644,3000.0,22.980905843250024,2.9809058432500244,362.2777327706055,0.018533389338771702,274.4819101246682,274.4819101246682,11.943911697688337,0.0,335.764109750208,1.0
1.0317442957741527,0.8392010321213723,34568.38195030413,0.0814923521725136,2417400.3857921734,0.023515332186898715,0.000939509802812989,0.005338253744110947,0.03179309573382265,87.9228701367493,275.7476571379154,3000.0,22.98080389065091,2.98080389065091,362.2532738319651,0.018532631663993944,274.3304036952158,274.3304036952158,11.937371947498292,0.0,335.6602251438084,1.0
1.0372454311277552,0.839400832411248,34584.84426306507,0.0814532006373448,2417975.9300054666,0.02351457921913074,0.0009386072784857331,0.005370777371856185,0.03182396386947266,88.05014674072972,275.8133082271299,3000.0,22.980701942218904,2.980701942218903,362.2288282988826,0.018531874337886636,274.1786815581529,274.1786815581529,11.930822750650913,0.0,335.55594343925134,1.0
1.0427465664813578,0.8396005229758813,34601.30145086025,0.08141409842992836,2418551.158144502,0.023513826879737965,0.0009377063241522385,0.005403356575781173,0.03185488977967138,88.17765151602694,275.87892326243434,3000.0,22.980599997952083,2.9805999979520847,362.20439619066565,0.018531117361157548,274.02674467463873,274.02674467463873,11.92426414884984,0.0,335.4512656290927,1.0
1.04824770183496,0.8398001036581633,34617.75349428416,0.08137504550815611,2419126.0697567114,0.023513075168845664,0.0009368069372057521,0.0054359909674148,0.031885873073466214,88.3053835205829,275.94450219220533,3000.0,22.980498057848532,2.980498057848531,362.17997752653656,0.01853036073451194,273.87459400595367,273.87459400595367,11.91769618380474,0.0,335.34619270779973,1.0
1.0494209187716395,0.8398426536291608,34621.26152367463,0.08136672313628228,2419248.6390963187,0.023512914934181946,0.0009366153291524978,0.005442957946536401,0.031892488209870846,88.33265399637186,275.9584834128721,3000.0,22.980476317810105,2.9804763178101044,362.17477154448153,0.018530199415509593,273.8421175481097,273.8421175481097,11.916294238682914,0.0,335.32373297797744,1.0
1.0537705823184191,0.8400003625594694,34634.26537565809,0.08133588775204043,2419702.9350449396,0.023512321118912934,0.0009359055691921355,0.0054688094825327575,0.031917036170637826,88.4338480590679,276.0103039735933,3000.0,22.98039571897769,2.9803957189776913,362.15547588241986,0.018529601469909084,273.721627823352,273.721627823352,11.911092879802194,0.0,335.2403079962991,1.0
1.059299357495854,0.8402007239556694,34650.78964798994,0.08129673787214475,2420280.095579701,0.02351156689890484,0.0009350048161930647,0.005501717955779454,0.03194828967087736,88.5626771998897,276.07613943311765,3000.0,22.980293275077344,2.9802932750773428,362.1309616980695,0.01852884174976731,273.56828449817976,273.56828449817976,11.904473159829987,0.0,335.1339134109028,1.0
1.064828132673289,0.8404009738893178,34667.30866544496,0.08125763764594313,2420856.9350357163,0.02351081331409336,0.0009341056384611643,0.0055346809965947045,0.03197959994914923,88.69173299476834,276.14193826788073,3000.0,22.98019083537633,2.98019083537633,362.10646115114423,0.01852808238536407,273.4147281563759,273.4147281563759,11.897844109086936,0.0,335.0271227679537,1.0
1.0703569078507238,0.840601112203771,34683.82240852315,0.08121858703037313,2421433.4529617582,0.023510060364594885,0.0009332080333588819,0.005567698213687872,0.03201096661164164,88.82101448666742,276.20770042641203,3000.0,22.980088399872685,2.9800883998726837,362.08197426080943,0.018527323377405116,273.260959774142,273.260959774142,11.891205769933242,0.0,334.9199370845847,1.0
1.0758856830281587,0.8408011387430974,34700.33085777462,0.08117958598229442,2422009.648908651,0.023509308050523123,0.0009323119982508684,0.005600769216542207,0.0320423892653162,88.95052071840624,276.273425857475,3000.0,22.97998596856443,2.979985968564432,362.0575010461432,0.018526564726593666,273.106980327737,273.106980327737,11.884558184732352,0.0,334.8123573797883,1.0
1.0814144582055967,0.841001053352079,34716.83399379984,0.08114063445848904,2422585.5224292735,0.023508556371989092,0.0009314175305039837,0.005633893615417448,0.032073867517910526,89.08025073267429,276.33911451006753,3000.0,22.9798835414496,2.9798835414495994,362.0330415261367,0.01852580643363038,272.9527907934624,272.9527907934624,11.877901395850337,0.0,334.7043846743972,1.0
1.0869432333830316,0.8412008558762102,34733.33179724959,0.08110173241566189,2423161.073078557,0.02350780532910112,0.0009305246274873059,0.005667071021351957,0.03210540097794039,89.21020357204361,276.40476633342166,3000.0,22.979781118526205,2.979781118526206,362.0085957196933,0.018525048499213333,272.7983921476497,272.7983921476497,11.871235445655344,0.0,334.59601999106707,1.0
1.0924720085604664,0.8414005461616981,34749.82424882511,0.08106287981044141,2423736.300413487,0.023507054921964886,0.0009296332865721454,0.005700301046165121,0.03213698925470215,89.34037827898248,276.4703812770035,3000.0,22.979678699792267,2.9796786997922684,361.98416364562974,0.018524290924038064,272.64378536664725,272.64378536664725,11.86456037651701,0.0,334.48726435425823,1.0
1.0980007837379016,0.8416001240554634,34766.31132927826,0.08102407659937962,2424311.2039931025,0.02350630515068337,0.0009287435051320429,0.005733583302459756,0.03216863195827517,89.47077389586919,276.5359592905138,3000.0,22.9795762852458,2.979576285245799,361.95974532267525,0.018523533708797543,272.4889714268061,272.4889714268061,11.857876230805855,0.0,334.3781187902168,1.0
1.099393343475051,0.841650374981527,34770.46316207147,0.08101431082640977,2424455.956684535,0.023506116402370564,0.0009285196370670214,0.005741974456627721,0.03217661049606531,89.50365199470089,276.5524709183606,3000.0,22.97955049025132,2.979550490251319,361.9535971300161,0.018523343042107107,272.4499451353152,272.4499451353152,11.856191236242738,0.0,334.35056640784995,1.0
1.1035507104407394,0.8418003522866823,34782.856063307336,0.08098517457238297,2424887.980933154,0.02350555315059892,0.0009278518854335524,0.005767045029495096,0.03220045006552757,89.60188958423686,276.6017509942155,3000.0,22.979473483099852,2.979473483099852,361.9352474310387,0.018522773959364462,272.33335784680185,272.33335784680185,11.85115742739224,0.0,334.2681645337395,1.0
1.1091077583303466,0.8420007236544949,34799.41656459664,0.08094627241017238,2425465.170192118,0.023504800827776125,0.0009269606908337106,0.005800601643452646,0.03223236316206248,89.73339460303774,276.66758973024776,3000.0,22.97937055327073,2.979370553270729,361.91073202666314,0.01852201359987333,272.17733742362543,272.17733742362543,11.844420924962435,0.0,334.1576776024298,1.0
1.114664806219951,0.842200981017175,34815.971581488404,0.08090742001605819,2426042.0310481833,0.02350404914762469,0.0009260710637290498,0.005834209851643565,0.0322643300629973,89.86511988552608,276.7333910060685,3000.0,22.979267627665948,2.9792676276659464,361.88623057079707,0.018521253606098423,272.02111068527097,272.02111068527097,11.837675381689296,0.0,334.0467998759959,1.0
1.120221854109555,0.842401124222186,34832.5210946444,0.08086861734561714,2426618.5630619545,0.023503298110238355,0.0009251830014618171,0.005867869263910902,0.03229635037561107,89.99706445907994,276.7991547715567,3000.0,22.97916470628347,2.9791647062834707,361.8617430821033,0.018520493978732944,271.8646786230234,271.8646786230234,11.83092084059453,0.0,333.93553240359967,1.0
1.125778901999159,0.8426011531177193,34849.06508477841,0.08082986435435062,2427194.7657961305,0.023502547715708155,0.0009242965013765863,0.005901579490908731,0.03232842370799347,90.12922735105263,276.8648809768305,3000.0,22.979061789121264,2.979061789121265,361.8372695791556,0.01851973471846746,271.70804222810295,271.70804222810295,11.824157344697808,0.0,333.82387623613306,1.0
1.1313359498887634,0.8428010675526931,34865.603532656336,0.08079116099768519,2427770.638815506,0.02350179796412242,0.0009234115608202682,0.005935340144104229,0.03236054966904692,90.26160758878585,276.9305695722469,3000.0,22.978958876177288,2.978958876177287,361.81281008043885,0.01851897582598993,271.551202491653,271.551202491653,11.817384937016234,0.0,333.7118324262003,1.0
1.1368929977783706,0.8430008673767538,34882.136419096314,0.08075250723097285,2428346.181686973,0.023501048855566784,0.0009225281771421158,0.005969150835780068,0.03239272786848897,90.39420419962363,276.99622050840225,3000.0,22.97885596744949,2.9788559674494923,361.7883646043486,0.01851821730198567,271.39416040472497,271.39416040472497,11.8106036605637,0.0,333.59940202809787,1.0
1.1424500456679747,0.8432005524402745,34898.6637249687,0.08071390300949187,2428921.3939795173,0.023500300390124206,0.0009216463476937393,0.006003011179036381,0.032424957916854326,90.52701621092486,277.0618337361316,3000.0,22.97875306293583,2.978753062935831,361.76393316919194,0.018517459147137386,271.2369169582671,271.2369169582671,11.803813558350372,0.0,333.48658609779756,1.0
1.1480070935575788,0.8434001225943566,34915.185431196274,0.08067534828844686,2429496.2752642212,0.023499552567874952,0.000920766069829107,0.006036920787793241,0.0324572394254973,90.66004265007781,277.12740920650924,3000.0,22.978650162634253,2.978650162634251,361.73951579318646,0.01851670136212514,271.07947314310866,271.07947314310866,11.79701467338203,0.0,333.3733856929264,1.0
1.1493657681784624,0.8434488991510556,34919.224064159316,0.08066592934854594,2429636.7808909644,0.023499369826371665,0.0009205510813800173,0.006045218994431995,0.03246513990218368,90.6925995614905,277.14343638083125,3000.0,22.978625004587876,2.978625004587877,361.7335479893801,0.01851651614324913,271.0409484278896,271.0409484278896,11.795351043579586,0.0,333.34565030217976,1.0
1.1535859800030857,0.8436003612991397,34931.76641396068,0.08063669179922658,2430073.082374396,0.02349880245383861,0.0009198838906535048,0.006071012825646787,0.03248969917013891,90.79380658169156,277.1932043516519,3000.0,22.97854686218125,2.97854686218125,361.71501662011104,0.018515940971806727,270.9212100384195,270.9212100384195,11.79018027829729,0.0,333.2593547465115,1.0
1.1591719338267796,0.8438007373342282,34948.36270872304,0.08059803623387311,2430650.285077903,0.023498052039197036,0.0009190021553535432,0.006105197020520777,0.03252225121507136,90.92795452548181,277.25904462127426,3000.0,22.978443435115558,2.97844343511556,361.690500644695,0.01851517999304536,270.7625461192132,270.7625461192132,11.783328443624473,0.0,333.144793251315,1.0
1.1647578876504767,0.8440009968130321,34964.95328774963,0.08055943054862047,2431227.1520296694,0.02349730227468524,0.0009181219797901343,0.006139429825890022,0.032554854080365396,91.06231617675853,277.32484659241845,3000.0,22.97834001229962,2.978340012299618,361.66599892992156,0.018514419390029298,270.603682753163,270.603682753163,11.776467865316508,0.0,333.02984649696344,1.0
1.1703438414741707,0.8442011395872815,34981.53813187833,0.08052087469767573,2431803.682802589,0.023496553160373856,0.0009172433612854422,0.006173710852980519,0.032587507374639814,91.19689054790634,277.3906102163654,3000.0,22.978236593731324,2.978236593731323,361.64151149393143,0.018513659163438525,270.4446209460251,270.4446209460251,11.769598587030169,0.0,332.91451556423146,1.0
1.1759297952978647,0.8444011655094488,34998.11722200091,0.08048236863517338,2432379.876971694,0.023495804696330787,0.0009163662971640859,0.0062080397138659545,0.032620210707360826,91.33167665140668,277.45633544464005,3000.0,22.97813317940857,2.978133179408571,361.61703835477454,0.018512899313950375,270.28536170336787,270.28536170336787,11.76272065241484,0.0,332.7988015354894,1.0
1.1815157491215589,0.8446010744327499,35014.690539063195,0.08044391231517561,2432955.7341141594,0.023495056882621202,0.0009154907847531428,0.006242416021470052,0.0326529636888444,91.46667349985232,277.5220222290115,3000.0,22.97802976932925,2.9780297693292512,361.59257953041,0.01851213984223946,270.12590603055764,270.12590603055764,11.755834105111914,0.0,332.6827054946837,1.0
1.1871017029452529,0.8448008662111431,35031.25806406509,0.08040550569167276,2433531.2538092975,0.02349430971930759,0.0009146168213821567,0.006276839389568444,0.03268576593025819,91.6018801059601,277.58767052149284,3000.0,22.97792636349125,2.9779263634912514,361.568135038706,0.01851138074897771,269.96625493274587,269.96625493274587,11.748938988754222,0.0,332.5662285273186,1.0
1.19268765676895,0.8450005406993298,35047.81977806072,0.08036714871858391,2434106.435638561,0.023493563206449717,0.0009137444043831489,0.006311309432790855,0.03271861704362372,91.73729548258481,277.65328027434134,3000.0,22.977822961892453,2.9778229618924543,361.5437048974396,0.018510622034834355,269.8064094148548,269.8064094148548,11.742035346965418,0.0,332.44937172043586,1.0
1.198273610592644,0.8452000977527533,35064.37566215846,0.08032884134975726,2434681.279185541,0.023492817344104657,0.0009128735310906235,0.00634582576662297,0.03275151664181825,91.87291864273197,277.7188514400581,3000.0,22.977719564530737,2.977719564530739,361.51928912429764,0.01850986370047593,269.64637048156567,269.64637048156567,11.73512322335946,0.0,332.332136162598,1.0
1.1993381928818738,0.8452381164013464,35067.53025279948,0.08032154627839623,2434790.7956092083,0.023492675269968556,0.0009127077332264825,0.00635240917874346,0.0327577921819385,91.89878946840373,277.7313437427076,3000.0,22.97769985933458,2.977699859334581,361.51463754880433,0.018509719218734427,269.6158480804006,269.6158480804006,11.733804938307193,0.0,332.3097502950422,1.0
1.2038773179277225,0.8454001709068639,35080.97828818978,0.08029046202535557,2435257.6094108634,0.023492069764900796,0.0009120014383474216,0.0063804979273396276,0.032784569130587846,92.00918062862472,277.78459218797246,3000.0,22.977615842802383,2.9776158428023827,361.4948102063201,0.018509103338212738,269.48562957769536,269.48562957769536,11.728180652916187,0.0,332.21414853973494,1.0
1.20948520542664,0.8456002747041219,35097.587387634616,0.08025210395393606,2435834.0279067596,0.023491322283523852,0.0009111302449552323,0.006415241816186685,0.03281769434466577,92.14575160980714,277.85034300472114,3000.0,22.977512047965888,2.9775120479658894,361.4703275391586,0.018508342792714495,269.32457592935145,269.32457592935145,11.72122444619472,0.0,332.09569351516836,1.0
1.2150930929255574,0.8458002597089688,35114.19055438318,0.08021379573679198,2436410.1042095344,0.023490575457934922,0.0009102605993529472,0.0064500311997311675,0.03285086725701904,92.28252901917708,277.9160547882372,3000.0,22.977408257393364,2.9774082573933653,361.44585940622926,0.01850758263199324,269.16333038705216,269.16333038705216,11.714259823034844,0.0,331.97686006762734,1.0
1.2207009804244782,0.8460001257781521,35130.78776954162,0.08017553732694262,2436985.8379065357,0.023489829288180834,0.0009093924988536944,0.006484865692404664,0.03288408747943919,92.4195118588175,277.98172749145033,3000.0,22.977304471082647,2.9773044710826477,361.4214058250591,0.01850682285671244,269.0018939662416,269.0018939662416,11.707286827520841,0.0,331.85764930451734,1.0
1.2238149118429782,0.8461110554168251,35140.00124592295,0.08015431479840825,2437305.3815451395,0.023489415240424534,0.0009089111287353665,0.006504227824742472,0.032902554193902374,92.49566362942214,278.0181771463011,3000.0,22.97724684276213,2.9772468427621326,361.407833601747,0.018506401137588096,268.9121699723248,268.9121699723248,11.703411283890723,0.0,331.79129178065403,1.0
1.2263155062910098,0.8462001091501179,35147.39865070046,0.08013728347711352,2437561.909505638,0.02348908289218836,0.0009085249158933681,0.006519786224328194,0.032917394032409925,92.556861647944,278.0474387384286,3000.0,22.977200566181523,2.9772005661815233,361.3969378919125,0.018506062568830868,268.8400762439685,268.8400762439685,11.700297234627213,0.0,331.73792055048517,1.0
1.231938320764403,0.846400267985751,35164.02803740141,0.08009902309519104,2438138.486544939,0.023488336053239002,0.0009076575989390132,0.0065548028521504025,0.03295079650432842,92.69461857063304,278.1132076398821,3000.0,22.9770965121648,2.9770965121647976,361.37244849081463,0.018505301547088564,268.6778299201816,268.6778299201816,11.693289000981263,0.0,331.61763822743256,1.0
1.2375611352377962,0.8466003068233955,35180.651384042714,0.08006081264382688,2438714.7179183364,0.02348758987374655,0.0009067918272268347,0.00658986367047787,0.032984245371451254,92.8325790063001,278.17893711197013,3000.0,22.976992462426068,2.976992462426067,361.3479737714512,0.018504540914829355,268.51539476515114,268.51539476515114,11.686272483409235,0.0,331.49697993052104,1.0
1.2431839497111896,0.8468002255217343,35197.26867180719,0.08002265207537843,2439290.60321875,0.023486844353747104,0.0009059275980586696,0.006624968294224511,0.03301774024603028,92.97074195003754,278.24462710825816,3000.0,22.976888416963135,2.9768884169631367,361.3235137511124,0.018503780672710742,268.3527718010748,268.3527718010748,11.6792477262917,0.0,331.3759467817253,1.0
1.2488067641845828,0.8470000239402022,35213.87988193338,0.07998454134213645,2439866.1420412706,0.02348609949327408,0.0009050649087390181,0.0066601163391993646,0.03305128074121246,93.1091063972091,278.31027758255885,3000.0,22.97678437577381,2.97678437577381,361.2990684469963,0.018503020821387522,268.18996204978714,268.18996204978714,11.672214773994241,0.0,331.25453990440997,1.0
1.2493106175852853,0.8470179217508629,35215.36809443824,0.07998112871809757,2439917.6984297163,0.0234860327794536,0.000904987679306372,0.006663268018476934,0.033054288477236904,93.12151486605168,278.31615850878353,3000.0,22.976775052980997,2.976775052980997,361.29687865276287,0.018502952751157514,268.17536378671116,268.17536378671116,11.671584161325468,0.0,331.2436425784612,1.0
1.2544503828655158,0.8472004405164945,35230.54642268516,0.0799463396646078,2440443.4615276675,0.023485352540066805,0.0009042005731944887,0.006695437707265267,0.03308499082052656,93.24818439973386,278.376131173354,3000.0,22.97667995393103,2.9766799539310305,361.27454751137054,0.018502258552265664,268.02636311163667,268.02636311163667,11.665147603963584,0.0,331.132309153228,1.0
1.2600960492804618,0.847400808292894,35247.21284698171,0.07990817426139013,2441020.640441216,0.023484605980671487,0.0009033374707064802,0.006730814885048768,0.03311875833642674,93.38751394494265,278.441968729307,3000.0,22.976575498502946,2.976575498502948,361.2500325464038,0.018501496401782686,267.86251860146115,267.86251860146115,11.658069698807548,0.0,331.0096596207118,1.0
1.2657417156954078,0.8476010543881064,35263.87308758839,0.07987005895420946,2441597.4688402424,0.02348386008625931,0.0009024759124515415,0.006766234678209119,0.03315257067691997,93.52704359025682,278.50776630282314,3000.0,22.97647104737659,2.976471047376592,361.2255324691106,0.018500734647246823,267.69848887885377,267.69848887885377,11.650983666154383,0.0,330.8866367303141,1.0
1.271387382110354,0.8478011786628986,35280.52712574102,0.07983199369450619,2442173.9463236723,0.02348311485685323,0.0009016158957120461,0.006801696701504161,0.03318642745406944,93.66677231997866,278.5735238481528,3000.0,22.976366600549724,2.976366600549726,361.20104729652604,0.01849997328930972,267.5342749765474,267.5342749765474,11.643889550845977,0.0,330.7632416245964,1.0
1.2770330485253032,0.8480011809788024,35297.174942732505,0.0797939784336551,2442750.072492634,0.023482370292473458,0.0009007574177731041,0.00683720057061092,0.03322032828085748,93.80669911875447,278.63924131979746,3000.0,22.97626215802011,2.976262158020108,361.17657704559167,0.018499212328620215,267.3698779268372,267.3698779268372,11.63678739770598,0.0,330.6394754474336,1.0
1.2826787149402492,0.8482010611981137,35313.81651991287,0.07975601312296587,2443325.846950459,0.023481626393137514,0.0008999004759225728,0.006872745902127331,0.03325427277118742,93.94682297158776,278.7049186725099,3000.0,22.976157719785494,2.9761577197854927,361.1521217331557,0.01849845176582437,267.2052987615679,267.2052987615679,11.629677251539277,0.0,330.51533934399544,1.0
1.2883243813551954,0.8484008191838929,35330.45183868943,0.07971809771368343,2443901.2693026774,0.02348088315886021,0.0008990450674510603,0.006908332313574057,0.03328826053988533,94.08714286385316,278.77055586129404,3000.0,22.976053285843633,2.9760532858436317,361.12768137597243,0.018497691601565412,267.04053851211927,267.04053851211927,11.62255915713133,0.0,330.3908344607255,1.0
1.2939700477701415,0.8486004547999649,35347.08088052681,0.07968023215698847,2444476.339157025,0.02348014058965365,0.0008981911896519334,0.006943959423396293,0.03332229120270187,94.22765778130962,278.836152841405,3000.0,22.975948856192275,2.9759488561922733,361.1032559907031,0.018496931836483797,266.87559820939344,266.87559820939344,11.615433159247631,0.0,330.2659619453225,1.0
1.2992830422886965,0.8487882149644722,35362.724303542025,0.07964464332395567,2445017.200615416,0.02347944238391919,0.0008973890223697524,0.00697752403040613,0.03335435543669508,94.36007005041569,278.89784774344275,3000.0,22.975850583993378,2.975850583993376,361.0802835650079,0.018496217205853524,266.7202135145922,266.7202135145922,11.608719883494047,0.0,330.14811281762877,1.0
1.2996175294940633,0.8488000320426983,35363.70897081466,0.07964240425271545,2445051.24086128,0.02347939844708216,0.0008973385660019874,0.006979638325922183,0.03335637533900633,94.36841198479033,278.9017306409969,3000.0,22.975844397252896,2.9758443972528945,361.07883774740225,0.018496172227115033,266.7104257626119,266.7104257626119,11.608297007552032,0.0,330.140682618526,1.0
1.3052940029264615,0.8490005101624548,35380.416055797665,0.07960443232716737,2445628.737629625,0.023478653165322445,0.0008964831033696865,0.007015540659593193,0.03339067692828533,94.51008336859672,278.9676044539622,3000.0,22.975739406388694,2.975739406388694,361.0543092819437,0.018495409122042564,266.54422591334696,266.54422591334696,11.601116342711956,0.0,330.0143917768112,1.0
1.310970476358863,0.8492008641642398,35397.11673917826,0.07956651065102487,2446205.876864054,0.023477908555931928,0.0008956291799526341,0.007051482983239214,0.03342502071912378,94.65194883234213,279.0334374838034,3000.0,22.975634419855083,2.975634419855085,361.0297960022988,0.01849464642244477,266.3778471699567,266.3778471699567,11.593927823806174,0.0,329.88773277477526,1.0
1.316646949791261,0.8494010939127516,35413.81100235056,0.07952863917440753,2446782.6581748156,0.02347716461891194,0.0008947767930109469,0.007087464912809701,0.03345940632473259,94.79400734679463,279.09922968606264,3000.0,22.975529437649765,2.975529437649764,361.0052979250217,0.018493884128961212,266.2112905782271,266.2112905782271,11.58673149624963,0.0,329.76070678391824,1.0
1.3223234232236591,0.84960119927347,35430.498826767755,0.0794908178473712,2447359.081174412,0.0234764213542611,0.0008939259398075867,0.007123486065207693,0.03349383335927638,94.93625788318373,279.16498101653866,3000.0,22.975424459770423,2.975424459770424,360.980815066571,0.018493122242228575,266.04455718338727,266.04455718338727,11.57952740543387,0.0,329.6333149769223,1.0
1.3279998966560573,0.8498011801126562,35447.18019394221,0.07945304661990882,2447935.145477595,0.023475678761975264,0.0008930766176083747,0.007159546058291591,0.03352830143787523,95.07869941321401,279.23069143128714,3000.0,22.975319486214755,2.9753194862147554,360.95634744330954,0.018492360762880668,265.87764803009554,265.87764803009554,11.572315596726424,0.0,329.50555852763057,1.0
1.3336763700884589,0.8500010362973524,35463.855085445546,0.07941532544195047,2448510.8507013675,0.023474936842047586,0.0008922288236819899,0.0071956445108767005,0.03356281017660628,95.22133090907856,279.2963608866204,3000.0,22.975214516980444,2.9752145169804445,360.9318950715048,0.018491599691548427,265.71056416242624,265.71056416242624,11.56509611547025,0.0,329.3774386110273,1.0
1.339352843520857,0.850200767695382,35480.523482908684,0.07937765426336417,2449086.196464982,0.02347419559446848,0.0008913825552999826,0.0072317810427369065,0.03359735919250537,95.36415134347239,279.3619893391073,3000.0,22.975109552065174,2.9751095520651747,360.9074579673284,0.01849083902885991,265.54330662385604,265.54330662385604,11.557869006983125,0.0,329.24895640321813,1.0
1.345029316953255,0.8504003741753504,35497.185368022074,0.07934003303395588,2449661.1823899425,0.023473455019225646,0.0008905378097367703,0.0072679552746064535,0.03363194810356887,95.50715968960662,279.4275767455738,3000.0,22.975004591466625,2.9750045914666248,360.8830361468566,0.0184900787754403,265.37587645725,265.37587645725,11.550634316557042,0.0,329.12011308140916,1.0
1.349255466992108,0.8505489005485248,35509.58594726402,0.07931205633230025,2450089.027087541,0.023472904095528244,0.0008899098816391934,0.007294911346805878,0.03365772532397332,95.61375121448285,279.47638006904265,3000.0,22.974926450815005,2.974926450815006,360.864863969172,0.018489513030830705,265.2511127546892,265.2511127546892,11.545243172923401,0.0,329.02395506982106,1.0
1.3507138234853475,0.8506001378154692,35513.864287836936,0.07930240856948198,2450236.6210300373,0.023472714069701833,0.0008896933920492651,0.007304218099472692,0.033666625561223795,95.6505576968579,279.4932157922809,3000.0,22.974899486655932,2.9748994866559326,360.8585950978659,0.018489317856904934,265.20803740100797,265.20803740100797,11.543381835252147,0.0,328.9907267265401,1.0
1.3564217379585484,0.8508005977422787,35530.605280919444,0.07926467947198539,2450814.0653918255,0.023471970747437343,0.0008888470282552504,0.007340667526286145,0.03370148530197874,95.79473373162519,279.55908362734306,3000.0,22.974793953390495,2.9747939533904937,360.8340688583114,0.018488554219243097,265.03933512668624,265.03933512668624,11.53609193032929,0.0,328.86044558372566,1.0
1.3621296524317492,0.851000930968666,35547.339634006144,0.07922700072553965,2451391.1447806954,0.023471228104923744,0.0008880021959268527,0.007377153924656628,0.033736384225507225,95.93909664699461,279.6249098307303,3000.0,22.97468842448265,2.974688424482649,360.80955812053304,0.018487790997279697,264.8704614735384,264.8704614735384,11.528794496785556,0.0,328.7298029011621,1.0
1.3678375669049534,0.8512011373642259,35564.06732872477,0.0791893722788644,2451967.8588210023,0.023470486142137467,0.0008871588923047203,0.007413676912912082,0.03377132194735427,96.08364540125983,279.6906943595935,3000.0,22.974582899930024,2.974582899930025,360.7850629004859,0.01848702819163861,264.70141749922607,264.70141749922607,11.52148958055871,0.0,328.59879988000876,1.0
1.3735454813781542,0.8514012167993515,35580.78834676433,0.07915179408061805,2452544.207139401,0.0234697448590522,0.0008863171146324635,0.00745023611037013,0.033806298084054796,96.22837895331027,279.7564371713462,3000.0,22.974477379730246,2.9744773797302444,360.76058321402724,0.018486265802940768,264.532204260717,264.532204260717,11.514177227557155,0.0,328.46743772244736,1.0
1.379253395851355,0.8516011691452353,35597.50266987514,0.07911426607939845,2453120.189364849,0.023469004255638894,0.0008854768601566652,0.007486831137339663,0.03384131225313522,96.37329626264473,279.8221382236641,3000.0,22.974371863880926,2.9743718638809264,360.73611907691674,0.018485503831804154,264.362822814272,264.362822814272,11.506857483659394,0.0,328.3357176316625,1.0
1.384961310324556,0.8518009942738682,35614.210279868974,0.07907678822374309,2453695.805128604,0.023468264331865715,0.0008846381261268812,0.007523461615122346,0.033876364073114944,96.51839628938514,279.88779747448575,3000.0,22.974266352379686,2.974266352379686,360.71167050481625,0.018484742278843787,264.19327421543113,264.19327421543113,11.499530394713382,0.0,328.20364081181975,1.0
1.3906692247977601,0.8520006920580401,35630.91115861913,0.07903936046212966,2454271.054064224,0.023467525087698112,0.0008838009097956483,0.00756012716601409,0.033911453163507854,96.66367799428976,279.9534148820118,3000.0,22.974160845224134,2.974160845224135,360.68723751329,0.018483981144671743,264.02355951900023,264.02355951900023,11.492196006535988,0.0,328.07120846804656,1.0
1.396377139270961,0.8522002623713393,35647.60528806051,0.07900198274297646,2454845.935807568,0.023466786523098776,0.0008829652084184907,0.00759682741330653,0.033946579144823796,96.80914033876685,280.0189904047056,3000.0,22.97405534241188,2.974055342411882,360.6628201178043,0.01848322042989713,263.85367977903746,263.85367977903746,11.48485436491237,0.0,327.9384218064109,1.0
1.3992278916955194,0.8522998877063749,35655.94044673852,0.07898333359152335,2455132.9162975,0.023466417909923865,0.0008825483933516598,0.007615169805361835,0.03396413610863736,96.88185715315961,280.0517256512987,3000.0,22.97400265186777,2.9740026518677727,360.65063097421006,0.018482840656854765,263.76877382105044,263.76877382105044,11.481184964501875,0.0,327.8719707372543,1.0
1.4021011093068947,0.8524002659124603,35664.33957983715,0.0789645500874368,2455422.0655058874,0.02346604656341884,0.0008821286749270426,0.007633665358527589,0.033981840596873474,96.95519220758332,280.08470827893655,3000.0,22.97394954719425,2.9739495471942496,360.63834971696485,0.018482457997116505,263.68315750938154,263.68315750938154,11.47748483419058,0.0,327.8049070335117,1.0
1.4078410988872605,0.8526007002179277,35681.113853275776,0.07892706310126336,2455999.4360629017,0.023465305219015117,0.0008812913245943849,0.007670640680508617,0.03401723722411812,97.10183314941195,280.15056769524705,3000.0,22.973843460271222,2.9738434602712225,360.6138266121774,0.018481693855288563,263.5119934627654,263.5119934627654,11.470087446119233,0.0,327.6706632279556,1.0
1.4135810884676263,0.8528010052361599,35697.881246754914,0.07888962656426107,2456576.4341954314,0.023464564561708517,0.0008804554979585624,0.0077076499499453745,0.03405267000961246,97.24865361104625,280.2163846298984,3000.0,22.973737377733144,2.973737377733145,360.5893193256623,0.018480930139419923,263.3406657146161,263.3406657146161,11.462682861947137,0.0,327.5360647860303,1.0
1.4193210780479921,0.8530011808418603,35714.641742155516,0.07885224042373558,2457153.059542546,0.02346382459144997,0.0008796211922408023,0.007744692787819541,0.034088138571510315,97.3956525390755,280.28215904172026,3000.0,22.97363129957757,2.97363129957757,360.5648278727494,0.018480166850117934,263.1691753336739,263.1691753336739,11.45527112810037,0.0,327.4011129378793,1.0
1.425061067628361,0.8532012269105501,35731.395321422104,0.07881490462693361,2457729.3117456743,0.023463085308187623,0.0008787884046654046,0.007781768816138545,0.034123642528991575,97.5428288808232,280.34789088981086,3000.0,22.973525225802046,2.973525225802047,360.54035226866876,0.01847940398798694,262.99752338784555,262.99752338784555,11.447852290969587,0.0,327.2658089145033,1.0
1.4308010572087269,0.8534011433185664,35748.141966562725,0.07877761912104382,2458305.190448591,0.023462346711866863,0.0008779571324597568,0.007818877657936549,0.03415918150226317,97.69018158435898,280.4135801335366,3000.0,22.97341915640412,2.9734191564041206,360.5158925285505,0.01847864155362824,262.82571094419154,262.82571094419154,11.440426396909476,0.0,327.1301539477398,1.0
1.436541046789093,0.8536009299430637,35764.88165964917,0.07874038385319683,2458880.6952974293,0.02346160880243028,0.0008771273728543305,0.007856018937276128,0.03419475511256074,97.83770959851344,280.4792267325325,3000.0,22.973313091381335,2.9733130913813337,360.49144866742483,0.0184778795476401,262.65373906891136,262.65373906891136,11.43299349223811,0.0,326.9941492702423,1.0
1.4422810363694587,0.853800586662013,35781.61438281698,0.07870319877046585,2459455.8259406723,0.023460871579817723,0.0008762991230826906,0.007893192279249442,0.034230362982149855,97.98541187289113,280.5448306467018,3000.0,22.973207030731224,2.973207030731224,360.46702070022184,0.018477117970617733,262.4816088273307,262.4816088273307,11.425553623236384,0.0,326.8577961154586,1.0
1.4480210259498245,0.8540001133542027,35798.34011826563,0.07866606381986697,2460030.582029158,0.023460135043966258,0.0008754723803814976,0.007930397309979707,0.03426600473432746,98.1332873578844,280.6103918362165,3000.0,22.973100974451327,2.9731009744513264,360.44260864177187,0.018476356823153347,262.30932128388747,262.30932128388747,11.418106836147413,0.0,326.72109571761075,1.0
1.4492003163989309,0.8540410903341407,35801.775581645044,0.07865844058531099,2460148.620214669,0.023459983806481444,0.000875302711083048,0.007938045035792858,0.03427333155335735,98.16368997668911,280.6238561978914,3000.0,22.973079185552375,2.973079185552376,360.437595114918,0.01847620049738143,262.2739051382289,262.2739051382289,11.416576028831663,0.0,326.69296750543265,1.0
1.4537803564238543,0.8542001815457142,35815.11517015349,0.07862885407548822,2460606.89795923,0.023459396716527362,0.0008746443638897458,0.007967759177001649,0.03430180025741876,98.28183414104429,280.6761309535024,3000.0,22.972994565204658,2.9729945652046563,360.4181303309676,0.018475593543327038,262.1362961899233,262.1362961899233,11.410628050509358,0.0,326.58358695033195,1.0
1.4595446880019913,0.8544002921486858,35831.89770881295,0.07859166244920653,2461183.336059648,0.02345865844012551,0.0008738171420398882,0.008005184679337536,0.034337660261502936,98.43068240401156,280.74188400649666,3000.0,22.972888067958163,2.972888067958164,360.393646831128,0.018474830034916068,261.96296442711645,261.96296442711645,11.403135890105775,0.0,326.4456112301749,1.0
1.4653090195801284,0.8546002712570401,35848.673146757996,0.07855452122010456,2461759.3953770013,0.02345792085611429,0.0008729914317070534,0.00804264101201656,0.034373553299837906,98.5797021710843,280.80759385252225,3000.0,22.97278157511153,2.972781575111528,360.36917941963367,0.018474066961491845,261.78947724854936,261.78947724854936,11.395636892842324,0.0,326.30728906365437,1.0
1.4710733511582654,0.8548001187513334,35865.44146622107,0.07851743033429374,2462335.0755672213,0.023457183964418798,0.0008721672301052138,0.00808012780058478,0.034409478995108794,98.72889238257902,280.87326045233203,3000.0,22.972675086662235,2.972675086662236,360.3447281110982,0.01847330432364176,261.6158357285192,261.6158357285192,11.388131105393617,0.0,326.1686217036934,1.0
1.4738149118429782,0.8548951215469669,35873.41410561689,0.07849980727221577,2462608.7403817596,0.023456833735943504,0.000871775762063962,0.008097967386148184,0.03442657688415565,98.79990790433389,280.9044768085027,3000.0,22.972624441474405,2.9726244414744043,360.33310453445057,0.018472941760195944,261.53319663011666,261.53319663011666,11.384558925620569,0.0,326.1025496675231,1.0
1.4768463416162998,0.855000134416326,35882.22782189198,0.07848033413519259,2462911.240189535,0.023456446659601875,0.0008713432997727167,0.008117701049956454,0.034445491009331045,98.8784764666999,280.93898231026776,3000.0,22.972568442656257,2.972568442656256,360.32025622690503,0.01847254097733918,261.4417797602051,261.4417797602051,11.380607284414529,0.0,326.02940133034605,1.0
1.4826271854133888,0.85520028965647,35899.02982294719,0.07844323796124222,2463487.8068716796,0.023455709047444623,0.0008705197593630105,0.008155355271846718,0.034481584078654356,99.0284332145659,281.00475003030266,3000.0,22.972461657990674,2.9724616579906757,360.2957672657147,0.01847177703156309,261.2673340511488,261.2673340511488,11.373066497654609,0.0,325.8896471528446,1.0
1.4884080292104747,0.8554003121706004,35915.82461130877,0.07840619225642655,2464063.991223602,0.02345497213133549,0.0008696977279451829,0.008193038999116125,0.0345177088583968,99.17855818739189,281.07047413875245,3000.0,22.97235487774008,2.9723548777400817,360.2712945435306,0.018471013525619973,261.0927363561387,261.0927363561387,11.365519022568044,0.0,325.74954959198203,1.0
1.4941888730075603,0.8556002018415897,35932.61216932006,0.07836919696617042,2464639.7929079067,0.023454235911187723,0.0008688772027220672,0.008230751858350363,0.03455386497226016,99.3288503199422,281.1361545971308,3000.0,22.972248101901926,2.972248101901926,360.2468380746833,0.01847025046008981,260.9179877547411,260.9179877547411,11.357964906061548,0.0,325.6091099141201,1.0
1.499172741102342,0.8557724270113403,35947.079494278165,0.07833734245574418,2465135.9042994115,0.023453601748572816,0.0008681710060541416,0.008263288535607089,0.034585061290234045,99.45855580116206,281.1927449553896,3000.0,22.972156050248582,2.972156050248582,360.22576635307865,0.01846959294850973,260.7672105519166,260.7672105519166,11.351446942181765,0.0,325.48775829539693,1.0
1.4999731907109828,0.8558000785537464,35949.40256106665,0.07833222984950983,2465215.55726303,0.02345349994511946,0.0008680576891731235,0.008268516165999763,0.034590073800292345,99.47939901309712,281.20183079745,3000.0,22.97214126631239,2.97214126631239,360.22238319134703,0.018469487377395157,260.7429841782499,260.7429841782499,11.350399649536273,0.0,325.4682446842025,1.0
1.5057792324028596,0.8560005719501818,35966.24869671392,0.07829517454628775,2465793.0980373383,0.023452761915550967,0.0008672366086855078,0.00830645088601753,0.03462644941025401,99.6306792778703,281.26770963008073,3000.0,22.972034033921155,2.9720340339211564,360.19785285678927,0.018468721873403173,260.567173578919,260.567173578919,11.342799387906101,0.0,325.3265085049258,1.0
1.5115852740947395,0.85620093099273,35983.08748570846,0.07825816993235754,2466370.2517921766,0.023452024587745073,0.0008664170390933782,0.008344413867094343,0.0346628554939328,99.7821249394123,281.3335443162338,3000.0,22.971926805973176,2.9719268059731743,360.1733389604078,0.01846795681541163,260.3912140209955,260.3912140209955,11.335192568752587,0.0,325.1844310620039,1.0
1.5173913157866163,0.8564011555660069,35999.91891042174,0.07822121595222978,2466947.01819517,0.023451287961603,0.0008655989775764629,0.008382404735245388,0.034699291674424856,99.93373492226935,281.39933481799596,3000.0,22.97181958246585,2.9718195824658515,360.14884151631986,0.018467192203995866,260.2151065940505,260.2151065940505,11.32757923942037,0.0,325.04201364084906,1.0
1.5231973574784932,0.8566012455554509,36016.74295329063,0.07818431255036663,2467523.396916312,0.0234505520370233,0.0008647824213179176,0.008420423117574771,0.03473575757591599,100.0855081519667,281.465081097724,3000.0,22.971712363396595,2.9717123633965934,360.12436053854213,0.018466428039728137,260.0388523865754,260.0388523865754,11.31995944720797,0.0,324.89925752742664,1.0
1.52900339917037,0.8568012008473227,36033.55959681755,0.07814745967118204,2468099.3876279653,0.023449816813901812,0.0008639673675043247,0.008458468642276566,0.03477225282368271,100.23744355502225,281.5307831180452,3000.0,22.9716051487628,2.971605148762801,360.0998960409905,0.01846566432317762,259.8624524859682,259.8624524859682,11.312333239367202,0.0,324.7561640082333,1.0
1.5348094408622468,0.8570010213287063,36050.36882357054,0.07811065725904202,2468674.9900048655,0.023449082292131634,0.0008631538133256938,0.008496540938635964,0.0348087770440933,100.38954005895991,281.5964408418571,3000.0,22.971497938561875,2.971497938561873,360.0754480374802,0.01846490105491042,259.6859079785203,259.6859079785203,11.304700663102594,0.0,324.6127343702765,1.0
1.540615482554127,0.8572007068875076,36067.170616183335,0.07807390525826524,2469250.2037241133,0.023448348471603212,0.0008623417559754693,0.008534639637030066,0.03484532986460875,100.54179659232258,281.6620542323275,3000.0,22.971390732791203,2.9713907327912046,360.051016541726,0.018464138235489543,259.5092199494035,259.5092199494035,11.297061765570826,0.0,324.46896990105313,1.0
1.5464215242460035,0.8574002574124553,36083.96495735546,0.07803720361312329,2469825.028465182,0.02344761535220425,0.000861531192650531,0.00857276436892895,0.03488191091378373,100.69421208468539,281.72762325289443,3000.0,22.971283531448186,2.9712835314481882,360.0266015673419,0.018463375865474918,259.33238948265654,259.33238948265654,11.289416593880132,0.0,324.3248718885283,1.0
1.5491451658057536,0.8574938209439165,36091.84068953917,0.07802000403399882,2470094.5473389598,0.023447271683998256,0.0008611514675893441,0.008590657727025,0.0348990808786126,100.76576538257828,281.7583666905291,3000.0,22.971233244317183,2.9712332443171823,360.0151540844325,0.018463018389118326,259.2493887018542,259.2493887018542,11.285828059143906,0.0,324.2571602631409,1.0
1.5522456040284767,0.8576002921219951,36100.803971306,0.07800043847851729,2470401.2479471704,0.023446880659449665,0.0008607196092634236,0.008611033331378247,0.034918633600091335,100.8472597234205,281.79335136855514,3000.0,22.97117600149993,2.9711760014999316,360.00212735305143,0.018462611579007606,259.1548676296309,259.1548676296309,11.281741414227513,0.0,324.17999239175396,1.0
1.5580856224597628,0.8578007376074649,36117.68150481872,0.07796362349368,2470978.6507092714,0.023446144664231276,0.0008599073086659179,0.008649432584057502,0.0349554845569547,101.00088464597594,281.8592144584306,3000.0,22.971068181744727,2.971068181744725,359.97760288039257,0.01846184565611734,258.97671823441664,258.97671823441664,11.274038986146378,0.0,324.0343820171964,1.0
1.5639256408910487,0.858001046140311,36134.551447159734,0.07792685928562398,2471555.658965989,0.02344540937801413,0.0008590965111183321,0.008687857060600136,0.0349923629497326,101.15466714118391,281.92503254792626,3000.0,22.970960366461185,2.9709603664611857,359.95309516386493,0.018461080189594272,258.79842802268104,258.79842802268104,11.266330353368264,0.0,323.88843810771647,1.0
1.569765659322338,0.8582012176106556,36151.41378099272,0.07789014579744823,2472132.272400808,0.023444674800672995,0.0008582872137820961,0.008726306390440364,0.03502926840489545,101.30860612406643,281.9908056009382,3000.0,22.970852555646648,2.970852555646648,359.9286042169122,0.01846031517999561,258.6199980928458,258.6199980928458,11.258615563629672,0.0,323.7421619757198,1.0
1.5756056777536238,0.8584012519094629,36168.268489049224,0.07785348297220532,2472708.4906996423,0.02344394093207992,0.0008574794138221682,0.008764780204135923,0.035066200550038014,101.46270051076964,282.056533581639,3000.0,22.97074474929844,2.970744749298442,359.9041300528748,0.018459550627875396,258.44142954210514,258.44142954210514,11.250894664614577,0.0,323.595554933983,1.0
1.5814456961849097,0.8586011489285399,36185.115554128766,0.07781687075290183,2473284.3135508294,0.023443207772104208,0.0008566731084070369,0.008803278133369011,0.03510315901388025,101.61694921857709,282.1222164544781,3000.0,22.970636947413894,2.970636947413895,359.87967268499017,0.018458786533784508,258.2627234664131,258.2627234664131,11.243167703953857,0.0,323.44861829563285,1.0
1.5872857146161956,0.8588009085605344,36201.954959098846,0.07778030908249879,2473859.740645132,0.023442475320612433,0.0008558682947087245,0.008841799810946854,0.03514014342626801,101.77135116592224,282.18785418418156,3000.0,22.97052914999033,2.9705291499903317,359.85523212639276,0.01845802289827064,258.08388096047054,258.08388096047054,11.235434729224737,0.0,323.3013533741247,1.0
1.5931257330474815,0.8590005306989376,36218.78668689518,0.07774379790391191,2474434.7716757404,0.02344174357746844,0.0008550649699027881,0.00888034487080296,0.03517715341817419,101.92590527240296,282.25344673575216,3000.0,22.970421357025074,2.970421357025073,359.830808390114,0.01845725972187833,257.904903117711,257.904903117711,11.227695787950168,0.0,323.1537614832202,1.0
1.5989657514787707,0.8592000152380816,36235.61072052168,0.07770733716001199,2475009.4063382684,0.023441012542533373,0.0008542631311683218,0.008918912947997511,0.035214188621699206,102.08061045879332,282.3189940744693,3000.0,22.970313568515436,2.970313568515437,359.8064014890823,0.01845649700514895,257.725791030289,257.725791030289,11.219950927598317,0.0,323.00584393696784,1.0
1.599117590509165,0.8592051999503831,36236.04803844572,0.07770638986189235,2475024.3414075053,0.02344099354525115,0.0008542423033557923,0.00891991601215913,0.03521515186076608,102.08463476063046,282.3206976856606,3000.0,22.970310766100333,2.9703107661003316,359.80576714037255,0.018456477180838985,257.7211323797421,257.7211323797421,11.219749484629865,0.0,323.00199378575104,1.0
1.6048394804031234,0.859400512368224,36252.5240899378,0.07767071676722917,2475586.9578678836,0.023440278002035634,0.0008534581600749859,0.008957726502070138,0.03525146266418076,102.23635995510048,282.3848741339348,3000.0,22.970205162306893,2.970205162306894,359.78187069770604,0.01845573034996405,257.54551074260553,257.54551074260553,11.212155438873769,0.0,322.8567454101534,1.0
1.6107141091880852,0.8596009007784572,36269.43223117091,0.07763414167843206,2476164.1962192017,0.023439544065288666,0.0008526545635677203,0.008996568554389421,0.03528876718324581,102.39228398994416,282.45071846982614,3000.0,22.970096743993214,2.9700967439932144,359.75735320819314,0.018454964043507646,257.365069218249,257.365069218249,11.204352863056668,0.0,322.70729720748767,1.0
1.6165887379730473,0.8598011496367852,36286.332535388916,0.0775976174495147,2476741.0325776525,0.023438810844729978,0.0008518524622231955,0.009035432792418942,0.035326096099372116,102.54835761911374,282.5165169512566,3000.0,22.969988330179934,2.969988330179933,359.7328527928331,0.018454198203808996,257.18449517371937,257.18449517371937,11.196544442114861,0.0,322.55752348419105,1.0
1.622463366758009,0.8600012588390915,36303.224985571615,0.07756114402214628,2477317.466643317,0.023438078340207117,0.0008510518531845294,0.009074318849304763,0.03536344904269641,102.70457974902439,282.5822695440153,3000.0,22.969879920864308,2.9698799208643067,359.70836946436475,0.018453432831406175,257.00378971534036,257.00378971534036,11.188730224135618,0.0,322.4074255787616,1.0
1.6283379955429742,0.8602012282821223,36320.109564769176,0.07752472133795187,2477893.498118764,0.023437346551564892,0.0008502527335984708,0.009113226359350732,0.03540082564451409,102.86094928736338,282.64797621417455,3000.0,22.96977151604359,2.96977151604359,359.68390323542116,0.018452667926833977,256.8229539480578,256.8229539480578,11.180910257147131,0.0,322.25700482988,1.0
1.634212624327936,0.8604010578634856,36336.98625610224,0.0774883493385127,2478469.1267090417,0.023436615478645357,0.000849455100615402,0.009152154958018946,0.035438225537279704,103.01746514310271,282.7136369280901,3000.0,22.969663115715033,2.969663115715033,359.65945411852977,0.018451903490623957,256.64198897542707,256.64198897542707,11.17308458911797,0.0,322.10626257638813,1.0
1.640087253112898,0.8606007474816514,36353.85504276196,0.07745202796536667,2479044.352121685,0.02343588512128779,0.0008486589513893418,0.009191104281930497,0.035475648354607627,103.1741262265122,282.7792516524009,3000.0,22.969554719875884,2.9695547198758834,359.6350221261131,0.01845113952330441,256.46089589960087,256.46089589960087,11.165253267956544,0.0,321.9552001572683,1.0
1.6459618818978599,0.8608002970359522,36370.71590801025,0.07741575716000833,2479619.1740667108,0.02343515547932873,0.0008478642830779409,0.009230073968866267,0.03551309373127294,103.33093144917342,282.84482035402925,3000.0,22.969446328523386,2.9694463285233854,359.61060727048744,0.018450376025400353,256.279675821314,256.279675821314,11.15741634151045,0.0,321.80381891161954,1.0
1.6490900152125765,0.860906496373787,36379.69077529562,0.0773964642257526,2479925.0916125984,0.023434767250046902,0.0008474417398595419,0.009250832804498448,0.03553304179440489,103.41448582288842,282.87971570982205,3000.0,22.969388613923076,2.969388613923077,359.59761379871617,0.01844996966831525,256.18312797582774,256.18312797582774,11.153241049722164,0.0,321.7230815200423,1.0
1.6518529877416621,0.861000265529439,36387.61609280388,0.07737943534479697,2480195.2028069035,0.023434424509126382,0.0008470688701920112,0.00926917304317439,0.035550666422492785,103.48832013000009,282.910526712184,3000.0,22.96933763765944,2.969337637659439,359.5861411577203,0.018449610857967074,256.0978210277202,256.0978210277202,11.149551853329648,0.0,321.6516942513802,1.0
1.6577628602054184,0.8612007293139892,36404.56207688766,0.07734304879985339,2480772.6582812895,0.02343369193287531,0.000846272414063772,0.009308416516403514,0.035588380863342595,103.64635362843812,282.9763958148363,3000.0,22.969228605079326,2.969228605079326,359.56161444617186,0.018448843728391263,255.91526081773372,255.91526081773372,11.141656745109046,0.0,321.49876554552446,1.0
1.6636727326691714,0.8614010510477907,36421.49999369344,0.07730671325285154,2481349.7045646464,0.023432960080117773,0.0008454774480396343,0.009347679501840919,0.03562611702999833,103.80452969467248,283.04221824194883,3000.0,22.96911957703145,2.969119577031449,359.53710511450953,0.018448077075458966,255.73257541983705,255.73257541983705,11.13375610946635,0.0,321.34551825426684,1.0
1.6695826051329243,0.8616012306318751,36438.42982646968,0.0772704286440542,2481926.341371884,0.02343222895067616,0.0008446839692406519,0.009386961635452093,0.0356638745553689,103.96284722606617,283.1079939610022,3000.0,22.969010553512987,2.9690105535129883,359.51261317484204,0.018447310899691368,255.54976594877587,255.54976594877587,11.125849994861484,0.0,321.19195374121256,1.0
1.6754924775966773,0.8618012679681564,36455.35155853762,0.07723419491368196,2482502.568420457,0.023431498544370048,0.0008438919747916142,0.0094262625543933,0.03570165307355497,104.12130512139133,283.17372293976695,3000.0,22.968901534521123,2.9689015345211227,359.4881386391702,0.01844654520160632,255.36683351777884,255.36683351777884,11.117938449689252,0.0,321.0380733699771,1.0
1.6814023500604303,0.8620011629594321,36472.2651732916,0.07719801200191317,2483078.3854303653,0.02343076886101623,0.0008431014618210388,0.009465581897012224,0.0357394522198495,104.27990228084288,283.23940514630397,3000.0,22.968792520053025,2.9687925200530265,359.4636815193867,0.018445779981718313,255.18377923854382,255.18377923854382,11.11002152227873,0.0,320.8838785041642,1.0
1.6873122225241866,0.8622009155093824,36489.170654198926,0.07716187984888469,2483653.792124149,0.023430039900428717,0.0008423124274611804,0.009504919302848384,0.03577727163073828,104.43863760605112,283.30504054896414,3000.0,22.96868351010587,2.9686835101058704,359.43924182727625,0.018445015240538484,255.00060422122513,255.00060422122513,11.102099260892718,0.0,320.7293705073431,1.0
1.6932220949879395,0.8624005255225708,36506.06798480015,0.07712579839469187,2484228.788226895,0.023429311662418715,0.0008415248688480248,0.009544274412633754,0.0358151109439005,104.59751000009533,283.3706291163886,3000.0,22.968574504676823,2.9685745046768233,359.41481957451555,0.018444250978574633,254.81730957442022,254.81730957442022,11.094171713727151,0.0,320.57455074302703,1.0
1.699062439915988,0.8625976470715356,36522.75850127343,0.07709019117490505,2484796.6160658463,0.023428592701557213,0.0008407480225876526,0.009583183565977465,0.03585252429012233,104.7546469047342,283.435400015396,3000.0,22.968466786093575,2.968466786093576,359.3907017849493,0.01844349617916548,254.63605488021506,254.63605488021506,11.086332285548389,0.0,320.42124742475846,1.0
1.6991322822461299,0.8626000035254449,36522.958048107095,0.07708976566152452,2484803.40406106,0.023428584108062173,0.000840738741288943,0.00958364896595649,0.03585297181530761,104.75652684083568,283.4361743073949,3000.0,22.96846549795714,2.9684654979571423,359.39041347319545,0.01844348715566045,254.63388663235978,254.63388663235978,11.086238506225303,0.0,320.4194123032664,1.0
1.7050689123816174,0.8628002303167939,36539.91544064878,0.07705362263782972,2485380.1768534253,0.02342785402566408,0.0008399505765655738,0.00962321679013778,0.03589102139236743,104.9163909404498,283.501965537979,3000.0,22.968356008071737,2.968356008071739,359.3659157577268,0.01844272039881356,254.449524817277,254.449524817277,11.07826457966152,0.0,320.2632686068957,1.0
1.7110055425171047,0.8630003129937658,36556.86455945693,0.07701753059123108,2485956.5345102786,0.023427124671812235,0.0008391638923218358,0.009662801396942356,0.035929089961076424,105.07639003612917,283.56770941494904,3000.0,22.96824652273684,2.9682465227368424,359.34143567462877,0.018441954127051033,254.2650456384996,254.2650456384996,11.070285465057,0.0,320.1068144469127,1.0
1.7169421726525953,0.8632002514632083,36573.805388145716,0.07698148946084223,2486532.4767632857,0.023426396046303997,0.0008383786856698163,0.009702402427047757,0.03596717715902158,105.2365230220012,283.6334059076966,3000.0,22.968137041949568,2.968137041949569,359.31697323529863,0.018441188340873948,254.08045021329744,254.08045021329744,11.062301210988018,0.0,319.95005120498524,1.0
1.7228788027880828,0.8634000456328685,36590.73791040434,0.07694549918573639,2487108.003346701,0.02342566814893395,0.0008375949537254085,0.009742019522347925,0.03600528262500728,105.39678879373415,283.69905498590896,3000.0,22.968027565707033,2.968027565707032,359.29252845102343,0.018440423040779946,253.89573965728928,253.89573965728928,11.054311865959898,0.0,319.7929802626119,1.0
1.7238149118429782,0.8634315367147197,36593.40713179747,0.07693982874829823,2487198.716478003,0.023425553437921767,0.0008374715064847652,0.009748267930397058,0.03601129287480359,105.4220721208068,283.7094024374835,3000.0,22.96801030351651,2.96801030351651,359.2886755222631,0.01844030240992542,253.86660340145627,253.86660340145627,11.053051615994272,0.0,319.7681847607895,1.0
1.7288306754498082,0.8636002078333946,36607.70555275697,0.07690946749437125,2487684.5900789048,0.023424939113397106,0.000836810687019429,0.009781754104500814,0.036043503904917354,105.55759824326884,283.76482499301096,3000.0,22.96791781293939,2.967917812939389,359.26803863823153,0.018439656264203994,253.7104403949627,253.7104403949627,11.046296946083217,0.0,319.63519853631317,1.0
1.7347854015475257,0.8638003206645862,36624.672941798475,0.07687346955971029,2488261.034597927,0.023424210460339174,0.0008360275218855537,0.00982152317751977,0.0360817611597445,105.71861613117836,283.8305787781616,3000.0,22.96780801211986,2.967808012119861,359.2435548657696,0.018438889609953324,253.52493873459127,253.52493873459127,11.038273160451748,0.0,319.4770344452456,1.0
1.7407401276452434,0.8640002880398097,36641.63192468853,0.07683752260664295,2488837.060116853,0.02342348253923286,0.0008352458317712135,0.009861307337969982,0.036120035708974055,105.87976428438668,283.8962847688734,3000.0,22.967698215864093,2.9676982158640928,359.2190888898218,0.018438123446243924,253.33932460543514,253.33932460543514,11.030244399086119,0.0,319.31856495268244,1.0
1.7466948537429643,0.86420010986952,36658.5824852641,0.07680162657353765,2489412.6663777395,0.0234227553498598,0.0008344656137815415,0.009901106229365825,0.03615832719300717,106.0410415947217,283.9619429357233,3000.0,22.96758842416916,2.96758842416916,359.19464072134406,0.018437357773564457,253.15359912662234,253.15359912662234,11.022210710647563,0.0,319.15979145196593,1.0
1.7490348646193992,0.8642785934008731,36665.241187614796,0.07678753454001996,2489638.7458410733,0.023422469788653862,0.0008341594161373637,0.00991674983468173,0.03617337903947296,106.10445336426287,283.9877313333374,3000.0,22.967545280903337,2.9675452809033374,359.1850382740036,0.018437057023963817,253.08058490974074,253.08058490974074,11.019052398262511,0.0,319.0973158036375,1.0
1.7526662925990317,0.8644003462787244,36675.572145941485,0.07676568086582965,2489989.466875275,0.02342202685412426,0.000833684681425052,0.00994103125775464,0.036196742793303954,106.20290014111254,284.0277373265765,3000.0,22.967478328905838,2.967478328905837,359.17014182913226,0.018436590445506218,252.96724168801973,252.96724168801973,11.014149575560783,0.0,319.0002684426387,1.0
1.7586485505747032,0.8646007985385309,36692.584063552335,0.07672972125213161,2490566.8891515136,0.0234212977758904,0.0008329038127563063,0.009981042760343112,0.03623524434898982,106.3651799470935,284.09360264238757,3000.0,22.967368038763716,2.967368038763715,359.1456165276344,0.01843582222330458,252.78043658054088,252.78043658054088,11.006068965059677,0.0,318.84015267337753,1.0
1.7646308085503748,0.8648011036372517,36709.587432164386,0.07669381284309566,2491143.887515899,0.02342056943549308,0.0008321244210944602,0.010021068055801904,0.03627376191238945,106.52758675330999,284.1594196034862,3000.0,22.967257753215808,2.9672577532158075,359.1211092312714,0.01843505449814735,252.59352247796141,252.59352247796141,10.997983529078216,0.0,318.6797343059624,1.0
1.7706130665260464,0.8650012614875726,36726.5822356819,0.07665795557611332,2491720.4617169118,0.023419841832700242,0.0008313465035208318,0.010061106787647408,0.036312295123868486,106.69011944264855,284.2251881811823,3000.0,22.96714747225914,2.9671474722591387,359.09661995072634,0.018434287270516703,252.40650050807778,252.40650050807778,10.98989331665793,0.0,318.5190147520527,1.0
1.776595324501718,0.8652012720030511,36743.568458082715,0.07662214938854714,2492296.6115055485,0.023419114967277173,0.0008305700571208742,0.010101158600641626,0.036350843625039674,106.85277689965639,284.2909083470724,3000.0,22.96703719589073,2.96703719589073,359.0721486965754,0.018433520540891514,252.21937179691903,252.21937179691903,10.98179837676434,0.0,318.35799542297724,1.0
1.7825775824773928,0.865401135098116,36760.54608341833,0.0765863942177311,2492872.336635311,0.02341838883898648,0.0008297950789841765,0.010141223140792232,0.03638940705876289,107.01555801055372,284.35658007303914,3000.0,22.9669269241076,2.9669269241075997,359.04769547928817,0.018432754309747286,252.03213746873445,252.03213746873445,10.973698758286417,0.0,318.1966777297122,1.0
1.7885598404530645,0.8656008506880679,36777.51509581395,0.07655069000097098,2493447.6368622165,0.023417663447588145,0.0008290215662044638,0.010181300055352744,0.03642798506914535,107.17846166324627,284.4222033312517,3000.0,22.966816656906765,2.966816656906765,359.02326030922757,0.018431988577556218,251.8447986459813,251.8447986459813,10.96559451003605,0.0,318.0350630828602,1.0
1.7945420984287361,0.8658004186890785,36794.47547946862,0.07651503667554456,2494022.511944788,0.0234169387928395,0.0008282495158795939,0.010221388992822537,0.03646657730154163,107.34148674733765,284.4877780941655,3000.0,22.96670639428524,2.9667063942852394,358.99884319665,0.01843122334478715,251.65735644931235,251.65735644931235,10.95748568074749,0.0,317.8731528926278,1.0
1.7990072893228106,0.8659492811213503,36807.12917163639,0.07648845796521922,2494451.3246933785,0.02341639838644723,0.0008276742046337482,0.01025131922757858,0.03649539181865956,107.46324806711075,284.53669184112675,3000.0,22.96662409662916,2.9666240966291606,358.98062990218926,0.018430652496540748,251.5173818350785,251.5173818350785,10.951430248383524,0.0,317.7521104356632,1.0
1.8005337751186152,0.8660001528773232,36811.453901350105,0.07647937816470268,2494597.8657458895,0.023416213735308743,0.0008274777130108811,0.010261552748024691,0.036505244196344315,107.50488911130059,284.5534074634712,3000.0,22.966595962648817,2.966595962648817,358.9744057510913,0.01843045740827293,251.4695166397907,251.4695166397907,10.949359541516829,0.0,317.7106929564412,1.0
1.8065531739556744,0.8662006619408388,36828.50213074379,0.07644360594947955,2495175.4516507485,0.023415486066707604,0.0008267038105843104,0.010301913769125521,0.036544103646417435,107.66916792065652,284.61929144404684,3000.0,22.966485024689547,2.966485024689546,358.9498734996688,0.018429688433358595,251.28070557901228,251.28070557901228,10.941191275411942,0.0,317.54718567110416,1.0
1.8125725727927302,0.8664010213271541,36845.541576254735,0.07640788506829722,2495752.606395842,0.023414759143176395,0.000825931380015737,0.010342285900086684,0.03658297642327882,107.83356630296532,284.68512624315616,3000.0,22.966374091357512,2.966374091357512,358.9253595612275,0.018428919965494207,251.09179325826216,251.09179325826216,10.93301851913797,0.0,317.38338345301986,1.0
1.8185919716297863,0.8666012309544318,36862.572222088595,0.07637221545714662,2496329.3297454272,0.023414032964457095,0.000825160418365503,0.010382668787911529,0.036621862170734126,107.99808313408488,284.75091183390873,3000.0,22.96626316264966,2.966263162649662,358.90086394578015,0.018428152005143746,250.90278081169527,250.90278081169527,10.92484132201976,0.0,317.2192877369838,1.0
1.824611370466842,0.8668012907417273,36879.594052527216,0.07633659705199144,2496905.6214663354,0.02341330753028901,0.0008243909226981806,0.010423062080880691,0.03666076053386788,108.16271729167667,284.8166481897075,3000.0,22.96615223856294,2.9661522385629393,358.87638666323033,0.018427384552767757,250.71366937155366,250.71366937155366,10.916659733299824,0.0,317.05489995727413,1.0
1.8306307693038981,0.8670012006089893,36896.607051928695,0.07630102978876857,2497481.4813279724,0.023412582840408737,0.0008236228900825712,0.010463465428552018,0.03669967115904332,108.32746765521777,284.882335284249,3000.0,22.966041319094288,2.966041319094287,358.85192772337234,0.018426617608823356,250.52446006815455,250.52446006815455,10.908473802137811,0.0,316.8902215476305,1.0
1.836650168140954,0.8672009604770605,36913.611204727575,0.07626551360338812,2498056.909102317,0.023411858894550212,0.0008228563175917003,0.010503878481760754,0.03673859369390267,108.49233310601436,284.94797309152335,3000.0,22.965930404240645,2.9659304042406434,358.827487135891,0.018425851173764232,250.3351540298766,250.3351540298766,10.900283577609917,0.0,316.7252539412302,1.0
1.8426695669780133,0.8674005702676768,36930.60649543486,0.07623004843173399,2498631.9045639215,0.023411135692444664,0.0008220912023028194,0.010544300892619282,0.036777527787366766,108.65731252721307,285.0135615858143,3000.0,22.965819493998946,2.965819493998945,358.80306491036197,0.018425085248040624,250.1457523831489,250.1457523831489,10.892089108708397,0.0,316.55999857066763,1.0
1.8486889658150691,0.8676000299034669,36947.59290863812,0.07619463420966403,2499206.4674899112,0.023410413233820652,0.0008213275412974037,0.010584732314516964,0.036816473089635024,108.82240480381321,285.0791007416988,3000.0,22.965708588366127,2.9657085883661254,358.77866105625156,0.018424319832099346,249.95625625243835,249.95625625243835,10.88389044434101,0.0,316.39445686793186,1.0
1.848979714026222,0.8676096603737026,36948.413159113836,0.07619292492537154,2499234.2089982885,0.02341037835653753,0.0008212906918123145,0.010586685449903308,0.03681835449825316,108.830381907214,285.08226515582965,3000.0,22.965703231533464,2.965703231533464,358.7774827697791,0.018424282873993267,249.9471008625651,249.9471008625651,10.88349432815847,0.0,316.3864536699118,1.0
1.8547443124920273,0.8678005291319659,36964.67179198194,0.07615905983594445,2499784.025064047,0.0234096872105527,0.0008205607841002797,0.01062541393559525,0.03685566193024823,108.98859575422956,285.1449814906498,3000.0,22.965597025052194,2.965597025052195,358.7541300081418,0.01842355035990162,249.76553425391222,249.76553425391222,10.875638633798792,0.0,316.22763909526213,1.0
1.8608014836422915,0.8680009365940689,36981.74680220302,0.07612352619657675,2500361.318296133,0.02340896172070306,0.0008197952623353341,0.01066611623706383,0.03689487322010222,109.15494877801612,285.2108320866722,3000.0,22.96548543278425,2.96548543278425,358.7296101876356,0.018422781172881767,249.5746614096195,249.5746614096195,10.867380188417032,0.0,316.06048407362744,1.0
1.866858654792559,0.8682011917804343,36998.81277661541,0.0760880439524255,2500938.1728831124,0.02340823698285077,0.0008190312042864827,0.010706826613610276,0.036934094800747524,109.32141268852978,285.27663264739175,3000.0,22.96537384517384,2.9653738451738385,358.7051089980413,0.01842201250340398,249.3836963095115,249.3836963095115,10.859117643404675,0.0,315.8930434789011,1.0
1.8729158259428231,0.8684012946158809,37015.86969982909,0.07605261303802968,2501514.5886084167,0.023407512996708343,0.0008182686069971687,0.01074754471728173,0.036973326320987245,109.487986357354,285.342383148105,3000.0,22.965262262217824,2.965262262217825,358.6806264485572,0.018421244351909456,249.19264009120317,249.19264009120317,10.850851048244806,0.0,315.72531876749827,1.0
1.8789729970930873,0.8686012450261438,37032.91755653313,0.07601723338790306,2502090.56525812,0.023406789761985534,0.000817507467515156,0.010788270201434086,0.03701256743093478,109.65466865803447,285.40808356440976,3000.0,22.965150683913073,2.9651506839130715,358.6561625482696,0.01842047671883586,249.00149389023514,249.00149389023514,10.842580452331147,0.0,315.55731139510067,1.0
1.8850301682433515,0.8688010429378735,37049.95633149568,0.07598190493653434,2502666.102620932,0.0234060672783894,0.0008167477828925248,0.010829002720731553,0.03705181778201348,109.82145846609079,285.4737338722046,3000.0,22.965039110256438,2.965039110256437,358.63171730615284,0.018419709604617317,248.81025884006203,248.81025884006203,10.834305904967549,0.0,315.3890228166358,1.0
1.8910873393936154,0.8690006882786371,37066.98600956416,0.07594662761838755,2503241.200488201,0.023405345545624276,0.0008159895501856715,0.010869741931146605,0.037091077026956555,109.98835465902923,285.53933404768924,3000.0,22.964927541244776,2.9649275412447778,358.607290731069,0.018418943009684417,248.61893607203976,248.61893607203976,10.826027455367438,0.0,315.2204544862535,1.0
1.8971445105438796,0.8692001809769171,37084.00657566532,0.07591140136790231,2503815.8586539165,0.02340462456339176,0.0008152327664553055,0.010910487489959573,0.037130344819806635,110.1553561163544,285.60488406736425,3000.0,22.96481597687495,2.9648159768749474,358.5828828317683,0.018418176934464226,248.4275267154139,248.4275267154139,10.817745152653295,0.0,315.0516078573046,1.0
1.8989521387296335,0.8692596855575287,37089.08421793954,0.07590089876019429,2503987.267399403,0.02340440954762535,0.0008150072014548872,0.010922648276181529,0.03714206502526177,110.20521422000964,285.62443629390424,3000.0,22.964782683865735,2.964782683865736,358.57560245597506,0.01841794841708499,248.37038823596544,248.37038823596544,10.815272744142357,0.0,315.0011656284753,1.0
1.9032286242435408,0.8694004072934122,37101.0936619836,0.07587606977236122,2504392.6300784186,0.02340390112944435,0.0008144740722189207,0.01095142033333043,0.0371697955349937,110.32320524324649,285.67067514191916,3000.0,22.96470392093183,2.9647039209318273,358.558385174398,0.018417407975321938,248.2351799311515,248.2351799311515,10.809422180483264,0.0,314.88173149777856,1.0
1.909324198496036,0.8696008561920574,37118.20368545079,0.07584072315879953,2504970.0426725047,0.023403177091526953,0.0008137154089205554,0.010992436013106663,0.03720932851355417,110.49147478119644,285.73653935330793,3000.0,22.96459165860069,2.964591658600688,358.53386028413763,0.018416638094387393,248.0423855029412,248.0423855029412,10.801079731371773,0.0,314.71125651688675,1.0
1.9154197727485314,0.8698011502940853,37135.30443556934,0.07580542806245465,2505547.009359843,0.023402453812762892,0.0008129582040944452,0.011033457085049173,0.037248869101906515,110.65984751839767,285.8023527010741,3000.0,22.964479400960816,2.964479400960814,358.50935433321825,0.01841586874105699,247.8495068148206,247.8495068148206,10.792733529350148,0.0,314.5405041236344,1.0
1.9215153470010267,0.8700012895303567,37152.39589730304,0.07577018441641412,2506123.5299412725,0.023401731292837007,0.0008122024547626564,0.011074483205225498,0.037288416952825164,110.82832232120533,285.8681151624997,3000.0,22.964367148008986,2.9643671480089866,358.4848673300991,0.018415099915751448,247.65654500889377,247.65654500889377,10.784383624103729,0.0,314.3694757956959,1.0
1.9276109212535253,0.8702012738326728,37169.478055697626,0.0757349921537417,2506699.604220339,0.023401009531431375,0.0008114481579516642,0.011115514031043093,0.03732797172042614,110.99689805808646,285.9338267151757,3000.0,22.964254899741984,2.9642548997419853,358.46039928312433,0.018414331618887874,247.46350122503787,247.46350122503787,10.776030065221853,0.0,314.1981730098116,1.0
1.9337064955060208,0.8704011031337734,37186.55089588078,0.0756998512074778,2507275.232003294,0.023400288528225312,0.0008106953106923527,0.0111565492212486,0.03736753306016627,111.16557359963043,285.9994873370016,3000.0,22.964142656156586,2.9641426561565867,358.4359502005231,0.01841356385087975,247.2703766008927,247.2703766008927,10.7676729021974,0.0,314.02659724176766,1.0
1.939802069758516,0.8706007773673384,37203.614403062275,0.07566476151063964,2507850.4130990943,0.023399568282895376,0.0008099439100200098,0.01119758843592762,0.03740710062884301,111.33434781856191,286.0650970061856,3000.0,22.964030417249564,2.9640304172495644,358.4115200904098,0.018412796612136875,247.07717227184787,247.07717227184787,10.759312184426234,0.0,313.85474996637237,1.0
1.9458976440110114,0.8708002964679872,37220.66856253409,0.07562972299622168,2508425.1473194063,0.023398848795115376,0.0008091939529743277,0.011238631336504237,0.03744667408459394,111.50321958975246,286.13065570124473,3000.0,22.96391818301769,2.9639181830176895,358.38710896078356,0.018412029903065442,246.8838893710311,246.8838893710311,10.750947961206682,0.0,313.68263265743434,1.0
1.9489245634330448,0.8708993153162163,37229.13378076716,0.07561234268828833,2508710.3807649673,0.023398491795724095,0.0008088220773807219,0.01125901354502956,0.037466327418134375,111.58711325789994,286.1631916662479,3000.0,22.96386245186275,2.9638624518627483,358.3749940207518,0.018411649370237287,246.78788076285184,246.78788076285184,10.746793196491788,0.0,313.5970633483614,1.0
1.95200790520115,0.8710001405397331,37237.754416816744,0.07559465135873228,2509000.8176506446,0.023398128333730353,0.0008084436348293959,0.011279776488104078,0.03748634845666383,111.6725950249972,286.1963211764617,3000.0,22.963805683052662,2.963805683052662,358.36265807099625,0.018411261878643944,246.69006304599907,246.69006304599907,10.74256011615953,0.0,313.5098311107097,1.0
1.9581326535784307,0.8712003018684268,37254.871325281085,0.07555954804476805,2509577.4018714507,0.023397406927406897,0.0008076929874980376,0.011321022230216044,0.03752612214512098,111.84246814826105,286.26209089709397,3000.0,22.963692921062567,2.963692921062567,358.3381683648729,0.018410492568197687,246.49570021661185,246.49570021661185,10.73414894825227,0.0,313.3363505302562,1.0
1.9642574019557149,0.8714003063828988,37271.97875218996,0.07552449620075763,2510153.534373603,0.023396686284895125,0.0008069437886842439,0.01136227067379694,0.03756590074737631,112.01243635704697,286.327809091152,3000.0,22.96358016378266,2.963580163782658,358.3136978449441,0.01840972379371615,246.30126148789714,246.30126148789714,10.72573439033495,0.0,313.16260179350024,1.0
1.9703821503329955,0.8716001540206463,37289.07668295854,0.07548949575863834,2510729.2149770563,0.023395966405853005,0.0008061960354028715,0.011403521480825258,0.037605683922081135,112.18249851884676,286.39347573809846,3000.0,22.963467411209646,2.963467411209647,358.28924651885706,0.018408955555596532,246.1067480000103,246.1067480000103,10.71731649201518,0.0,312.98858639122153,1.0
1.9738149118429782,0.8717120947767493,37298.65546851962,0.07546990137767223,2511051.6712379893,0.023395563266188982,0.0008057775702393469,0.011426642388680689,0.03762798322510902,112.27785458308615,286.43025762950725,3000.0,22.96340421839426,2.9634042183942593,358.2755505854913,0.018408525212893375,245.99769600240518,245.99769600240518,10.712597037566185,0.0,312.8909392454282,1.0
1.9765155458482626,0.8718001265393913,37306.189222378904,0.07545449734422159,2511305.255312397,0.023395246275202265,0.0008054486720242934,0.011444832558093546,0.0376455275053201,112.35289379917931,286.4591834188868,3000.0,22.963354504162112,2.9633545041621105,358.2647799136003,0.018408186770744604,245.911886114421,245.911886114421,10.70888341116928,0.0,312.81405957096615,1.0
1.982659968000699,0.8720003007001035,37323.32294884557,0.07541948755900468,2511881.8764970833,0.0233945256169008,0.00080470141257291,0.011486219604338797,0.037685446633812514,112.52368761482158,286.5249573559093,3000.0,22.96324139885627,2.9632413988562707,358.2402886374815,0.018407417143893087,245.71660102265992,245.71660102265992,10.70043191005684,0.0,312.6389538444675,1.0
1.9888043901531394,0.8722003167892569,37340.44707428774,0.07538452930085879,2512458.0423412337,0.02339380572593829,0.0008039555989636106,0.011527608014868547,0.03772536933977045,112.69457257517246,286.5906793532173,3000.0,22.963128298277685,2.963128298277686,358.21581670139227,0.018406648058041774,245.5212441262198,245.5212441262198,10.691977196531832,0.0,312.463584239589,1.0
1.994948812305576,0.8724001747475035,37357.561584311195,0.07534962250099503,2513033.752673891,0.02339308660195854,0.0008032112282008569,0.011568997453872928,0.03776529528403232,112.86554754583477,286.65634939131,3000.0,22.96301520242303,2.963015202423029,358.1913641125939,0.018405879513577094,245.3258165667591,245.3258165667591,10.683519320270825,0.0,312.2879522569241,1.0
1.9988969881364562,0.8725285125186041,37368.553647299144,0.07532721982098421,2513403.4421350514,0.02339262492437847,0.000802733683428608,0.011595593146349883,0.03779095175415696,112.97545664061664,286.6985190721716,3000.0,22.962942533748787,2.962942533748786,358.1756620071008,0.018405385961534248,245.20020536648417,245.20020536648417,10.67808295936428,0.0,312.1749599485585,1.0
2.001103902955865,0.8726002211154668,37374.69615524821,0.07531470661617237,2513610.005739105,0.02339236699799274,0.0008024670086009563,0.011610459452580778,0.03780529345917448,113.0369084877311,286.72208133773694,3000.0,22.962901914934086,2.9629019149340845,358.16688847189727,0.018405110177878083,245.12997998416617,245.12997998416617,10.675043637439575,0.0,312.11175376890594,1.0
2.00727817228614,0.8728007312689288,37391.87439308078,0.07527973367656442,2514187.594783662,0.02339164592433167,0.0008017219186847695,0.01165205100590814,0.03784541884892458,113.2088918362016,286.78796567645105,3000.0,22.962788279207846,2.962788279207845,358.14235608712,0.01840433899158161,244.9334642509184,244.9334642509184,10.66653845659931,0.0,311.93474476786145,1.0
2.013452441616415,0.8730010815767313,37409.042878634704,0.07524481248749984,2514764.7233772133,0.02339092562402615,0.0008009782766018351,0.011693642586522446,0.03788554648715044,113.38096264146553,286.85379749251035,3000.0,22.962674648241425,2.962674648241425,358.1178432594332,0.018403568353096214,244.73688061796764,244.73688061796764,10.658030232410692,0.0,311.75747538221407,1.0
2.01962671094669,0.8732012719822869,37426.20159762752,0.07520994297915183,2515341.3913567546,0.02339020609670452,0.0008002360793322436,0.01173523385922628,0.03792567603526305,113.55311976176526,286.9195767673212,3000.0,22.962561022031437,2.962561022031438,358.0933499957605,0.01840279826279982,244.54023023399523,244.54023023399523,10.649519014859493,0.0,311.5799471296544,1.0
2.0258009802769688,0.8734013024299174,37443.35053585781,0.07517512508168661,2515917.5985618983,0.02338948734199256,0.0007994953238609618,0.011776824490206176,0.0379658071560597,113.72536205768978,286.9853034825886,3000.0,22.962447400574497,2.962447400574499,358.0688763029139,0.018402028721066818,244.34351424522413,244.34351424522413,10.64100485382542,0.0,311.4021615265954,1.0
2.031975249607244,0.8736011728648544,37460.489679205326,0.07514035872526348,2516493.344834878,0.023388769359513492,0.0007987560071778243,0.01181841414703192,0.03800593951372324,113.8976883921865,287.0509776203166,3000.0,22.96233378386722,2.962333783867219,358.04442218759453,0.018401259728268025,244.14673379540804,244.14673379540804,10.632487799081627,0.0,311.2241200881513,1.0
2.038149518937519,0.8738008832332393,37477.61901363115,0.07510564384003487,2517068.6300205505,0.023388052148887978,0.0007980181262775248,0.011860002498655714,0.038046072773821216,114.0700976305725,287.11659916280814,3000.0,22.962220171906207,2.962220171906207,358.0199876563918,0.018400491284770705,243.9498900258193,243.9498900258193,10.62396790029419,0.0,311.04582432811486,1.0
2.044323788267794,0.8740004334821234,37494.73852517767,0.07507098035614693,2517643.453966391,0.023387335709734135,0.0007972816781596184,0.011901589215411235,0.03808620660330499,114.24258864054526,287.1821680926651,3000.0,22.96210656468807,2.9621065646880704,357.995572715784,0.01839972339093857,243.75298407523877,243.75298407523877,10.615445207021668,0.0,310.86727575893633,1.0
2.048869412839868,0.8741472441297559,37507.335976977425,0.07504549319449014,2518066.3563493015,0.02338680874527504,0.0007967404038230193,0.011932204978704248,0.03811575412780231,114.36963168698763,287.2304076569388,3000.0,22.962022927737518,2.962022927737519,357.9776104568413,0.01839915840315579,243.60797876985367,243.60797876985367,10.609168867067964,0.0,310.7356639208328,1.0
2.050508685325185,0.8742001666301109,37511.87764224524,0.07503630867029484,2518218.8047709297,0.023386618810457598,0.0007965453958774757,0.011943245546680824,0.0381264097530159,114.41545740745904,287.2477971201594,3000.0,22.96199276667034,2.9619927666703374,357.97113539750063,0.018398954726782588,243.5556779900416,243.5556779900416,10.606905091598415,0.0,310.6881679089442,1.0
2.056723244871745,0.8744006957559811,37529.08900199167,0.07500152250922956,2518796.448467358,0.02338589925189107,0.0007958070244367166,0.011985099344245867,0.03816680562057365,114.58923560449797,287.3136876928948,3000.0,22.961878427669046,2.961878427669044,357.9466006914523,0.01839818293240665,243.35736508695436,243.35736508695436,10.598321293858474,0.0,310.50794861574644,1.0
2.062937804418305,0.8746010625099994,37546.29036820251,0.07496678820960606,2519373.6244358374,0.023385180473718167,0.0007950700954239629,0.012026950489263595,0.03820720105840573,114.76309320761567,287.37952491291014,3000.0,22.961764093462374,2.9617640934623757,357.9220858515737,0.018397411695979696,243.15899264395802,243.15899264395802,10.589734815418199,0.0,310.32747780420294,1.0
2.0691523639648652,0.8748012668418946,37563.48172697903,0.07493210570016948,2519950.3325315574,0.02338446247553908,0.0007943346057994577,0.012068798651213405,0.038247595732551945,114.93702907204768,287.44530876368714,3000.0,22.961649764046864,2.961649764046864,357.89759088401553,0.018396641017858043,242.96056181196786,242.96056181196786,10.581145706367895,0.0,310.14675701085304,1.0
2.075366923511426,0.8750013087023294,37580.663064506465,0.07489747490965931,2520526.5726123955,0.023383745256951423,0.0007936005525283995,0.01211064350098776,0.038287989310467584,115.1110420555286,287.51103922901433,3000.0,22.961535439419038,2.9615354394190385,357.8731157948143,0.018395870898394343,242.76207373928568,242.76207373928568,10.572554016685041,0.0,309.965787770748,1.0
2.081581483057986,0.8752011880428999,37597.83436705422,0.07486289576680966,2521102.3445389215,0.023383028817550194,0.0007928679325809383,0.012152484710891196,0.03832838146102233,115.28513101830316,287.57671629298704,3000.0,22.961421119575427,2.961421119575428,357.848660589892,0.01839510133793758,242.56352957158884,242.56352957158884,10.563959796233815,0.0,309.7845716174283,1.0
2.0877960426045497,0.875400904816136,37614.99562097587,0.07482836820034941,2521677.6481743925,0.023382313156927802,0.0007921367429321695,0.01219432195463922,0.03836877185449919,115.45929482313673,287.64233994000733,3000.0,22.961306804512557,2.9613068045125575,357.8242252750568,0.018394332336833092,242.36493045192006,242.36493045192006,10.55536309476464,0.0,309.6031100829028,1.0
2.09401060215111,0.8756004589755013,37632.14681270933,0.07479389213900237,2522252.4833847554,0.023381598274674075,0.0007914069805621255,0.012236154907357343,0.03840916016259355,115.63353233532696,287.70791015478414,3000.0,22.96119249422695,2.9611924942269514,357.7998098560023,0.01839356389542253,242.16627752067535,242.16627752067535,10.546763961913665,0.0,309.4214046976258,1.0
2.098841837543279,0.8757554811843373,37645.473290309055,0.07476712578316648,2522699.0399702485,0.02338104305847443,0.0007908406431281055,0.012268672920977133,0.03844055662257967,115.76903580799487,287.7588479030169,3000.0,22.961103632032316,2.9611036320323167,357.7808429138773,0.0183929668914188,242.0118071058824,242.0118071058824,10.540077296992786,0.0,309.2799783607438,1.0
2.1002342697010055,0.8758001425824133,37649.31304324374,0.07475941709676978,2522827.691481396,0.02338088312436204,0.0007906775760536568,0.012278044545276956,0.03844960524569265,115.80809794273834,287.7735229038958,3000.0,22.961078021193487,2.9610780211934884,357.77537859906147,0.018392794889054914,241.9672806563231,241.9672806563231,10.538149839174928,0.0,309.2391901524468,1.0
2.1064897467931023,0.8760006823496221,37666.556815019176,0.07472481775909101,2523405.3658312373,0.023380165104682157,0.0007899458798742229,0.012320143293590395,0.03849025427814678,115.98362796738803,287.83941697320006,3000.0,22.96096296790244,2.9609629679024394,357.75084259104705,0.018392022518576225,241.76721462365902,241.76721462365902,10.529489332029756,0.0,309.0558009470079,1.0
2.1127452238851987,0.8762010572184351,37683.7903508501,0.07469027038972877,2523982.565175175,0.02337944787238856,0.0007892156206560845,0.012362236712634821,0.038530900205679466,116.15922923042815,287.90525685960347,3000.0,22.96084791944116,2.960847919441162,357.72632675832466,0.01839125071620485,241.56709752789652,241.56709752789652,10.520826511958186,0.0,308.87216932394324,1.0
2.1190007009772986,0.8764012671452104,37701.01363725073,0.07465577491597113,2524559.289387492,0.02337873142705235,0.0007884867953393722,0.012404324476833218,0.03857154269922494,116.33490058506229,287.97104254876604,3000.0,22.9607328758061,2.960732875806103,357.7018311062338,0.018390479482274236,241.3669305211715,241.3669305211715,10.512161429111075,0.0,308.6882968375584,1.0
2.1252561780693955,0.8766013120872643,37718.22666082234,0.07462133126510208,2525135.5383452354,0.023378015768242017,0.0007877594008692573,0.012446406262050161,0.038612181431161435,116.5106408871474,288.0367740266626,3000.0,22.960617836993706,2.960617836993705,357.6773556399969,0.01838970881711406,241.1667147528495,241.1667147528495,10.503494133519627,0.0,308.5041850404541,1.0
2.1315116551614923,0.8768011920028721,37735.429408253374,0.07458693936440156,2525711.3119282117,0.0233773008955234,0.000787033434195942,0.012488481745590719,0.03865281607531006,116.68644899520513,288.1024512795831,3000.0,22.96050280300041,2.960502803000411,357.65290036471896,0.018388938721050224,240.96645136951383,240.96645136951383,10.494824675094879,0.0,308.3198354835024,1.0
2.1377671322535887,0.8770009068512671,37752.62186631951,0.07455259914114581,2526286.61001899,0.023376586808459703,0.0007863088922746565,0.0125305506061991,0.03869344630693346,116.86232377043167,288.1680742941322,3000.0,22.96038777382266,2.9603877738226596,357.62846528538773,0.018388169194404863,240.76614151495608,240.76614151495608,10.486153103627268,0.0,308.1352497158263,1.0
2.1440226093456856,0.8772004565926411,37769.80402188383,0.07451831052260746,2526861.432502898,0.02337587350661151,0.0007855857720656498,0.012572612524057437,0.038734071802734596,117.03826407670897,288.23364305722976,3000.0,22.960272749456887,2.960272749456889,357.60405040687374,0.018387400237496323,240.56578633016477,240.56578633016477,10.477479468786155,0.0,307.95042928477733,1.0
2.1488142622466904,0.8773531986395429,37782.95845973035,0.07449208053254355,2527301.4208596493,0.023375327653068045,0.0007850328266144056,0.012604826772557793,0.03876518725224025,117.17307677080494,288.2838315817519,3000.0,22.960184644827592,2.9601846448275904,357.5853624421918,0.01838681160728391,240.41228567138688,240.41228567138688,10.470834158798732,0.0,307.8087003365664,1.0
2.150287807969014,0.8774001509198308,37787.00254032843,0.07448402026884503,2527436.6714803437,0.023375159882836557,0.0007848629500525406,0.012614732531400153,0.03877475536428925,117.21454235608093,288.2992593288484,3000.0,22.960157551153323,2.960157551153324,357.5796178383087,0.018386630656945967,240.36507548222778,240.36507548222778,10.4687903358988,0.0,307.7650879666992,1.0
2.1565848288586986,0.877600692574405,37804.277973926044,0.07444960786067112,2528014.3512669257,0.023374443427187246,0.0007841378875526285,0.012657058814450874,0.038815640129190754,117.39177993438446,288.36515401830985,3000.0,22.960041772589825,2.960041772589824,357.5550815993754,0.01838585774403729,240.16330166499094,240.16330166499094,10.460055083684685,0.0,307.5785711988028,1.0
2.162881849748383,0.8778010668061734,37821.54292821551,0.0744152475232101,2528591.548775793,0.02337372776586211,0.0007834142564759967,0.01269937709610645,0.03885651911844456,117.5690804703422,288.4309936953909,3000.0,22.959925998891556,2.959925998891558,357.5305658445953,0.018385085409405366,239.96148537425307,239.96148537425307,10.451317891261398,0.0,307.3918213460196,1.0
2.1691788706380675,0.8780012735784519,37838.79739015496,0.07438093918226321,2529168.263901275,0.02337301289840219,0.0007826920537424025,0.012741687056005369,0.03889739200814996,117.74644281614555,288.4967783480377,3000.0,22.959810230054885,2.959810230054884,357.50607057845673,0.018384313653359477,239.7596277623112,239.7596277623112,10.442578808794364,0.0,307.20483997926544,1.0
2.175475891527752,0.8782013128555406,37856.04134679276,0.07434668276362895,2529744.4965405334,0.023372298824345862,0.0007819712762767244,0.012783988375255868,0.03893825847587845,117.92386582679666,288.56250796451985,3000.0,22.959694466076158,2.9596944660761566,357.48159580532734,0.018383542476205002,239.5577299785307,239.5577299785307,10.433837886322335,0.0,307.0176286675264,1.0
2.1817729124174403,0.8784011846027237,37873.27478526758,0.07431247819310319,2530320.2465935666,0.023371585543228813,0.0007812519210089525,0.012826280736434437,0.03897911820067221,118.10134836011866,288.62818253343033,3000.0,22.959578706951728,2.9595787069517283,357.4571415294549,0.01838277187824344,239.3557931693362,239.3557931693362,10.42509517375699,0.0,306.83018897783813,1.0
2.1880699333071245,0.8786008887862694,37890.49769280852,0.07427832539647956,2530895.5139632067,0.023370873054584056,0.0007805339848741867,0.012868563823584417,0.03901997086304266,118.27888927676591,288.6938020436854,3000.0,22.95946295267795,2.95946295267795,357.4327077549662,0.0183820018597724,239.1538184782003,239.1538184782003,10.416350720882425,0.0,306.64252247526235,1.0
2.194366954196809,0.8788004253734307,37907.71005673525,0.07424422429954944,2531470.2985551227,0.023370161357941954,0.0007798174648126246,0.012910837322214607,0.03906081614496919,118.45648744023482,288.759366484525,3000.0,22.95934720325117,2.9593472032511703,357.408294485868,0.0183812324210856,238.9518070456332,238.9518070456332,10.407604577354721,0.0,306.45463072286583,1.0
2.198786686950102,0.8789403753562429,37919.78471133485,0.07422032036932581,2531873.4381241803,0.023369662307366312,0.0007793154001300445,0.012940502214146247,0.039089479921642606,118.5811730485387,288.80535174717346,3000.0,22.959265964308997,2.959265964308998,357.3911716281541,0.018380692716371227,238.8099985796154,238.8099985796154,10.40146487918447,0.0,306.32262017291754,1.0
2.2006733909991363,0.8790000923226003,37924.93757834873,0.07421012395266866,2532045.458667513,0.023369449390408765,0.0007791012895290713,0.012953164108332246,0.039101714788270084,118.63440740412305,288.8249737601765,3000.0,22.9592312855989,2.959231285598901,357.38386526699924,0.018380462413235845,238.74945786287617,238.74945786287617,10.398843710966531,0.0,306.2662338266467,1.0
2.2070019958515896,0.87920029208189,37942.2150009021,0.07417595571637141,2532622.1535913963,0.023368735717815253,0.0007783840184302073,0.012995629380720705,0.03914274911696617,118.8130082177841,288.8907561084705,3000.0,22.95911496535887,2.9591149653588733,357.3593708588986,0.018379690283866084,238.5463626411145,238.5463626411145,10.390050444062743,0.0,306.0769507212387,1.0
2.2133306007040465,0.8794003224658961,37959.48173585367,0.07414183947432432,2533198.3606132637,0.023368022843746786,0.0007776681683844831,0.013038084022032527,0.0391837750341638,118.99166342009117,288.95648280283194,3000.0,22.958998650003487,2.9589986500034855,357.3348971738365,0.018378918740979456,238.34323375374532,238.34323375374532,10.381255619513228,0.0,305.88744483505343,1.0
2.2196592055565,0.8796001834453805,37976.737770700725,0.07410777515118959,2533774.079648891,0.023367310767715775,0.0007769537363065112,0.013080527718968641,0.03922479222299093,119.17037186901983,289.02215383365376,3000.0,22.958882339529023,2.9588823395290222,357.3104442153902,0.018378147784858263,238.14007234637035,238.14007234637035,10.372459287199584,0.0,305.6977177464587,1.0
2.223814911842978,0.8797313308820306,37988.063196052266,0.07408543486686486,2534151.862625578,0.0233668436136859,0.0007764853711155818,0.013108392456575848,0.039251721441377334,119.28774997351056,289.0652467244054,3000.0,22.958805966396085,2.958805966396083,357.2943983477725,0.018377641852411697,238.00664837426197,238.00664837426197,10.366682340650602,0.0,305.5730130588634,1.0
2.2259951033142547,0.8798001050131025,37994.002959857935,0.0740737235065109,2534349.9732148433,0.02336659867003515,0.0007762398982707504,0.013123009051017348,0.03926584761932325,119.34933845359187,289.0878447727739,3000.0,22.958765899907295,2.958765899907296,357.2859838439828,0.018377376528368627,237.93664539039094,237.93664539039094,10.3636513577305,0.0,305.5075520165135,1.0
2.2323449488801956,0.8800002962728506,38011.295371215965,0.07403964896001997,2534926.6436549686,0.023365885806285406,0.0007755259085418256,0.01316557226870293,0.039306983983530164,119.52875026796961,289.1536243282584,3000.0,22.958649208856947,2.958649208856948,357.26149047579975,0.018376604164665675,237.73274020783015,237.73274020783015,10.35482262240925,0.0,305.3167483846039,1.0
2.2386947944461366,0.8802003169040006,38028.57697303862,0.07400562645410347,2535502.8225827836,0.02336517374445735,0.0007748133370231256,0.01320812352921846,0.03934811061069894,119.70821224820818,289.2193478179917,3000.0,22.958532522709117,2.958532522709117,357.237017983998,0.01837583239251359,237.5288057357898,237.5288057357898,10.345992519375594,0.0,305.1257268265545,1.0
2.2450446400120807,0.880400166880921,38045.84775305928,0.07397165591268437,2536078.5099244528,0.02336446248404811,0.0007741021806194911,0.013250662522072854,0.039389227186740455,119.88772325259127,289.285015233552,3000.0,22.958415841460045,2.9584158414600434,357.21256637171354,0.018375061212182065,237.32484311912225,237.32484311912225,10.337161098482374,0.0,304.93448892803906,1.0
2.2487591116535133,0.880516994078135,38055.945626351044,0.07395180821113723,2536415.0420553796,0.02336404678908896,0.0007736868299654357,0.013275540762799697,0.039413274381854095,119.99275414658354,289.3234027291444,3000.0,22.958347588653655,2.958347588653654,357.19827258306987,0.018374610368985057,237.20551843648633,237.20551843648633,10.331994387684796,0.0,304.82252076125775,1.0
2.251407823120068,0.880600265415915,38063.14394136449,0.07393766606977523,2536654.9132618844,0.02336375053310935,0.0007733909469416391,0.01329327824947249,0.03943041972952348,120.06765934666163,289.3507643212072,3000.0,22.958298920038104,2.958298920038104,357.18808434838917,0.018374289005977266,237.12042500172754,237.12042500172754,10.328309855516682,0.0,304.7426339106636,1.0
2.2577898050486835,0.8808007829231081,38080.48028794569,0.07390362807114621,2537232.523489581,0.023363037286181988,0.0007726790331914193,0.013336006880239277,0.03947172319961269,120.24817417872798,289.4166510762364,3000.0,22.958181658127526,2.958181658127524,357.16355106388403,0.01837351511591472,236.91537688515604,236.91537688515604,10.319431234280028,0.0,304.549997077171,1.0
2.264171786977299,0.8810011279720703,38097.80566617079,0.07386964233332893,2537809.6369345305,0.0233623248472639,0.0007719685395479229,0.013378722184682753,0.03951301557149458,120.42873508217447,289.4824811643273,3000.0,22.958064401153983,2.958064401153984,357.13903887961555,0.018372741824475226,236.7103037974411,236.7103037974411,10.310551432443186,0.0,304.3571465114042,1.0
2.270553768905915,0.8812013005405114,38115.1200639359,0.07383570877915223,2538386.253532524,0.023361613215834937,0.0007712594628913301,0.013421423853584042,0.03955429653231031,120.60934090988249,289.54825457815565,3000.0,22.95794714911366,2.9579471491136617,357.1145477983109,0.018371969131917708,236.50520688842843,236.50520688842843,10.30167050008037,0.0,304.16408381430426,1.0
2.276935750834534,0.8814013006070759,38132.42346922503,0.0738018273314621,2538962.3732220447,0.0233609023913725,0.0007705518001074564,0.01346411157922595,0.03959556577070591,120.78999051776876,289.6139713107044,3000.0,22.957829902002732,2.957829902002733,357.0900778225828,0.018371197038497367,236.30008730481407,236.30008730481407,10.292788487129629,0.0,303.97081058452267,1.0
2.2833177327631495,0.881601128151344,38149.71587011027,0.07376799791312158,2539537.9959442723,0.023360192373351622,0.0007698455480877389,0.013506785055391261,0.039636822976830625,120.97068276479574,289.679631355264,3000.0,22.957712659817375,2.957712659817374,357.0656289549298,0.018370425544465663,236.09494619013407,236.09494619013407,10.283905443392381,0.0,303.7773284183996,1.0
2.2896997146917655,0.8818007831538314,38166.99725475181,0.07373422044701103,2540113.121643079,0.023359483161244917,0.0007691407037292295,0.013549443977360848,0.039678067842335,121.15141651298048,289.7452347054322,3000.0,22.95759542255376,2.9575954225537577,357.0412011977357,0.018369654650070327,235.88978468475523,235.88978468475523,10.275021418533008,0.0,303.58363890994275,1.0
2.296081696620381,0.8820002655959891,38184.26761139811,0.07370049485602813,2540687.750265034,0.023358774754522613,0.000768437263934582,0.013592088041911641,0.03971930006036884,121.33219062740359,289.8107813551141,3000.0,22.957478190208057,2.957478190208057,357.0167945532699,0.018368884355555358,235.68460392586633,235.68460392586633,10.266136462078476,0.0,303.38974365080736,1.0
2.2987315363569247,0.8820830412798464,38191.43513119272,0.07368650699758454,2540926.1936920932,0.023358480856015502,0.0007681456031616797,0.013609789693852615,0.039736416153029794,121.40726078836127,289.83798008344974,3000.0,22.957429516031908,2.9574295160319095,357.0066669617663,0.018368564700646083,235.59940617340504,235.59940617340504,10.262447109284532,0.0,303.30917702459726,1.0
2.3024890671385134,0.8822003680034558,38201.59556676852,0.07366668720645594,2541264.1647575004,0.023358064339300745,0.0007677324355810163,0.01363488650154307,0.03976068327642483,121.51372335874865,289.8765317152002,3000.0,22.957360496435957,2.9573604964359577,356.99231205614905,0.018368111600386976,235.4785886974004,235.4785886974004,10.257215272372342,0.0,303.1948716647863,1.0
2.308914463682962,0.882400858658865,38218.961084892995,0.07363283679804983,2541841.6976360157,0.02335735273960041,0.0007670270397875969,0.013677789717282764,0.03980216949667077,121.69580536700602,289.9424096471748,3000.0,22.95724247652312,2.957242476523119,356.9677820569554,0.018367337278906423,235.27197668994938,235.27197668994938,10.248268141548216,0.0,302.99924639615614,1.0
2.315339860227407,0.882601174347328,38236.31538914858,0.07359903873775242,2542418.726505185,0.023356641954647844,0.0007663230583141132,0.013720676956512261,0.03984364196947422,121.87792484777067,290.00823008788853,3000.0,22.957124461583643,2.957124461583644,356.94327346493924,0.018366563566217357,235.06534861716858,235.06534861716858,10.239320216716425,0.0,302.80341741094725,1.0
2.321765256771852,0.8828013150537468,38253.658467904694,0.07356529294694934,2542995.251321517,0.02335593198389259,0.0007656204880224306,0.013763547915886975,0.03988510038780199,122.06008065544563,290.07399303238043,3000.0,22.95700645161362,2.9570064516136205,356.9187862819478,0.01836579046255347,234.85870562650217,234.85870562650217,10.230371547854588,0.0,302.6073863236717,1.0
2.3281906533162964,0.8830012807639845,38270.99030962187,0.07353159934704465,2543571.2720442894,0.023355222826781756,0.0007649193257801215,0.013806402293589329,0.03992654444615121,122.24227164762718,290.13969847600526,3000.0,22.956888446609135,2.956888446609135,356.8943205097108,0.018365017968144607,234.6520488620836,234.6520488620836,10.221422184797133,0.0,302.41115474631926,1.0
2.3346160498607413,0.8832010714648649,38288.31090285189,0.07349795785946074,2544146.7886355463,0.023354514482759995,0.0007642195684604522,0.013849239789326576,0.039967973840547025,122.42449668511327,290.2053464144336,3000.0,22.956770446566274,2.9567704465662734,356.86987614984025,0.018364246083216768,234.44537946472698,234.44537946472698,10.212472177234922,0.0,302.21472428833755,1.0
2.34104144640519,0.8834006871441734,38305.62023623789,0.07346436840563862,2544721.801060103,0.023353806951269537,0.0007635212129423741,0.013892060104328858,0.04000938826854077,122.60675463191313,290.27093684365195,3000.0,22.95665245148112,2.956652451481119,356.8454532038307,0.018363474807992098,234.23869857191755,234.23869857191755,10.203521574714824,0.0,302.0180965566108,1.0
2.347466842949635,0.8836001277906561,38322.9182985144,0.07343083090703803,2545296.3092855415,0.023353100231750152,0.0007628242561105154,0.013934862941346902,0.04005078742920758,122.78904435525517,290.3364697599624,3000.0,22.956534461349754,2.9565344613497553,356.82105167305895,0.018362704142688892,234.0320073178038,234.0320073178038,10.194570426639372,0.0,301.82127315543937,1.0
2.348703961060336,0.8836385071365525,38326.247497850854,0.0734243796998651,2545406.864732955,0.023352964256194386,0.0007626902273631725,0.013943101983435726,0.040058756466993285,122.82414518480947,290.3490805818136,3000.0,22.956511744607635,2.956511744607634,356.8163559663091,0.018362555832157332,233.99221078149964,233.99221078149964,10.192846952737199,0.0,301.7833552985358,1.0
2.3539277967191423,0.8838004956143265,38340.30070966374,0.07339716012468468,2545873.488335258,0.0233523904195012,0.0007621248495957607,0.013977884721069438,0.0400923999901664,122.97237374360795,290.40230733144784,3000.0,22.956415823268916,2.9564158232689155,356.79653670230863,0.01836192982784443,233.8241629587007,233.8241629587007,10.1855692438579,0.0,301.6231648830707,1.0
2.3603972289247355,0.8840009490283676,38357.694489759066,0.07336349763332083,2546450.9139363817,0.023351680497249075,0.0007614259359598255,0.014020944650249176,0.04013405108345808,123.15597360765351,290.4681730265214,3000.0,22.95629703451501,2.9562970345150124,356.77201125959033,0.018361155115236238,233.61603765193684,233.61603765193684,10.17655579646373,0.0,301.42460166328726,1.0
2.366866661130328,0.8842012249737524,38375.0768098838,0.07332988757202362,2547027.8283217396,0.02335097139640993,0.0007607284307681321,0.01406398596260793,0.040175685789785996,123.33960224582358,290.5339804083133,3000.0,22.95617825077106,2.9561782507710617,356.7475075301333,0.018360381021581225,233.40790528430972,233.40790528430972,10.167541945988763,0.0,301.2258449660795,1.0
2.3733360933359244,0.8844013234429344,38392.447658915116,0.07329632986070417,2547604.231469594,0.023350263116401992,0.0007600323308639643,0.01410700836095386,0.04021730380821982,123.52325851518137,290.5997294743438,3000.0,22.956059472033058,2.9560594720330586,356.723025514861,0.018359607547086414,233.1997669996796,233.1997669996796,10.158527742262672,0.0,301.02689641816005,1.0
2.379805525541517,0.8846012444293534,38409.8070258245,0.07326282441929355,2548180.123361046,0.023349555656640982,0.0007593376330963905,0.01415001154964633,0.040258904839383707,123.70694127614082,290.6654202224574,3000.0,22.955940698297,2.955940698296998,356.6985652145759,0.018358834691954845,232.9916239384351,232.9916239384351,10.149513234964914,0.0,300.8277576434837,1.0
2.38627495774711,0.884800987927438,38427.154899678106,0.07322937116774234,2548755.503980048,0.02334884901654016,0.0007586443343202409,0.014192995234594124,0.04030048858545453,123.89064939247764,290.73105265082336,3000.0,22.955821929558873,2.9558219295588724,356.6741266299598,0.0183580624563856,232.78347723748215,232.78347723748215,10.140498473624264,0.0,300.6284302632244,1.0
2.3927443899527026,0.885000553932604,38444.49126963669,0.07319597002602107,2549330.373313395,0.023348143195510266,0.0007579524313961042,0.014235959123252713,0.04034205475015909,124.07438173133572,290.7966267579354,3000.0,22.955703165814676,2.955703165814674,356.6497097615735,0.018357290840573803,232.57532803023776,232.57532803023776,10.131483507618526,0.0,300.42891589575675,1.0
2.3986763857637476,0.8851833853612661,38460.37733270114,0.07316538935168987,2549857.037067686,0.02334749672861485,0.0007573192311114313,0.014275336217993314,0.0403801521777196,124.24287116055915,290.8567021584355,3000.0,22.95559427253944,2.9555942725394386,356.6273403659102,0.018356583870183293,232.38446920535102,232.38446920535102,10.123217305828595,0.0,300.24581287254136,1.0
2.3992175318063316,0.8852000567220374,38461.826055925056,0.07316260180626015,2549905.0605476606,0.023347437788937574,0.0007572615256426214,0.014278927543281833,0.04038362685786203,124.25824253715783,290.86218009339746,3000.0,22.955584338964165,2.955584338964166,356.62530062762187,0.018356519402790417,232.36705809046404,232.36705809046404,10.122463216762934,0.0,300.2291015936015,1.0
2.4057316191873475,0.8854006420637747,38479.25884426729,0.07312907502125678,2550482.8661793745,0.023346728746958877,0.0007565676540038137,0.014322147162979781,0.040425443563942474,124.44328854330094,290.92808913774223,3000.0,22.955464765519572,2.955464765519574,356.6007590435713,0.0183557437120676,232.1574705002704,232.1574705002704,10.113385761153669,0.0,300.02783766171814,1.0
2.412245706568367,0.8856010474459103,38496.67993688457,0.0730956008240422,2551060.153419912,0.023346020533585563,0.0007558751880157897,0.014365345829578248,0.0404672415511796,124.62835567394859,290.9939390503216,3000.0,22.955345197125858,2.9553451971258577,356.57623947754877,0.018354968650258124,231.94788380360018,231.94788380360018,10.104308247677382,0.0,299.8263890696919,1.0
2.4187597939493823,0.8858012728678085,38514.08932310018,0.07306217913300045,2551636.922267441,0.02334531314820597,0.0007551841244971362,0.014408523250742225,0.040509020523445335,124.81344278650177,291.05972983092676,3000.0,22.95522563377892,2.9552256337789182,356.5517419296322,0.018354194217544913,231.73829914313046,231.73829914313046,10.09523072611948,0.0,299.6247574579705,1.0
2.4252738813303982,0.8860013183298494,38531.48699233526,0.07302880986653632,2552213.1727230577,0.023344606590205895,0.0007544944602722988,0.01445167913571452,0.040550780186192716,124.99854874186649,291.1254614796825,3000.0,22.955106075474657,2.955106075474657,356.527266399775,0.018353420414106782,231.5287176579085,231.5287176579085,10.086153246108275,0.0,299.4229444640187,1.0
2.431787968711414,0.8862011838334283,38548.87293410883,0.07299549294307556,2552788.9047907805,0.023343900858968595,0.0007538061921715726,0.014494813195313103,0.040592520246453274,125.1836724044614,291.1911339970473,3000.0,22.954986522208973,2.954986522208973,356.50281288780644,0.018352647240118466,231.31914048334505,231.31914048334505,10.077075857114686,0.0,299.22095172229996,1.0
2.438302056092433,0.8864008693809559,38566.24713803793,0.07296222828106487,2553364.1184775536,0.023343195953874792,0.0007531193170310892,0.014537925141928655,0.04063424041283454,125.36881264222602,291.2567473838133,3000.0,22.954866973977765,2.9548669739777638,356.4783813934316,0.018351874695750607,231.1095687512056,231.1095687512056,10.067998608451855,0.0,299.01878086425495,1.0
2.444816143473449,0.8866003749758573,38583.609593837624,0.07292901579897212,2553938.8137932434,0.023342491874302686,0.0007524338316928081,0.014581014689521735,0.04067594039551723,125.5539683266277,291.32230164110604,3000.0,22.954747430776926,2.954747430776926,356.4539719162314,0.018351102781169738,230.90000358960373,230.90000358960373,10.058921549274858,0.0,298.8164335182832,1.0
2.448648810467159,0.8867176731833497,38593.81957739973,0.07290949905575554,2554276.702715196,0.023342078003369855,0.0007520311636253863,0.014606356529547022,0.040700465696542266,125.66291438467992,291.36084390292945,3000.0,22.954677097980863,2.9546770979808614,356.43962049955644,0.018350648907286063,230.7767061148765,230.7767061148765,10.053581025331699,0.0,298.6972974244133,1.0
2.4513442177618887,0.8868001284166868,38600.99753370533,0.07289578427002212,2554514.2230532914,0.02334178711050178,0.0007517482656122359,0.014624174001250614,0.04071770937736463,125.73953594030262,291.3879373364944,3000.0,22.954627635937978,2.954627635937978,356.4295321151221,0.018350329841130525,230.68999617481944,230.68999617481944,10.049825239319022,0.0,298.6134762714496,1.0
2.4578922841256787,0.8870003120504898,38618.42685035657,0.0728625034507879,2555090.8715261384,0.02334108101999681,0.000751061995831916,0.014667442315268741,0.04075958533109747,125.92568516478835,291.45371438621873,3000.0,22.954507479297057,2.9545074792970585,356.4050396799721,0.01834955516970752,230.47935451518376,230.47935451518376,10.040701362164091,0.0,298.4097226928146,1.0
2.4644403504894687,0.8872003138660148,38635.84426534127,0.07282927510962407,2555666.9962537107,0.023340375761743297,0.0007503771208293188,0.014710687136291522,0.04080144001886414,126.11184658963984,291.5194316934472,3000.0,22.954387327726646,2.954387327726647,356.38056949025906,0.018348781135140026,230.26872290061922,230.26872290061922,10.031577824883925,0.0,298.2057957099264,1.0
2.4709884168532588,0.887400133870877,38653.24976861334,0.07279609916380253,2556242.5972579448,0.023339671335099395,0.0007496936374203377,0.01475390818014887,0.040843273152668606,126.29801908302395,291.585089260682,3000.0,22.95426718122257,2.9542671812225687,356.3561215450511,0.01834800773758053,230.05810246202716,230.05810246202716,10.022454676759322,0.0,298.0016969642036,1.0
2.473814911842978,0.8874863306763459,38660.75922987868,0.07278179482346696,2556490.895559327,0.0233393675237533,0.0007493990386864332,0.01477255727217978,0.04086132383461952,126.37838420674625,291.6134121133133,3000.0,22.954215321142176,2.9542153211421764,356.3455753798728,0.018347674094774304,229.96719117312654,229.96719117312654,10.018516771571507,0.0,297.913544387984,1.0
2.4775494365934647,0.8876001668171116,38670.677746324465,0.07276291005735779,2556818.8116605603,0.02333896634839342,0.0007490101944828465,0.01479719059234376,0.04088516713522003,126.48456983125676,291.65081679694964,3000.0,22.954146802122022,2.9541468021220223,356.3316475465008,0.018347233449137097,229.84707771524404,229.84707771524404,10.013313920863988,0.0,297.797023842418,1.0
2.484120294289157,0.8878003167781127,38688.119850535186,0.07272972374037118,2557395.363135619,0.02333826114008179,0.000748327120613163,0.014840513411163651,0.040927101671858604,126.67140916927237,291.71658278234503,3000.0,22.954026247607853,2.954026247607854,356.30715923121267,0.018346458640957772,229.6357500619403,229.6357500619403,10.004159949319206,0.0,297.5918742917711,1.0
2.490691151984849,0.8880002836868249,38705.54992990288,0.07269658993437292,2557971.3873107145,0.023337556767231805,0.0007476454384509027,0.014883811435942694,0.040969013641625404,126.85825624678435,291.7822886197689,3000.0,22.953905698182734,2.9539056981827345,356.2826933123425,0.01834568447467668,229.42443706555812,229.42443706555812,9.995006517941812,0.0,297.3865567318676,1.0
2.4972620096805414,0.8882000675548947,38722.9679746627,0.07266350855589658,2558546.884219394,0.023336853229185366,0.0007469651448031682,0.014927084385899927,0.04101090275988846,127.04510993465337,291.84793431304803,3000.0,22.953785153842443,2.953785153842444,356.25824978846526,0.01834491095043188,229.2131398538119,229.2131398538119,9.98585367587802,0.0,297.1810728084879,1.0
2.4986212351705706,0.8882413713263314,38726.56950964425,0.0726566719898818,2558665.863759676,0.023336707801817062,0.0007468245945767023,0.014936032526985723,0.04101956492337949,127.0837625808497,291.8615060530349,3000.0,22.953760219080564,2.953760219080563,356.2531962787245,0.018344751021965488,229.1694336978748,229.1694336978748,9.983960427859449,0.0,297.1385464811084,1.0
2.5038601446164983,0.8884004966054322,38740.44620659773,0.07263034251888541,2559124.239639071,0.023336147609923773,0.0007462834210515424,0.01497051145996455,0.04105294249093987,127.23274481542448,291.91379200267505,3000.0,22.953664114205342,2.9536641142053432,356.23372732661767,0.01834413486127342,229.00098251119317,229.00098251119317,9.976663480471132,0.0,296.9745701252654,1.0
2.510465393623207,0.8886009569217161,38757.9311096064,0.0725971935028322,2559701.6851227777,0.023335442071639453,0.0007456023581564105,0.015013959468861181,0.04109500389865704,127.42058640425248,291.9796599657121,3000.0,22.95354294919089,2.9535429491908918,356.209201039411,0.018343358584033374,228.78861463515855,228.78861463515855,9.967464070431154,0.0,296.7676800951335,1.0
2.5170706426299154,0.8888012323173756,38775.403822566026,0.07256409721098049,2560278.5979245985,0.023334737374905715,0.0007449226886776483,0.015057381295509131,0.0411370413590925,127.60843126115296,292.04546716687327,3000.0,22.9534217893018,2.9534217893017978,356.18469737721284,0.018342582955964745,228.57626611605988,228.57626611605988,9.958265404358814,0.0,296.560626940666,1.0
2.5236758916366235,0.8890013228080205,38792.86433593175,0.07253105355872021,2560854.978089499,0.023334033519045304,0.0007442444093976986,0.015100776661092588,0.041179054589535594,127.79627825390256,292.11121361128767,3000.0,22.953300634533772,2.9533006345337722,356.16021633811323,0.018341807977192377,228.36393808421067,228.36393808421067,9.949067531517965,0.0,296.35341232045306,1.0
2.530281140643332,0.8892012284102071,38810.3126402527,0.07249806246148473,2561430.82566517,0.023333330503378758,0.0007435675171054148,0.015144145288391026,0.0412210433088752,127.98412625398745,292.17689930439553,3000.0,22.953179484882526,2.9531794848825252,356.13575792008646,0.018341033647837252,228.151631666099,228.151631666099,9.939870501006832,0.0,296.1460378897386,1.0
2.5368863896500407,0.8894009491414396,38827.74872617203,0.07246512383475101,2562006.1407020353,0.023332628327224436,0.0007428920085960482,0.015187486901776397,0.041263007237596884,128.17197413661037,292.24252425194834,3000.0,22.953058340343766,2.9530583403437674,356.111322120991,0.0183402599680165,227.93934798438065,227.93934798438065,9.930674361757703,0.0,295.93850530040095,1.0
2.5434916386567528,0.8896004850201685,38845.17258442708,0.07243223759403956,2562580.923253242,0.0233319269898985,0.0007422178806712334,0.01523080122720987,0.041304946097779606,128.3598207806965,292.30808846000866,3000.0,22.952937200913208,2.952937200913207,356.0869089385695,0.01833948693784338,227.72708815787297,227.72708815787297,9.921479162536661,0.0,295.730816200935,1.0
2.5485936598739816,0.8897544838419278,38858.6227313001,0.0724068714361245,2563024.5318724923,0.023331385837240884,0.0007416981143379602,0.015264239192523439,0.04133732314410229,128.5049155822809,292.3586899400793,3000.0,22.952843633983974,2.9528436339839734,356.0680672076874,0.01833889027925763,227.56315162540653,227.56315162540653,9.914377288244868,0.0,295.5702870565326,1.0
2.550107470826292,0.8898001553247651,38862.61209353931,0.07239935108914124,2563156.0930312662,0.02333122536902259,0.0007415440533378663,0.015274157325560162,0.04134692674792062,128.5479660371539,292.37369683819827,3000.0,22.952815872504956,2.9528158725049574,356.0624793091647,0.018338713320413577,227.5145132720108,227.5145132720108,9.91227022147418,0.0,295.52263909812143,1.0
2.5567592227158396,0.8900007227928162,38880.133902543304,0.07236633884340056,2563733.847176085,0.023330520785787952,0.0007408679574056666,0.01531772067042274,0.041389109413616364,128.73712928867357,292.4396000095437,3000.0,22.95269389051906,2.952693890519062,356.03793991195676,0.018337936160004082,227.30081062328318,227.30081062328318,9.903012330817214,0.0,295.3131767641106,1.0
2.5634109746053872,0.890201102858458,38897.643283419085,0.07233337946641062,2564311.061489994,0.023329817051134627,0.0007401932518460643,0.01536125551530595,0.04143126581828664,128.92628788641827,292.5054416035396,3000.0,22.95257191370045,2.95257191370045,356.0134234434032,0.01833715965874376,227.08713555698495,227.08713555698495,9.893755541244424,0.0,295.1035607173874,1.0
2.570062726494939,0.8904012955444145,38915.14022709363,0.07230047287207332,2564887.736038452,0.023329114164355288,0.0007395199334186657,0.01540476158682325,0.04147339568459721,129.11544070078722,292.5712216276527,3000.0,22.952449942044737,2.952449942044735,355.9889299007238,0.018336383816732447,226.87348919993659,226.87348919993659,9.884499901875197,0.0,294.8937926274558,1.0
2.5767144783844866,0.8906013008743823,38932.62472459113,0.07226761897433535,2565463.8708897196,0.023328412124740384,0.0007388479988895675,0.01544823861320657,0.04151549873683653,129.3045866060395,292.6369400896692,3000.0,22.952327975547533,2.9523279755475342,355.96445928101923,0.018335608634065973,226.65987267497974,226.65987267497974,9.875245461656606,0.0,294.6838741602466,1.0
2.5833662302740343,0.8908011188730331,38950.096767033225,0.07223481768718804,2566039.4661148656,0.02332771093157812,0.0007381774450313366,0.01549168632430367,0.04155757470091313,129.4937244803023,292.702596997696,3000.0,22.952206014204464,2.952206014204462,355.9400115812709,0.018334834110836213,226.4462871009686,226.4462871009686,9.865992269363018,0.0,294.4738069780962,1.0
2.590017982163582,0.891000749566012,38967.55634563895,0.07220206892466743,2566614.521787763,0.02332701058415447,0.0007375082686230003,0.015535104451574392,0.041599623304351865,129.68285320557493,292.7681923601595,3000.0,22.95208405801113,2.9520840580111316,355.91558679834117,0.018334060247131034,226.23273359276624,226.23273359276624,9.856740373595947,0.0,294.26359273973156,1.0
2.59666973405313,0.8912001929799384,38985.00345172494,0.0721693726008543,2567189.037985093,0.023326311081753166,0.0007368404664500281,0.015578492728087775,0.04164164427629097,129.87197166773643,292.8337261858064,3000.0,22.95196210696316,2.951962106963158,355.8911849289732,0.018333287043034333,226.01921326123676,226.01921326123676,9.847489822783697,0.0,294.053233100249,1.0
2.598566084577393,0.8912570180775156,38989.97516800138,0.07216006078714662,2567352.7282184786,0.02332611181503639,0.0007366503337591094,0.015590856803429427,0.04165361895222493,129.92588548837134,292.85239797828973,3000.0,22.951927340833556,2.9519273408335573,355.8842323874949,0.018333066730819334,225.95834689912354,225.95834689912354,9.844852832778152,0.0,293.993235184537,1.0
2.60335516911635,0.8914004576602774,39002.526330469016,0.07213656346025205,2567765.919920388,0.02332560888793474,0.0007361706641104678,0.015622070368696526,0.04168384992074174,130.06203632712388,292.89952986608955,3000.0,22.95183954355895,2.951839543558949,355.86668257779274,0.018332510588290718,225.80464625066887,225.80464625066887,9.83819383287895,0.0,293.8416634000098,1.0
2.6100540362958444,0.8916009350106324,39020.07176099951,0.07210374135720912,2568343.4144723974,0.02332490613800973,0.0007355009018918608,0.01566570478147287,0.041726111821374465,130.25247020620174,292.9654034262422,3000.0,22.95171673910947,2.95171673910947,355.8421542064703,0.01833173324199778,225.58968400026856,225.58968400026856,9.828880626426791,0.0,293.62952465413787,1.0
2.6167529034753354,0.8918012225067815,39037.60451576669,0.07207097217615911,2568920.362130858,0.023324204242918492,0.0007348325236644163,0.015709308113483502,0.04176834488006641,130.44289029649448,293.0312146034252,3000.0,22.95159393986509,2.951593939865092,355.8176490637792,0.01833095656492244,225.3747587672847,225.3747587672847,9.819568930932796,0.0,293.4172434738973,1.0
2.623451770654826,0.8920013201799086,39055.124586302416,0.07203825582952715,2569496.7629855983,0.023323503201920302,0.0007341655261710822,0.015752880098651154,0.04181054882674254,130.6332954760088,293.0969634078852,3000.0,22.951471145821333,2.9514711458213334,355.793167145904,0.018330180557134035,225.1598716698952,225.1598716698952,9.810258795148695,0.0,293.20482153473216,1.0
2.630150637834317,0.892201228062199,39072.63196423934,0.07200559222978427,2570072.617129331,0.023322803014272177,0.0007334999061613562,0.015796420472536616,0.04185272339297015,130.82368462677067,293.1626498501976,3000.0,22.95134835697371,2.951348356973711,355.7687084489069,0.018329405218697768,224.94502382213625,224.94502382213625,9.800950267646792,0.0,292.992260508261,1.0
2.6368495050138114,0.8924009461868398,39090.126641311006,0.07197298128944736,2570647.9246576545,0.023322103679228837,0.0007328356603912706,0.0158399289723354,0.041894868311955505,131.01405663483106,293.2282739412673,3000.0,22.95122557331774,2.9512255733177404,355.74427296872756,0.01832863054967475,224.7302163338965,224.7302163338965,9.791643396819719,0.0,292.7795620622591,1.0
2.643548372193302,0.8926004745880202,39107.60860935198,0.07194042292107913,2571222.6856690543,0.023321405196042713,0.0007321727856233745,0.015883405336874313,0.0419369833185404,131.20441039027207,293.2938356923281,3000.0,22.95110279484894,2.951102794848939,355.7198607011829,0.018327856550121972,224.5154503109108,224.5154503109108,9.78233823088014,0.0,292.56672786063945,1.0
2.6485385092808045,0.8927489845060007,39120.62305661205,0.07191620357433826,2571650.4829658624,0.02332088543337042,0.0007316798843889804,0.015915770820718742,0.04196833613847814,131.3461966709274,293.34263360889094,3000.0,22.951011337769888,2.9510113377698866,355.7016905367885,0.018327280415547955,224.35549386586106,224.35549386586106,9.775407739729753,0.0,292.40809562623946,1.0
2.650259413117122,0.8928001753833398,39125.109595307455,0.07190785801258799,2571797.943278579,0.023320706296942648,0.000731510077723735,0.015926928226994555,0.04197914460166094,131.39509066057948,293.35945408926784,3000.0,22.950979798453606,2.9509797984536044,355.6954273412431,0.0183270818153415,224.3003366806636,224.3003366806636,9.77301791254143,0.0,292.35337241849055,1.0
2.6570060059712057,0.8930007422422481,39142.69042019094,0.07187517359671287,2572375.6956687025,0.023320004555644477,0.0007308452395110344,0.01597064864754741,0.04202149844270292,131.5867603628205,293.425357060459,3000.0,22.950856155719755,2.9508561557197552,355.67088801856363,0.018326303653738763,224.08412765574312,224.08412765574312,9.76365004143418,0.0,292.13875274647205,1.0
2.6637525988252895,0.8932011167751933,39160.2583300074,0.07184254223799084,2572952.894045139,0.023319303676089337,0.0007301817820644847,0.01601433568617127,0.042063821144325095,131.77840818871985,293.4911968365018,3000.0,22.95073251823356,2.950732518233561,355.64637222693466,0.018325526171328228,223.8679640382148,223.8679640382148,9.754284045633815,0.0,291.92400043197864,1.0
2.670499191679373,0.8934012990212062,39177.81331683049,0.07180996384729006,2573529.5385203212,0.02331860365750427,0.0007295197021035032,0.01605798908272135,0.04210611244232912,131.97003302104352,293.5569734302211,3000.0,22.950608885990437,2.950608885990438,355.6218799615806,0.018324749368151247,223.65184694053707,223.65184694053707,9.744919973650857,0.0,291.7091171587296,1.0
2.677245784533461,0.8936012890203494,39195.35537283832,0.07177743833552558,2574105.629209654,0.023317904499113983,0.0007288589963541309,0.016101608578713265,0.04214837207418138,132.1616337467323,293.6226868547808,3000.0,22.950485258985804,2.950485258985803,355.5974112175999,0.018323973244244948,223.43577747086763,223.43577747086763,9.73555787380948,0.0,291.49410460638,1.0
2.6839923773875447,0.8938010868137152,39212.884490313394,0.07174496561365958,2574681.166231507,0.02331720620014084,0.0007281996615490202,0.016145193917318963,0.042190599779008825,132.3532092569052,293.6883371236832,3000.0,22.95036163721507,2.9503616372150723,355.572965989965,0.018323197799642206,223.2197567330598,223.2197567330598,9.726197794247332,0.0,291.27896445050396,1.0
2.690738970241629,0.894000692443427,39230.400661642794,0.07171254559270113,2575256.1497072205,0.02331650875980489,0.0007275416944274157,0.016188744843363342,0.042232795297595646,132.54475844686567,293.75392425076933,3000.0,22.95023802067366,2.9502380206736607,355.5485442735219,0.018322423034371656,223.0037858266562,223.0037858266562,9.716839782915262,0.0,291.06369836257556,1.0
2.6974855630957126,0.8942001059526389,39247.90387931828,0.07168017818370621,2575830.5797611047,0.02331581217732385,0.0007268850917351386,0.01623226110332044,0.04227495837237943,132.73628021610634,293.81944825021895,3000.0,22.950114409356985,2.950114409356984,355.5241460629909,0.018321648948457704,222.78786584688456,222.78786584688456,9.707483887577126,0.0,290.84830800995263,1.0
2.698510933984216,0.8942303967027707,39250.56294539897,0.07167526347128694,2575917.835219871,0.02331570638331915,0.000726785418190587,0.016238871806866922,0.04228136360837666,132.76538589823113,293.82940129253194,3000.0,22.950095622931816,2.950095622931815,355.5204399946218,0.018321531359633526,222.7550540963907,222.7550540963907,9.706062133955253,0.0,290.81556145352255,1.0
2.70426298151608,0.8944002371988482,39265.47402015668,0.07164771576962922,2576407.077326381,0.023315113275069917,0.0007262268595077533,0.01627594103351319,0.04231728116809086,132.928648344747,293.88520808624156,3000.0,22.949990238509148,2.9499902385091468,355.49966003745453,0.01832087200974124,222.57101169270754,222.57101169270754,9.698087423115433,0.0,290.6318100860989,1.0
2.7110459245671037,0.8946003375558724,39283.045380167285,0.07161527987247265,2576983.4859123486,0.023314414668283046,0.0007255694627588388,0.016319621034579734,0.04235960516562162,133.1211433605666,293.950957772586,3000.0,22.94986597171286,2.949865971712859,355.47517779120506,0.01832009512415494,222.35403443063845,222.35403443063845,9.68868553327081,0.0,290.4150134921052,1.0
2.717828867618128,0.8948002438541379,39300.6036243568,0.07158289688542199,2577559.335493143,0.02331371692622589,0.0007249134353209608,0.016363265233671632,0.04240189559521848,133.31360733672338,294.0166436944139,3000.0,22.949741710183805,2.9497417101838046,355.4507192880132,0.018319318925313945,222.13711195128982,222.13711195128982,9.679285926460683,0.0,290.1980963383567,1.0
2.723814911842978,0.8949765028595942,39316.088125193106,0.07155436231533713,2578067.066741652,0.023313101876549676,0.0007243356165583443,0.016401751923323885,0.042439189416431905,133.48343288465594,294.07455950474264,3000.0,22.949632051979354,2.9496320519793535,355.4291540272638,0.018318634489205482,221.94572114260785,221.94572114260785,9.670992573646318,0.0,290.00656504195405,1.0
2.7246146678867595,0.8950000402267488,39318.15613338559,0.07155055311077932,2578134.868422373,0.02331301975472606,0.0007242584984344155,0.016406891741500267,0.042444169994660746,133.5061202241625,294.0822934964796,3000.0,22.949617401577257,2.9496174015772576,355.4262742342073,0.01831854308669717,221.92015401004483,221.92015401004483,9.66988469249134,0.0,289.98096885423206,1.0
2.731421930642721,0.8952002734769621,39335.75095463617,0.07151816006255367,2578711.659820127,0.02331232124612959,0.0007236028604632863,0.016450619727373966,0.04248654383396684,133.6992085740922,294.1480868493403,3000.0,22.949492705088225,2.9494927050882263,355.4017757284976,0.0183177654848238,221.70256715440541,221.70256715440541,9.660456115670515,0.0,289.76303676754975,1.0
2.7382291933986833,0.8954003114195845,39353.33254408303,0.07148582003230325,2579287.888615325,0.02331162360604543,0.0007229485917457352,0.016494310899095282,0.04252888309688645,133.89226233921633,294.2138160273388,3000.0,22.949368013890187,2.949368013890185,355.37730111864005,0.01831698857465166,221.48503877942372,221.48503877942372,9.65102998241037,0.0,289.5449883211102,1.0
2.7450364561546494,0.8956001541061523,39370.90089475112,0.07145353292903811,2579863.554956423,0.023310926833654096,0.0007222956889867985,0.01653796500799281,0.04257118753063371,134.08528041923554,294.27948104740904,3000.0,22.949243327978422,2.9492433279784236,355.3528503983291,0.018316212356176056,221.26756997909357,221.26756997909357,9.641606340429387,0.0,289.3268251976943,1.0
2.7484833586876274,0.8957012713231897,39379.79169418435,0.07143720429684389,2580154.8329579025,0.023310574349000232,0.0007219656072523413,0.016560055341172168,0.04259259529742474,134.18300244218258,294.31270650189145,3000.0,22.949180194456652,2.949180194456651,355.3404787232137,0.01831581957660997,221.15747628103114,221.15747628103114,9.63683558223363,0.0,289.2163136566422,1.0
2.751861787863156,0.8958003312664848,39388.5025797667,0.07142121317059298,2580440.1847818075,0.023310229082100543,0.0007216424212845678,0.016581697532031488,0.042613569035416604,134.27877391076586,294.3452559700574,3000.0,22.94911831640749,2.9491183164074903,355.32835875520726,0.018315434771778556,221.0495848444414,221.0495848444414,9.632160233641823,0.0,289.1079695426991,1.0
2.7587056538698222,0.8960008550238757,39406.13868521382,0.07138885888878134,2581017.813013808,0.023309530309989984,0.0007209887517995594,0.016625510902773,0.04265602996456254,134.472754603535,294.4111447787988,3000.0,22.948992970692146,2.948992970692144,355.3038247059915,0.018314655774025374,220.83107010245647,220.83107010245647,9.622691086466274,0.0,288.8884072154384,1.0
2.7655495198764886,0.8962011815820654,39423.7613885077,0.07135655782845407,2581594.8731942847,0.023308832412425564,0.0007203364530276744,0.016669286064977595,0.04269845493043083,134.66669590682042,294.47696879112596,3000.0,22.94886763030576,2.948867630305759,355.27931478406606,0.018313877475389637,220.61261887724564,220.61261887724564,9.61322460137029,0.0,288.6687340651296,1.0
2.7723933858831544,0.8964013109971867,39441.37068295367,0.0713243098974358,2582171.365484933,0.023308135388566832,0.000719685521649527,0.016713022772625992,0.04274084368284235,134.8605967197731,294.54272802548314,3000.0,22.948742295243548,2.94874229524355,355.2548289825631,0.018313099875850888,220.39423226278998,220.39423226278998,9.603760826076721,0.0,288.4489517844427,1.0
2.7792372518898243,0.8966012433263159,39458.966561955924,0.07129211500362352,2582747.2900501685,0.023307439237571406,0.0007190359543529552,0.016756720781364566,0.04278319597328893,135.05445594588923,294.6084225006247,3000.0,22.948616965500733,2.9486169655007317,355.2303672944992,0.01831232297538474,220.17591134861,220.17591134861,9.594299808115073,0.0,288.2290620616447,1.0
2.7860811178964906,0.896800978627471,39476.54901901753,0.07125997305498662,2583322.6470571156,0.02330674395859501,0.0007183877478330017,0.016800379848500812,0.04282551155492882,135.24827249301197,294.6740522356145,3000.0,22.94849164107252,2.9484916410725197,355.2059297127761,0.018311546773962885,219.95765721976412,219.95765721976412,9.584841594821444,0.0,288.00906658058614,1.0
2.7929249839031565,0.8970005169596142,39494.11804774064,0.07122788395956656,2583897.4366756226,0.023306049550791425,0.000717740898791893,0.01684399973299972,0.042867790182583035,135.44204527333693,294.73961724982644,3000.0,22.94836632195413,2.94836632195413,355.1815162301796,0.018310771271553058,219.7394709568427,219.7394709568427,9.57538623333825,0.0,287.7889670206822,1.0
2.798455783391039,0.8971616279302516,39508.30646123376,0.07120199004167789,2584361.532533071,0.023305489008222893,0.0007172191439767121,0.01687922190007174,0.042901930052271345,135.5986080226841,294.7925556650476,3000.0,22.948265050481663,2.948265050481661,355.16180432903514,0.018310145067989853,219.56319630635105,219.56319630635105,9.567747096495324,0.0,287.6110209432064,1.0
2.7997783552273243,0.8972001351073206,39511.69801511732,0.07119580316745955,2584472.45621064,0.02330535505067614,0.0007170945083634777,0.016887640696043645,0.042910090255083265,135.63604223682228,294.8052084901197,3000.0,22.948240834098453,2.948240834098454,355.157092982162,0.018309995392495122,219.52105074533972,219.52105074533972,9.565920644303011,0.0,287.5684591520743,1.0
2.806671764131018,0.8974007203012299,39529.36708857705,0.07116358823784286,2585050.261416521,0.023304657372816465,0.0007164457082476572,0.01693149649078868,0.04295259957185281,135.83112607075418,294.87111748589064,3000.0,22.94811461850099,2.94811461850099,355.13255141619817,0.018309215687763045,219.301425345444,219.301425345444,9.556402736834906,0.0,287.34656117590947,1.0
2.8135651730347164,0.8976011058498199,39547.022519656646,0.07113142664917518,2585627.4915245962,0.023303960576193498,0.0007157982753132785,0.01697531180793082,0.0429950706594376,136.02616220824058,294.9369608814931,3000.0,22.9479884082759,2.947988408275902,355.1080342768068,0.0183084366920774,219.0818720685662,219.0818720685662,9.546887865324052,0.0,287.12456270745685,1.0
2.8204585819384103,0.8978012918172074,39564.66430222504,0.07109931830778107,2586204.146719561,0.023303264659934684,0.0007151522062196862,0.01701908640791398,0.043037503274068356,136.22114955555406,295.0027386979949,3000.0,22.947862203418303,2.9478622034183037,355.0835415561432,0.018307658405389067,218.86239200058913,218.86239200058913,9.53737607714881,0.0,286.9024654445339,1.0
2.8273519908421045,0.8980012782684801,39582.29243025351,0.07106726312005862,2586780.227188907,0.0233025696231655,0.0007145074976335179,0.01706282005286634,0.04307989717366536,136.41608702346193,295.0684509567827,3000.0,22.947736003923307,2.9477360039233083,355.0590732462439,0.018306880827644884,218.64298622278196,218.64298622278196,9.527867419487535,0.0,286.6802710803165,1.0
2.8342453997457984,0.8982010652696961,39599.906897815745,0.07103526099247941,2587355.73312292,0.023301875465009444,0.0007138641462286845,0.017106512506595804,0.04312225211783394,136.61097352722894,295.1340976795622,3000.0,22.94760980978603,2.9476098097860297,355.0346293390267,0.018306103958787612,218.42365581179777,218.42365581179777,9.518361939318439,0.0,286.4579813033233,1.0
2.8411388086494926,0.8984006528878836,39617.507699087895,0.07100331183158834,2587930.6647146824,0.023301182184588067,0.0007132221486863504,0.017150163534585552,0.04316456786785997,136.80580798661956,295.1996788883577,3000.0,22.947483621001584,2.947483621001583,355.0102098262907,0.01830532779875596,218.20440183967114,218.20440183967114,9.508859683419493,0.0,286.2355977974013,1.0
2.8480322175531905,0.8986000411910421,39635.09482834873,0.07097141554400345,2588505.022160072,0.02330048978102095,0.0007125815016949119,0.017193772903989983,0.043206844186705846,137.00058932590196,295.2651946055127,3000.0,22.94735743756508,2.947357437565082,354.98581469971623,0.018304552347484574,217.98522537381427,217.98522537381427,9.499360698368259,0.0,286.01312224170977,1.0
2.8484282080944503,0.8986114889613193,39636.10470221897,0.07096958487187494,2588537.998578386,0.023300450032645716,0.0007125447408029401,0.017196276765688197,0.043209271539136854,137.01177686654708,295.26895615454873,3000.0,22.947350189144306,2.947350189144305,354.98441406687834,0.01830450782336156,217.97263720033126,217.97263720033126,9.498815131319498,0.0,286.0003394155742,1.0
2.8549728900666347,0.8988005952700437,39652.788722454454,0.07093935388821343,2589082.7377364286,0.023299793515093474,0.0007119378233311531,0.017237638952306993,0.04324937029073162,137.19665140140637,295.33109337743673,3000.0,22.947230394369168,2.947230394369167,354.9612769406563,0.01830377229544536,217.76462553924995,217.76462553924995,9.489799936496276,0.0,285.78903001316195,1.0
2.8619164430999042,0.8990010305411142,39670.47607978793,0.07090733237049554,2589660.111074957,0.023299097847876073,0.0007112952410943919,0.017281480478887352,0.04329187356785782,137.39273878583256,295.39695311102855,3000.0,22.947103303862715,2.9471033038627135,354.9367537177275,0.018302992638483187,217.54401493189496,217.54401493189496,9.480238618844563,0.0,285.5647548114993,1.0
2.8688599961331738,0.8992012638007967,39688.14954861451,0.07087536421297787,2590236.9024999877,0.023298403067611738,0.000710654019045232,0.01732527903674931,0.043334336123406286,137.58876901245412,295.46274646700067,3000.0,22.946976218767357,2.9469762187673574,354.9122552108593,0.0183022137004053,217.3234861984052,217.3234861984052,9.470680761008744,0.0,285.34039132219743,1.0
2.8758035491664433,0.8994012951225695,39705.809123509185,0.07084344932052479,2590813.1122231833,0.023297709173392637,0.0007100141538287673,0.017369034394744652,0.04337675772196606,137.784741000407,295.5284734694969,3000.0,22.946849139078108,2.946849139078108,354.8877814110616,0.01830143548112822,217.10304041065461,217.10304041065461,9.461126409766285,0.0,285.11594124192993,1.0
2.8827471021997164,0.8996011245809105,39723.45479915298,0.07081158759807532,2591388.7404590836,0.023297016164308976,0.0007093756420974343,0.017412746323422552,0.04341913812982896,137.98065367347525,295.59413414298933,3000.0,22.946722064789974,2.9467220647899746,354.863332309222,0.018300657980564256,216.88267863574677,216.88267863574677,9.45157561168778,0.0,284.8914062624693,1.0
2.889690655232986,0.8998007522512955,39741.086570332955,0.07077977895064304,2591963.7874251055,0.023296324039448917,0.0007087384805109933,0.01745641459502477,0.04346147711498468,138.17650596009204,295.6597285122782,3000.0,22.946594995897968,2.9465949958979687,354.8389078961062,0.018299881198621554,216.66240193601416,216.66240193601416,9.442028413136924,0.0,284.6667880706745,1.0
2.8966342082662555,0.9000001782102004,39758.704431942395,0.07074802328331563,2592538.253341544,0.023295632797898636,0.0007081026657365016,0.017500038983481337,0.04350377444711648,138.3722967933434,295.72525660249215,3000.0,22.9464679323971,2.9464679323971,354.8145081623573,0.018299105135204045,216.4422113690139,216.4422113690139,9.432484860270314,0.0,284.44208834847393,1.0
2.8984006327978618,0.9000508795575736,39763.18415697745,0.07073995315382246,2592684.3035154697,0.02329545708840675,0.0007079411303600961,0.017511129902552266,0.04351452812131912,138.4220956153589,295.7419162313734,3000.0,22.946435608583162,2.946435608583162,354.80830486072387,0.01829890782102191,216.38620924536497,216.38620924536497,9.430057588744862,0.0,284.38491242856736,1.0
2.903615595253178,0.9002004875141795,39776.4042610451,0.07071614790418461,2593115.263819585,0.023294938679536498,0.0007074647410223314,0.017543856602920543,0.043546260023479375,138.56909142004022,295.7910749453695,3000.0,22.9463401819843,2.9463401819843,354.79000035148164,0.01829832556748815,216.22090893144141,216.22090893144141,9.42289302854498,0.0,284.2160837807557,1.0
2.910609891099489,0.900400962874968,39794.12270717975,0.07068426710110745,2593692.7526404536,0.023294244171297794,0.0007068269953120943,0.017587710302479204,0.043588781469089094,138.76618547498992,295.8569478517833,3000.0,22.946212200810987,2.946212200810986,354.7654722235824,0.01829754528650529,215.99928674859245,215.99928674859245,9.413287250126555,0.0,283.989582076912,1.0
2.917604186945803,0.9006012338052386,39811.82702474264,0.0706524397656237,2594269.6525792866,0.023293550556520486,0.0007061906060264136,0.017631518794384685,0.04363125995693158,138.96321394215522,295.9227535856911,3000.0,22.946084225092644,2.946084225092645,354.7409691077238,0.018296765734268437,215.77775516556858,215.77775516556858,9.403685310699123,0.0,283.7630027578633,1.0
2.924598482792114,0.9008013003872564,39829.517208950965,0.0706206658010286,2594845.9638730553,0.023292857834262312,0.0007055555697885027,0.01767528185445652,0.04367369525850734,139.16017575017585,295.9884921741239,3000.0,22.94595625482418,2.9459562548241798,354.7164909938408,0.018295986910662188,215.55631524366495,215.55631524366495,9.3940872565878,0.0,283.53634752230124,1.0
2.9315927786384246,0.9010011627043153,39847.193255131664,0.07058894511069302,2595421.6867616964,0.023292166003578987,0.0007049218832289843,0.017718999260228407,0.043716087147036384,139.35706983249088,296.0541636444507,3000.0,22.94582829000049,2.945828290000493,354.6920378717424,0.018295208815566812,215.33496803925152,215.33496803925152,9.384493133904076,0.0,283.3096180637691,1.0
2.938587074484735,0.901200820840738,39864.85515872152,0.07055727759806335,2595996.8214881094,0.02329147506352414,0.0007042895429858698,0.01776267079094327,0.04375843539745328,139.5538951273398,296.11976802437846,3000.0,22.94570033061649,2.945700330616489,354.66760973111184,0.01829443144885826,215.11371460377202,215.11371460377202,9.374902988545763,0.0,283.0828160706484,1.0
2.9455813703310456,0.9014002748818756,39882.50291526723,0.07052566316666135,2596571.3682981576,0.023290785013149354,0.0007036585457045382,0.017806296227548334,0.043800739786402226,139.75065057776385,296.18530534195224,3000.0,22.94557237666707,2.9455723766670707,354.64320656150625,0.018293654810408153,214.8925559837424,214.8925559837424,9.365316866196926,0.0,282.85594322614475,1.0
2.948373057501273,0.901479827540372,39889.54284908576,0.07051305945520557,2596800.5274864556,0.023290509836236716,0.0007034070651396673,0.01782369586487011,0.043817612766246496,139.82916335870695,296.21144503716215,3000.0,22.945521306938087,2.9455213069380872,354.63347330663316,0.01829334502803997,214.8043099479262,214.8043099479262,9.361491816835532,0.0,282.7653703118212,1.0
2.9525989122575207,0.9016001867968642,39900.19510346883,0.07049399691142404,2597147.2340584695,0.023290093562503156,0.0007030267975518708,0.017850020113808124,0.04384314047386315,139.94798870847447,296.25099310934297,3000.0,22.945444002909444,2.945444002909445,354.61874737110924,0.018292876322500002,214.67075866263477,214.67075866263477,9.355702972468734,0.0,282.62824683555493,1.0
2.9596318959699737,0.9018003326521022,39917.911925578795,0.07046231439211727,2597723.773706478,0.023289401486986945,0.0007023950088670694,0.017893793220021614,0.043885589715875625,140.14568840643278,296.3167577456522,3000.0,22.945315352149656,2.945315352149657,354.5942595581606,0.018292096856820008,214.44857115172783,214.44857115172783,9.34607207878871,0.0,282.39998124169193,1.0
2.9666648796824266,0.9020002724138982,39935.61443083051,0.07043068524983247,2598299.7196822343,0.023288710308122438,0.0007017645678810986,0.0179375190647258,0.04392799394072934,140.34331429894607,296.38245466304585,3000.0,22.945186706869244,2.9451867068692428,354.56979696071124,0.018291318127060276,214.22648266176517,214.22648266176517,9.336445390423904,0.0,282.17164909946985,1.0
2.9736978633948796,0.9022000061732223,39953.30261514544,0.07039910938678745,2598875.0722477874,0.023288020024937003,0.0007011354712131999,0.01798119743211441,0.043970352928264615,140.54086533101622,296.44808389141525,3000.0,22.945058067063023,2.9450580670630235,354.5453595676309,0.01829054013307263,214.00449423661468,214.00449423661468,9.326822952948287,0.0,281.94325209893196,1.0
2.973814911842978,0.9022033285573487,39953.59687464868,0.07039858432661304,2598884.6426991588,0.023288008544272966,0.000701125012645097,0.017981923958995637,0.0439710575159137,140.54415249142457,296.44917557219725,3000.0,22.945055926184445,2.945055926184444,354.5449530744715,0.018290527191308293,214.00080058304692,214.00080058304692,9.326662844993699,0.0,281.93945039725344,1.0
2.9807562368539378,0.9024002539622045,39971.0402527837,0.07036747300185431,2599451.9055258827,0.023287328149322762,0.0007005054516619408,0.01802498553200818,0.04401281913299289,140.7390532162678,296.5138820214763,3000.0,22.944928968353423,2.944928968353423,354.5208592831052,0.018289760070066084,213.78180606683742,213.78180606683742,9.317170097222526,0.0,281.7139670511201,1.0
2.9878150400206716,0.9026003066138427,39988.764536227594,0.07033588816387866,2600028.1766918353,0.023286637131870767,0.0006998767411312458,0.01806872804144531,0.044055241914447325,140.9371756402703,296.5796160326155,3000.0,22.94479986728827,2.9447998672882725,354.4963828736019,0.018288980700433128,213.55920723333156,213.55920723333156,9.307521027359087,0.0,281.48460611010415,1.0
2.9948738431874014,0.9028001520258145,40006.47438138122,0.07030435670189464,2600603.8508837246,0.023285947013740416,0.0006992493746224018,0.01811242208013268,0.0440976184684955,141.13521948318308,296.64528194820866,3000.0,22.944670771721924,2.944670771721926,354.47193181983823,0.018288202071523662,213.33671233665515,213.33671233665515,9.297876376573736,0.0,281.25518492536236,1.0
2.998345482204684,0.9028983633892399,40015.1790855167,0.07028886854554349,2600886.758290587,0.02328560793156385,0.000698941317164552,0.018133893702824713,0.04411844295155312,141.232591654444,296.67755258698566,3000.0,22.94460728235036,2.944607282350362,354.45991567544127,0.018287819400315444,213.22732402099726,213.22732402099726,9.293134608802728,0.0,281.14233011283244,1.0
3.00195234495565,0.9030003471233646,40024.21914588685,0.07027279074748458,2601180.5323790126,0.02328525587183079,0.000698621603606334,0.018156189167022243,0.04414006664245937,141.33373603294748,296.7110627647317,3000.0,22.944541321412494,2.944541321412493,354.44743798210067,0.018287422013398728,213.11370194915318,213.11370194915318,9.28820929404544,0.0,281.0250647078749,1.0
3.0090499109291517,0.9032008723513494,40041.997116468294,0.07024119347013613,2601758.164847202,0.023284563774499875,0.0006979934919982389,0.018200024765195656,0.04418258203169377,141.53270578489645,296.77695205668607,3000.0,22.944411528001776,2.9444115280017766,354.422903752958,0.018286640601914275,212.89019796806156,212.89019796806156,9.278520728598618,0.0,280.7942673010947,1.0
3.0161474769026535,0.9034011883514769,40059.760478789656,0.0702096498573749,2602335.194614152,0.02328387258337795,0.0006973667289371034,0.018243810721138277,0.04422505003345333,141.73159292021032,296.84277259980763,3000.0,22.94428174013452,2.9442817401345214,354.3983951228097,0.01828585993879394,212.66680220259937,212.66680220259937,9.268836767751115,0.0,280.5634141031117,1.0
3.0232450428761592,0.9036012952238984,40077.509229391624,0.07017815980939268,2602911.621968356,0.023283182297453506,0.000696741311004228,0.018287546825138817,0.04426747043359655,141.93039638914294,296.90852442700447,3000.0,22.944151957805417,2.9441519578054156,354.37391207940243,0.01828508002385708,212.4435156902595,212.4435156902595,9.259157456808419,0.0,280.3325068130588,1.0
3.030342608849661,0.9038011930696869,40095.24336491737,0.07014672322648498,2603487.4472009665,0.023282492915713424,0.0006961172347889674,0.018331232869193612,0.04430984301969601,142.12911514687974,296.9742075714874,3000.0,22.94402218100915,2.944022181009149,354.3494546103697,0.018284300856919105,212.22033946348998,212.22033946348998,9.24948284085715,0.0,280.10154712461673,1.0
3.0374401748231628,0.9040008819908358,40112.96288211264,0.07011534000905076,2604062.6706057847,0.023281804437143016,0.0006954944968887055,0.01837486864700122,0.04435216758103294,142.32774815353713,297.03982206676994,3000.0,22.943892409740414,2.9438924097404136,354.32502270323283,0.018283522437791466,211.9972745496957,211.9972745496957,9.239812964765129,0.0,279.8705367260041,1.0
3.0445377407966645,0.9042003620902612,40130.66777782587,0.07008401005759209,2604637.2924792706,0.023281116860726016,0.0006948730939088285,0.0184184539539574,0.04439444390859225,142.52629437416326,297.10536794666854,3000.0,22.943762643993903,2.9437626439939018,354.3006163454,0.018282744766281687,211.77432197123673,211.77432197123673,9.230147873181293,0.0,279.63947729996363,1.0
3.0483179069080957,0.9043065200697125,40140.091442908466,0.0700673454198099,2604943.0908883023,0.023280751025133467,0.0006945426781213605,0.018441646834897612,0.04441694053815244,142.63200438525337,297.14024971277667,3000.0,22.943693532964044,2.943693532964045,354.2876279338203,0.01828233088322357,211.65562354856695,211.65562354856695,9.225002210061495,0.0,279.51639553757803,1.0
3.051659855372466,0.9044003223366937,40148.41920959228,0.07005262518674013,2605213.297463019,0.02328042781197911,0.000694250880106434,0.01846213907375387,0.04443681776583941,142.72543904025426,297.1710715949768,3000.0,22.943632434967583,2.9436324349675838,354.2761512416587,0.018281965156315336,211.55071220140442,211.55071220140442,9.220454206675113,0.0,279.4075711063468,1.0
3.0588099429989604,0.9046008566561853,40166.22554672521,0.07002117079739723,2605790.9561201804,0.02327973696859695,0.0006936275677081347,0.01850594424196744,0.044479308778272525,142.92527588404232,297.2369638742508,3000.0,22.943501720110547,2.943501720110546,354.25161590017154,0.01828118324116372,211.32634001612922,211.32634001612922,9.210727403084093,0.0,279.1747078121559,1.0
3.0659600306254506,0.9048011793720914,40184.017036178775,0.06998977016188357,2606368.0052325847,0.02327904703765439,0.0006930055997362933,0.018549697574763328,0.044521750212154015,143.12502152045545,297.30278662406675,3000.0,22.943371010841556,2.943371010841557,354.2271064483489,0.018280402084123227,211.10208492789343,211.10208492789343,9.201005590161106,0.0,278.9417998703444,1.0
3.0731101182519414,0.9050012905934113,40201.79367515295,0.06995842317889672,2606944.4451142154,0.023278358018105932,0.0006923849727529728,0.01859339886987205,0.04456414186073096,143.32467491162822,297.36853988024006,3000.0,22.943240307155197,2.9432403071551976,354.2026228728546,0.01827962168498085,210.87794796122637,210.87794796122637,9.191288812655678,0.0,278.70884897870366,1.0
3.0802602058784316,0.9052011904300934,40219.55546095375,0.06992712974723912,2607520.2760817884,0.023277669908904463,0.0006917656833283518,0.01863704792674454,0.044606483518977356,143.52423502477035,297.4342236788979,3000.0,22.94310960904605,2.9431096090460502,354.17816516023635,0.01827884204351951,210.653930135466,210.653930135466,9.181577115092061,0.0,278.47585682932936,1.0
3.0874102935049224,0.9054008789930346,40237.302390993354,0.06989588976581784,2608095.4984547542,0.023276982709001238,0.0006911477280406995,0.018680644546546478,0.04464877498358842,143.72370083216535,297.4998380564793,3000.0,22.9429789165087,2.9429789165086992,354.15373329692613,0.01827806315951807,210.43003246476079,210.43003246476079,9.171870541769323,0.0,278.24282510861167,1.0
3.0945603811314126,0.9056003563940818,40255.03446279016,0.06986470313364423,2608670.112555299,0.023276296417345892,0.0006905311034763487,0.018724188532153133,0.044691016052975374,143.92307131117056,297.56538304973515,3000.0,22.94284822953773,2.9428482295377303,354.12932726923947,0.018277285032751313,210.2062559580689,210.2062559580689,9.162169136761285,0.0,278.0097554972221,1.0
3.098290331611507,0.9057043330005152,40264.27876604109,0.06984845529972998,2608969.627306693,0.023275938763140137,0.0006902099590485705,0.018746882949757637,0.044713031671946346,144.02703773712577,297.59954805254586,3000.0,22.942780056926175,2.942780056926173,354.1166057482949,0.018276879411719404,210.08956801116912,210.08956801116912,9.157110319232885,0.0,277.8881567580173,1.0
3.1017358726539936,0.905800330353079,40272.81459581909,0.0698334592293218,2609246.157039427,0.023275608599366535,0.0006899136224722612,0.018767834115583897,0.044733356337422696,144.12305328205866,297.63109120376674,3000.0,22.942717083833266,2.942717083833265,354.10486048776795,0.018276504902384194,209.9818072057093,209.9818072057093,9.15243850318297,0.0,277.7758213944331,1.0
3.1089390692861465,0.9060008627582157,40290.64832376774,0.06980214852576795,2609823.810182102,0.023274919043550175,0.0006892950983877428,0.01881159450647093,0.04477580864840885,144.3237087732287,297.6969828540152,3000.0,22.94258543739295,2.9425854373929483,354.08032538050196,0.018275722526453143,209.75661660727326,209.75661660727326,9.142675623009849,0.0,277.54094906853874,1.0
3.1161422659182993,0.9062011812005019,40308.466964995765,0.06977089165896184,2610400.846983928,0.02327423040630451,0.0006886779144859134,0.018855300886384402,0.04481820920717483,144.52426442061406,297.7628041995899,3000.0,22.94245379658548,2.9424537965854776,354.055816451556,0.018274940918334415,209.53155203094192,209.53155203094192,9.13291812151874,0.0,277.3060433877696,1.0
3.123345462550452,0.9064012857981903,40326.27051740261,0.069739688526073,2610977.267785542,0.023273542686548916,0.0006880620673093136,0.01889895306073378,0.044860557814592014,144.72471919942538,297.82855527934686,3000.0,22.942322161405322,2.942322161405323,354.0313336864619,0.01827416007778102,209.3066144870365,209.3066144870365,9.12316604284906,0.0,277.071106046951,1.0
3.1305486591826095,0.9066011766705121,40344.058978997455,0.06970853902437701,2611553.072930401,0.02327285588320111,0.0006874475534086622,0.018942550836660754,0.04490285427327053,144.92507209009236,297.89423613246333,3000.0,22.942190531846958,2.9421905318469577,354.0068770706317,0.018273380004541734,209.08180498053932,209.08180498053932,9.113419430908511,0.0,276.8361387349645,1.0
3.1377518558147623,0.9068008539376742,40361.832347899275,0.06967744305125526,2612128.2627647747,0.023272169995177137,0.0006868343693428284,0.018986094023033057,0.04494509838755302,145.12532207826024,297.95984679843747,3000.0,22.942058907904855,2.9420589079048556,353.98244658935823,0.01827260069836116,208.857124511098,208.857124511098,9.10367832937325,0.0,276.60114313474116,1.0
3.144955052446915,0.9070003177208626,40379.590622337004,0.06964640050419448,2612702.8376377495,0.023271485021391366,0.0006862225116788054,0.019029582430439278,0.04498728996350945,145.32546815479054,298.0253873170889,3000.0,22.941927289573492,2.941927289573493,353.95804222781436,0.018271822158979677,208.63257407302382,208.63257407302382,9.093942781687826,0.0,276.3661209232469,1.0
3.1482627563149186,0.9070918398882307,40387.740154449144,0.06963216365523177,2612966.476163246,0.02327117078781204,0.0006859419904272798,0.019049533878510206,0.04500664665674953,145.41734003167258,298.05545999605613,3000.0,22.941866852387545,2.9418668523875446,353.94684450547084,0.01827146491096055,208.52950447379826,208.52950447379826,9.089474096224071,0.0,276.2581903985869,1.0
3.152187286418794,0.9072003709237625,40397.405295938144,0.06961528646560501,2613279.110391664,0.023270798205035456,0.0006856095184927663,0.01907319084745553,0.04502959857098375,145.5263155028342,298.0911215093636,3000.0,22.94179514630487,2.9417951463048695,353.93356575086426,0.018271041252346586,208.40725024803007,208.40725024803007,9.084173619325394,0.0,276.1301262072656,1.0
3.159444176301168,0.9074008900807135,40415.26540520877,0.06958412027942748,2613856.7253716495,0.02327010997133775,0.0006849957725216711,0.019116892049137302,0.045071997792996726,145.7277402517557,298.1570088064761,3000.0,22.941662558211267,2.941662558211268,353.9090322645116,0.018270258459881377,208.1812920127559,208.1812920127559,9.074376867174509,0.0,275.89330337061415,1.0
3.1667010661835424,0.9076011929355764,40433.11018940702,0.06955300800607118,2614433.7172723827,0.02326942266223014,0.0006843833623567141,0.019160537083700822,0.04511434310828768,145.92905648160888,298.2228250302799,3000.0,22.94152997579549,2.941529975795489,353.88452524268433,0.018269476444870113,207.95546876107545,207.95546876107545,9.064585883351254,0.0,275.65645861355375,1.0
3.1739579560659203,0.9078012796162808,40450.93964717391,0.06952194954114319,2615010.0864623776,0.023268736276595692,0.0006837722845206353,0.019204125764472026,0.045156634325588356,146.1302631819101,298.28857022281056,3000.0,22.94139739905189,2.941397399051892,353.86004466973026,0.018268695207030065,207.72978148782016,207.72978148782016,9.054800711329166,0.0,275.4195936262501,1.0
3.1812148459482947,0.9080011502517628,40468.753777264,0.06949094478035764,2615585.833313047,0.023268050813315736,0.0006831625355444103,0.019247657906519385,0.04519887125537954,146.3313593475368,298.3542444264343,3000.0,22.941264827974834,2.9412648279748357,353.83559052987425,0.018267914746074164,207.50423118233746,207.50423118233746,9.045021394343719,0.0,275.1827100926773,1.0
3.1884717358306687,0.9082008049719654,40486.55257854552,0.06945999361953559,2616160.958198705,0.0232673662712699,0.0006825541119672265,0.01929113332664796,0.045241053709885085,146.53234397872515,298.4198476838484,3000.0,22.941132262558682,2.9411322625586833,353.81116280721756,0.018267135061710987,207.2788188284924,207.2788188284924,9.03524797539239,0.0,274.9458096906076,1.0
3.195728625713043,0.9084002439078391,40504.33605000043,0.06942909595460448,2616735.461496568,0.023266682649336068,0.0006819470103364527,0.0193345518433935,0.045283181503066025,146.73321608106798,298.4853800380809,3000.0,22.940999702797797,2.9409997027977983,353.7867614857386,0.018266356153644796,207.05354540467064,207.05354540467064,9.02548049723479,0.0,274.70889409160253,1.0
3.19823518101833,0.9084690807038804,40510.474961520784,0.06941843620346735,2616933.7525983867,0.02326644673750139,0.0006817376218295518,0.019349535497479656,0.045297719856810595,146.80257168586468,298.5079986771277,3000.0,22.940953917502856,2.940953917502855,353.77833931490005,0.01826608729637842,206.97576762903537,206.97576762903537,9.022108163999349,0.0,274.62705938154426,1.0
3.20301234196901,0.9086002032554451,40522.16984534891,0.06939813775922424,2617311.4638911583,0.023265997424362063,0.0006813389902652036,0.019378073464084853,0.04532540987871212,146.9347165932182,298.5510833910496,3000.0,22.940866658687366,2.9408666586873644,353.7622964919685,0.018265575146512256,206.82757989875032,206.82757989875032,9.015682928457622,0.0,274.4710890876307,1.0
3.210310213394035,0.9088003334554067,40540.02280874445,0.06936717323861481,2617887.9584426163,0.023265311795075898,0.0006807311172238577,0.019421621810341367,0.04536766472264113,147.13649301082737,298.6168428832924,3000.0,22.940733361721463,2.940733361721465,353.7378105944405,0.018264793405287118,206.6013175836131,206.6013175836131,9.0058724072154,0.0,274.232809945539,1.0
3.2176080848190605,0.9090002458316601,40557.8602662778,0.0693362625037224,2618463.8255316475,0.023264627092897814,0.0006801245706436634,0.019465112066929195,0.04540986373047068,147.33815263129168,298.6825308022472,3000.0,22.940600070457744,2.9406000704577435,353.7133513476078,0.01826401244822502,206.3751987163161,206.3751987163161,8.996068022740182,0.0,273.9945204836724,1.0
3.223814911842978,0.9091700996540617,40573.018790710434,0.06931001522354688,2618953.1060259338,0.023264045483583667,0.0006796097450478492,0.019502054610040176,0.045445709838671695,147.50957113932805,298.73834197476776,3000.0,22.940486710951394,2.940486710951394,353.6925697599669,0.01826334886243226,206.18299862063884,206.18299862063884,8.987734271662625,0.0,273.7918488399494,1.0
3.224910035216634,0.9092000520752345,40575.69217419671,0.06930538821730876,2619039.3868951504,0.02326394293475789,0.0006795190091402818,0.01950856831524144,0.04545203025913962,147.5398070789699,298.74818384774915,3000.0,22.940466710395253,2.9404667103952526,353.6889050860911,0.018263231839167372,206.1490980071212,206.1490980071212,8.986264342813335,0.0,273.7560891834899,1.0
3.2322351904233044,0.9094002744487611,40593.56515148053,0.06927446970676941,2619616.146961548,0.023263257532705316,0.0006789128505208635,0.01955210387444615,0.04549427425767233,147.7419828878516,298.8139736267095,3000.0,22.94033293225318,2.9403329322531806,353.6644079111423,0.018262449537567678,205.92242502329069,205.92242502329069,8.976435766273125,0.0,273.51689316178204,1.0
3.2395603456299744,0.9096002777817669,40611.422505038485,0.06924360506669076,2620192.2760603717,0.023262573061237975,0.0006783080178071995,0.019595580375855782,0.04553646145490096,147.94403804235057,298.8796914325572,3000.0,22.940199159838702,2.940199159838701,353.6399375357657,0.018261668025042373,205.6958994934151,205.6958994934151,8.966613500615372,0.0,273.27769179678324,1.0
3.246885500836649,0.9098000622158781,40629.264234617796,0.06921279419084828,2620767.774599589,0.02326188951919053,0.0006777045075077343,0.01963899764511086,0.045578591671809124,148.14597155805464,298.9453373118282,3000.0,22.940065393146035,2.940065393146034,353.61549394263335,0.01826088730125717,205.4695223845787,205.4695223845787,8.95679758811709,0.0,273.03848676290403,1.0
3.2482076057217415,0.909836097662037,40632.482793770716,0.06920723890733621,2620871.5782153048,0.02326176624676426,0.0006775957215634486,0.019646827631145936,0.04558618959947365,148.1824051627346,298.9571779667749,3000.0,22.940041250430824,2.940041250430825,353.6110850116365,0.018260746473740534,205.42867984890188,205.42867984890188,8.955026610732178,0.0,272.99531278896103,1.0
3.2542441413378107,0.9100005396609927,40647.17179221298,0.06918189649651235,2621345.269424563,0.0232612037871111,0.0006770995663807925,0.019682553573592988,0.04562085692708488,148.3487047058551,299.01121090311733,3000.0,22.939931020724387,2.9399310207243885,353.5909655597171,0.01826010380238507,205.242260853862,205.242260853862,8.946943243571312,0.0,272.79818624522363,1.0
3.2616101566016438,0.9102009970754296,40665.08150554027,0.06915102196044867,2621922.706549216,0.023260518304779425,0.0006764953484780867,0.01972609294049961,0.04566310659375712,148.55151611450455,299.07707791265517,3000.0,22.939796519407146,2.9397965194071443,353.566439627551,0.018259320314773262,205.01492351304645,205.01492351304645,8.937085529054416,0.0,272.5576445661944,1.0
3.268976171865477,0.9104012335784508,40682.975419955,0.06912020146759133,2622499.507317001,0.02325983375871119,0.0006758924572097332,0.019769571892281842,0.04570529810820277,148.75420155981834,299.14287233433504,3000.0,22.939662023858144,2.9396620238581455,353.54194072386076,0.018258537623684703,204.78773916404242,204.78773916404242,8.927234366010065,0.0,272.3171042353951,1.0
3.276342187129314,0.9106012493175826,40700.85353561759,0.06908943491048,2623075.67215288,0.023259150147716744,0.0006752908890612262,0.019812990258571854,0.045747431295349826,148.95676006262096,299.2085942166317,3000.0,22.939527534071527,2.9395275340715252,353.5174688305967,0.018257755728763994,204.56070876797577,204.56070876797577,8.917389796461443,0.0,272.0765669296818,1.0
3.283708202393147,0.9108010444412327,40718.715852793204,0.06905872218179158,2623651.2014843565,0.02325846747060527,0.000674690640526956,0.019856347870721363,0.04578950598185359,149.1591906491897,299.2742436083094,3000.0,22.93939305004142,2.9393930500414203,353.493023929601,0.018256974629651847,204.3338332804113,204.3338332804113,8.907551862190283,0.0,271.836034319445,1.0
3.29107421765698,0.9110006190986902,40736.56237185184,0.06902806317433971,2624226.095741472,0.02325778572618476,0.0006740917081101766,0.01989964456179515,0.045831521996090085,149.36149235124986,299.3398205584222,3000.0,22.939258571761968,2.93925857176197,353.4686060026082,0.018256194325985096,204.10711365135836,204.10711365135836,8.89772060473709,0.0,271.5955080686041,1.0
3.298180030425153,0.9111929350541279,40753.76349702114,0.0689985379959994,2624780.0805997774,0.02325712894693632,0.0006735151767538982,0.01994135392317282,0.04587199804686304,149.55652476301375,299.40301241843235,3000.0,22.939128849335393,2.9391288493353924,353.4450761766311,0.01825544233978382,203.88855141361736,203.88855141361736,8.888242999669298,0.0,271.3634859210874,1.0
3.2984421908055586,0.9112000263991787,40754.397830568996,0.06899744965328738,2624800.507910523,0.023257104732425874,0.0006734939296499952,0.019942891650441052,0.045873490312516925,149.56371792584542,299.4053425177874,3000.0,22.93912406348532,2.9391240634853184,353.44420855171353,0.018255414610309172,203.8804906258681,203.8804906258681,8.887893454938268,0.0,271.35492590613444,1.0
3.3058636313983514,0.9114006580608195,40772.346738601715,0.06896666809754284,2625378.446971235,0.02325641973782542,0.0006728931373980579,0.019986390620323254,0.04591570349554673,149.76727869338066,299.47126678209065,3000.0,22.938988584922093,2.938988584922094,353.4196613004303,0.018254630040246456,203.65238260704962,203.65238260704962,8.878001828769003,0.0,271.1126076851087,1.0
3.3132850719911446,0.9116010663872123,40790.279611649836,0.06893594074809246,2625955.742692992,0.02325573568635805,0.0006722936705218787,0.020029827249610558,0.04595785660649049,149.97070570646846,299.53711766210455,3000.0,22.938853112178514,2.9388531121785144,353.3951413741784,0.01825384627651211,203.42443566770996,203.42443566770996,8.868117105632866,0.0,270.8703009601927,1.0
3.3207065125839414,0.9118012515346577,40808.19645052229,0.0689052674958691,2626532.395526034,0.023255052576799794,0.0006716955254812437,0.020073201374533382,0.04599994947681442,150.17399799711544,299.60289520918684,3000.0,22.938717645248598,2.938717645248598,353.3706487538346,0.01825306331871875,203.19665075671915,203.19665075671915,8.858239327027428,0.0,270.62800740653506,1.0
3.3281279531767343,0.9120012136603644,40826.09725613632,0.0688746482319443,2627108.405923215,0.023254370407925454,0.0006710986987449155,0.020116512833054132,0.0460419819397245,150.3771546029172,299.66859947499375,3000.0,22.938582184126368,2.9385821841263664,353.3461834201644,0.01825228116647496,202.9690288172472,202.9690288172472,8.848368534202734,0.0,270.38572869258485,1.0
3.3355493937695275,0.9122009529224494,40843.98202951748,0.06884408284752803,2627683.7743400075,0.023253689178508632,0.000670503186790606,0.020159761464860766,0.04608395383016001,150.5801745670535,299.73423051147995,3000.0,22.938446728805843,2.9384467288058422,353.3217453538221,0.018251499819385338,202.74157078676862,202.74157078676862,8.838504768161483,0.0,270.14346648008535,1.0
3.3429708343623203,0.9124004694799381,40861.850771799705,0.06881357123396822,2628258.5012344993,0.023253008887321694,0.0006699089861049428,0.02020294711135992,0.04612586498478656,150.78305693828239,299.7997883708985,3000.0,22.938311279281052,2.9383112792810535,353.2973345353511,0.018250719277050444,202.51427759706874,202.51427759706874,8.828648069659296,0.0,269.90122242406926,1.0
3.3481524551285644,0.912539639216981,40874.31715453395,0.06879229996432093,2628659.3932295525,0.02325253446624053,0.0006694948930121055,0.02023306173693621,0.046155091096188844,150.92462654096232,299.8455172576196,3000.0,22.938216712385888,2.938216712385886,353.2803071405806,0.01825017478232149,202.35568059961827,202.35568059961827,8.821770372862193,0.0,269.7321002155484,1.0
3.350409174749801,0.9126002170629304,40879.74411938499,0.06878304398633078,2628833.8936204757,0.023252327987207135,0.0006693147445621517,0.02024616774026226,0.04616781047203155,150.986262291913,299.86542214149796,3000.0,22.938175527125814,2.9381755271258134,353.2728954509472,0.018249937764397654,202.2866331590342,202.2866331590342,8.81877605827097,0.0,269.6584466137529,1.0
3.357886611285119,0.9128007893639299,40897.715286210354,0.0687524105091245,2629411.6616870738,0.023251644455717316,0.0006687187002163674,0.02028955144934014,0.04620991460527382,151.19039447412658,299.9313269008708,3000.0,22.938039067309067,2.9380390673090666,353.2483554624288,0.01824915295807624,202.0579609883022,202.0579609883022,8.80885939706468,0.0,269.4144164872626,1.0
3.3653640478204374,0.9130011360784243,40915.670183239105,0.06872183128611889,2629988.779929751,0.02325096187291057,0.0006681239763208538,0.020332870744951388,0.04625195659418281,151.394384106966,299.99715753622814,3000.0,22.93790261335761,2.937902613357612,353.2238430743827,0.018248368967454364,201.82945896741674,201.82945896741674,8.798950033464864,0.0,269.1704098079119,1.0
3.3728414843557557,0.9132012573727935,40933.60881207648,0.06869130620674578,2630565.2488277815,0.02325028023752625,0.0006675305693183988,0.020376125471872928,0.04629393627871758,151.59823024033767,300.06291410223974,3000.0,22.93776616526535,2.9377661652653533,353.1993582664524,0.018247585792107005,201.60112802611474,201.60112802611474,8.789048008144718,0.0,268.9264282408763,1.0
3.380318920891074,0.913401153414354,40951.531174439784,0.06866083516057687,2631141.0688631376,0.023249599548302444,0.0006669384756608191,0.02041931547661861,0.04633585350058188,151.8019319298683,300.1285966538831,3000.0,22.937629723026195,2.937629723026196,353.17490101816674,0.018246803431605004,201.37296908829845,201.37296908829845,8.77915336152401,0.0,268.6824734443894,1.0
3.3877963574263923,0.9136008243713577,40969.437272158255,0.06863041803732348,2631716.240520484,0.02324891980397598,0.0006663476918089318,0.02046244060743216,0.04637770810321707,152.0054882368974,300.19420524644295,3000.0,22.93749328663405,2.9374932866340497,353.1504713089401,0.018246021885515062,201.1449830720427,201.1449830720427,8.769266133769388,0.0,268.4385470697383,1.0
3.3952737939617146,0.913800270412993,40987.327107173274,0.06860005472683582,2632290.7642871854,0.02324824100328242,0.0006657582142325192,0.02050550071428056,0.046419499931795505,152.20889822847278,300.25973993551185,3000.0,22.937356856082825,2.9373568560828263,353.12606911807234,0.018245241153399726,200.91717088959956,200.91717088959956,8.759386364794588,0.0,268.19465076125806,1.0
3.398124879831976,0.9138762583769664,40994.14407392827,0.06858849159088,2632509.655025392,0.023247982430316134,0.000665533794471579,0.020521902029263097,0.046435418254050814,152.28641808317423,300.2847083307286,3000.0,22.937304837757665,2.9373048377576647,353.1167720029964,0.01824494368083795,200.8303539198222,200.8303539198222,8.755621261536811,0.0,268.1016633381336,1.0
3.402786226397359,0.9140004235768246,41005.2842952192,0.0685696033901546,2632867.3249883098,0.02324755997465693,0.0006651672896916751,0.020548696720295728,0.04646142398464433,152.41311194008455,300.3255069733047,3000.0,22.93721979288516,2.937219792885158,353.10158041091853,0.01824445758655425,200.68846847083398,200.68846847083398,8.749467907749006,0.0,267.94964489824554,1.0
3.4103202257923972,0.9142009236902017,41023.276553650816,0.06853911896093975,2633444.8851114227,0.023246877944927375,0.0006645759857679614,0.020591950518194308,0.046503404448889646,152.61776171144606,300.391388013012,3000.0,22.937082342110337,2.937082342110335,353.077049254544,0.018243672594468054,200.45928754309796,200.45928754309796,8.739528618034974,0.0,267.70396946469657,1.0
3.4178542251874355,0.9144011959957259,41041.252309035786,0.06850868882571244,2634021.789011808,0.023246196869286497,0.0006639859972163777,0.02063513785636559,0.04654532072286847,152.82226012737894,300.45719419880555,3000.0,22.93694489724654,2.936944897246539,353.05254597042335,0.018242888427354508,200.2302858430444,200.2302858430444,8.72959702087792,0.0,267.45832953957074,1.0
3.425388224582478,0.9146012406702989,41059.21156382081,0.06847831287237101,2634598.0371990455,0.023245516746435782,0.0006633973204625013,0.020678258588353253,0.04658717265525154,153.02660625697766,300.52292558881226,3000.0,22.936807458287554,2.936807458287555,353.0280705369127,0.018242105084749157,200.00146427993505,200.00146427993505,8.719673156068207,0.0,267.2127267762029,1.0
3.4329222239775166,0.9148010578917857,41077.15432056835,0.06844799098895497,2635173.6301854956,0.023244837575075374,0.0006628099519409929,0.020721312569440972,0.04662896009645734,153.23079917518413,300.5885822414757,3000.0,22.936670025227173,2.9366700252271722,353.0036229322503,0.018241322566183257,199.7728237570662,199.7728237570662,8.70975706313705,0.0,266.96716282074357,1.0
3.440456223372555,0.9150006478390172,41095.08058195677,0.06841772306364427,2635748.5684862956,0.023244159353904115,0.0006622238880955586,0.02076429965664587,0.046670682898645545,153.43483796278323,300.65416421555676,3000.0,22.936532598059184,2.936532598059183,352.9792031345562,0.018240540871183798,199.54436517177297,199.54436517177297,8.69984878135668,0.0,266.7216393121528,1.0
3.447990222767593,0.915200010691788,41112.990350780296,0.06838750898475902,2636322.852619363,0.02324348208161955,0.0006616391253789223,0.0208072197087108,0.04671234091570928,153.6387217063932,300.71967157013296,3000.0,22.93639517677738,2.9363951767773826,352.95481112183256,0.01823975999927349,199.31608941543936,199.31608941543936,8.689948349740796,0.0,266.47615788219946,1.0
3.448097304535387,0.9152028426274593,41113.24478592606,0.06838707993546982,2636331.0102861463,0.023243472462288448,0.0006616308234269964,0.020807829253465433,0.04671293253918088,153.64161841214352,300.7206020976188,3000.0,22.936393223632233,2.936393223632232,352.9544646349621,0.01823974890656397,199.3128462228186,199.3128462228186,8.689807690315451,0.0,266.472669132087,1.0
3.455566827989944,0.915400272127732,41130.98477207839,0.068357178232354,2636899.725208862,0.023242801934898548,0.0006610523643584224,0.02085031473387452,0.04675416903313149,153.8436011626328,300.7854741843612,3000.0,22.936256984288832,2.9362569842888333,352.93030916760324,0.01823897554102035,199.08670800497043,199.08670800497043,8.679999885828947,0.0,266.22933229790607,1.0
3.463144047505806,0.9156003204699364,41148.96397668806,0.06832689925845405,2637475.98396107,0.023242122690152512,0.0006604668646423746,0.020893345168036957,0.04679593472283185,154.0483385732203,300.8512067794913,3000.0,22.936118786537055,2.9361187865370555,352.9058332853585,0.018238191850709948,198.8574947121382,198.8574947121382,8.670058633846224,0.0,265.9825325510327,1.0
3.4707212670216725,0.915800139658228,41166.92650818511,0.06829667441122082,2638051.5826130924,0.023241444401235992,0.0006598826702758778,0.020936307375934462,0.04683763444744633,154.252916409221,300.91686407841445,3000.0,22.935980594720313,2.935980594720314,352.8813854400578,0.018237408991479402,198.62846903083678,198.62846903083678,8.660125439614278,0.0,265.7357802934161,1.0
3.473814911842978,0.9158816564655368,41174.25549979078,0.0682843496749331,2638286.3997235275,0.023241167742341227,0.0006596445284882374,0.02095382844030454,0.046854640711134,154.33639583929042,300.94364916062045,3000.0,22.935924175148507,2.935924175148508,352.8714118718959,0.018237089602700384,198.53501603260545,198.53501603260545,8.656072217387331,0.0,265.6350497364959,1.0
3.4783154720930987,0.9160001770353204,41184.91257963983,0.06826643600552049,2638627.809779227,0.023240765549538037,0.0006592984725007974,0.0209792972972573,0.04687936131929614,154.45779181796485,300.9825930705891,3000.0,22.935842099073085,2.9358420990730867,352.8569108993927,0.01823662521071788,198.39911908142784,198.39911908142784,8.65017810222219,0.0,265.4885241881032,1.0
3.4859213971155882,0.9162002927840416,41202.90962832697,0.06823620520185725,2639204.2627024776,0.02324008660985573,0.0006587146802087446,0.02102228459799037,0.046921085888054846,154.66282092067934,301.04834781439195,3000.0,22.935703395651714,2.9357033956517147,352.83242676997156,0.01823584105610466,198.16960584929222,198.16960584929222,8.640223603818594,0.0,265.24093759606995,1.0
3.493527322138078,0.9164001782043057,41220.88988738592,0.06820602859435934,2639780.0521421535,0.02323940862923863,0.000658132192394525,0.021065202744823992,0.046962743566457146,154.86768650899774,301.114026876052,3000.0,22.935564698191385,2.935564698191386,352.80797082119983,0.018235057737358697,197.9402843122021,197.9402843122021,8.630277340754159,0.0,264.9934037751556,1.0
3.4980697292387983,0.9165194439095123,41231.62004334329,0.06818803233608028,2640123.608633081,0.023239004182826352,0.0006577849399699833,0.02109080126337795,0.04698759038617428,154.98995788439905,301.1532156252656,3000.0,22.935481868197346,2.935481868197347,352.79337868149844,0.018234590322539997,197.8034207970994,197.8034207970994,8.624341181659512,0.0,264.84559757982237,1.0
3.5011505202371898,0.9166002866435506,41238.89413648599,0.06817583772231461,2640356.484009745,0.02323873006990679,0.0006575496870747071,0.021108148835535034,0.04700442859251654,155.0728523738244,301.1797792180812,3000.0,22.935425691723726,2.9354256917237245,352.78348758609184,0.018234273477888103,197.71063521226745,197.71063521226745,8.620316791574162,0.0,264.74536238942187,1.0
3.508799329854796,0.9168008352284847,41256.9419306003,0.06814559990574619,2640934.1837599045,0.02323805019639125,0.000656966534503545,0.021151169125010846,0.04704618585590564,155.27854063306626,301.2456761847449,3000.0,22.935286224244095,2.9352862242440962,352.7589504992302,0.018233487426403756,197.48040986616394,197.48040986616394,8.610331169855392,0.0,264.4965442263845,1.0
3.516448139472398,0.9170011514653198,41274.97275671091,0.06811541655245078,2641511.214208713,0.02323737128868378,0.0006563846902886087,0.021194119078701047,0.04708787505767344,155.48406081415024,301.3114968056447,3000.0,22.9351467627736,2.935146762773597,352.73444184012084,0.018232702218645303,197.2503810259706,197.2503810259706,8.600353992333323,0.0,264.24778435942505,1.0
3.5240969490900005,0.9172012355512816,41292.98661886893,0.06808528754717588,2642087.5759242987,0.023236693345411313,0.0006558041508142793,0.021236998566348978,0.04712949606257458,155.68941202127422,301.37724114558563,3000.0,22.935007307305774,2.9350073073057743,352.70996158463316,0.018231917854072424,197.02054956335894,197.02054956335894,8.590385297178411,0.0,263.9990844214111,1.0
3.531745758707603,0.9174010876844167,41310.98352123075,0.06805521277484246,2642663.269477155,0.023236016365200084,0.0006552249124747187,0.021279807459404883,0.04717104873707969,155.89459336453373,301.44290926964254,3000.0,22.93486785783418,2.9348678578341807,352.6855097085362,0.018231134332141068,196.79091634400245,196.79091634400245,8.580425122300491,0.0,263.7504460377997,1.0
3.539394568325205,0.9176007080635934,41328.96346805821,0.06802519212054411,2643238.29544014,0.023235340346675612,0.0006546469716738286,0.0213225456310185,0.04721253294936795,156.0996039599138,301.50850124316025,3000.0,22.934728414352374,2.9347284143523735,352.66108618749854,0.0182303516523034,196.56148222758475,196.56148222758475,8.570473505349124,0.0,263.50187082663587,1.0
3.547043377942811,0.9178000968885013,41346.92646371854,0.0679952254695466,2643812.65438848,0.02323466528846269,0.0006540703248252167,0.021365212956031592,0.0472539485693195,156.3044429292793,301.5740171317535,3000.0,22.934588976853913,2.934588976853913,352.6366909970881,0.018229569814007866,196.33224806780882,196.33224806780882,8.560530483713992,0.0,263.2533603985522,1.0
3.54804215394221,0.9178261158546057,41349.27080761427,0.06799131642629618,2643887.6045569032,0.023234577210665384,0.0006539951220245482,0.0213707791882722,0.04725935152096213,156.33117793860006,301.5825665360915,3000.0,22.934570769648055,2.9345707696480554,352.6335075808024,0.018229467784221066,196.30232964220235,196.30232964220235,8.559232767590824,0.0,263.2209149536136,1.0
3.5547428220714656,0.9180005719958695,41364.991257646485,0.06796511486647674,2644390.1424793475,0.023233986729893834,0.0006534911638295036,0.02140809105871481,0.04729556895243815,156.51046369944166,301.6398899548976,3000.0,22.934448622326688,2.9344486223266877,352.61216290019473,0.01822878364935991,196.10169920075307,196.10169920075307,8.550530358503934,0.0,263.00327190173385,1.0
3.562449871054062,0.9182010105467574,41383.0567018568,0.06793502909133879,2644967.525265709,0.02323330847280993,0.000652912736597322,0.021450939368884158,0.04733716057829142,156.71651202530674,301.7057507661835,3000.0,22.93430813522795,2.9343081352279503,352.5876392759808,0.01822799756105541,195.87112725067405,195.87112725067405,8.540529153779385,0.0,262.75300538731244,1.0
3.5701569200366587,0.9184012146199203,41401.10494979203,0.0679049977949431,2645544.232616125,0.023232631186504288,0.0006523356121809803,0.021493715376763388,0.04737868217544866,156.9223834502873,301.7715345319453,3000.0,22.934167654184346,2.9341676541843458,352.56314434007845,0.01822721232544608,195.64076088979115,195.64076088979115,8.53053678859352,0.0,262.502809529766,1.0
3.5778639690192553,0.91860118442302,41419.13600635357,0.06787502086061649,2646120.2651287853,0.02323195486956711,0.0006517597869510672,0.02153641896119106,0.047420133617709234,157.12807710010864,301.83724132041726,3000.0,22.934027179189307,2.934027179189306,352.53867806708047,0.018226427941952197,195.41060096697183,195.41060096697183,8.520553300132583,0.0,262.252685946332,1.0
3.5855710180018563,0.9188009201645648,41437.14987655171,0.06784509817186009,2646695.6234043185,0.023231279520587844,0.0006511852572879891,0.02157905000271114,0.04746151478058697,157.33359210650855,301.90287120011186,3000.0,22.933886710236266,2.933886710236266,352.51424043147574,0.018225644409990187,195.1806483249672,195.1806483249672,8.510578725317007,0.0,262.0026362466074,1.0
3.5932780669844533,0.9190004220539095,41455.146565505565,0.06781522961234909,2647270.3080457915,0.023230605138155204,0.0006506120195819381,0.021621608383565163,0.04750282554130231,157.53892760722627,301.96842423981957,3000.0,22.933746247318666,2.9337462473186666,352.48983140764983,0.0182248617289726,194.95090380042356,194.95090380042356,8.500613100801905,0.0,261.7526620325512,1.0
3.5980145786456212,0.9191229137552354,41466.198246705935,0.067796900133293,2647623.1573330383,0.023230191162692867,0.0006502603650103718,0.02164772733608025,0.04752817886378349,157.6650309656436,302.0086729983012,3000.0,22.933659926186838,2.9336599261868384,352.4748445678461,0.01822438113958253,194.8098136022025,194.8098136022025,8.494492995414072,0.0,261.5990738262678,1.0
3.6010077755623713,0.9192002758281621,41473.178914925185,0.06778532748731632,2647846.006326046,0.023229929742355732,0.0006500383905330931,0.021664218792750562,0.04754418692563939,157.74468565853513,302.03409290312067,3000.0,22.9336053774797,2.9336053774797026,352.4653793307624,0.01822407760089072,194.72069367222727,194.72069367222727,8.490627202621997,0.0,261.5020302878655,1.0
3.608773614788003,0.9194008273168954,41491.27815912962,0.06775534018674442,2648423.7144408817,0.023229252165780416,0.0006494633815856603,0.021706954538195603,0.04758567008556168,157.95122191268905,302.0999908239251,3000.0,22.933463855279157,2.9334638552791574,352.4408418886214,0.018223290668354014,194.48961997593233,194.48961997593233,8.480603767631983,0.0,261.2503067187028,1.0
3.616539454013634,0.9196011420172395,41509.359975284526,0.06772540748986859,2649000.7404636783,0.023228575566235348,0.0006488896734064196,0.02174961616059911,0.047627081400240884,158.15757331318216,302.1658109399592,3000.0,22.933322339186457,2.9333223391864585,352.4163334175014,0.01822250459797404,194.25876010431924,194.25876010431924,8.470589530431308,0.0,260.99866464106543,1.0
3.6243052932392694,0.9198012201468537,41527.42436907455,0.06769552927838979,2649577.0850214246,0.023227899942273623,0.0006483172623421291,0.021792203546379993,0.04766842075099575,158.36373900241597,302.23155332274223,3000.0,22.933180829194914,2.933180829194914,352.39185389077187,0.018221719389133886,194.0281148883559,194.0281148883559,8.460584527435019,0.0,260.74710566248876,1.0
3.6320711324649007,0.9200010619242703,41545.47134629685,0.0676657054341851,2650152.7487436235,0.023227225292447532,0.0006477461447494423,0.02183471658366742,0.047709688020864394,158.56971812892672,302.29721804408035,3000.0,22.933039325297838,2.933039325297836,352.36740328169543,0.018220935041212635,193.7976851527687,193.7976851527687,8.450588794786878,0.0,260.4956313826384,1.0
3.6398369716905323,0.9202006675688944,41563.500912860974,0.06763593583930733,2650727.7322622933,0.023226551615308587,0.0006471763169948752,0.021877155162292806,0.04775088309459627,158.77550984737357,302.36280517606644,3000.0,22.932897827488542,2.9328978274885418,352.3429815634278,0.01822015155358538,193.56747171605426,193.56747171605426,8.440602368359851,0.0,260.2442433933132,1.0
3.6476028109161636,0.920400037301004,41581.51307478899,0.0676062203759842,2651302.036211966,0.023225878909407527,0.0006466077754547653,0.021919519173781897,0.047792005858644196,158.98111331852846,302.4283147910802,3000.0,22.932756335760352,2.932756335760353,352.31858870901823,0.018219368925623224,193.33747539048977,193.33747539048977,8.430625283756564,0.0,259.9929432784458,1.0
3.6479870033490327,0.9204098944214967,41582.40372268737,0.06760475169254673,2651330.430608505,0.023225845654416315,0.0006465796818323207,0.02192161307306292,0.047794038409311554,158.9912800538896,302.43155367875784,3000.0,22.932749336024113,2.932749336024114,352.31738269192357,0.018219330229674088,193.32610263803397,193.32610263803397,8.430131939494318,0.0,259.98051324134,1.0
3.6554250514354516,0.9206006167395326,41599.63846593162,0.06757634370041914,2651879.824838912,0.023225202298191302,0.0006460364013420063,0.021962115374536146,0.047833354074069453,159.18801888753492,302.4942218957277,3000.0,22.93261382255487,2.932613822554872,352.29404784722425,0.01821858148204708,193.10602895968933,193.10602895968933,8.420585217798598,0.0,259.7399084666684,1.0
3.6632502274718224,0.9208010324162741,41617.753003450445,0.06754651052494082,2652457.1417340655,0.023224526416053437,0.0006454661111504826,0.02200465164804657,0.04787464417525049,159.3948093130922,302.56007519094527,3000.0,22.932471262026915,2.9324712620269144,352.26952702165846,0.018217794614355146,192.87471770856627,192.87471770856627,8.410550939093111,0.0,259.48687110575855,1.0
3.6710754035081887,0.9210012092413005,41635.84988847438,0.06751673195193932,2653033.770593568,0.023223851515610874,0.000644897115871208,0.022047111888845998,0.04791586052032808,159.60140607211648,302.62585000341755,3000.0,22.932328707652932,2.9323287076529314,352.24503541956125,0.018217008617565707,192.64362934744477,192.64362934744477,8.400526252842177,0.0,259.23392776762586,1.0
3.678900579544555,0.9212011474435663,41653.92912762746,0.06748700786163546,2653609.712076945,0.02322317759537762,0.000644329411836831,0.02208949599283891,0.04795700300005336,159.8078083310112,302.69154640837525,3000.0,22.93218615942611,2.93218615942611,352.2205730129201,0.0182162234910189,192.41276468190893,192.41276468190893,8.390511194364217,0.0,258.98108004047134,1.0
3.6867257555809214,0.921400847252925,41671.9907276498,0.06745733813442743,2654184.966846314,0.0232225046538669,0.0006437629953899383,0.02213180385763526,0.0479980715068921,160.01401526242236,302.75716448134443,3000.0,22.93204361733964,2.932043617339641,352.1961397736125,0.018215439234050716,192.18212451119015,192.18212451119015,8.380505798701481,0.0,258.7283295044001,1.0
3.694550931617288,0.9216003089001304,41690.03469539772,0.06742772265089012,2654759.5355663807,0.023221832689591076,0.0006431978628830159,0.022174035382542548,0.04803906593501664,160.2200260452274,302.822704298147,3000.0,22.93190108138672,2.931901081386721,352.1717356734058,0.018214655845993043,191.9517096281784,191.9517096281784,8.37051010062053,0.0,258.47567773142345,1.0
3.697959428052444,0.9216871161599257,41697.88879023213,0.06741483964420766,2655009.5923409634,0.023221540300014793,0.0006429521025212182,0.022192406730637906,0.048056899133173916,160.3096988526791,302.85122773603007,3000.0,22.931838997378335,2.931838997378336,352.16111481923963,0.018214314888695807,191.85141596656052,191.85141596656052,8.36615920722685,0.0,258.3656587462328,1.0
3.702401727710667,0.9218001844957298,41708.120028141195,0.06739806459502036,2655335.296705152,0.02322115950580928,0.0006426321666940316,0.022216328360979695,0.04808012003348301,160.42651338591565,302.88838013158374,3000.0,22.931758084920112,2.9317580849201117,352.1472809266802,0.018213870765585918,191.72076754076454,191.72076754076454,8.360491456031879,0.0,258.22229958461264,1.0
3.7102722956419076,0.9220003233074425,41726.2331071051,0.06736838641140849,2655911.816063599,0.023220485610996426,0.0006420663357189377,0.022258650522298522,0.048121202469013885,160.633320929302,302.9541424535064,3000.0,22.931614734507402,2.9316147345074013,352.1227939755058,0.018213084584543883,191.48947304620378,191.48947304620378,8.350457447641103,0.0,257.96838626285285,1.0
3.7181428635731484,0.9222002218938746,41744.32837022101,0.06733876274013226,2656487.6434297054,0.02321981270025531,0.000641501792579335,0.02230089515926144,0.04816220965209608,160.83992758020213,303.01982584135266,3000.0,22.931471390278922,2.9314713902789236,352.09833641585544,0.018212299280463258,191.2584088356533,191.2584088356533,8.340433353820083,0.0,257.7145775892859,1.0
3.723814911842978,0.9223441331380247,41757.3579636412,0.06731744770701915,2656902.193798225,0.023219328365855368,0.0006410957421172426,0.02233129129982696,0.048191715407799575,160.9886968932328,303.0671127093274,3000.0,22.931368090842003,2.931368090842002,352.0807288984589,0.01821173388209141,191.09203200522612,191.09203200522612,8.333215499756497,0.0,257.5317321507157,1.0
3.72602183307281,0.9224000934941002,41762.42511249417,0.06730916192521122,2657063.393059413,0.023219140055332925,0.0006409379330289581,0.022343107146606044,0.04820318513496793,161.04655275062325,303.08550036197533,3000.0,22.93132789922249,2.931327899222492,352.07388215796317,0.01821151401576538,191.02732940733992,191.02732940733992,8.330408524393254,0.0,257.4606043690144,1.0
3.7339224781128206,0.9226002736995786,41780.55372728571,0.06727953428821104,2657640.031656637,0.0232184665471211,0.0006403738108038565,0.022385357059480825,0.04824419741740578,161.25354257821607,303.15127628520855,3000.0,22.931184019622297,2.931184019622297,352.04939014226824,0.018210727471822244,190.79584756405217,190.79584756405217,8.320366161676931,0.0,257.20604090822286,1.0
3.7418231231528356,0.9228002125612874,41798.66441238156,0.06724996121629707,2658215.9750396046,0.023217794025933405,0.0006398109752001369,0.022427528569196054,0.0482851335703296,161.46032753705805,303.21697290684835,3000.0,22.931040146232824,2.9310401462328244,352.02492765494435,0.018209941809448578,190.5646001178863,190.5646001178863,8.310333892516114,0.0,256.9515876200254,1.0
3.7479318527558556,0.9229546387560025,41812.65519541815,0.06722713282895897,2658660.814748317,0.023217274712377188,0.0006393766738717665,0.02246008151380698,0.048316732900055934,161.6200714335324,303.2677148146434,3000.0,22.930928908476083,2.9309289084760817,352.0060336350504,0.018209334944060372,190.38596220151803,190.38596220151803,8.30258394509019,0.0,256.75492243368006,1.0
3.7497339349170815,0.9230001671430514,41816.78044626405,0.06722040463768164,2658791.9637057236,0.023217121626721557,0.0006392487007421281,0.022469675699691192,0.04832604602715488,161.66717252428694,303.2826746938398,3000.0,22.93089609391964,2.9308960939196376,352.0004632442742,0.01820915601862163,190.33329071998727,190.33329071998727,8.300298860560277,0.0,256.69691884475856,1.0
3.7576794055541844,0.9232007547016775,41834.957771979156,0.06719077338580749,2659369.7757234015,0.023216447274567228,0.0006386852538383328,0.02251192817931606,0.04836706070772162,161.8747153809829,303.34858446661775,3000.0,22.930751416737643,2.9307514167376425,351.97592138898773,0.018208367673292005,190.10120600800482,190.10120600800482,8.290230117328205,0.0,256.4412486418944,1.0
3.765624876191288,0.9234010989130892,41853.116988176414,0.06716119695080962,2659946.8867557053,0.023215773915998456,0.0006381230970308143,0.02255410108983425,0.048407998102863524,162.08204862100553,303.4144142795033,3000.0,22.930606745815886,2.930606745815886,351.9514093071934,0.01820758021737635,189.86936068618786,189.86936068618786,8.280171684547032,0.0,256.1856945848548,1.0
3.773570346828391,0.9236012000272353,41871.25810316034,0.06713167520965607,2660523.297522636,0.02321510154945289,0.0006375622266064654,0.02259619434303509,0.04844885811909445,162.28917144863993,303.4801642146255,3000.0,22.930462081147304,2.930462081147304,351.9269269683101,0.018206793650136045,189.63775551967018,189.63775551967018,8.270123595790261,0.0,255.9302582355522,1.0
3.781515817465494,0.9238010582948051,41889.38112533964,0.06710220803952652,2661099.0087463288,0.023214430173368023,0.0006370026388628505,0.02263820785237166,0.04848964066460253,162.49608307442423,303.54583435435677,3000.0,22.930317422724837,2.9303174227248383,351.9024743416661,0.018206007970828938,189.40639126724187,189.40639126724187,8.260085884355563,0.0,255.6749411476248,1.0
3.789461288102602,0.9240006739672281,41907.4860632272,0.06707279531781152,2661674.0211510514,0.02321375978618115,0.0006364443301081636,0.022680141532952284,0.048530345649241594,162.70278271513527,303.6114247813126,3000.0,22.930172770541436,2.930172770541436,351.878051396499,0.018205223178709335,189.17526868136375,189.17526868136375,8.250058583265393,0.0,255.419744866443,1.0
3.797406758739705,0.9242000472966738,41925.57292544017,0.0670434369221116,2662248.335463202,0.02321309038632939,0.0006358872966611834,0.022721995301531912,0.04857097298452249,162.90926959377455,303.6769355783519,3000.0,22.930028124590052,2.930028124590052,351.8536581019558,0.018204439273028,188.94438850818122,188.94438850818122,8.240041725267583,0.0,255.16467092911603,1.0
3.797904277459267,0.924212523329134,41926.70486292655,0.06704160040241293,2662284.2738909777,0.023213048503567715,0.000635852459439077,0.022724613383681622,0.04857351434668841,162.9221920134987,303.6810349974298,3000.0,22.930019067552937,2.930019067552937,351.8521316614065,0.018204390216957207,188.9299396479078,188.9299396479078,8.239414851392452,0.0,255.1487031600041,1.0
3.805409361532299,0.9244006095194444,41943.77157953693,0.0670139222135099,2662826.0744984783,0.02321241716956313,0.0006353275432244063,0.022764069162280222,0.04861181387506776,163.1170253794245,303.7428370261844,3000.0,22.92988244484969,2.929882444849688,351.82911934650707,0.018203650625907696,188.71209396708258,188.71209396708258,8.229963429641108,0.0,254.90788809032006,1.0
3.813415780718602,0.9246010218887382,41961.96058066744,0.06698444833025556,2663403.381866206,0.023211744630860138,0.0006347688100148294,0.022806081799829993,0.04865259524070496,163.3246626910104,303.80868923462907,3000.0,22.929736701947668,2.929736701947668,351.8045989256069,0.018202862501024028,188.47993623459652,188.47993623459652,8.219890995023372,0.0,254.65111009871683,1.0
3.8214221999049096,0.9248011889593556,41980.131254768305,0.0669550292362501,2663979.9826271827,0.02321107308991222,0.0006342113605487556,0.022848013049887223,0.048693297500348204,163.53208162336793,303.874460841963,3000.0,22.929590965352112,2.9295909653521113,351.7801085169601,0.018202075273914875,188.2480268935922,188.2480268935922,8.20982926289638,0.0,254.39446098996171,1.0
3.829428619091213,0.925001110992358,41998.28361108513,0.06692566480711187,2664555.8775334205,0.02321040254511951,0.0006336551911027021,0.022889862833960033,0.04873392057018225,163.73928140692877,303.9401519339667,3000.0,22.929445235055834,2.9294452350558324,351.7556480886257,0.01820128894379907,188.01636668169695,188.01636668169695,8.199778265644513,0.0,254.1379423029099,1.0
3.837435038277516,0.925200788249571,42016.417658971084,0.06689635491867191,2665131.067339134,0.023209732994881927,0.0006331002979638858,0.022931631075210707,0.04877446436805652,163.94626127846928,304.0057625966717,3000.0,22.929299511051653,2.9292995110516546,351.7312176085695,0.018200503509891792,187.78495633010024,187.78495633010024,8.189738035372171,0.0,253.88155556793447,1.0
3.8454414574638194,0.925400220993582,42034.533407886825,0.0668670994469733,2665705.5528007327,0.023209064437599184,0.0006325466774301835,0.022973317698446565,0.04881492881347593,164.1530204810937,304.07129291635994,3000.0,22.929153793332407,2.929153793332406,351.706817044664,0.018199718971404575,187.55379656357027,187.55379656357027,8.179708603904485,0.0,253.62530230693565,1.0
3.8478767021626785,0.9254608323057335,42040.03989384572,0.0668582118320245,2665880.149594313,0.02320886128489083,0.0006323785392055302,0.022985980966302496,0.04882722079039886,164.2158647947185,304.09120879668194,3000.0,22.92910947285361,2.9291094728536127,351.6994012604461,0.01819948052245415,187.4835364657276,187.4835364657276,8.17666018332262,0.0,253.54738662706168,1.0
3.853490654416977,0.9256004730831427,42052.72751182359,0.06683774239390365,2666282.3984670634,0.023208393307569953,0.0006319913780333621,0.02301514470297085,0.04885552938857417,164.36066118588792,304.1370924595204,3000.0,22.929007303381198,2.929007303381198,351.68231623396315,0.018198931142989417,187.32165504807523,187.32165504807523,8.169636503210153,0.0,253.3678159756389,1.0
3.86155855017955,0.9258009429131429,42070.94534189818,0.06680837208250259,2666859.8713559574,0.023207721622298807,0.0006314360718654358,0.02305698594617903,0.048896143640343274,164.56855892179874,304.20296354860807,3000.0,22.92886047948413,2.9288604794841286,351.6577887827549,0.018198142390952025,187.08922986095615,187.08922986095615,8.159552020841003,0.0,253.1098699320224,1.0
3.8696264459421275,0.9260011652686476,42089.14462051475,0.0667790566487706,2667436.631370441,0.02320705094039238,0.0006308820466592964,0.02309874409313073,0.04893667708018241,164.77623031001815,304.2687533216467,3000.0,22.928713661946972,2.9287136619469734,351.63329161001104,0.018197354545703547,186.8570612999929,186.8570612999929,8.149478599408097,0.0,252.85206402424288,1.0
3.8776943417047005,0.9262011404214774,42107.3253577956,0.06674979596673698,2668012.6792935207,0.0232063812602124,0.0006303292986702603,0.02314041907356039,0.04897712963244305,164.9836746019369,304.33446186795203,3000.0,22.928566850762422,2.9285668507624205,351.60882468247434,0.018196567606422215,186.62515008053742,186.62515008053742,8.139416270334042,0.0,252.5943997747818,1.0
3.8857622374672736,0.9264008686442405,42125.4875639741,0.06672058991064532,2668588.01591047,0.023205712580120327,0.0006297778241644083,0.02318201081885411,0.049017501223138846,165.19089105539365,304.40008927709863,3000.0,22.928420045923165,2.9284200459231635,351.58438796679144,0.018195781572282473,186.3934969113978,186.3934969113978,8.129365064756822,0.0,252.33687869742505,1.0
3.8938301332298466,0.9266003502103318,42143.631249394435,0.06669143835495336,2669162.64200883,0.023205044898477436,0.0006292276194185564,0.023223519262040335,0.04905779177993633,165.3978789346568,304.4656356389195,3000.0,22.928273247421906,2.928273247421904,351.5599814295122,0.018194996442454998,186.16210249485542,186.16210249485542,8.119325013530524,0.0,252.0795022972727,1.0
3.8978491268660895,0.926699629290078,42152.66255414098,0.06667693690873498,2669448.625076645,0.02320471266729725,0.0006289540095320538,0.023244165441280277,0.04907783211810958,165.50090369307642,304.49825711171917,3000.0,22.928200122632326,2.928200122632325,351.54783465019653,0.0181946056700021,186.0469309571201,186.0469309571201,8.114327769386223,0.0,251.95134560847276,1.0
3.9019291437404373,0.9268003532902639,42161.826290472025,0.06666222906287426,2669738.7703786506,0.023204375644427094,0.0006286765661222857,0.02326510393678702,0.0490981561473364,165.60543445331749,304.5313533616113,3000.0,22.928125889143068,2.9281258891430686,351.53551108509913,0.01819420919339736,185.93007663178165,185.93007663178165,8.109257491464808,0.0,251.82128031831087,1.0
3.910059039160156,0.9270008696369791,42180.0719674159,0.06663296336523157,2670316.377263477,0.02320370484682861,0.000628124690797468,0.023306762633478854,0.04913859217110493,165.81354833237643,304.5972397353266,3000.0,22.927977975334326,2.927977975334326,351.51097794257834,0.018193419857053743,185.6974296102019,185.6974296102019,8.099162944502705,0.0,251.56222329359812,1.0
3.918188934579875,0.9272011363623444,42198.29887016704,0.06660375262624443,2670893.2650896697,0.02320303505807117,0.000627574093503041,0.02334833654801987,0.04917894569959408,166.02142790009498,304.6630440875716,3000.0,22.927830067939087,2.927830067939087,351.48647534118925,0.018192631436415436,185.46504744109427,185.46504744109427,8.089079816604082,0.0,251.30331772765783,1.0
3.9263188299995937,0.9274011537493393,42216.50700976595,0.06657459671832458,2671469.4346723794,0.023202366276476986,0.0006270247704729642,0.023389825618539,0.04921921666548895,166.22907242990428,304.728766511329,3000.0,22.927682166949907,2.927682166949909,351.46200324630934,0.01819184393061838,185.23293081640506,185.23293081640506,8.079008138180537,0.0,251.0445651249656,1.0
3.934448725419313,0.9276009220817558,42234.69639736757,0.06654549551410029,2672044.8868290954,0.023201698500368028,0.0006264767179520401,0.023431229784812782,0.04925940500313285,166.43648120178278,304.794407099848,3000.0,22.927534272359356,2.927534272359357,351.4375616232167,0.01819105733879464,185.00108042143393,185.00108042143393,8.06894793935451,0.0,250.78596698108922,1.0
3.9425786208390314,0.9278004416441966,42252.86704424128,0.06651644888641547,2672619.6223796443,0.023201031728065986,0.0006259299321958689,0.023472548988255834,0.04929951064851769,166.64365350223798,304.8599659466444,3000.0,22.927386384160002,2.9273863841600023,351.4131504370904,0.018190271660072376,184.7694969348524,184.7694969348524,8.058899249960099,0.0,250.5275247827009,1.0
3.947821551569501,0.9279289790448657,42264.575273009345,0.06649774574255995,2672989.8868932384,0.02320060226141948,0.0006255779828092163,0.023499150454877306,0.049325330699106,166.77713217587555,304.902201222499,3000.0,22.92729101515288,2.927291015152877,351.39742390695193,0.018189765463509408,184.62029173107638,184.62029173107638,8.05242501650365,0.0,250.36094004691518,1.0
3.9507253782751133,0.9280001257672997,42271.05659076181,0.06648739663286012,2673194.831963224,0.023200364578074974,0.0006253832793254672,0.02351386860632907,0.049339616463729516,166.85101757638347,304.925578865368,3000.0,22.927238195633013,2.9272381956330125,351.3887191169936,0.018189485266858332,184.53770154061016,184.53770154061016,8.04884129374812,0.0,250.26870447009154,1.0
3.9589027583177194,0.9282003098421777,42289.29560779315,0.06645829003160983,2673771.4817066304,0.023199695930623102,0.0006248358433213802,0.023555257628646502,0.04937978940259098,167.05892088773933,304.99135606002227,3000.0,22.927089456523493,2.927089456523494,351.3642266278782,0.018188696837987777,184.3053057401389,184.3053057401389,8.038757212930841,0.0,250.0090717430583,1.0
3.9670801383603256,0.9284002431036313,42307.51569953047,0.06642923826064792,2674347.4089575177,0.02319902829362943,0.0006242896775935919,0.02359656052435757,0.04941987849558059,167.26658282565313,305.0570508415104,3000.0,22.926940723857484,2.926940723857485,351.33976482574474,0.01818790933023942,184.0731820000916,184.0731820000916,8.028684865423296,0.0,249.74960125852348,1.0
3.973814911842978,0.9285647171452852,42322.50730369897,0.06640535272014476,2674821.1924688914,0.023198479194916233,0.0006238408145340696,0.02363051228631913,0.04945283229576944,167.4374284821042,305.1110943065564,3000.0,22.92681823459007,2.9268182345900704,351.3196414534064,0.01818726144116742,183.8822129713022,183.8822129713022,8.02039825543154,0.0,249.5360279493113,1.0
3.9752630561833864,0.928600060986306,42325.729197467066,0.0664002215729395,2674923.0038485825,0.023198361214281173,0.0006237444097941079,0.023637805123470166,0.04945991074754545,167.47414307452,305.12270771142926,3000.0,22.926791896911162,2.9267918969111633,351.31531714018604,0.0181871222103393,183.84117406566605,183.84117406566605,8.018617471310247,0.0,249.4901189446301,1.0
3.983471826999217,0.9288002584144908,42343.981221973736,0.0663711681170758,2675499.6920574917,0.023197693040565043,0.0006231986897461836,0.02367909327211805,0.049499985002429275,167.68211483446774,305.18848929376054,3000.0,22.92664260623083,2.926642606230827,351.29082301729574,0.01818633352855619,183.608708182828,183.608708182828,8.008530133972963,0.0,249.22998302690175,1.0
3.991680597815043,0.9290002039856821,42362.21421176574,0.06634216952532138,2676075.654767777,0.023197025879917076,0.0006226542383840856,0.023720294475299317,0.04953997459360048,167.8898412623629,305.25418812002596,3000.0,22.9264933220208,2.9264933220208005,351.26635970906773,0.01818554577224903,183.37651844670484,183.37651844670484,7.998454707880357,0.0,248.9700150478316,1.0
3.9977939762729124,0.9291489474756948,42375.780641565514,0.06632060875767865,2676504.124891595,0.023196529677593673,0.000622249587105749,0.02375092203506382,0.04956970129976324,168.04438309973537,305.30306278451707,3000.0,22.92638214868873,2.92638214868873,351.24816096717313,0.018184959701401337,183.20377786743776,183.20377786743776,7.990958917079556,0.0,248.77651715617836,1.0
3.9999012822212343,0.9292001876364201,42380.45459979099,0.06631318370117077,2676651.7271699095,0.023196358764544497,0.0006221102645090844,0.0237614682910295,0.04957993732008308,168.09762261234113,305.31989945860414,3000.0,22.926343827627726,2.926343827627727,351.24189174181345,0.018184757799217237,183.14426912947232,183.14426912947232,7.988376625006018,0.0,248.70983954605305,1.0
4.008156724932436,0.9294007632594744,42398.75292484573,0.06628413043238313,2677229.50480601,0.023195689847477583,0.0006215652634598534,0.023802728347045162,0.0496199834579826,168.30603350159492,305.38580530954954,3000.0,22.926193707664577,2.926193707664577,351.2173513468422,0.018183967426704074,182.91131784524725,182.91131784524725,7.978268009839645,0.0,248.44873643500046,1.0
4.016412167643639,0.9296010850629054,42417.03203610195,0.06625513226088238,2677806.5512899407,0.02319502194977694,0.0006210215341134914,0.02384390032250269,0.049659943806393124,168.51419418774398,305.45162775954117,3000.0,22.92604359422245,2.9260435942224476,351.19284200666067,0.018183177987401225,182.6786478189167,182.6786478189167,7.968171528076184,0.0,248.18780761198786,1.0
4.024667610354841,0.9298011533521297,42435.291946463054,0.06622618905591954,2678382.8675014838,0.023194355069686198,0.0006204790726638133,0.02388498417257828,0.04969981831492829,168.72210399041228,305.5173669089339,3000.0,22.92589348729364,2.9258934872936377,351.16836368390125,0.01818238948035936,182.44625969348897,182.44625969348897,7.9580872080125165,0.0,247.92705454193364,1.0
4.032923053066048,0.9300009684332017,42453.532668933636,0.06619730068699732,2678958.4543222603,0.023193689205449418,0.0006199378753161997,0.023925979854037768,0.049739606934803386,168.9297622357275,305.5830228582923,3000.0,22.925743386870455,2.925743386870456,351.1439163411182,0.018181601904625883,182.2141541053907,182.2141541053907,7.94801507765914,0.0,247.66647868072835,1.0
4.041178495777251,0.9302005306128136,42471.754216619396,0.06616846702386936,2679533.312635725,0.02319302435531106,0.0006193979382875523,0.023966887325227105,0.04977930961882572,169.13716825630112,305.6485957083902,3000.0,22.925593292945216,2.9255932929452166,351.1194999407879,0.018180815259244965,181.98233168448675,181.98233168448675,7.9379551647410285,0.0,247.40608147524978,1.0
4.047766400976324,0.9303596014999931,42486.28140095133,0.06614549670403042,2679991.531833888,0.023192494526266073,0.0006189679661327863,0.02399946848408489,0.04981093097648375,169.3024984248202,305.70086378573956,3000.0,22.92547352152374,2.9254735215237413,351.10003764352376,0.0181801881771354,181.79753921870358,181.79753921870358,7.929936062084898,0.0,247.19841168442224,1.0
4.049446772508311,0.9304001498511104,42489.98488548541,0.06613964323861193,2680108.3353122943,0.02319235948629231,0.0006188584213427648,0.024007769935436202,0.04981898784307128,169.34464323698242,305.71418730703357,3000.0,22.925442972187394,2.9254429721873927,351.09507655933663,0.018180028322496152,181.7504333223542,181.7504333223542,7.927891886008465,0.0,247.14545996737962,1.0
4.057765752330327,0.930600737800635,42508.30796441666,0.06611069781726252,2680686.148455994,0.02319169156320508,0.0006183168642031483,0.024048813867748244,0.04985882229515647,169.55313382925078,305.78009720825435,3000.0,22.925291736188672,2.925291736188672,351.07053465622374,0.01817923749995986,181.51740082697296,181.51740082697296,7.9177793205762805,0.0,246.88342403566165,1.0
4.066084732152347,0.9308010698819436,42526.611612941335,0.06608180755054875,2681263.224546353,0.023191024664524326,0.0006177765753668441,0.024089768109064248,0.049898569348955424,169.7613662995557,305.8459230353875,3000.0,22.92514050676487,2.925140506764869,351.0460240585456,0.018178447619211287,181.28465775898988,181.28465775898988,7.907679244342929,0.0,246.62157388647896,1.0
4.074403711974362,0.9310011464114823,42544.895844885286,0.06605297230621415,2681839.5644949256,0.023190358788455403,0.0006172375510095415,0.02413063262315288,0.04993822896261782,169.9693399914087,305.9116648924121,3000.0,22.924989283908154,2.9249892839081535,351.021544727585,0.018177658679259048,181.05220473617632,181.05220473617632,7.897591684514468,0.0,246.3599109635085,1.0
4.082722691796379,0.9312009677063555,42563.16067417856,0.06602419195225605,2682415.169215162,0.02318969393320409,0.0006166997873185609,0.02417140737536369,0.04997780109588634,170.17705425490783,305.9773228835233,3000.0,22.924838067610704,2.924838067610704,350.99709662454444,0.01817687067910842,180.8200423696366,180.8200423696366,7.887516668006817,0.0,246.09843670120722,1.0
4.091041671618394,0.9314005340843248,42581.40611485543,0.06599546635692463,2682990.0396224046,0.02318903009697658,0.0006161632804928061,0.024212092332617417,0.0500172857100868,170.38450844671692,306.0428971131324,3000.0,22.924686857864707,2.924686857864707,350.9726797105457,0.018176083617761327,180.5881712638288,180.5881712638288,7.877454221446647,0.0,245.83715252482827,1.0
4.097738825679736,0.931561009022852,42596.08044011777,0.06597238065345752,2683452.3033273537,0.023188496418040105,0.0006157322789214227,0.024244780294769765,0.05004900899173129,170.55132903679709,306.09562653866277,3000.0,22.92456513195226,2.924565131952259,350.9530456278268,0.0181754506792968,180.4017165910297,180.4017165910297,7.869362648872487,0.0,245.62694604850532,1.0
4.099373136170343,0.9316001447902931,42599.65951931629,0.06596675240168087,2683565.0377207696,0.023188366284015747,0.0006156272243990961,0.024252748319121102,0.050056741827535944,170.59201267994794,306.10848590819296,3000.0,22.924535427748683,2.9245354277486846,350.9482573730235,0.018175296315143724,180.35624469307558,180.35624469307558,7.867389298313364,0.0,245.57566815956773,1.0
4.107756155064198,0.9318007332548767,42618.00627522956,0.06593791593459428,2684142.8523481465,0.023187699391394957,0.0006150891159304219,0.024293564916439348,0.05009635342376473,170.80053636640986,306.17439597865365,3000.0,22.92438306721336,2.9243830672133586,350.9237154068932,0.01817450508911639,180.12317904048336,180.12317904048336,7.857274872452162,0.0,245.31276104595287,1.0
4.116139173958058,0.9320010638377908,42636.33338639526,0.06590913467138845,2684719.924122235,0.023187033528068283,0.0006145522722074613,0.024334290239452792,0.050135876039728536,171.00879403590815,306.24022131343906,3000.0,22.924230713306915,2.924230713306914,350.8992049925434,0.01817371481333165,179.89041095663524,179.89041095663524,7.84717329040898,0.0,245.05005125499062,1.0
4.124522192851913,0.9322011368668922,42654.64086760196,0.06588040847827632,2685296.253987456,0.023186368692201847,0.0006140166893877302,0.024374924260665357,0.05017530964225493,171.21678505688877,306.3059620202775,3000.0,22.92407836602139,2.9240783660213907,350.87472608986076,0.01817292548675449,179.657941032972,179.657941032972,7.837084578251365,0.0,244.78754020746788,1.0
4.1329052117457685,0.9324009526707154,42672.92873374568,0.06585173722172666,2685871.8428901876,0.023185704881962147,0.0006134823636404395,0.024415466954151477,0.050214654199754065,171.42450880446304,306.37161820712,3000.0,22.923926025348834,2.9239260253488357,350.85027865864924,0.018172137108346444,179.4257698541862,179.4257698541862,7.827008761753142,0.0,244.52522931476258,1.0
4.141288230639623,0.9326005115784732,42691.19699982975,0.0658231207684632,2686446.691778758,0.023185042095516084,0.0006129492911464478,0.02445591829554632,0.05025390968220886,171.63196466038642,306.43718998214047,3000.0,22.923773691281305,2.923773691281305,350.82586265862966,0.018171349677065612,179.19389799824324,179.19389799824324,7.816945866395323,0.0,244.26311997886037,1.0
4.147711250383146,0.9327532388230266,42705.180785354336,0.06580123200858214,2686886.6374959014,0.023184534964021224,0.0006125416997436683,0.024486850049986224,0.05028392671375112,171.79073447266,306.4873736428544,3000.0,22.923656978279393,2.923656978279394,350.8071765050127,0.01817074699204888,179.0164420323527,179.0164420323527,7.8092444936675784,0.0,244.06243059547333,1.0
4.149686338297486,0.9328001724172259,42709.47850948416,0.06579450762574668,2687021.834289496,0.023184379140828073,0.000612416511983419,0.02449635082435498,0.05029314647716647,171.8395246912704,306.50279525000946,3000.0,22.923621089639536,2.9236210896395343,350.80143418736947,0.01817056177710846,178.96190949609905,178.96190949609905,7.806877839949201,0.0,244.00074236561784,1.0
4.158133892624279,0.9330007493927734,42727.847843661686,0.06576578123141598,2687599.6158215846,0.023183713315629493,0.0006118818570908649,0.02453692887595643,0.05033252404867679,172.04803433114435,306.5687015453619,3000.0,22.92346759617593,2.9234675961759273,350.7768936269208,0.01816977019495355,178.72885929577646,178.72885929577646,7.796763667883817,0.0,243.737026805198,1.0
4.166581446951071,0.9332010665119107,42746.197321349755,0.06573711008166766,2688176.648811951,0.023183048524448732,0.0006113484632213762,0.024577414098535078,0.050371811086205184,172.2562700899744,306.6345224561716,3000.0,22.923314109395207,2.923314109395207,350.75238485986193,0.018168979571359423,178.49611476988753,178.49611476988753,7.786662692753061,0.0,243.47352014394545,1.0
4.1750290012778635,0.9334011241142963,42764.52695834156,0.06570849404116079,2688752.9342390136,0.02318238476541162,0.0006108163265142571,0.024617806473467202,0.05041100756539308,172.464231362193,306.70025809404495,3000.0,22.92316062928928,2.9231606292892813,350.72790784463547,0.01816818990524577,178.26367648244246,178.26367648244246,7.7765749394379835,0.0,243.21022377808035,1.0
4.183476555604655,0.9336009225402886,42782.836770540955,0.06567993297481224,2689328.473083209,0.02318172203664439,0.000610285443120568,0.024658105983687766,0.050450113463452725,172.67191754897348,306.765908570818,3000.0,22.923007155850065,2.923007155850064,350.7034625395988,0.018167401195528732,178.0315449906253,178.0315449906253,7.766500432522474,0.0,242.94713909422765,1.0
4.191924109931448,0.9338004621309443,42801.12677396235,0.0656514267477959,2689903.2663269825,0.023181060336273644,0.0006097558092030792,0.024698312613680235,0.05048912875915696,172.87932805820685,306.8314739985564,3000.0,22.92285368906948,2.92285368906948,350.6790489030235,0.018166613441120916,177.79972084481665,177.79972084481665,7.756439196294245,0.0,242.6842674694357,1.0
4.197683675086558,0.9339363605354236,42813.585598576814,0.06563202249788914,2690294.7349296687,0.023180609775838756,0.0006093954177797641,0.02472567234351242,0.050515677537130946,173.02058274448478,306.87612797919945,3000.0,22.92274905882108,2.92274905882108,350.66242175526196,0.018166076895204036,177.64183901077718,177.64183901077718,7.749587039274308,0.0,242.50516374605886,1.0
4.200387410442489,0.9340001144454888,42819.43102180934,0.06562292224309205,2690478.384282908,0.023180398431892114,0.0006092264371847844,0.02473850103445296,0.05052812590352986,173.08684814299957,306.8970764655108,3000.0,22.92269994289702,2.92269994289702,350.65462147469873,0.018165825175231423,177.56777333169916,177.56777333169916,7.746372537879051,0.0,242.42112088101445,1.0
4.208884450365518,0.9342003020201242,42837.78827152657,0.06559435920523228,2691055.044107707,0.023179734923418942,0.000608696208717728,0.024778755856820645,0.05056718698895732,173.29491597757175,306.9628548101278,3000.0,22.922545590514197,2.922545590514196,350.6301285573886,0.018165034729281854,177.33521257981687,177.33521257981687,7.736279196373447,0.0,242.15714313521892,1.0
4.217381490288546,0.9344002287601594,42856.12552911447,0.06556585124235434,2691630.9525730126,0.023179072449727615,0.0006081672328025299,0.024818916669716674,0.05060615635224682,173.50270313423067,307.02854744878505,3000.0,22.922391244843723,2.922391244843724,350.60566755314954,0.018164245246535957,177.10296441891887,177.10296441891887,7.726199353601789,0.0,241.8933850842132,1.0
4.223814911842978,0.9345514273585321,42869.9960530522,0.06554430336720145,2692066.494875807,0.023178571553690342,0.0006077675565088901,0.02484926135810654,0.05063560046830577,173.65983937761573,307.07822882150504,3000.0,22.922274388517852,2.9222743885178524,350.58716842914504,0.018163648140136296,176.9273290515293,176.9273290515293,7.718576527473869,0.0,241.6938311329474,1.0
4.225886456887678,0.9346000811575921,42874.45988972687,0.06553737170079316,2692206.646887203,0.023178410392353493,0.0006076390138599148,0.024859020796961787,0.0506450702031752,173.71040248307494,307.0942156596858,3000.0,22.922236761901587,2.922236761901587,350.5812156447159,0.01816345599073061,176.87081316164094,176.87081316164094,7.7161236487886296,0.0,241.62960234717232,1.0
4.2344161352502265,0.9348002524816353,42892.82743889051,0.06550886455476414,2692783.259900587,0.02317774744873317,0.0006071105127522968,0.02489914683545094,0.05068400479693641,173.9184217333514,307.1599886646255,3000.0,22.922081836836426,2.922081836836427,350.55672471566305,0.01816266540864719,176.63830298231164,176.63830298231164,7.70603229844721,0.0,241.36527697432686,1.0
4.242945813612771,0.9350001620216357,42911.17489277617,0.06548041249659801,2693359.1188195148,0.02317708554210414,0.0006065832622012753,0.024939178115825206,0.050722846920130626,174.12615641993906,307.22567565163416,3000.0,22.921926918510554,2.9219269185105525,350.5322658158455,0.01816187579378961,176.40610939590644,176.40610939590644,7.695954621225585,0.0,241.1011770880318,1.0
4.247656099789969,0.9351104446375818,42921.29817596222,0.06546472417034027,2693676.798646076,0.023176720465654475,0.0006062926367832623,0.02496124370307384,0.050744256805511576,174.240750165357,307.2619127054582,3000.0,22.921841371904133,2.921841371904134,350.51877275565914,0.018161440164279275,176.27802259030213,176.27802259030213,7.69039536266796,0.0,240.9554321398789,1.0
4.251497169770615,0.9352003171972496,42929.54882126558,0.0654519432893118,2693935.6853157743,0.023176422992283615,0.0006060559231109387,0.024979216009080023,0.050761694924474576,174.33413284083363,307.29144335046556,3000.0,22.92177161322341,2.921771613223408,350.5077768625504,0.01816108514192894,176.17364402171674,176.17364402171674,7.6858650803449855,0.0,240.8366337063271,1.0
4.260075260187368,0.9354008344901961,42947.95993511249,0.06542344042969431,2694513.2949263123,0.023175759414391105,0.0006055281904039465,0.02501928337715074,0.05080057098194579,174.5424709770757,307.3573300350968,3000.0,22.921615829191254,2.9216158291912526,350.4832436042583,0.018160292992635357,175.94077262718258,175.94077262718258,7.6757578496328165,0.0,240.5714936965303,1.0
4.26865335060412,0.9356010881026973,42966.3507776669,0.06539499286942403,2695090.1449796217,0.02317509687944331,0.0006050017107660913,0.02505925489727719,0.0508393534874866,174.75051962025216,307.42313007867045,3000.0,22.921460051950042,2.9214600519500418,350.45874260722604,0.018159501818091527,175.70822298697388,175.70822298697388,7.665664516516063,0.0,240.30658581680456,1.0
4.277231441020874,0.9358010783980535,42984.72136675325,0.06536660047014577,2695666.236522225,0.023174435385486296,0.0006044764803031825,0.02509913056873362,0.050878042434523096,174.95827821870589,307.4888436005609,3000.0,22.92130428149142,2.921304281491419,350.4342738270037,0.01815871161712612,175.47599560829784,175.47599560829784,7.655585103418039,0.0,240.04191141069518,1.0
4.28580953143763,0.9360008057400778,43003.07172029206,0.06533826309379795,2696241.5706021204,0.02317377493056724,0.0006039524951334921,0.025138910392279196,0.05091663781797993,175.16574622741805,307.5544707203112,3000.0,22.92114851780704,2.9211485178070387,350.40983721907895,0.018157922388564948,175.2440909916609,175.2440909916609,7.645519632470285,0.0,239.77747181210168,1.0
4.2943876218543835,0.9362002704930958,43021.401856299904,0.06530998060261142,2696816.148268784,0.023173115512734432,0.0006034297513876965,0.025178594370147668,0.0509551396342698,175.37292310798367,307.6200115576327,3000.0,22.920992760888563,2.9209927608885637,350.38543273887655,0.01815713413123097,175.01250963089288,175.01250963089288,7.635468125513612,0.0,239.51326834529974,1.0
4.297628524493381,0.9362755623333759,43028.32193712118,0.06529930940442877,2697033.033754828,0.023172866646510745,0.0006032325750193388,0.02519356249429791,0.050969661715827994,175.4511210667846,307.64475121805276,3000.0,22.920933915866854,2.920933915866856,350.37622079442167,0.01815683657095814,174.92509972763708,174.92509972763708,7.63167418787183,0.0,239.41351092422633,1.0
4.303006769744466,0.9364004258387456,43039.79938153605,0.0652816178835623,2697392.715254848,0.023172453981293882,0.000602905752083811,0.025218371757011474,0.050993731490389174,175.58079784498142,307.6857793123351,3000.0,22.92083626527402,2.9208362652740196,350.36094376477763,0.018156343078067218,174.7801459197962,174.7801459197962,7.62538259498826,0.0,239.24803947257004,1.0
4.31165084898027,0.9366008946268969,43058.22965935564,0.06525322849699698,2697970.1851425944,0.0231717915839572,0.0006023814880315339,0.025258167025480276,0.051032340097469014,175.78897759769316,307.75165005908843,3000.0,22.920679323831123,2.9206793238311226,350.33641644103943,0.018155550719142502,174.54743884334627,174.54743884334627,7.615282094273076,0.0,238.98228550809603,1.0
4.320294928216079,0.9368010978880805,43076.6394630944,0.06522489442361991,2698546.890154025,0.023171130233760513,0.0006018584728157805,0.025297864983753617,0.05107085369032991,175.99686011926283,307.8174335580472,3000.0,22.92052238923319,2.92052238923319,350.3119216044826,0.01815475934282708,174.3150614852198,174.3150614852198,7.605195838254693,0.0,238.7167753144959,1.0
4.328939007451883,0.9370010359972035,43095.028811582255,0.06519661552364825,2699122.831369096,0.02317046992871118,0.0006013367025276735,0.025337465640072904,0.05110927227131176,176.20444488569458,307.8831299323997,3000.0,22.920365461471736,2.920365461471736,350.2874592092375,0.01815396894790479,174.08301432354293,174.08301432354293,7.595123848097879,0.0,238.45151020752112,1.0
4.337583086687687,0.9372007093297017,43113.397723747956,0.065168391657595,2699698.0098692863,0.023169810666817656,0.0006008161732708527,0.025376969004147584,0.051147595844236095,176.4117313796855,307.94873930550796,3000.0,22.92020854053828,2.920208540538281,350.2630292093695,0.018153179533156535,173.851297829684,173.851297829684,7.585066144673093,0.0,238.18649149311628,1.0
4.346227165923491,0.9374001182615397,43131.746218619,0.06514022268626779,2700272.426737598,0.023169152446089476,0.0006002968811614196,0.025416375087144734,0.051185824414395634,176.61871909060042,308.0142618009078,3000.0,22.92005162642436,2.9200516264243594,350.2386315588795,0.01815239109736027,173.61991246827907,173.61991246827907,7.575022748557597,0.0,237.92172046744318,1.0
4.347600949196792,0.9374317855317108,43134.66042292661,0.06513575090381207,2700363.647396533,0.023169047932362345,0.0006002144649580139,0.02542262884557447,0.05119189124289483,176.65158761357273,308.0246671450666,3000.0,22.92002668905911,2.9200266890591093,350.2347570735067,0.01815226588317857,173.583169459934,173.583169459934,7.5734278940780655,0.0,237.87966392402697,1.0
4.354927144021177,0.9376005501256852,43150.19277169802,0.0651119268418256,2700849.790262147,0.023168491018103983,0.0005997754761901619,0.025455937784366885,0.051224204278661034,176.82674313608499,308.0801204150401,3000.0,22.919893704467672,2.919893704467672,350.2141087527874,0.018151598550197295,173.38736561670243,173.38736561670243,7.564928871502786,0.0,237.65548863921845,1.0
4.36363768467668,0.9378009577802185,43168.64103971501,0.06508365206940178,2701427.0840485473,0.023167829839631057,0.0005992546857970621,0.02549544981857744,0.05126253434400556,177.03471551059508,308.145971074292,3000.0,22.919735597682884,2.919735597682883,350.1895889087374,0.018150806031773575,173.1548733981423,173.1548733981423,7.55483729994022,0.0,237.3891875511374,1.0
4.372348225332183,0.9380010981066449,43187.068634110605,0.06505543261485829,2702003.6077702744,0.023167169712309893,0.0005987351398371301,0.02553486311306513,0.05130076796521216,177.24238296769602,308.2117338939246,3000.0,22.919577497797047,2.9195774977970474,350.165101772238,0.018150014503655023,172.922718804542,172.922718804542,7.544760317731108,0.0,237.1231418824963,1.0
4.381058765987691,0.9382009714918422,43205.475574760196,0.06502726833696719,2702579.362541767,0.023166510634108236,0.0005982168343868681,0.025574177685142575,0.051338905153637676,177.44974501203384,308.2774090010596,3000.0,22.919419404801545,2.9194194048015443,350.1406472959547,0.018149223964579096,172.69090228392085,172.69090228392085,7.534697944736884,0.0,236.85735291961024,1.0
4.389769306643194,0.938400578323234,43223.86188164082,0.06499915909479846,2703154.3494790373,0.023165852602994898,0.0005976997655353467,0.025613393553571888,0.05137694592210214,177.6568011549978,308.342996522998,3000.0,22.919261318687763,2.9192613186877643,350.1162254324863,0.018148434413280227,172.45942427748852,172.45942427748852,7.524650200522372,0.0,236.59182193883194,1.0
4.397573373900204,0.9385791867477727,43240.31728618779,0.0649740217037528,2703668.8484582556,0.023165263938363184,0.0005972375531720378,0.025648444559189555,0.05141094605072478,177.8420495373138,308.40168431379726,3000.0,22.91911968984249,2.919119689842488,350.09437272069295,0.018147727865527374,172.25232318337913,172.25232318337913,7.515660527734821,0.0,236.3541439211292,1.0
4.398486812219722,0.9386000782745668,43242.24225173929,0.06497108233747793,2703729.0285378774,0.02316519509203341,0.0005971835174153699,0.02565254197705338,0.05141492058650216,177.86371610843713,308.40854892590687,3000.0,22.91910311305019,2.9191031130501917,350.0918166457758,0.018147645218350265,172.22810053733866,172.22810053733866,7.5146090877906815,0.0,236.3263382001965,1.0
4.407264280628268,0.9388006815199958,43260.72821039815,0.06494286786494279,2704306.8857429205,0.023164534113917876,0.0005966649618101096,0.025691859839070876,0.051453058914798865,178.07174378453738,308.4744638531103,3000.0,22.918943826151356,2.918943826151355,350.06727287121146,0.018146851592004964,171.99552908667408,171.99552908667408,7.504513750342233,0.0,236.05929197178594,1.0
4.416041749036809,0.9390010152866084,43279.19327863876,0.06491470884840402,2704883.9666879624,0.023163874192844786,0.0005961476500084486,0.025731077540911876,0.051491099383765115,178.27945938876542,308.54029023400665,3000.0,22.918784546214166,2.918784546214166,350.0427620673367,0.018146058964789553,171.76330267857128,171.76330267857128,7.494433325302321,0.0,235.7925115435128,1.0
4.42481921744535,0.9392010799730665,43297.63747731887,0.06488660514486953,2705460.2725213864,0.023163215326740243,0.0005956315780596574,0.025770195107616526,0.051529042012416426,178.48686244857123,308.6060281995897,3000.0,22.91862527322986,2.9186252732298597,350.0182841853751,0.018145267335396627,171.53142173680385,171.53142173680385,7.484367831484265,0.0,235.5259981807381,1.0
4.4335966858538916,0.939400875978594,43316.060827400775,0.06485855661164851,2706035.804393197,0.023162557513531423,0.000595116742025685,0.025809212565664923,0.05156688682122203,178.69395249821957,308.67167788103785,3000.0,22.918466007189682,2.9184660071896826,349.99383917648186,0.01814447670251568,171.29988667826228,171.29988667826228,7.474317287401536,0.0,235.2597531386844,1.0
4.442374154262432,0.9396004037029775,43334.463349951184,0.06483056310635028,2706610.5634550177,0.023161900751146602,0.0005946031379811039,0.02584812994296641,0.05160463383209412,178.9007290787627,308.7372394097144,3000.0,22.91830674808489,2.9183067480848925,349.96942699174315,0.018143687064833065,171.06869791298044,171.06869791298044,7.46428171126889,0.0,234.9937776624613,1.0
4.447545798603615,0.9397178390875471,43345.296289935686,0.06481409516592278,2706948.8475289145,0.02316151428087687,0.0005943011000242687,0.025871013040774226,0.05162682842167537,179.02241395577533,308.7758267456693,3000.0,22.918212916590367,2.918212916590367,349.955058791475,0.01814322227930642,170.93264483569965,170.93264483569965,7.4583758104438616,0.0,234.83719282830577,1.0
4.451172730513402,0.9398001423992398,43352.88924498466,0.06480255736680951,2707185.930241903,0.023161243461933337,0.0005940895313408284,0.025887040495243957,0.05164237348851812,179.10768785566867,308.80287026028054,3000.0,22.918147112949338,2.918147112949337,349.9449889946291,0.01814289652571745,170.83730113896044,170.83730113896044,7.454237041808367,0.0,234.72743435433372,1.0
4.4600015806357,0.9400002981950908,43371.3575462622,0.0647745105573471,2707762.498524815,0.023160584968290352,0.0005935753939114704,0.02592598390825066,0.051680144270452484,179.3150412156967,308.8686381629116,3000.0,22.917986935533236,2.917986935533237,349.92049996544813,0.01814210426902891,170.60545874975142,170.60545874975142,7.444172964652313,0.0,234.46044937275468,1.0
4.468830430758002,0.9402001837798788,43389.80484020853,0.06474651899038149,2708338.288438418,0.023159927531511183,0.0005930624910664899,0.025964826158925418,0.05171781618150309,179.52207607017584,308.9343172786315,3000.0,22.91782676510742,2.9178267651074195,349.8960439965469,0.01814131301520704,170.37396792637105,170.37396792637105,7.4341240848267,0.0,234.19374085039925,1.0
4.473814911842978,0.9403129134828643,43400.21031157616,0.06473074020748655,2708663.0173377604,0.02315955683010021,0.0005927734666005246,0.025986710562246575,0.05173904085894731,179.63882036780362,308.9713584050104,3000.0,22.917736341188196,2.9177363411881942,349.88225153565793,0.01814086674149133,170.2434311678543,170.2434311678543,7.428457533211495,0.0,234.04328847162776,1.0
4.477674003662791,0.9404001322119343,43408.261858425605,0.06471853598200035,2708914.2593897027,0.023159270055805387,0.0005925499666358969,0.026003631800681753,0.051755451823123036,179.72913642714045,309.00001704492985,3000.0,22.917666334584073,2.917666334584073,349.8715803382927,0.018140521445932988,170.14244391115224,170.14244391115224,7.424073700488323,0.0,233.9268659525636,1.0
4.48653666563789,0.9406002410687976,43426.737614763,0.06469054788912654,2709490.6924602846,0.023158612220518463,0.0005920375706978457,0.026042419446197493,0.05179306923741381,179.9363222429138,309.0657695241816,3000.0,22.917505564786005,2.9175055647860044,349.8470970520892,0.01813972917479852,169.91077480917542,169.91077480917542,7.4140169543692656,0.0,233.65969574395598,1.0
4.495399327612993,0.9408000788784348,43445.192268785286,0.06466261502888357,2710066.344752908,0.023157955443848407,0.0005915264069212821,0.026081105260015326,0.05183058711078502,180.14318579456636,309.13143294177263,3000.0,22.917344802005104,2.917344802005105,349.82264692846996,0.01813893791014338,169.6794611339036,169.6794611339036,7.403975573952959,0.0,233.3928078030685,1.0
4.4975182233070266,0.9408478162362502,43449.6013060566,0.06465594497277913,2710203.856865957,0.023157798577474416,0.0005914043793532202,0.02609033923096498,0.05183954218779262,180.19259519584722,309.1471186524328,3000.0,22.917306367687946,2.917306367687947,349.81680627047854,0.018138748882583464,169.62421107463132,169.62421107463132,7.401577146683848,0.0,233.32904186251236,1.0
4.504300061741859,0.9410005027718388,43463.7049842464,0.06463461761841875,2710643.6853169585,0.02315729690911045,0.000591014283423065,0.02611985481021247,0.05186816600274599,180.35061321738164,309.1972889368504,3000.0,22.91718335567418,2.917183355674178,349.79812509759677,0.0181381442579703,169.44751188021513,169.44751188021513,7.393906539490193,0.0,233.12505867577786,1.0
4.513212758165876,0.9412009229373929,43482.221298711236,0.06460663810873991,2711221.0151425744,0.023156638554908664,0.0005905027089356765,0.026158553602635127,0.051905694866479474,180.55799286781124,309.26314370701795,3000.0,22.917021699438482,2.9170216994384837,349.77360372282544,0.018137350553563743,169.2156108550142,169.2156108550142,7.383839535272612,0.0,232.85723741609766,1.0
4.522125454589893,0.9414010702512373,43500.71634034507,0.064578714018661,2711797.5589922406,0.023155981264853135,0.0005899923685789844,0.026197149532157325,0.051943123165589446,180.76504533263306,309.3289088226012,3000.0,22.916860050272316,2.916860050272315,349.74911573141657,0.018136557862847267,168.9840703987835,168.9840703987835,7.37378812054034,0.0,232.58970527303438,1.0
4.5310381510139095,0.9416009451366049,43519.190132186806,0.06455084520237676,2712373.31808512,0.02315532503679014,0.0005894832583763852,0.026235642642217352,0.051980450937383876,180.97177020006535,309.3945844226675,3000.0,22.916698408166646,2.9166984081666447,349.72466107158766,0.01813576618441767,168.7528908715223,168.7528908715223,7.363752311344515,0.0,232.32246344673194,1.0
4.539950847437927,0.9418005480170952,43537.64269736437,0.06452303151441866,2712948.293641433,0.023154669868567786,0.0005889753743646185,0.02627403297760474,0.05201767822053714,181.17816706497746,309.46017064640466,3000.0,22.916536773112455,2.9165367731124565,349.70023969151146,0.018134975516869378,168.522072626534,168.522072626534,7.35373212344449,0.0,232.05551312722284,1.0
4.547490648010438,0.9419691923569211,43553.23630560832,0.06449954513436418,2713434.090103249,0.02315411644722709,0.0005885466783913171,0.026306429521232678,0.05204909264685109,181.3525145232645,309.51558440284276,3000.0,22.916400041532736,2.9164000415327354,349.6796060838677,0.018134307430599114,168.32709156060324,168.32709156060324,7.345267636083075,0.0,231.82991184324317,1.0
4.54887406268292,0.9420001144084579,43556.095799386996,0.06449524008108073,2713523.1640872564,0.023154014986674652,0.0005884681153488135,0.026312365711052662,0.05205484881307613,181.38447853799602,309.5257448804146,3000.0,22.9163749543505,2.916374954350498,349.67582277587405,0.018134184927430776,168.29134423787804,168.29134423787804,7.343715774118507,0.0,231.78854095680802,1.0
4.55785504619368,0.9422006983379035,43574.64692879491,0.06446732423032697,2714100.965650727,0.023153356933447087,0.0005879588054265179,0.02635084268284168,0.05209215842171529,181.5917928788075,309.5916534607036,3000.0,22.916212095103976,2.9162120951039747,349.65128136461715,0.01813339024004449,168.05948848580965,168.05948848580965,7.333650421297828,0.0,231.52013784853952,1.0
4.566836029704435,0.9424010073748154,43593.17657622737,0.06443946391352187,2714677.9753594548,0.02315269994979981,0.0005874507285295039,0.026389215444053437,0.05212936612238275,181.7987729743869,309.657471715827,3000.0,22.916049242989935,2.9160492429899354,349.6267735864172,0.018132596574780308,167.82800061203028,167.82800061203028,7.323600976436599,0.0,231.25203430518263,1.0
4.5758170132151905,0.942601041954108,43611.68476571245,0.0644116589831965,2715254.1944662537,0.02315204403353857,0.000586943880656885,0.02642748404595026,0.05216647196014572,182.00541843722024,309.72319978869064,3000.0,22.915886397999206,2.915886397999206,349.6022993880625,0.01813180393019029,167.59688095084223,167.59688095084223,7.313567454474516,0.0,230.98423150314088,1.0
4.584797996725946,0.9428008025110735,43630.171521369484,0.06438390929222237,2715829.6242250246,0.02315138918247097,0.000586438257821227,0.026465648541131495,0.05220347598142369,182.21172888649664,309.7888378223243,3000.0,22.91572356012263,2.915723560122628,349.577858716295,0.018131012304824078,167.36612982979835,167.36612982979835,7.303549870057113,0.0,230.71673060855446,1.0
4.593778980236706,0.9430002894813814,43648.63686740906,0.06435621469381007,2716404.2658907576,0.023150735394406447,0.0005859338560484838,0.026503708983522493,0.052240378233977425,182.41770394807847,309.8543859598819,3000.0,22.915560729351053,2.9155607293510544,349.55345151781074,0.01813022169722883,167.13574756973227,167.13574756973227,7.293548237537079,0.0,230.44953277733276,1.0
4.5974630727138495,0.9430820420719565,43656.20535674673,0.06434486998364014,2716639.7621978773,0.02315046751072516,0.0005857272974769821,0.026519291687701094,0.05225548649590324,182.5020999585486,309.88124851659137,3000.0,22.915493936534602,2.9154939365346024,349.54344910160444,0.018129897675846194,167.04134914305584,167.04134914305584,7.289450081490004,0.0,230.34001338392736,1.0
4.602800498205102,0.9432004018072467,43667.16402402098,0.06432845041799964,2716980.708954139,0.02315007972356132,0.0005854284030748279,0.026541836503993825,0.052277344630629975,182.62427061807935,309.92013957899064,3000.0,22.915397170808724,2.915397170808726,349.5289678071755,0.018129428544537182,166.90469718909614,166.90469718909614,7.283517538230204,0.0,230.18143525814946,1.0
4.611850208690487,0.9434008630199272,43685.72742337776,0.06430065493241122,2717558.1570200035,0.023149423076930107,0.0005849226003975445,0.0265799778009267,0.052314323478254356,182.8311420647545,309.98600783656883,3000.0,22.915233108325367,2.9152331083253653,349.50444141029493,0.01812863394205581,166.67329934554044,166.67329934554044,7.273471692722433,0.0,229.91280948533063,1.0
4.620899919175872,0.9436010477774731,43704.26915879493,0.0642729149389224,2718134.8087299024,0.023148767502945075,0.0005844180254702042,0.026618013619399816,0.052351199147815095,183.03767186734294,310.0517852555366,3000.0,22.915069053028272,2.9150690530282732,349.4799488376552,0.018127840368523558,166.44227697031224,166.44227697031224,7.263442086303316,0.0,229.64449490483935,1.0
4.629949629661257,0.943800956527184,43722.78925541723,0.0642452302887275,2718710.665372324,0.023148112999372517,0.0005839146742812236,0.02665594401992089,0.052387971693574634,183.24385967015417,310.1174719828691,3000.0,22.914905004908142,2.914905004908144,349.4554900345295,0.018127047822443912,166.2116303643753,166.2116303643753,7.253428732467992,0.0,229.37649265762317,1.0
4.6389993401466425,0.9440005897167489,43741.28773848302,0.0642176008333635,2719285.728236881,0.023147459563980583,0.0005834125428325117,0.026693769064308013,0.05242464117112111,183.44970512421855,310.18306816566974,3000.0,22.914740963955687,2.914740963955688,349.4310649461428,0.01812625630231784,165.98135982192423,165.98135982192423,7.243431644416524,0.0,229.10880387425064,1.0
4.647435497417261,0.9441864403791533,43758.51261656924,0.06419189418083265,2719821.08918831,0.02314685139031117,0.0005829455499358824,0.026728934814078835,0.05245873175432589,183.64128602567126,310.24413563672135,3000.0,22.91458805111587,2.9145880511158713,349.4083261477204,0.01812551936840904,165.76704012204914,165.76704012204914,7.234127000331424,0.0,228.85954717503841,1.0
4.648053739543399,0.9442000510160827,43759.77420113567,0.06419001215186891,2719860.2959548705,0.023146806856804095,0.0005829113679152349,0.026731508332069397,0.052461226556788726,183.65531427517573,310.2486078681674,3000.0,22.914576845172924,2.914576845172924,349.40666088849815,0.01812546539733088,165.75134661332243,165.75134661332243,7.233445667936863,0.0,228.84129122253145,1.0
4.657172609947332,0.9444006546704439,43778.37047875834,0.06416228257149335,2720438.154337883,0.0231461505783055,0.000582407850444198,0.02676940985353657,0.05249796828228627,183.86204038752265,310.3145229297392,3000.0,22.914411565030793,2.914411565030792,349.38211706390103,0.018124669895745522,165.52007667637838,165.52007667637838,7.223405070064079,0.0,228.57219317964788,1.0
4.666291480351265,0.9446009799065467,43796.94488886935,0.0641346085814264,2721015.2107099593,0.023145495377571025,0.0005819055592982894,0.026807204599125677,0.052534605535994996,184.0684178734771,310.38034650765036,3000.0,22.914246292138007,2.914246292138008,349.3576073037326,0.01812387543126087,165.2891894302555,165.2891894302555,7.213381026063557,0.0,228.30341679995894,1.0
4.675410350755198,0.9448010271840209,43815.49745767371,0.06410699003116797,2721591.4663951085,0.023144841252324827,0.000581404490441814,0.02684489263734629,0.05257113838011293,184.27444640326806,310.44607875292763,3000.0,22.91408102648512,2.914081026485122,349.3331315517575,0.018123082002332945,165.05868514848945,165.05868514848945,7.203373548243424,0.0,228.0349631979049,1.0
4.684529221159136,0.9450007969628975,43834.02821147251,0.06407942677056425,2722166.9227184937,0.023144188200292955,0.0005809046398526725,0.026882474038001133,0.05260756687814676,184.48012565388896,310.5117198167296,3000.0,22.913915768062697,2.9139157680626973,349.30868975169074,0.01812228960741515,164.82856409780177,164.82856409780177,7.193382648614734,0.0,227.76683347740394,1.0
4.693648091563069,0.9452002897036085,43852.53717666289,0.06405191864980644,2722741.5810064347,0.0231435362192033,0.0005804060035223023,0.026919948872174675,0.05264389109490028,184.68545530906457,310.57726985034674,3000.0,22.91375051686131,2.9137505168613105,349.2842818471986,0.018121498244958307,164.59882653813403,164.59882653813403,7.183408338892944,0.0,227.49902873188958,1.0
4.697407922120672,0.9452824626382668,43860.162329447456,0.064040592708134,2722978.2881556656,0.023143267710081013,0.0005802007617905813,0.026935369229894472,0.05265883770176607,184.770013574359,310.60427052520873,3000.0,22.913682383711354,2.913682383711352,349.27422800196183,0.01812117225602395,164.50421442760282,164.50421442760282,7.17930063238303,0.0,227.38870417548307,1.0
4.702798203139156,0.9454001879049929,43871.0876793622,0.06402437155958873,2723317.407263374,0.023142883078599553,0.0005799068753538604,0.02695744505287098,0.052680235006824394,184.89113671630392,310.6429531116727,3000.0,22.91358470675944,2.913584706759439,349.25982433465884,0.01812070520751173,164.36868761835493,164.36868761835493,7.173416544023627,0.0,227.23063422632893,1.0
4.7119702331030675,0.94560028593809,43889.66065506593,0.06399681389803677,2723893.8091550427,0.023142229451022327,0.0005794077704745012,0.02699492351683113,0.052716560738327964,185.09695693659089,310.70870203441285,3000.0,22.913418506749938,2.9134185067499385,349.2353423727414,0.018119911310545366,164.13838543615051,164.13838543615051,7.1634176012539506,0.0,226.9619273672541,1.0
4.721142263066978,0.945800105097761,43908.211668331984,0.06396931156710042,2724469.4077246212,0.023141576900004172,0.0005789098819306603,0.02703229439232472,0.05275278117425955,185.30242255140695,310.7743593239318,3000.0,22.91325231401731,2.9132523140173094,349.2108945309425,0.018119118453380583,163.90847197953553,163.90847197953553,7.1534354762577115,0.0,226.69355254843146,1.0
4.723814911842978,0.9458582782390924,43913.61314194566,0.0639613080187509,2724636.98112946,0.02314138695460627,0.0005787650298675133,0.027043163704737486,0.05276331568921127,185.36222666099005,310.79347406142193,3000.0,22.913203888286045,2.913203888286045,349.2037770565293,0.01811888761719418,163.84155039553926,163.84155039553926,7.150529938735466,0.0,226.61541311658948,1.0
4.730339025332761,0.9460001835375099,43926.790680222664,0.06394179047927101,2725045.75317574,0.023140923667991423,0.0005784118680515814,0.027069658091751783,0.052788993627794795,185.50808586462,310.84010180862,3000.0,22.913085680444127,2.9130856804441247,349.186414966268,0.018118324500702093,163.678329101648,163.678329101648,7.143443331220302,0.0,226.42478852009873,1.0
4.739545957913908,0.9462002033370419,43945.368174999836,0.06391429437477163,2725621.929707998,0.023140270793127818,0.0005779145202753738,0.027106954918154173,0.05282514023155736,185.71361890974276,310.90582502509733,3000.0,22.91291886990693,2.9129188699069326,349.1619425762146,0.018117530713983105,163.44832366647182,163.44832366647182,7.133457094422807,0.0,226.15606381615095,1.0
4.747380346824084,0.9463701845612777,43961.1588256968,0.06389094086402629,2726111.5771956877,0.023139716095873446,0.0005774922714688224,0.02713860645088173,0.052855814818224,185.88822960684513,310.9616780597653,3000.0,22.912776932768374,2.9127769327683732,349.14114540098,0.01811685608412504,163.25291579413488,163.25291579413488,7.124972947327964,0.0,225.9276658014241,1.0
4.748760572047362,0.946400110090194,43963.93909445636,0.06388683069524916,2726197.7805991373,0.023139618452707594,0.0005774179725361919,0.027144174555734507,0.05286121098097829,185.91896480215496,310.9715110963935,3000.0,22.91275192750861,2.9127519275086096,349.1374840173674,0.018116737309222586,163.21851921521244,163.21851921521244,7.123479524921467,0.0,225.88745311895988,1.0
4.7580190319756905,0.9466006864927142,43982.57616579716,0.0638592919669386,2726775.5604805653,0.02313896409323395,0.0005769202821885621,0.027181462251861327,0.05289734662728384,186.12492616024682,311.0374172034586,3000.0,22.912584198108473,2.9125841981084735,349.1129435270287,0.01811594117972081,162.98801736678186,162.98801736678186,7.1134716170617365,0.0,225.61790612706608,1.0
4.767277491904018,0.9468009811459216,44001.190998810256,0.06383180884841574,2727352.5287556304,0.02313831081895007,0.0005764238107706847,0.0272186407304215,0.052933375360142254,186.33052475466687,311.10323073233326,3000.0,22.9124164760744,2.9124164760744002,349.08843750867254,0.0181151461015829,162.75791275400567,162.75791275400567,7.103480897528233,0.0,225.34870283597843,1.0
4.776535951832352,0.9470009945344482,44019.78362193031,0.06380438118623855,2727928.6868203613,0.023137658627498763,0.0005759285542151914,0.02725571007724419,0.052969297258958145,186.53576031560354,311.1689518422597,3000.0,22.912248761396665,2.9122487613966643,349.06396590300466,0.018114352073167205,162.52820558740112,162.52820558740112,7.09350737589905,0.0,225.07984429380525,1.0
4.785794411760679,0.9472007271431233,44038.354063671744,0.06377700882734753,2728504.0360713582,0.023137007516525487,0.000575434508468996,0.027292670379359913,0.0530051124043544,186.74063257981425,311.2345806925448,3000.0,22.912081054065553,2.9120810540655544,349.039528650706,0.018113559092830255,162.29889607089177,162.29889607089177,7.083551061464721,0.0,224.81133153821165,1.0
4.795052871689007,0.9474001794569753,44056.90235262871,0.0637496916190641,2729078.5779057904,0.02313635748367835,0.0005749416694932246,0.02732952172498947,0.053040820878161046,186.94514129059294,311.3001174425609,3000.0,22.911913354071373,2.911913354071375,349.01512569243357,0.018112767158926745,162.06998440184063,162.06998440184063,7.073611963229658,0.0,224.54316559645713,1.0
4.797352771527495,0.947449682125457,44061.506513060296,0.0637429142681224,2729221.175168312,0.023136196175511377,0.0005748194297069695,0.02733865910652807,0.05304967471174642,186.99588702618757,311.31638320527264,3000.0,22.91187169674716,2.9118716967471587,349.0090690489683,0.018112570596196798,162.0131820227807,162.0131820227807,7.071145656152658,0.0,224.47660422173936,1.0
4.804364254841542,0.9476004896680706,44075.534353230374,0.06372227373059575,2729655.5909968684,0.023135704820126314,0.0005744472264208117,0.027366473918191553,0.05307662596473868,187.1504520849919,311.3659360835017,3000.0,22.911744702860386,2.9117447028603842,348.99061777057244,0.018111971751927854,161.84016568558053,161.84016568558053,7.063633424013136,0.0,224.2738175848593,1.0
4.813693129847742,0.9478008928508128,44094.178943375286,0.06369485996703197,2730232.871901839,0.023135052019299697,0.0005739530703863389,0.02740338519447287,0.05311239028415891,187.3557793040072,311.4317852733966,3000.0,22.91157574225277,2.9115757422527677,348.9660984736454,0.018111175908782338,161.6103191696382,161.6103191696382,7.053653619798912,0.0,224.00431742890098,1.0
4.823022004853942,0.948001012944039,44112.80113045605,0.0636675017313894,2730809.33733986,0.02313440030588172,0.000573460127278594,0.027440186127719004,0.05314804656087932,187.56073667298304,311.4975414447324,3000.0,22.91140678906454,2.91140678906454,348.94161381267475,0.01811038112300333,161.3808771396917,161.3808771396917,7.043691320461287,0.0,223.73517246147176,1.0
4.832350879860146,0.9482008504447419,44131.40094405048,0.06364019886902927,2731384.988742568,0.023133749677477115,0.0005729683930235845,0.027476876812952675,0.05318359488345338,187.76532395581063,311.5632047608127,3000.0,22.911237843285846,2.9112378432858446,348.9171637268536,0.018109587392900233,161.15183977104294,161.15183977104294,7.033746534051568,0.0,223.46638369110406,1.0
4.841679754866346,0.948400405850118,44149.97841381796,0.0636129512256977,2731959.8275421862,0.02313310013169328,0.0005724778635616302,0.02751345734636499,0.053219035341619904,187.9695409229387,311.62877538500817,3000.0,22.91106890490684,2.9110689049068426,348.89274815534986,0.01810879471678055,160.92320723241116,160.92320723241116,7.023819268333936,0.0,223.1979521158121,1.0
4.847325196230907,0.9485210315576275,44161.209874768494,0.06359648885637137,2732307.3016523323,0.023132707578810027,0.0005721815992827768,0.027535540882770507,0.05324043006086331,188.09294445925747,311.6684110086111,3000.0,22.910966674120864,2.9109666741208633,348.8779896195871,0.01810831553384461,160.78504516032962,160.78504516032962,7.017820218906116,0.0,223.03568255934215,1.0
4.851036592149636,0.9486002765361,44168.58915302589,0.06358567722338013,2732535.574538327,0.023132449724057466,0.0005719870699391806,0.02755003697622052,0.053254473770217164,188.17399780138527,311.69444960522543,3000.0,22.91089946757674,2.910899467576742,348.8682940093151,0.018108000721724613,160.69429620792982,160.69429620792982,7.013879853793722,0.0,222.92907574201317,1.0
4.860436286020307,0.9488007779468487,44187.26256176785,0.06355833392025835,2733113.1383986454,0.02313179742916142,0.0005714952405293292,0.027586672772857507,0.05328996544254826,188.3790155933932,311.7603310712277,3000.0,22.910729261657927,2.9107292616579254,348.8437626942073,0.0181072041541434,160.46474710081412,160.46474710081412,7.003912676379039,0.0,222.65933165575376,1.0
4.869835979890984,0.949000994483957,44205.9133773068,0.06353104620859386,2733689.8816526714,0.02313114622608896,0.000571004621952777,0.02762319703997057,0.05332534788801231,188.5836567641778,311.826118932437,3000.0,22.910559063221598,2.9105590632215965,348.81926623334334,0.01810640865142417,160.23560946916555,160.23560946916555,6.993963308664621,0.0,222.3899531946949,1.0
4.879235673761655,0.949200926656869,44224.541630316366,0.0635038139321579,2734265.8057679073,0.023130496112403417,0.0005705152101147819,0.02765960988063774,0.05336062120315594,188.78792110548096,311.8918133562482,3000.0,22.910388872257755,2.9103888722577547,348.7948045643927,0.018105614211827926,160.00688345891172,160.00688345891172,6.98403175742968,0.0,222.12094133698744,1.0
4.888635367632326,0.9494005749752394,44243.14735155368,0.0634766369351104,2734840.912212464,0.023129847085670813,0.0005700270009350115,0.02769591139908229,0.053395785485688116,188.99180841562003,311.9574145101255,3000.0,22.910218688756416,2.9102186887564145,348.77037762499924,0.018104820833613745,159.7785692093792,159.7785692093792,6.974118029165444,0.0,221.85229705015516,1.0
4.897297620934318,0.9495843092641351,44260.273462531004,0.06345164088363286,2735370.1767436774,0.023129249937761776,0.000569578154885514,0.02772926645630502,0.05342809454895231,189.17936602548733,312.01778657564927,3000.0,22.910061863375596,2.910061863375596,348.7478977645326,0.018104090637081308,159.56853173904526,159.56853173904526,6.964997855118591,0.0,221.60505516748816,1.0
4.898040648583787,0.9496000583652533,44261.74161084798,0.0634494989573994,2735415.543564811,0.023129198758651718,0.0005695397012290475,0.027732123178749967,0.053430861638630735,189.19543935152345,312.0229614712573,3000.0,22.91004841155894,2.9100484115589396,348.7459708645634,0.018104028044407586,159.55053151303994,159.55053151303994,6.964216253359857,0.0,221.58386194058184,1.0
4.907511557480144,0.9498006475655342,44280.44288407108,0.06342222722809641,2735993.360311436,0.023128547002490157,0.0005690502097507144,0.027768475226867775,0.05346607243910865,189.4001093500446,312.08887178345606,3000.0,22.909876953734877,2.9098769537348756,348.72142880842057,0.01810323079355469,159.32131945837597,159.32131945837597,6.954263428830972,0.0,221.3139275480217,1.0
4.916982466376502,0.9500009501515728,44299.121377252486,0.06339501114542344,2736570.3514377945,0.023127896342397293,0.0005685619268495788,0.027804714584729533,0.0535011728539764,189.60439600669332,312.15468791892863,3000.0,22.909705503456426,2.909705503456425,348.6969218194839,0.018102434614899136,159.0925258127906,159.0925258127906,6.94432871643802,0.0,221.0443692072384,1.0
4.926453375272866,0.9502009666455593,44317.77712219489,0.06336785055155103,2737146.5184481055,0.023127246775894363,0.0005680748484103149,0.027840841363525104,0.05353616298782979,189.80829914177122,312.2204100492581,3000.0,22.90953406071344,2.9095340607134417,348.6724498338635,0.018101639506652265,158.86415069209227,158.86415069209227,6.934412121655563,0.0,220.77518786474948,1.0
4.935924284169223,0.9504006975698996,44336.41015078634,0.06334074528904257,2737721.8628472122,0.023126598300505292,0.0005675889703321068,0.027876855675564482,0.05357104294640189,190.0118185821651,312.2860383460985,3000.0,22.909362625495795,2.9093626254957945,348.6480127876429,0.018100845467023462,158.63619420547784,158.63619420547784,6.92451364966967,0.0,220.506384456346,1.0
4.945395193065581,0.9506001434472178,44355.02049500015,0.06331369520085248,2738296.386140581,0.023125950913756747,0.0005671042885285771,0.027912757634266424,0.05360581283655175,190.2149541613116,312.3515729811755,3000.0,22.90919119779337,2.9091911977933704,348.6236106168794,0.018100052494220132,158.40865645556778,158.40865645556778,6.914633305379451,0.0,220.23795990713404,1.0
4.94727004563773,0.9506395918193843,44358.701894952705,0.06330834691841607,2738410.0210223845,0.023125822886529833,0.0005670084828488752,0.027919851441395183,0.053612682810773894,190.25512116734194,312.36453506747716,3000.0,22.90915726301044,2.9091572630104396,348.6187841149386,0.01809989564438142,158.36366294759665,158.36366294759665,6.91267955121569,0.0,220.1848678280499,1.0
4.954910058204142,0.950800228482564,44373.69440305455,0.06328657496922548,2738872.7505909614,0.023125301616105823,0.0005666185577360718,0.027948713199374656,0.05364063337321655,190.41864583115202,312.4173176330685,3000.0,22.909018982020672,2.9090189820206716,348.5991302452347,0.018099256913537278,158.18048441408266,158.18048441408266,6.904725363326338,0.0,219.96867197293966,1.0
4.9644357725874,0.951000254531944,44392.36673434325,0.06325947927975256,2739448.945126516,0.0231246526737423,0.0005661334743237835,0.02798459640306798,0.05367538255113406,190.62218134528896,312.48304290314314,3000.0,22.908846577458064,2.9088465774580636,348.57465709051337,0.018098461500653917,157.9524757452244,157.9524757452244,6.894824460549101,0.0,219.69946186673383,1.0
4.973814911842978,0.9511969225378428,44410.72942340915,0.06323285458897876,2740015.466490451,0.02312401478551413,0.000565657025359358,0.028019816756576416,0.053709488567449906,190.8222051390964,312.54766477535827,3000.0,22.90867683313598,2.908676833135981,348.5505947918677,0.018097679376126167,157.72838965277128,157.72838965277128,6.885093835914039,0.0,219.43477132090436,1.0
4.973962039409748,0.9512000053941637,44411.017296753875,0.06323243736252303,2740024.346958627,0.023124004787599312,0.0005656495606861666,0.028020368372573108,0.05371002272085859,190.82533984520757,312.5486777512428,3000.0,22.908674170469354,2.908674170469352,348.5502176048965,0.018097667115471314,157.72487775968892,157.72487775968892,6.884941336456986,0.0,219.43062219050395,1.0
4.983523656044067,0.9514002096272851,44429.71412035973,0.0632053505934364,2740601.0547698187,0.02312335559476287,0.0005651650518478057,0.02805615925410781,0.05374467990071849,191.02886107833328,312.6144615695643,3000.0,22.90850113132202,2.9085011313220193,348.52572264942336,0.018096870860512433,157.49686157109008,157.49686157109008,6.87503999795735,0.0,219.1611740227963,1.0
4.993085272678385,0.9516001260049586,44448.387987830145,0.06317831926245748,2741176.9333853307,0.023122707498900195,0.0005646817416026306,0.028091836217065437,0.05377922545756826,191.2319903058389,312.6801508033199,3000.0,22.908328099783013,2.9083280997830134,348.50126291301757,0.018096075683709835,157.26927260717866,157.26927260717866,6.865157156914839,0.0,218.8921165854418,1.0
4.997242470341141,0.9516869559577997,44456.49985626654,0.063166583837289,2741427.0555294445,0.023122426061431344,0.0005644719808829732,0.028107312338696924,0.053794210381011245,191.3201844857119,312.70868169776463,3000.0,22.908252871537474,2.9082528715374734,348.49063928236086,0.01809573029272196,157.17045479664895,157.17045479664895,6.860866067701153,0.0,218.77525794596056,1.0
5.002676777587672,0.9518003786284607,44467.097196888106,0.0631512589735764,2741753.7805897323,0.02312205847676168,0.0005641981206769498,0.028127510371903152,0.053813766969341786,191.43536050851264,312.74595052192467,3000.0,22.90815453500532,2.9081545350053193,348.4767620369891,0.018095279102647095,157.04140152847646,157.04140152847646,6.855262011110752,0.0,218.62261156885103,1.0
5.012291273213903,0.9520008216449901,44485.828136318865,0.06312418948584607,2742331.17623981,0.02312140900162923,0.0005637145426422639,0.02816315524335842,0.05384827878762992,191.63882204664716,312.81181280054693,3000.0,22.90798056185772,2.9079805618577197,348.4522378664047,0.018094481697245497,156.81341581975752,156.81341581975752,6.845361833458827,0.0,218.35285692870974,1.0
5.021905768840141,0.9522009752520849,44504.5359667643,0.06309717556825932,2742907.738217797,0.02312076062796066,0.0005632321640203729,0.02819868531081029,0.05388267810279132,191.84188684890074,312.87757998398877,3000.0,22.907806596371554,2.9078065963715547,348.4277491050176,0.01809368537631196,156.58586225611685,156.58586225611685,6.83548036768038,0.0,218.08350001967062,1.0
5.031520264466373,0.9524008399974354,44523.22072237189,0.06307021706030327,2743483.4681013683,0.023120113353197292,0.0005627509806726585,0.028234100702683375,0.05391696503655333,192.04455480022975,312.9432522522122,3000.0,22.907632638536406,2.9076326385364073,348.4032956858182,0.01809289013795705,156.35874088558845,156.35874088558845,6.8256176163115905,0.0,217.81454171185283,1.0
5.041134760092605,0.9526004164287413,44541.882437357584,0.06304331380189272,2744058.367468227,0.023119467174783963,0.0005622709884756398,0.028269401548418505,0.05395113971167811,192.24682579192162,313.00882978518234,3000.0,22.90745868834188,2.9074586883418783,348.3788775417954,0.018092095980290122,156.1320517498738,156.1320517498738,6.815773581612215,0.0,217.5459828648112,1.0
5.047214895044552,0.952726478500554,44553.67208896396,0.06302632882805095,2744421.501555734,0.02311905910113216,0.0005619680579675366,0.028291666473920122,0.05397269363301982,192.37453551069424,313.05025170868555,3000.0,22.907348687482056,2.9073486874820547,348.36345386774127,0.018091594317882775,155.98891835704703,155.98891835704703,6.809557949510268,0.0,217.37635483259524,1.0
5.050775854260156,0.9528002560279677,44560.57267818925,0.06301639143406716,2744634.0249159373,0.023118820307054564,0.0005617908603472147,0.028304685163280923,0.053985296330682706,192.44925765575763,313.074493790803,3000.0,22.90728426457535,2.9072842645753485,348.35442719922014,0.018091300708858057,155.9051695434625,155.9051695434625,6.805921109756336,0.0,217.27708302193972,1.0
5.060462705704809,0.9530007532123801,44579.32836033295,0.06298939691903331,2745211.576601883,0.02311817147435694,0.0005613096514653774,0.028340020500251164,0.05401950162607348,192.65224806802155,313.1403738681007,3000.0,22.907109020698652,2.907109020698651,348.329896401204,0.01809050275359747,155.67764833318245,155.67764833318245,6.796040835729797,0.0,217.00731321331017,1.0
5.070149557149457,0.9532009594005902,44598.060758730215,0.06296245800167649,2745788.2900448986,0.023117523746786245,0.000560829639221797,0.028375239962165576,0.05405359334817362,192.85483522956338,313.20615832883226,3000.0,22.906933784546343,2.9069337845463417,348.30540120652597,0.018089705889567362,155.4505659769626,155.4505659769626,6.786179566373649,0.0,216.7379514628861,1.0
5.0798364085941055,0.9534008751527944,44616.76990865477,0.06293557452000792,2746364.1668586847,0.023116877121743366,0.0005603508194605966,0.028410343685461078,0.05408757162666504,193.05701905478386,313.2718473570689,3000.0,22.90675855610786,2.9067585561078597,348.28094154664626,0.018088910114829247,155.2239224918624,155.2239224918624,6.776337302881881,0.0,216.46899860690704,1.0
5.089523260038753,0.9536005010291987,44635.45584545009,0.06290874631247062,2746939.20865697,0.023116231596632727,0.000559873188041128,0.028445331807561737,0.05412143659223559,193.25879946440466,313.3374411368852,3000.0,22.906583335372662,2.9065833353726624,348.2565173530237,0.018088115427443447,154.99771788861904,154.99771788861904,6.766514046172456,0.0,216.2004554709783,1.0
5.097187319747963,0.9537582363423864,44650.22339201114,0.06288755938493838,2747393.580604046,0.02311572164664625,0.0005594961341061031,0.028472931948980696,0.05414814972973305,193.41815853573186,313.3892703665866,3000.0,22.906444709382843,2.9064447093828414,348.237218463021,0.018087487454508368,154.81905992728915,154.81905992728915,6.758755533278929,0.0,215.98827990806376,1.0
5.0992252967705065,0.95380014984686,44654.14784243796,0.06288193129112223,2747514.316539782,0.023115586159505493,0.0005593959948779703,0.028480259043321358,0.05415524119770482,193.46049175081583,313.4030424548213,3000.0,22.906407847669062,2.906407847669062,348.23209035254206,0.018087320582255026,154.77159860172623,154.77159860172623,6.756694442488749,0.0,215.93190286321592,1.0
5.1089848683166625,0.9540006903766621,44672.927264683756,0.06285501286736968,2748091.9930863488,0.023114938002785874,0.0005589171662189757,0.028515276687975155,0.05418913185698,193.662971678658,313.46893677470115,3000.0,22.906231327066976,2.906231327066978,348.20755425122445,0.01808652212004141,154.54458257256644,154.54458257256644,6.746835844181404,0.0,215.66217400121224,1.0
5.118744439862824,0.9542009383732427,44691.683232345196,0.06282815005992297,2748668.8269624515,0.023114290954668566,0.0005584395312558939,0.028550177414936432,0.054222907900860894,193.8650419073522,313.5347349729756,3000.0,22.906054814252187,2.9060548142521863,348.18305394129914,0.018085724755635097,154.31801203394693,154.31801203394693,6.736996540230489,0.0,215.3928634911025,1.0
5.128504011408981,0.9544008944095581,44710.415781852265,0.06280134270531361,2749244.8198185475,0.02311364501251347,0.0005579630858158747,0.028584961368677095,0.05425656946700644,194.06670238134467,313.6004372379087,3000.0,22.905878309213982,2.9058783092139833,348.1585893526649,0.018084928487047458,154.0918869713202,154.0918869713202,6.727176530460136,0.0,215.1239721341025,1.0
5.138263582955137,0.9546005590585747,44729.12494970604,0.06277459064050897,2749819.9733051225,0.02311300017368406,0.000557487825741384,0.028619628694625535,0.05429011669405098,194.26795305138629,313.66604375776774,3000.0,22.905701811941682,2.9057018119416833,348.1341604152195,0.018084133312288635,153.86620736383324,153.86620736383324,6.7173758144191185,0.0,214.85550072073116,1.0
5.147159744451375,0.9547823063943773,44746.158614933636,0.06275025330973748,2750343.514224245,0.0231124133414778,0.0005570556401896431,0.02865112758690597,0.05432059656857341,194.45104240921646,313.72576294318384,3000.0,22.905540935791755,2.905540935791755,348.1119236581418,0.018083409436345215,153.66088124892534,153.66088124892534,6.7084589567067505,0.0,214.61114696311793,1.0
5.148029619397783,0.9548000648654323,44747.8231425376,0.06274787603666654,2750394.669231373,0.023112356009489136,0.0005570134332432881,0.028654202387614763,0.05432357183034719,194.46892677882508,313.73159808470575,3000.0,22.905525205517705,2.9055252055177063,348.1097509120865,0.018083338703715715,153.64082413326142,153.64082413326142,6.707587918405421,0.0,214.5872726094026,1.0
5.157862267021568,0.9550006378366138,44766.625291539494,0.06272103482236871,2750972.439228495,0.023111708562430583,0.0005565369957875941,0.028688894214953145,0.054357139773171324,194.6708566516319,313.79750306428934,3000.0,22.905347402349065,2.9053474023490646,348.08521084157144,0.018082539777832272,153.41435418993953,153.41435418993953,6.697752777773022,0.0,214.31764137672727,1.0
5.167694914645347,0.9552009167900946,44785.40381931505,0.06269424923380694,2751549.3622789667,0.023111062227253662,0.0005560617489135818,0.02872346811120688,0.05439059208737412,194.87237044837534,313.86331143449206,3000.0,22.90516960703055,2.9051696070305506,348.06070674407437,0.01808174195613607,153.18833629569903,153.18833629569903,6.687937217835713,0.0,214.04843874879808,1.0
5.177527562269127,0.9554009023118485,44804.15876348123,0.06266751910602944,2752125.4400707427,0.023110417001276723,0.0005555876884317207,0.028757924228897343,0.054423928918605785,195.0734681441305,313.9290233878553,3000.0,22.904991819551316,2.9049918195513174,348.0362385479015,0.018080945236587202,152.96277040377103,152.96277040377103,6.678141237020856,0.0,213.77966549067435,1.0
5.187360209892907,0.9556005949878594,44822.89016172733,0.0626408442745246,2752700.674291807,0.02310977288182175,0.000555114810167888,0.028792262721470122,0.05445715041345976,195.2741497202537,313.99463911692374,3000.0,22.904814039900536,2.904814039900536,348.01180618135794,0.01808014961714448,152.73765646110425,152.73765646110425,6.668364833481421,0.0,213.51132235666452,1.0
5.197132169154786,0.9557987655743555,44841.48265634126,0.06261438870665884,2753271.523985637,0.02310913383160906,0.0005546460177527642,0.028826272886717196,0.05449005273607902,195.47318037664064,314.0597547124108,3000.0,22.90463736527399,2.9046373652739934,347.98756004221974,0.018079359996289717,152.5143796655791,152.5143796655791,6.6586681654610285,0.0,213.24506235626123,1.0
5.197193205042679,0.9558000024465896,44841.59871261318,0.06261422363534241,2753275.0869166884,0.023109129843507027,0.0005546430933122482,0.028826484950719686,0.05449025788753896,195.47442223518618,314.06016112828456,3000.0,22.904636261784354,2.904636261784354,347.9874087111024,0.018079355067703255,152.5129864759162,152.5129864759162,6.658607660597482,0.0,213.2434006288871,1.0
5.207082158365355,0.9560002505167945,44860.39005853967,0.0625875069441802,2753851.9210048732,0.02310848425642083,0.0005541698760144979,0.02886078360689441,0.054523437739329744,195.6754147455068,314.12595935075075,3000.0,22.90445747983243,2.90445747983243,347.96290839216914,0.018078557102062402,152.28749364666234,152.28749364666234,6.6488147025858515,0.0,212.97438952090238,1.0
5.216971111688037,0.9562002041593678,44879.15770313231,0.06256084568690114,2754427.906965562,0.023107839780445692,0.000553697841915808,0.02889496375898166,0.05455650138134316,195.87598633795645,314.19166082913955,3000.0,22.904278705766075,2.904278705766074,347.9384440964089,0.018077760242949752,152.06245775845244,152.06245775845244,6.6390415394382725,0.0,212.70581570564448,1.0
5.223814911842978,0.9563384130338496,44892.13227919881,0.06254242672943137,2754826.0311023346,0.023107394410213346,0.0005533718541328871,0.028918549350324695,0.05457931561467093,196.0145485025559,314.237073992226,3000.0,22.904154987072918,2.9041549870729164,347.921534263017,0.018077209411302465,151.9069857604611,151.9069857604611,6.632289462160785,0.0,212.52020154271636,1.0
5.226871397703213,0.9564000926111994,44897.92315196799,0.06253420923924867,2755003.7051379634,0.023107195676211,0.0005532264479093579,0.02892906453354572,0.05458948665766608,196.07636614890188,314.2573408869228,3000.0,22.90409973471368,2.9040997347136797,347.91398777672526,0.01807696357698599,151.83762162782338,151.83762162782338,6.629277002217066,0.0,212.4373728765242,1.0
5.236797153268988,0.9566002002541154,44916.71310723518,0.06250755970920835,2755580.134711653,0.023106551027460356,0.0005527550232750223,0.028963134123805905,0.054622440174541285,196.27683796295904,314.3230929672914,3000.0,22.903920311151182,2.903920311151181,347.8895046390481,0.018076165970675306,151.61266667608905,151.61266667608905,6.619507255370327,0.0,212.16868088770656,1.0
5.246722908834763,0.9568000130760723,44935.479301367806,0.0624809655268377,2756155.715024827,0.023105907489922695,0.000552284778048634,0.028997084812128593,0.05465527708009992,196.4768857554682,314.3887481743417,3000.0,22.90374089550002,2.903740895500022,347.86505757266747,0.018075369472849098,151.38817181719926,151.38817181719926,6.609757441280827,0.0,211.900431615314,1.0
5.2471045938581975,0.956807690800381,44936.200462741675,0.062479943976935355,2756177.831458191,0.023105882765478855,0.0005522667187294746,0.028998387980147245,0.05465653746435557,196.4845699278106,314.39127094827694,3000.0,22.903733996408043,2.903733996408042,347.8641182043427,0.01807533886642398,151.37954827653206,151.37954827653206,6.609382919844977,0.0,211.89012520625252,1.0
5.25670066258236,0.9570005761264329,44954.31989764244,0.062454287640909566,2756733.456444057,0.023105261698283364,0.0005518132538109582,0.029031093686129626,0.05468816863822395,196.67755420631488,314.4546498941067,3000.0,22.90356054790433,2.9035605479043305,347.8405187159632,0.01807456991748284,151.1629645096483,151.1629645096483,6.599976636535653,0.0,211.63122397058146,1.0
5.266680495833362,0.957200884186572,44973.140481910166,0.062427659805440974,2757310.4633390964,0.023104616889765273,0.0005513428150075629,0.029064989792985694,0.054720949497758534,196.8778359252965,314.52046782827864,3000.0,22.903380170696366,2.9033801706963662,347.8160110572712,0.018073771311686478,150.93817513197473,150.93817513197473,6.590213933797071,0.0,211.36240913525978,1.0
5.276660329084364,0.957400896037241,44991.93716502749,0.06240108741847607,2757886.6169738793,0.02310397319631374,0.000550873555814489,0.029098766200747257,0.05475361295287549,197.07768908272075,314.58618843289037,3000.0,22.903199801452793,2.903199801452792,347.7915396397599,0.018072973820072738,150.71385055703914,150.71385055703914,6.580471369222351,0.0,211.0940439533809,1.0
5.286640162335366,0.9576006122901045,45010.709987047056,0.06237457031268345,2758461.9191103657,0.02310333061516978,0.0005504054720279464,0.029132423078711056,0.05478615916590879,197.27711372167363,314.6518119089248,3000.0,22.903019440162502,2.9030194401625007,347.7671043885922,0.018072177440498903,150.48999066691857,150.48999066691857,6.570748938151834,0.0,210.8261291050581,1.0
5.296619995586368,0.9578000335566282,45029.4589880765,0.06234810832120509,2759036.371509942,0.023102689143578818,0.0005499385594601163,0.029165960596982905,0.05481858830002184,197.4761098912067,314.7173384572995,3000.0,22.902839086814403,2.9028390868144047,347.7427052289553,0.018071382170821805,150.26659533774858,150.26659533774858,6.5610466356662265,0.0,210.55866525990976,1.0
5.297077018561609,0.9578091589300892,45030.31702226543,0.062346897820598254,2759062.6580378194,0.02310265979413586,0.0005499172053399828,0.0291674935805214,0.05482007057999724,197.4852125920194,314.72033690493726,3000.0,22.902830827785873,2.9028308277858743,347.7415887409914,0.018071345778267408,150.256376148972,150.256376148972,6.560602804028921,0.0,210.54642765709573,1.0
5.306670528115645,0.9580005700570319,45048.31677701766,0.06232151440011044,2759614.036449434,0.023102044246250793,0.0005494695186511124,0.02919961524431544,0.05485112900921735,197.67608281474287,314.7832314531853,3000.0,22.902657463820105,2.9026574638201073,347.718169620634,0.018070582386830958,150.04208680589113,150.04208680589113,6.55129593772759,0.0,210.2897631182939,1.0
5.316724453676345,0.95820087617064,45067.156842225755,0.062294967088846964,2760191.0377373,0.023101400251509335,0.0005490014994876666,0.029233160484127794,0.0548835622351248,197.87568858483422,314.8490487477592,3000.0,22.902475787547086,2.9024757875470857,347.69366220009977,0.018069783454716784,149.81797361526554,149.81797361526554,6.541562362298274,0.0,210.0212291754836,1.0
5.3267783792370516,0.9584008847710925,45085.972854470085,0.06226847520569081,2760767.1820095177,0.023100757374456344,0.0005485346562831503,0.02926658511064488,0.05491587714138438,198.07485968606963,314.91476828440324,3000.0,22.902294119300837,2.902294119300838,347.6691911802519,0.01806898564248104,149.59433149418228,149.59433149418228,6.531849198815071,0.0,209.75315494215795,1.0
5.336832304797752,0.9586005964827596,45104.764854982466,0.06224203858196438,2761342.471064645,0.023100115612293245,0.0005480689848205878,0.029299889300992473,0.05494807389810631,198.2735961926628,314.9803902682752,3000.0,22.902112459070118,2.9021124590701164,347.6447564846988,0.018068188947930594,149.371160292036,149.371160292036,6.522156441201094,0.0,209.48554106042997,1.0
5.346886230358452,0.9588000119298075,45123.53288505049,0.06221565704946752,2761916.9067006544,0.023099474962225894,0.0005476044808990522,0.029333073233069395,0.05498015267619434,198.47189818474817,315.0459149044658,3000.0,22.901930806843694,2.901930806843695,347.6203580370739,0.01806739336887188,149.14845985232574,149.14845985232574,6.512484083121773,0.0,209.2183881618973,1.0
5.34704944326502,0.9588032467498507,45123.83736305011,0.0622152292317814,2761926.2249151478,0.02309946457123115,0.0005475969498662687,0.029333610941723983,0.0549806724628214,198.47511378587845,315.0469778131302,3000.0,22.90192785801296,2.901927858012962,347.6199622573659,0.018067380462830056,149.14484847148745,149.14484847148745,6.51232723271829,0.0,209.21405507467307,1.0
5.3570133616021405,0.9590005805053016,45142.41337985415,0.0621891389494493,2762494.664035571,0.0230988307688354,0.0005471377708663027,0.02936637739356743,0.05501234593326913,198.6712048892139,315.1118184396988,3000.0,22.90174784003287,2.9017478400328693,347.5958185043704,0.018066593122441823,148.92461361515652,148.92461361515652,6.502761913867216,0.0,208.9497567017396,1.0
5.3671417008591105,0.9592008736279031,45161.27188594915,0.062162673251475536,2763071.627901576,0.02309818762147583,0.0005466721814709311,0.029399563853697814,0.055044423656644574,198.87009460504777,315.1776314656416,3000.0,22.901564859496816,2.9015648594968173,347.5713126732838,0.018065793908082595,148.70121806823602,148.70121806823602,6.493059272610039,0.0,208.68156225696376,1.0
5.37727004011608,0.9594008679924387,45180.10619211257,0.06213626295156991,2763647.731165847,0.02309754559421371,0.0005462077642087261,0.02943262881769954,0.05507638217612198,199.06854363156538,315.2433463245975,3000.0,22.90138188704978,2.9013818870497805,347.54684339519804,0.01806499581907476,148.47829976363266,148.47829976363266,6.483377313034277,0.0,208.4138375129023,1.0
5.3873983793730496,0.9596005642361968,45198.91634078238,0.06210990787971178,2764222.9756641546,0.0230969046842105,0.000545744514849928,0.02946557247050435,0.05510822166956478,199.26655207455593,315.3089632259689,3000.0,22.901198922680372,2.9011989226803725,347.52241059214117,0.018064198853173823,148.25585851758524,148.25585851758524,6.4737160276250405,0.0,208.14658307268942,1.0
5.397021867968432,0.9597900309290837,45216.766548341315,0.06208491749865034,2764768.75294391,0.023096296753123143,0.0005453054345129717,0.029496761812703273,0.05513836400033939,199.45428262886506,315.3712188651656,3000.0,22.901025085708195,2.9010250857081945,347.4992293729753,0.018063442650805124,148.04494674411026,148.04494674411026,6.464555459419169,0.0,207.8930862892511,1.0
5.397530443378909,0.9598000362715318,45217.709278682756,0.0620835982045042,2764797.5743082417,0.023096264653548654,0.0005452822594600656,0.02949840704617487,0.05513995395918359,199.46419262130527,315.37450645614,3000.0,22.90101589909559,2.901015899095589,347.49800522094847,0.018063402715664652,148.0338125996432,148.0338125996432,6.464071867025313,0.0,207.87970150460427,1.0
5.407733508734665,0.9600006059317694,45236.609565932216,0.06205715966998608,2765375.3347678673,0.023095621261939966,0.0005448179373330323,0.02953134941034627,0.05517178860961927,199.66277283099947,315.4404103478019,3000.0,22.90083160110232,2.900831601102319,347.47346555552684,0.01806260213037794,147.81069272452737,147.81069272452737,6.454381015465508,0.0,207.61142653806368,1.0
5.417936574090422,0.9602008749998772,45255.4854677856,0.06203077666544569,2765952.229342558,0.02309497899550046,0.0005443547875942802,0.02956416923558253,0.05520350301867727,199.8609062906086,315.50621546983365,3000.0,22.90064731127169,2.900647311271692,347.4489626675035,0.01806180267797807,147.5880563768949,147.5880563768949,6.444711119770493,0.0,207.34363061750366,1.0
5.428139639446185,0.9604008441264891,45274.33702785686,0.062004449019035325,2766528.25990653,0.02309433785134663,0.0005438928059853986,0.029596866713880322,0.05523509737121235,200.05859313206068,315.5719220360229,3000.0,22.90046302959216,2.900463029592161,347.4244964772737,0.01806100435616865,147.365903345213,147.365903345213,6.4350621712227225,0.0,207.0763143167195,1.0
5.438342704801941,0.9606005139620221,45293.164289817105,0.06197817655939549,2767103.4283333705,0.023093697826599584,0.0005434319882642656,0.029629442037944376,0.05526657185280823,200.25583349313797,315.6375302600859,3000.0,22.900278756052202,2.9002787560522014,347.4000669052588,0.018060207162652858,147.14423341212085,147.14423341212085,6.425434160849803,0.0,206.80947819891801,1.0
5.446994292671843,0.9607695880123912,45309.109675141415,0.061955942198483854,2767590.4626182984,0.023093155998860936,0.0005430421511862713,0.029656968399749052,0.05529316654979626,200.42273179924638,315.6930852123412,3000.0,22.900122509503877,2.9001225095038765,347.3793807225998,0.01805953207261065,146.95664892335344,146.95664892335344,6.417286582740522,0.0,206.58359378555548,1.0
5.4485545358566245,0.9608000563130579,45311.983441095486,0.061951936615220145,2767678.2295286893,0.02309305836996275,0.0005429719357990323,0.029661923230261504,0.05529795353602329,200.4527963960604,315.70309659483985,3000.0,22.900094332336955,2.9000943323369546,347.3756529309515,0.018059410411696106,146.9228565348911,146.9228565348911,6.415818834747029,0.0,206.54289419130222,1.0
5.458815247552635,0.9610002531588094,45330.86824688046,0.061925626403615194,2768254.916059842,0.023092416976052025,0.0005425108469670623,0.029694437046483897,0.05532936486950299,200.65025192664132,315.76887798579315,3000.0,22.899909034035662,2.8999090340356637,347.3511588793218,0.0180586109806768,146.7009069526805,146.7009069526805,6.406178589384,0.0,206.2755197081977,1.0
5.46907595924864,0.9612001492983191,45349.7286123464,0.061899371486063566,2768830.73637735,0.023091776705507043,0.0005420509224116041,0.029726827914378782,0.05536065554229743,200.84725637158232,315.834560569621,3000.0,22.89972374393128,2.8997237439312804,347.32670161905213,0.018057812683750236,146.4794452474698,146.4794452474698,6.396559490648386,0.0,206.00863249798573,1.0
5.473814911842978,0.9612923708361514,45358.43111274827,0.06188726416113657,2769096.38950765,0.02309148137230062,0.0005418388961936724,0.02974174632206007,0.05537506659055437,200.93809146492072,315.86486305022044,3000.0,22.899638169685822,2.899638169685823,347.3154183288457,0.0180574443691786,146.37732686392496,146.37732686392496,6.392124005596601,0.0,205.88553416587695,1.0
5.479356902057942,0.9614001386409251,45368.601697051934,0.061873120086314695,2769406.825175463,0.023091136296307622,0.0005415912544784595,0.029759159534798456,0.05539188708558454,201.0441969947168,315.90027377845337,3000.0,22.89953809669867,2.899538096698669,347.30223295539867,0.01805701394792027,146.25803596068187,146.25803596068187,6.386942624915534,0.0,205.741708312022,1.0
5.48965520786427,0.9616001644071182,45387.48214650615,0.06184687965826956,2769983.0188952694,0.023090495930356315,0.0005411319735256978,0.02979142241302908,0.055423050316911096,201.24101654109714,315.9659989554774,3000.0,22.899352144161963,2.8993521441619614,347.27775983532524,0.01805621499989327,146.0367432942281,146.0367432942281,6.377330781013348,0.0,205.4748248272751,1.0
5.496966717375255,0.9617419944143918,45400.871873115,0.06182828319253049,2770391.57405807,0.0230900419701598,0.0005408066012727843,0.02981425333040109,0.055445101901833674,201.38047739495644,316.01260196324387,3000.0,22.899220128045737,2.899220128045738,347.2604069569232,0.01805564845842052,145.87992956196675,145.87992956196675,6.37051955246724,0.0,205.28564388786103,1.0
5.499969497652949,0.9618001990157415,45406.36735865451,0.061820653810999916,2770559.2380865584,0.02308985569593303,0.0005406731424376193,0.02982361183191721,0.05545414067028786,201.43768662668754,316.03172703797867,3000.0,22.899165911249753,2.8991659112497543,347.2532856333819,0.01805541594981195,145.81559900669436,145.81559900669436,6.367725338635982,0.0,205.2080206872507,1.0
5.510322915332329,0.9620006895711529,45425.29955819693,0.06179438396653668,2771136.77067702,0.02308921416251145,0.0005402137366982303,0.029855799233764302,0.055485227132973984,201.63464508559514,316.09760493709564,3000.0,22.898978980134256,2.8989789801342547,347.22875564642294,0.018054615011458726,145.5941105608278,145.5941105608278,6.358104904464792,0.0,204.94070169121179,1.0
5.52067633301171,0.9622008773325564,45444.2071022237,0.06176816954459102,2771713.431039823,0.023088573758034907,0.0005397554948272945,0.02988786247751347,0.05551619173037567,201.83114516175607,316.1633833430816,3000.0,22.898792057305286,2.8987920573052857,347.2042627062617,0.018053815215845304,145.37311754450565,145.37311754450565,6.348505946545245,0.0,204.67388142060923,1.0
5.531029750691096,0.96240076297658,45463.09003680974,0.06174201037075977,2772289.2211240605,0.02308793447954088,0.0005392984125448565,0.02991980177051034,0.05554703466259608,202.0271870514718,316.2290624782653,3000.0,22.89860514275103,2.8986051427510295,347.17980673011306,0.018053016560571365,145.15261967864126,145.15261967864126,6.338928453229037,0.0,204.4075603678543,1.0
5.541383168370476,0.962600347179428,45481.94840807003,0.06171590627116073,2772864.142877604,0.02308729632407218,0.0005388424855878182,0.029951617320696337,0.055577756130356336,202.22277095657319,316.2946425648364,3000.0,22.89841823645969,2.898418236459692,347.15538763524336,0.018052219043236905,144.93261667867017,144.93261667867017,6.329372412628188,0.0,204.14173901505293,1.0
5.546939142078666,0.9627073263704845,45492.058299334036,0.061701920626638325,2773172.3068667236,0.023086954331518052,0.0005385982955231604,0.029968639611494145,0.05559419223853536,202.32753875358674,316.3297941675719,3000.0,22.898317939993063,2.8983179399930634,347.14229874855675,0.01805179153837142,144.81475999497002,144.81475999497002,6.3242531776556286,0.0,203.99929700268876,1.0
5.551771620223736,0.9628003044477255,45500.845951093645,0.06168976901945538,2773440.139282544,0.023086657134957493,0.000538386172776296,0.029983416367414983,0.05560845967514877,202.41855658052378,316.3603452345785,3000.0,22.898230706002874,2.8982307060028725,347.1309228958763,0.018051419968549094,144.71236631535254,144.71236631535254,6.319805585564982,0.0,203.87552088274336,1.0
5.562200645546978,0.9630007387820729,45519.792519795854,0.06166358510668854,2774017.5099227503,0.02308601658068888,0.0005379292391519877,0.030015214720941673,0.055639160540782544,202.61464350336271,316.4262046603786,3000.0,22.898042451464967,2.898042451464967,347.1063997875554,0.01805061892047255,144.4917562841927,144.4917562841927,6.31022309398105,0.0,203.60876998655968,1.0
5.572629670870226,0.9632008693196054,45538.71430622217,0.061637456547461424,2774594.005446614,0.023085377156906377,0.0005374734648680684,0.030046888156504425,0.05566973877827887,202.81026637808475,316.4919642635416,3000.0,22.89785420527523,2.897854205275229,347.0819138487256,0.018049819019686702,144.27164747064086,144.27164747064086,6.300662331818123,0.0,203.34252752554892,1.0
5.5830586961934685,0.9634006967497132,45557.611357666996,0.06161138316617046,2775169.6278399914,0.02308473886060917,0.0005370188456356722,0.03007843688895696,0.055700194595201806,203.00542543317022,316.55762427059,3000.0,22.897665967421705,2.8976659674217067,347.05746499504005,0.01804902026373999,144.05203956186983,144.05203956186983,6.291123285963901,0.0,203.07679395085177,1.0
5.593487721516711,0.9636002217613517,45576.48372146477,0.061585364787737545,2775744.3790874854,0.02308410168880185,0.000536565377182861,0.030109861133706114,0.05573052819969083,203.2001209025474,316.6231849079032,3000.0,22.897477737892473,2.8974777378924728,347.0330531422052,0.01804822265018122,143.83293223965777,143.83293223965777,6.281605943069973,0.0,202.81156970333677,1.0
5.596911566782078,0.9636656599281188,45582.6741368341,0.0615768349267273,2775932.880106352,0.02308389275020432,0.0005364167538484047,0.030120150595173784,0.05574046009922651,203.26393831521963,316.64468681326645,3000.0,22.89741594401869,2.897415944018691,347.0250467931075,0.018047961042608238,143.76110847788786,143.76110847788786,6.27848613264334,0.0,202.7246078051411,1.0
5.603967717326092,0.9638004179807537,45595.42350032361,0.061559274478532204,2776321.0638143774,0.023083462532631455,0.0005361108473992332,0.030141313776380695,0.055760887156411386,203.39530117202662,316.6889660930483,3000.0,22.89728859678964,2.89728859678964,347.0085591672093,0.018047422286695,143.61325799518266,143.61325799518266,6.272063934037948,0.0,202.54556270897552,1.0
5.614472625422694,0.9640007850196131,45614.383379271225,0.06153317753508461,2776898.24060337,0.023082822990593745,0.0005356563947111669,0.030172715469368994,0.0557911948546739,203.59047610309756,316.75480340665774,3000.0,22.89709901448596,2.8970990144859603,346.98404429248046,0.018046621173359916,143.3935681893829,143.3935681893829,6.262521208414405,0.0,202.27944040027225,1.0
5.624977533519297,0.9642008473260129,45633.318354908486,0.061507135865955374,2777474.539580804,0.023082184580347744,0.0005352030966572519,0.03020399151807711,0.05582137919508211,203.78518142553978,316.82054059019276,3000.0,22.896909440591855,2.8969094405918536,346.95956670171864,0.01804582121160858,143.17438527617887,143.17438527617887,6.25300046050573,0.0,202.01383614263278,1.0
5.635482441615905,0.9644006056022683,45652.2284757721,0.06148114929435137,2778049.962769768,0.023081547298854133,0.000534750948940234,0.030235142144796612,0.055851440392590976,203.9794174002824,316.88617787442263,3000.0,22.896719875095236,2.8967198750952354,346.93512630899573,0.01804502239893743,142.95570890871335,142.95570890871335,6.243501675722831,0.0,201.74875034515975,1.0
5.645987349712507,0.9646000605502456,45671.1137904386,0.06145521764400951,2778624.5121920556,0.023080911143079093,0.000534299947279857,0.030266167572327966,0.055881378662686915,204.1731842936129,316.95171548996905,3000.0,22.89653031798405,2.896530317984048,346.9107230284385,0.018044224732843304,142.7375387348256,142.7375387348256,6.234024839244424,0.0,201.484183406729,1.0
5.646883991485489,0.9646170709113252,45672.72459064123,0.061453006797781505,2778673.5121954666,0.02308085689633068,0.0005342615051810222,0.030268809941901426,0.05588392834341313,204.18970146174698,316.9573048148569,3000.0,22.896514138808893,2.8965141388088926,346.9086418135175,0.01804415670143634,142.7189403517705,142.7189403517705,6.233216964230649,0.0,201.4616254591314,1.0
5.656561906459875,0.9648005322639867,45690.099312502476,0.061429169354877064,2779201.9905072493,0.023080271903397474,0.0005338471085950293,0.03029727248067915,0.05591139149267166,204.36776240002993,317.017587198023,3000.0,22.896339512546014,2.8963395125460125,346.88619534675485,0.018043422933610505,142.51843294672491,142.51843294672491,6.224507322169649,0.0,201.21838678556384,1.0
5.667142962807441,0.9650008209766647,45709.07144351756,0.061403160401398565,2779778.9416700397,0.023079633406399066,0.0005333951452895687,0.030328269980663205,0.055941298532351844,204.56198490067317,317.0833987749375,3000.0,22.896148598310702,2.896148598310701,346.86169005522163,0.018042621799364607,142.29970515454846,142.29970515454846,6.215006185147115,0.0,200.95295382150945,1.0
5.677724019155014,0.9652008040909453,45728.018556176794,0.06137720663256199,2780355.0125268544,0.0230789960422554,0.0005329443317316708,0.030359141144052644,0.055971081518039714,204.75573234129632,317.1491099372446,3000.0,22.89595769254612,2.8959576925461197,346.83722215360274,0.018041821820727118,142.08148981230642,142.08148981230642,6.205527269058576,0.0,200.68804842359293,1.0
5.68830507550258,0.9654004823222269,45746.940700281884,0.06135130787039639,2780930.2051384677,0.023078359807888495,0.00053249466361623,0.030389886200496128,0.05600074067200085,204.94900501551095,317.2147209200125,3000.0,22.895766795240053,2.8957667952400548,346.8127915543694,0.018041022995141712,141.86378653885848,141.86378653885848,6.196070557826936,0.0,200.42367095815368,1.0
5.696856416188901,0.9655616349144249,45762.21488655237,0.0613304172191847,2781394.4208908794,0.023077846442832773,0.0005321320872755018,0.030414641589354488,0.05602462011946276,205.10485638754565,317.267673011394,3000.0,22.89561252306337,2.895612523063372,346.79307456083365,0.018040378245357366,141.688218173288,141.688218173288,6.188444097337934,0.0,200.21039379640376,1.0
5.698897413791258,0.9656000688038885,45765.85806136298,0.061325436410839367,2781505.133456356,0.02307772402364918,0.0005320456590254983,0.03042053796039021,0.056030307643064894,205.14200853816075,317.2803017553643,3000.0,22.895575702851563,2.895575702851563,346.7883721806872,0.018040224470152827,141.64636364252644,141.64636364252644,6.186625987521462,0.0,200.15954073698848,1.0
5.709537283723842,0.9658002447529389,45784.835221704794,0.061299503994391574,2782081.7597925244,0.023077086520034165,0.0005315957865673586,0.030451200503234622,0.05605988280983615,205.33539975971433,317.34607628000526,3000.0,22.89538376147168,2.895383761471682,346.76388068576546,0.018039423520032457,141.42848092605112,141.42848092605112,6.177161405088425,0.0,199.89475860289662,1.0
5.720177153656426,0.9660001145923585,45803.78728679674,0.06127362665999893,2782657.5043500583,0.023076450149466472,0.0005311470593361248,0.030481736234274026,0.05608933344307662,205.5283118467917,317.411750222056,3000.0,22.89519182860764,2.89519182860764,346.7394266433075,0.01803862372804904,141.21111479651583,141.21111479651583,6.167719224788147,0.0,199.6305113385538,1.0
5.723814911842978,0.9660683797491811,45810.26122641061,0.06126479183543432,2782854.14878938,0.023076232834528247,0.0005309939019978352,0.030492147314332394,0.05609937405085848,205.5941583926358,317.43418102985714,3000.0,22.895126208953428,2.8951262089534264,346.73107441243474,0.01803835054538063,141.13691601979895,141.13691601979895,6.164496091076606,0.0,199.54028828730077,1.0
5.730842208766194,0.9662001510660172,45822.7590790668,0.06124774317074356,2783233.728913764,0.023075813406527427,0.0005306984149121369,0.03051221721899522,0.05611872904043479,205.7212000514618,317.4774789173772,3000.0,22.89499944996133,2.89499944996133,346.7149522131774,0.018037823202557444,140.9937521617156,140.9937521617156,6.158277158724883,0.0,199.36617568960293,1.0
5.741520348155082,0.9664001262855328,45841.728988304225,0.061221883012003084,2783809.7770289383,0.02307517701666933,0.0005302503641835637,0.03054260842605452,0.056148035806907415,205.9138432548681,317.5431874855944,3000.0,22.89480684384504,2.8948068438450374,346.69048527748174,0.018037022855490935,140.77664202261363,140.77664202261363,6.148846023588949,0.0,199.10205479838245,1.0
5.746828840892312,0.9664994272980321,45851.15027013796,0.061209047439880905,2784095.823276187,0.023074861065443326,0.0005300280465092601,0.030557669722745727,0.05616255883469831,206.0094339748173,317.575816165136,3000.0,22.89471109549526,2.8947110954952624,346.6783358146973,0.018036625405095704,140.66890183987996,140.66890183987996,6.144165840448532,0.0,198.9709514905081,1.0
5.752226632930293,0.9666003212654959,45860.72367658808,0.0611960098480129,2784386.4581855056,0.023074540085723134,0.0005298022774869175,0.0305729522234531,0.05617729458666315,206.1065107149797,317.6089682634803,3000.0,22.89461373863232,2.894613738632318,346.665991454131,0.018036221562084804,140.55948073915133,140.55948073915133,6.139412629703885,0.0,198.8377795744756,1.0
5.762960742549224,0.9668007283390744,45879.742429212856,0.06117012470533694,2784963.7502984093,0.02307390263852139,0.0005293541728751797,0.030603246943354426,0.056206503754750996,206.29919320916488,317.67481873184,3000.0,22.894420140159497,2.894420140159496,346.6414716811608,0.01803541935280976,140.3422784719959,140.3422784719959,6.129977418638313,0.0,198.57336249343035,1.0
5.773694852168156,0.9670008275560129,45898.735899760875,0.061144294716999226,2785540.155600249,0.023073266328716407,0.0005289072120321247,0.030633413801430073,0.05623558734217861,206.4913897269273,317.740568043571,3000.0,22.894226550291418,2.8942265502914175,346.6169895744005,0.018034618309022126,140.1255998474732,140.1255998474732,6.120564917956994,0.0,198.3094913940242,1.0
5.784428961787094,0.9672006196579808,45917.70414051113,0.06111851970227271,2786115.6762274746,0.02307263115314929,0.0005284613906231707,0.030663453041253834,0.0562645455850263,206.68310062188314,317.8062164423736,3000.0,22.894032969015587,2.894032969015588,346.5925450431072,0.018033818428060695,139.90944442122404,139.90944442122404,6.111175108840596,0.0,198.04616656630355,1.0
5.795163071406026,0.9674001053859851,45936.64720376572,0.061092799480997044,2786690.314314631,0.023071997108667395,0.0005280167043313741,0.03069336490675505,0.05629337871975382,206.87432625258432,317.87176417173066,3000.0,22.893839396319542,2.8938393963195406,346.5681379966186,0.018033019707265435,139.69381174403426,139.69381174403426,6.101807972257013,0.0,197.78338829044245,1.0
5.7968012655957235,0.967430523149993,45939.53600242004,0.06108887897808037,2786777.9356492492,0.02307190044277771,0.0005279489377655896,0.030697918740915327,0.05629776812145863,206.90346763773155,317.8817589487144,3000.0,22.893809854831197,2.8938098548311983,346.56441638812237,0.018032897911765298,139.66094875039082,139.66094875039082,6.1003803926028795,0.0,197.74333227522678,1.0
5.805962332265472,0.9676004934827374,45955.679888660474,0.06106697826120857,2787267.551762937,0.023071360354041635,0.0005275704601180148,0.030723330034565188,0.05632226084872484,207.06622321357065,317.9376084046174,3000.0,22.89364465736935,2.8936446573693515,346.54362054546,0.01803221730665403,139.47739733188934,139.47739733188934,6.092406841258115,0.0,197.51956687936604,1.0
5.816773327005307,0.967800790205489,45974.707834275854,0.061041184171791,2787844.525999525,0.023070724047883403,0.0005271248731240263,0.03075319908263789,0.05635104800364532,207.25783744982778,318.0034226135103,3000.0,22.89344971549971,2.8934497154997096,346.5191142738955,0.018031415204998,139.26127682406775,139.26127682406775,6.083018442160892,0.0,197.25601346313647,1.0
5.827584321745141,0.9680007784105,45993.710400429685,0.0610154451163551,2788420.6115206853,0.023070088879473722,0.0005266804244787434,0.03078293967281304,0.0563797089767655,207.4489605710287,318.0691354485477,3000.0,22.893254782295266,2.8932547822952666,346.49464574942664,0.01803061427206432,139.04568517839795,139.04568517839795,6.073652982097171,0.0,196.99301525292944,1.0
5.838395316484975,0.9682004588520975,46012.68764064797,0.06098976091314282,2788995.8104993287,0.02306945484561729,0.0005262371098432635,0.03081255205564012,0.05640824401110067,207.63959296321815,318.13474715758906,3000.0,22.893059857743403,2.893059857743402,346.4702148797615,0.018029814505140327,138.83062191654335,138.83062191654335,6.06431044077251,0.0,196.73057249522418,1.0
5.846773690299135,0.9683549972785258,46027.37735859819,0.060969893616948365,2789440.9735024334,0.02306896425631725,0.0005258943242497414,0.030835413228578232,0.05643027180914523,207.78699320062344,318.1855259428792,3000.0,22.89290879981131,2.892908799811307,346.4513071283357,0.018029195496907707,138.66431392771227,138.66431392771227,6.057085848734748,0.0,196.52756511763315,1.0
5.849223662179057,0.9684001520191607,46031.670004889645,0.0609640902910546,2789571.0461349175,0.023068820928264816,0.0005257942161235392,0.03084208369988061,0.05643669884426897,207.83003978917807,318.2003630480092,3000.0,22.892864629010905,2.8928646290109055,346.44578245313767,0.01802901462074049,138.6157426639596,138.6157426639596,6.054975858648081,0.0,196.4682655615068,1.0
5.860111767607632,0.9686006374715713,46050.73161999192,0.06093833311552406,2790148.5640256875,0.023068184653615435,0.0005253500164999015,0.03087164914683718,0.05646518381695252,208.02104206623932,318.26623927036405,3000.0,22.892668331572267,2.8926683315722657,346.42125309053006,0.018028211495882608,138.40021102429074,138.40021102429074,6.045612901900869,0.0,196.2050733300752,1.0
5.870999873036208,0.9688008130524886,46069.76771007634,0.060912631026280924,2790725.189301412,0.02306754952004903,0.0005249069539870557,0.030901085317476016,0.0564935417915121,208.2115477963562,318.3320136740425,3000.0,22.892472042871738,2.892472042871739,346.3967616406494,0.018027409545456275,138.1852138442932,138.1852138442932,6.0362731288044245,0.0,195.9424451957422,1.0
5.881887978464784,0.9690006795297024,46088.778329911984,0.06088698383997668,2791300.9241737854,0.023066915524327394,0.0005244650242245702,0.030930392468933542,0.05652177301748551,208.40155739331922,318.3976865113278,3000.0,22.892275762896553,2.8922757628965536,346.3723080095568,0.018026608766695512,137.97075061623755,137.97075061623755,6.026956517790093,0.0,195.68038137067538,1.0
5.892776083893366,0.9692002376703027,46107.763534289814,0.06086139137384048,2791875.770852484,0.02306628266321879,0.0005240242228698481,0.03095957085861514,0.05654987774470378,208.591071275664,318.46325803427294,3000.0,22.892079491633964,2.8920794916339663,346.3478921033988,0.01802580915683566,137.7568208277348,137.7568208277348,6.017663047084857,0.0,195.41888205728702,1.0
5.896746115002546,0.9692729241856671,46114.679624905984,0.060852073402873505,2792085.151446117,0.023066052190455533,0.0005238637773526098,0.030970177926709884,0.05656009389451803,208.66004876002398,318.48714162777446,3000.0,22.892007929189063,2.8920079291890635,346.33899892002506,0.01802551789260897,137.67895016000108,137.67895016000108,6.01428020582021,0.0,195.32367441482887,1.0
5.9037133206128125,0.969400386639455,46126.80887468596,0.060835738332118076,2792452.319470425,0.023065648085451376,0.0005235825641472994,0.030988751537516217,0.05657798218711489,208.78094166883483,318.5290236937631,3000.0,22.89188234347931,2.8918823434793093,346.3234039094633,0.018025007112869012,137.54246224062848,137.54246224062848,6.00835091570384,0.0,195.15677129179406,1.0
5.914678751992245,0.9696007407909718,46145.877678064695,0.060810074219749405,2793029.4591361703,0.02306501301459307,0.0005231409011443082,0.031017877534489226,0.05660603145022661,208.97080025142722,318.5948567728037,3000.0,22.89168469590404,2.891684695904038,346.29889061149873,0.018024204179772157,137.3280903600715,137.3280903600715,5.999038174094864,0.0,194.89455704550844,1.0
5.925644183371678,0.9698007845495993,46164.92087120026,0.06078446505277637,2793605.7046849383,0.02306437908468877,0.0005227003694773623,0.031046873722076807,0.05663395317624294,209.16015736036127,318.66058786184584,3000.0,22.891487057126817,2.891487057126817,346.27441529005387,0.01802340242380122,137.1142579296926,137.1142579296926,5.989748834906064,0.0,194.63291591684956,1.0
5.93660961475111,0.9700005186960116,46183.9385101453,0.06075891064685227,2794181.058365537,0.023063746292463747,0.0005222609647829221,0.031075740364191844,0.05666174762143852,209.34901344207105,318.7262172174061,3000.0,22.891289427134755,2.891289427134755,346.2499778496133,0.018022601842137626,136.90096440754223,136.90096440754223,5.980482875082751,0.0,194.3718480733586,1.0
5.946718539705957,0.9701843780623862,46201.44809752514,0.06073540064108643,2794710.683194622,0.023063163932476274,0.0005218568764714823,0.03110223770726522,0.05668725851621298,209.52267457022432,318.7866303813324,3000.0,22.891107241731277,2.891107241731277,346.22748268593745,0.01802186483152976,136.70480811571312,136.70480811571312,5.9719613678841865,0.0,194.13168015941145,1.0
5.947579716600055,0.9702000288850311,46202.938734807794,0.060733399968757866,2794755.7669150317,0.023063114365851182,0.000521822496277887,0.03110448993746659,0.05668942679959566,209.53744906664716,318.79177298425043,3000.0,22.89109172174471,2.891091721744712,346.2255678103235,0.01802180209172326,136.68811874367637,136.68811874367637,5.971236339673287,0.0,194.11124284362478,1.0
5.95860494170839,0.9704002309438171,46222.00877716652,0.06070781595407916,2795332.4684628393,0.023062480404547687,0.0005213829522216129,0.031133253872140308,0.05671711722890961,209.7263272296194,318.8575560881211,3000.0,22.89089303174525,2.8908930317452515,346.2010731208799,0.01802099950116761,136.47474589126054,136.47474589126054,5.961966870492838,0.0,193.84990652299103,1.0
5.969630166816718,0.9706001223724768,46241.05315633991,0.060682286742645385,2795908.2752102846,0.023061847583453508,0.0005209445343107808,0.031161887647928783,0.05674467976569307,209.91470027079194,318.9232371240411,3000.0,22.89069435058803,2.890694350588031,346.17661643698193,0.01802019808920447,136.26191616619,136.26191616619,5.9527209650890125,0.0,193.58915020749532,1.0
5.973814911842978,0.9706759121919987,46248.274952055246,0.060672611160446574,2796126.595174081,0.02306160768710804,0.0005207784219213923,0.03117272188984204,0.05675510799887147,209.98606717323185,318.9481404122499,3000.0,22.89061894128959,2.8906189412895875,346.1673435648475,0.018019894212488268,136.18127639161565,136.18127639161565,5.949217744653243,0.0,193.49032917099228,1.0
5.9806794773873575,0.9708001396242574,46260.113449363205,0.06065675655788926,2796484.4444034956,0.023061214520546335,0.0005205062841003265,0.03119045366083446,0.05677217446548112,210.1029785232158,318.98895950336924,3000.0,22.890495244254566,2.8904952442545646,346.1521443586455,0.018019396106082143,136.0491658354297,136.0491658354297,5.94347847801928,0.0,193.32840628900175,1.0
5.991743522525949,0.9710001125828556,46279.17344770246,0.060631247108869905,2797060.4860058767,0.02306058175427613,0.0005200685740330867,0.031218927319808274,0.056799577648117494,210.29100045867787,319.05466732868615,3000.0,22.890295881279734,2.8902958812797346,346.1276776995727,0.01801859423385303,135.83667724089483,135.83667724089483,5.934247331070347,0.0,193.06789862601335,1.0
5.996690964409368,0.9710894327855941,46287.68808168615,0.06061985789114939,2797317.781557591,0.02306029917252586,0.0005198732088316362,0.031231617549110285,0.05681178993046779,210.3749129331017,319.08401647829095,3000.0,22.89020673621809,2.89020673621809,346.11674938724474,0.018018236046927785,135.74183645414303,135.74183645414303,5.930127150811843,0.0,192.9515981000654,1.0
6.0028388812640525,0.9712003397567002,46298.261609239955,0.06060572032645294,2797637.2599000586,0.02305994834026025,0.0005196307508537331,0.031247350749676793,0.05682692984079078,210.4790451375085,319.12045868495204,3000.0,22.890095962968395,2.890095962968396,346.10317993730575,0.018017791275422124,135.62413479979725,135.62413479979725,5.925013814673823,0.0,192.80724062278026,1.0
6.013959568147077,0.9714007115475827,46317.36749745918,0.060580190214507,2798214.450377717,0.02305931462560722,0.000519193054973751,0.031275707889877345,0.05685421557045832,210.6670077085347,319.18629755999814,3000.0,22.88989559722271,2.8898955972227105,346.07866448116766,0.01801698767010447,135.41165677263297,135.41165677263297,5.915783066702271,0.0,192.54657749882267,1.0
6.025080255030101,0.9716007713338575,46336.44756755305,0.06055471492017315,2798790.7420956856,0.023058682054204107,0.0005187564827276632,0.03130393398320936,0.05688137252014113,210.8544588279978,319.25203391546154,3000.0,22.88969524040708,2.889695240407079,346.0541871987428,0.0180161852492975,135.199728370745,135.199728370745,5.906576166731897,0.0,192.28650504563214,1.0
6.036200941913126,0.9718005199222629,46355.50187810231,0.06052929425666866,2799366.137377853,0.023058050622698837,0.0005183210297311935,0.03133202930648129,0.05690840095891132,211.04139900244905,319.3176680164232,3000.0,22.889494892508345,2.8894948925083455,346.0297479913267,0.018015384010077372,134.98834898887765,134.98834898887765,5.897393088960599,0.0,192.02702335079454,1.0
6.04666338911278,0.9719881618880147,46373.40488818599,0.060505427965933764,2799906.6583532053,0.023057457603672258,0.000517912369370655,0.03135834251105136,0.056933712484094276,211.21680806499788,319.3793240802939,3000.0,22.889306411443,2.889306411442998,346.0067900272301,0.018014631272789006,134.78998196223225,134.78998196223225,5.888775288308736,0.0,191.7834399352258,1.0
6.047326240236006,0.9720000407558322,46374.5383730053,0.0605039175304237,2799940.8765900116,0.023057420066616072,0.0005178865117411529,0.0313600057058147,0.056935312284171924,211.22790594410966,319.38322728089156,3000.0,22.88929447044022,2.889294470440218,346.00533664967793,0.018014583618003555,134.77743070556826,134.77743070556826,5.888230014237575,0.0,191.76802526034956,1.0
6.058524835485872,0.9722005631841726,46393.67436859769,0.06047842845586385,2800518.500993552,0.023056786501613157,0.0005174502534653461,0.03138803480819174,0.056962271563270245,211.41512625615937,319.4491156529288,3000.0,22.8890927369153,2.889092736915297,345.9808027630713,0.01801377914106524,134.56567650691196,134.56567650691196,5.879030595646362,0.0,191.50791806332862,1.0
6.069723430735745,0.9724007724937814,46412.78442113511,0.060452994214366354,2801095.2234280608,0.023056154082356995,0.0005170151169176017,0.03141593214658936,0.05698910134586396,211.6018300095844,319.5149011393006,3000.0,22.888891012392726,2.888891012392728,345.95630718649073,0.0180129758534235,134.35447717690633,134.35447717690633,5.869855254418522,0.0,191.24841014184645,1.0
6.08092202598561,0.972600669504735,46431.86859045576,0.06042761461768502,2801671.046255848,0.023055522805454115,0.0005165810976955719,0.03144369800403224,0.05701580190718193,211.78801773869827,319.58058400947056,3000.0,22.88868929685921,2.8886892968592086,345.93184981959996,0.01801217375210126,134.1438320809017,134.1438320809017,5.860703963477233,0.0,190.98950154789588,1.0
6.092120621235476,0.9728002550361717,46450.9269364014,0.06040228947819221,2802245.9718365213,0.023054892667518413,0.0005161481914154286,0.0314713326636067,0.057042373522540546,211.9736899819559,319.64616453259407,3000.0,22.88848759030147,2.888487590301471,345.90743056217764,0.018011372834123615,133.93374058022172,133.93374058022172,5.851576695568711,0.0,190.73119232427482,1.0
6.096635813816191,0.9728806385529608,46458.603832277055,0.06039209392755518,2802477.5243931306,0.023054638921885452,0.0005159739605730244,0.03148243770949603,0.05705305059195451,212.04840598995796,319.6725772341741,3000.0,22.888406266212833,2.8884062662128334,345.8975956519271,0.01801105024385897,133.84918966196912,133.84918966196912,5.847903436577549,0.0,190.62721347119847,1.0
6.103365815879465,0.9730003584774073,46470.038663115454,0.06037691356531083,2802822.3893068596,0.023054261050145654,0.000515714599232911,0.031498950583422156,0.05706892623280072,212.1596166800587,319.7119152323596,3000.0,22.88828505342456,2.8882850534245623,345.8829479385753,0.01801056977112598,133.7233312585166,133.7233312585166,5.842435592985103,0.0,190.47241137952042,1.0
6.114642492277444,0.9732007083859634,46489.177867847335,0.06035152137377019,2803399.516750343,0.02305362881095401,0.0005152809112730623,0.03152651354846778,0.05709542327069485,212.345543029709,319.7777469172331,3000.0,22.88808195859253,2.8880819585925304,345.8584351597363,0.0180097656520895,133.5128921300273,133.5128921300273,5.833293168539383,0.0,190.2135129267601,1.0
6.1259191686754155,0.9734007449516423,46508.29107057811,0.06032618383234589,2803975.7415791214,0.023052997716373824,0.0005148483385564245,0.03155394434434039,0.057121790399270636,212.53094834894662,319.8434756427906,3000.0,22.887878872821574,2.8878788728215725,345.8339607183475,0.018008962723886905,133.30301236940088,133.30301236940088,5.824175019018157,0.0,189.95522230676977,1.0
6.137195845073388,0.9736004690069917,46527.37833242116,0.06030090075196788,2804551.06619143,0.023052367762977678,0.000514416876681778,0.03158124326022853,0.05714802789988799,212.7158332039879,319.9091016825936,3000.0,22.88767579609828,2.887675796098277,345.8095245125469,0.018008160983489632,133.093691308559,133.093691308559,5.815081115892415,0.0,189.69753952639857,1.0
6.146608238519603,0.9737669355954545,46543.2902312564,0.0602798390850994,2805030.5894281375,0.023051842826061507,0.0005140575923380655,0.03160392829513705,0.057169828713536625,212.86975442282804,319.9637998657504,3000.0,22.887506299347603,2.8875062993476037,345.7891573524295,0.018007492695728922,132.9194029296015,132.9194029296015,5.807509179512068,0.0,189.48292279544063,1.0
6.148485456760501,0.9738001099475884,46546.46156465136,0.060275643035732025,2805126.151383589,0.023051738226693586,0.0005139860282465339,0.031608441673068706,0.05717416592800883,212.90040934872502,319.97470041225574,3000.0,22.887472495478857,2.8874724954788578,345.78509847582285,0.018007359510246422,132.88468912709783,132.88468912709783,5.806001040671817,0.0,189.44017004606158,1.0
6.159840376147076,0.974000591495437,46565.629086097986,0.06025029388928345,2805703.6580268885,0.023051106195522284,0.0005135538016711979,0.03163566467597453,0.05720032467316801,213.08552818680965,320.04057535163577,3000.0,22.887268027934265,2.887268027934265,345.76056959093773,0.018006554595428402,132.67504140412808,132.67504140412808,5.79689289443354,0.0,189.18192626292563,1.0
6.171195295533652,0.9742007587145689,46584.77049183174,0.0602249993893964,2806280.2592156753,0.023050475311018153,0.0005131226880959088,0.03166275484446889,0.057226352843582955,213.27012106423157,320.1063470077691,3000.0,22.887063569522624,2.8870635695226254,345.7360791641201,0.018005750875732904,132.46595809988852,132.46595809988852,5.787809244183066,0.0,188.9242987496483,1.0
6.182550214920233,0.9744006124510315,46603.88584425258,0.06019975934557363,2806855.957387072,0.02304984556971241,0.0005126926831026215,0.03168971247376309,0.05725225072657812,213.4541885750379,320.17201565865304,3000.0,22.886859120230387,2.886859120230387,345.71162709185637,0.018004948348077244,132.25743851681847,132.25743851681847,5.778750060112535,0.0,188.6672874767421,1.0
6.1939051343068074,0.9746001535498806,46622.975205760995,0.06017457356794782,2807430.754975345,0.023049216968143865,0.0005122637822919803,0.03171653785903084,0.057278018609466685,213.63773131714257,320.23758158195903,3000.0,22.886654680044032,2.886654680044031,345.6872132707539,0.018004147009381074,132.04948195361132,132.04948195361132,5.7697153122492635,0.0,188.41089240577588,1.0
6.196580663223014,0.9746471254585809,46627.469403511146,0.060168646990538026,2807566.062137595,0.023049069017998965,0.0005121628818194384,0.03172283943270004,0.05728407133251844,213.6809026692443,320.253015778629,3000.0,22.886606509680472,2.8866065096804734,345.6814662653377,0.018003958364860746,132.0005635960934,132.0005635960934,5.767590033072854,0.0,188.35056842717384,1.0
6.20530635425749,0.9748001945909993,46642.11631839069,0.060149339501263846,2808006.9926960645,0.023048586946641948,0.0005118342391368766,0.03174333987024435,0.05730376105602318,213.821495092504,320.30331177807244,3000.0,22.886449415385034,2.8864494153850346,345.66273828179584,0.018003343596304726,131.84124318929184,131.84124318929184,5.760668280011306,0.0,188.15407179235658,1.0
6.2167218469268075,0.9750001719786899,46661.25526680405,0.06012412827499981,2808583.0470568785,0.02304795728066674,0.0005114052647005854,0.03177004245611002,0.057329405001477346,214.0049600854342,320.36902105871627,3000.0,22.886243902933924,2.8862439029339244,345.63827108082427,0.018002540372166323,131.63331099539008,131.63331099539008,5.7516345431639495,0.0,187.89755197554018,1.0
6.223814911842978,0.9751242708505299,46673.134193230035,0.060108490522745944,2808940.5259554726,0.023047566610224727,0.0005111392753530141,0.031786567328152215,0.05734527321372996,214.11869056414866,320.40979790699635,3000.0,22.886116211514576,2.8861162115145773,345.6230876039687,0.018002041886225072,131.50439703982005,131.50439703982005,5.746033788540185,0.0,187.73847592734865,1.0
6.228152196817183,0.975200095606586,46680.39299441925,0.06009893861536978,2809158.9465573626,0.023047327938859847,0.000510976836834203,0.031796646774867446,0.0573549515505615,214.18813428448695,320.43471267477577,3000.0,22.886038132189405,2.8860381321894053,345.61381045735493,0.018001737297286095,131.42567617286798,131.42567617286798,5.742613702457161,0.0,187.64132213845616,1.0
6.239606927273154,0.9754001312853265,46699.54537520805,0.06007374962385342,2809735.1688312283,0.023046698399261947,0.0005105485998561499,0.03182317460844591,0.05738042160756401,214.3711682008803,320.5004411088999,3000.0,22.885831931744526,2.885831931744526,345.58933612448294,0.018000933705588737,131.21816792360264,131.21816792360264,5.733598337825433,0.0,187.38517194090812,1.0
6.246553087926426,0.9755212802113498,46711.14666771501,0.06005850143455797,2810084.1501233107,0.02304631720237117,0.0005102894532658532,0.031839196281709704,0.057395802937346724,214.48190152941365,320.54024865350124,3000.0,22.885706896057755,2.885706896057755,345.5745135730199,0.018000446988605704,131.09261204360624,131.09261204360624,5.728143449490213,0.0,187.2301474634577,1.0
6.251084138448598,0.9756002447709732,46718.70913608275,0.06004856562014789,2810311.6152354726,0.02304606876979407,0.0005101206271449532,0.031849621042106736,0.05740581043904576,214.55402884983053,320.5661951090937,3000.0,22.885625335841844,2.8856253358418424,345.5648522719486,0.01800012973454544,131.01082342211808,131.01082342211808,5.724590064704861,0.0,187.12914762959403,1.0
6.262595984706982,0.9758006465011567,46737.904440280916,0.06002336014809568,2810888.891956206,0.02304543838869865,0.0005096924692853475,0.031876013390815576,0.057431144248799575,214.73690654371066,320.6320438217017,3000.0,22.8854181257515,2.8854181257514977,345.5403331527419,0.017999324538523792,130.80342660903122,130.80342660903122,5.715579496528686,0.0,186.87298267985557,1.0
6.274107830965367,0.9760007329845289,46757.073482116306,0.05999820909523469,2811465.2605777667,0.023044809154208923,0.0005092654150042369,0.031902271951369104,0.05745634652058226,214.91924930214418,320.69778894939225,3000.0,22.885210924923538,2.8852109249235363,345.5158526039314,0.017998520542310954,130.59660330178724,130.59660330178724,5.706593822981056,0.0,186.6174505526642,1.0
6.285619677223751,0.9762005050927383,46776.21632654515,0.059973112268980146,2812040.723611022,0.02304418106278316,0.0005088394598718771,0.03192839703054944,0.05748141755320448,215.101057778013,320.7634307785747,3000.0,22.885003733344167,2.885003733344166,345.49141051887113,0.017997717742719615,130.39035274085813,130.39035274085813,5.697633011563608,0.0,186.36255113687193,1.0
6.296525512629837,0.9763894715263095,46794.3273400914,0.0599493864449773,2812585.0598450494,0.023043587086762768,0.000508436937908274,0.0319530239754008,0.05750504800007184,215.2728031858424,320.8255220407878,3000.0,22.884807457338894,2.8848074573388947,345.46829050635154,0.01799695830530446,130.19548732050913,130.19548732050913,5.689166822277849,0.0,186.12165374867266,1.0
6.297135664407317,0.9764000353871984,46795.339910285926,0.0599480604789616,2812615.490076199,0.023043553885571638,0.0005084144468475612,0.03195439826060467,0.05750636659302387,215.28239773808508,320.82899315173614,3000.0,22.88479647647575,2.884796476475748,345.46699801968396,0.017996915848434145,130.18460028159888,130.18460028159888,5.688693819734038,0.0,186.1081929643431,1.0
6.308726172118371,0.9766005409506727,46814.560903806436,0.05992290098335831,2813193.065898849,0.023042923797737123,0.0005079877852766218,0.03198043348939641,0.05753134507241016,215.46437262162,320.89487598225577,3000.0,22.884587887755274,2.8845878877552744,345.44246619649095,0.01799610996774165,129.97809357487097,129.97809357487097,5.679721837788375,0.0,185.8528279025774,1.0
6.320316679829425,0.9768007304780153,46833.75553860303,0.059897795874877036,2813769.7313486114,0.023042294857894653,0.0005075622245393893,0.032006334340613146,0.05755619142304719,215.6458079072026,320.96065496850025,3000.0,22.88437930836839,2.8843793083683926,345.4179730402674,0.01799530529038204,129.7721651330648,129.7721651330648,5.670774958952438,0.0,185.598103838145,1.0
6.331907187540479,0.9770006048540788,46852.923880910756,0.05987274495962547,2814345.488974391,0.023041667062462884,0.0005071377601922442,0.03203210112666765,0.057580905949322775,215.82670427500008,321.0263304012176,3000.0,22.884170738301176,2.8841707383011745,345.39351844275177,0.017994501813114693,129.5668141677517,129.5668141677517,5.661853149474019,0.0,185.34402062337506,1.0
6.34349769525154,0.9772001649625147,46872.06599694818,0.059847748044374004,2814920.3413216313,0.023041040407868852,0.0005067143878107845,0.03205773415977016,0.0576054889554498,216.007062408505,321.09190257076114,3000.0,22.88396217753973,2.8839621775397286,345.36910229582946,0.01799369953270214,129.36203988732447,129.36203988732447,5.652956375460689,0.0,185.09057810222518,1.0
6.346497937333249,0.9772517706757375,46877.01673345564,0.05984128628294362,2815068.9966095528,0.023040878381648238,0.0005066049738116607,0.032064347603009996,0.057611830958469896,216.05366111081688,321.1088593593868,3000.0,22.883908192396447,2.8839081923964485,345.3627883451809,0.017993492054312478,129.309127234364,129.309127234364,5.650657490285208,0.0,185.02507801706582,1.0
6.355146589252678,0.9774004145839859,46891.27818196348,0.059822679423451305,2815497.17987839,0.02304041174242547,0.000506289978508081,0.032083361866884846,0.0576300635878184,216.18778746725096,321.15770130294794,3000.0,22.88375257553173,2.883752575531731,345.344601787099,0.01799289441351313,129.15681431984805,129.15681431984805,5.644039975241995,0.0,184.83650426095218,1.0
6.366815875289646,0.97760069826891,46910.497572663444,0.0597976212167622,2816074.1165582454,0.02303978312462444,0.000505865923217494,0.03210889961137168,0.057654548659213614,216.36828519448375,321.22351122782516,3000.0,22.883542616000135,2.8835426160001365,345.32009711071066,0.017992089090471605,128.95181191622692,128.95181191622692,5.635133251879629,0.0,184.58263417226547,1.0
6.378485161326615,0.977800666090014,46929.6905814267,0.05977261716073959,2816650.143361574,0.023039155652364945,0.0005054429613961512,0.03213430273034829,0.05767890134410939,216.54823945245522,321.28921736504594,3000.0,22.883332665859065,2.8833326658590637,345.2956310802095,0.017991284970745407,128.74739162775427,128.74739162775427,5.626251801156558,0.0,184.32941298937666,1.0
6.3901544473635825,0.978000318944166,46948.85727575954,0.05974766706087454,2817225.262871891,0.023038529322034693,0.0005050210886065547,0.03215957154149793,0.057703121952139176,216.72765095173835,321.3548200093064,3000.0,22.883122725094488,2.883122725094489,345.2712035858638,0.0179904820510436,128.54355263412546,128.54355263412546,5.617395587935199,0.0,184.07684051964614,1.0
6.39647036203666,0.978108248519285,46959.22015544334,0.05973418544026847,2817536.164534955,0.023038190800397693,0.0005047932057483504,0.032173192191748835,0.057716176197894875,216.82452996858433,321.39028389261426,3000.0,22.883009100115906,2.8830091001159057,345.2579984198413,0.017990047976059624,128.43346845125694,128.43346845125694,5.612612742028163,0.0,183.94040804349453,1.0
6.401859921857595,0.9782002754231723,46968.05704020458,0.05972269359893389,2817801.2570032016,0.023037902192969056,0.0005045989971765825,0.032184784101553766,0.057727285291699404,216.907074268536,321.4205224197005,3000.0,22.8829121426737,2.8829121426736997,345.2467389430665,0.01798967784365611,128.33966467453047,128.33966467453047,5.608537229629678,0.0,183.8241363113715,1.0
6.413608091541479,0.9784006443897669,46987.300348820056,0.05969768324374832,2818378.4393452234,0.0230372739244962,0.0005041764590466075,0.03220995338425505,0.05775140376779786,217.0866043522797,321.486360366732,3000.0,22.882700801621144,2.882700801621143,345.22222383247953,0.017988871910388282,128.13561948019984,128.13561948019984,5.599672022592803,0.0,183.5711662790838,1.0
6.42535626122537,0.9786006968452191,47006.51719185807,0.059672726987348254,2818954.7099460424,0.02303664680247528,0.0005037550113015666,0.03223498750468247,0.05777538931845932,217.26558650115606,321.5520943134077,3000.0,22.882489470029736,2.8824894700297365,345.1977474469796,0.017988067183404288,127.93216094582351,127.93216094582351,5.590832287430187,0.0,183.3188531229519,1.0
6.437104430909255,0.9788004336996529,47025.70763812305,0.05964782463396763,2819530.0714273606,0.023036020823254833,0.0005033346494915358,0.03225988678587409,0.05779924225862046,217.44402145271462,321.61772455877923,3000.0,22.88227814788533,2.882278147885329,345.1733096752131,0.01798726365935942,127.72928822249847,127.72928822249847,5.582017987763277,0.0,183.06719661358372,1.0
6.4464427867400715,0.9789589755014115,47040.94290768177,0.059628068635643405,2819986.766543389,0.023035524059252497,0.0005030012850547482,0.03227958269083256,0.0578181080351398,217.585465528895,321.669818787361,3000.0,22.882110179395667,2.882110179395669,345.1539121114644,0.01798662581207041,127.56844658256941,127.56844658256941,5.575029819471771,0.0,182.8676287788,1.0
6.448865141591082,0.979000068574322,47044.89219976926,0.059622949491578835,2820105.139146025,0.0230353953167918,0.0005029149221866884,0.03228467791482057,0.05782298815379906,217.62209954912095,321.6833212952774,3000.0,22.882066609605637,2.882066609605638,345.14888438065424,0.017986460479082655,127.52678483153329,127.52678483153329,5.573219718624496,0.0,182.8159289253169,1.0
6.46067445034248,0.9792002119836385,47064.12955812561,0.05959802551935229,2820681.6717483173,0.0230347683705896,0.000502494546550981,0.0323094361719759,0.057846699089116486,217.80036323520682,321.749085127897,3000.0,22.881854206696662,2.881854206696661,345.12439686696376,0.017985655186120865,127.32403363175695,127.32403363175695,5.564410667143136,0.0,182.56428458537982,1.0
6.472483759093871,0.9794000392554426,47083.34045312256,0.05957315542206388,2821257.293685686,0.023034142568073894,0.0005020752547825066,0.032334059162148425,0.057870276985004826,217.9780762721188,321.8147450829294,3000.0,22.881641813290518,2.8816418132905164,345.0999480326466,0.01798485109851201,127.12187176052777,127.12187176052777,5.55562720532976,0.0,182.31330299939165,1.0
6.473814911842978,0.9794225441264537,47085.50426083159,0.05957035541897941,2821322.1211606073,0.023034072098780646,0.000502028059725783,0.032336826212567935,0.057872926371074364,217.9980736985612,321.82213981341465,3000.0,22.88161787276681,2.8816178727668116,345.097194565326,0.01798476053669053,127.09912086676479,127.09912086676479,5.55463873112029,0.0,182.28505374818133,1.0
6.484328128640535,0.9796001431739672,47102.58187239304,0.059548265405606225,2821833.7125309017,0.02303351605269758,0.0005016558024074725,0.03235861971436412,0.05789379156946918,218.15576458433443,321.8804959395242,3000.0,22.881428798837995,2.8814287988379963,345.0754653506481,0.01798404583096353,126.91970076631364,126.91970076631364,5.5468433322992095,0.0,182.06224171346102,1.0
6.496176952336767,0.9798000059971372,47121.804032389744,0.05952341986038444,2822409.436877446,0.0230328904454573,0.0005012372742889004,0.03238305401298035,0.057917181732726544,218.33296701742748,321.9461675761508,3000.0,22.881215713816168,2.881215713816167,345.0510121666271,0.01798324146697951,126.71804514919964,126.71804514919964,5.538081836826728,0.0,181.81175254439128,1.0
6.496415211443483,0.9798040216499599,47122.19028507801,0.05952292081080877,2822421.004356883,0.023032877877297877,0.000501228869489545,0.032383543956350964,0.05791765070313839,218.33652458383756,321.94748705362446,3000.0,22.881211429147044,2.8812114291470445,345.0505208521551,0.017983225304979467,126.71399626831754,126.71399626831754,5.537905921663919,0.0,181.80672248108013,1.0
6.508082004447941,0.9800004995389423,47141.09079284636,0.05949851043788672,2822986.9780705054,0.023032263017795044,0.0005008178454796299,0.03240746811496172,0.0579405489782364,218.5104543976323,322.01204645654764,3000.0,22.881001627194074,2.8810016271940757,345.0264818142834,0.01798243449767943,126.5160274166511,126.5160274166511,5.5293045941785515,0.0,181.560745805451,1.0
6.519988210416173,0.9802006949232429,47160.35280900919,0.059473652565253055,2823563.6603918066,0.023031636676864187,0.0005003994596902855,0.03243174842499951,0.05796378456155399,218.6874024054629,322.07782736729223,3000.0,22.880787529423554,2.880787529423553,345.00198794146195,0.017981628661543493,126.31458553599904,126.31458553599904,5.520552357455563,0.0,181.3103872532079,1.0
6.531894416384406,0.9804005736387418,47179.588281669356,0.05944884846120995,2824139.4305177527,0.023031011479803874,0.0004999821531534377,0.03245589290354105,0.05798688653649836,218.8637946022295,322.14350422587665,3000.0,22.880573441240287,2.8805734412402875,344.97753281301715,0.01798082403339218,126.11373821078766,126.11373821078766,5.511825939793903,0.0,181.0607009456128,1.0
6.543800622352646,0.9806001366202942,47198.7972821798,0.05942409792829896,2824714.2911412856,0.023030387422895395,0.0004995659214170386,0.03247990188347691,0.05800985522778934,219.03963178120222,322.20907733947905,3000.0,22.880359362629918,2.880359362629918,344.95311631456946,0.01798002060977839,125.91348453336724,125.91348453336724,5.503125302263368,0.0,180.81168657246067,1.0
6.5463876361468945,0.9806434565604047,47202.96757373575,0.05941872712854904,2824839.0784519864,0.02303025197648095,0.0004994756231249193,0.032485100735089235,0.05801482833469511,219.07776485427672,322.22331155933296,3000.0,22.880312848294192,2.880312848294193,344.94781612691827,0.017979846198604602,125.87005127264155,125.87005127264155,5.501238208900872,0.0,180.7576688623304,1.0
6.555768763960725,0.9808004204615198,47218.0796001266,0.059399272435263696,2825291.2282713833,0.02302976126498491,0.0004991486031855053,0.03250389953514453,0.05803280940331494,219.21582510597602,322.27488731571435,3000.0,22.88014418002386,2.880144180023859,344.9286116190577,0.017979214217261646,125.71278651308165,125.71278651308165,5.494405346572889,0.0,180.5620537016857,1.0
6.567754098942611,0.9810006742086748,47237.362957818375,0.0593744651257662,2825868.0787125756,0.02302913535454283,0.0004987317648076158,0.03252779512932916,0.0580556622486796,219.39171115179138,322.34068740353297,3000.0,22.87992869795208,2.8799286979520797,344.9041106055505,0.01797840787902265,125.51239945375912,125.51239945375912,5.485698889655779,0.0,180.31274196391644,1.0
6.579739433924505,0.9812006108556235,47256.61970787624,0.0593497115034391,2826444.015715711,0.02302851058816436,0.0004983160020962313,0.032551554431182225,0.05807838102144282,219.56703721435682,322.40638329743905,3000.0,22.87971322553728,2.8797132255372815,344.87964838920215,0.017977602750889148,125.31261117484533,125.31261117484533,5.477018437231861,0.0,180.06411012948521,1.0
6.591724768906391,0.981400231350131,47275.84992293952,0.059325011369692,2827019.0420109173,0.023027886962093538,0.0004979013105898542,0.03257517777845567,0.05810096605113907,219.74180411291636,322.47197530885256,3000.0,22.87949776276498,2.8794977627649816,344.85522485405374,0.017976798829361318,125.11342074113739,125.11342074113739,5.468363949175144,0.0,179.81615785188896,1.0
6.596360060850306,0.981477349393253,47283.28005013964,0.05931547296916044,2827241.1880522817,0.023027646081587944,0.0004977412162140018,0.032584277650724816,0.05810966494852676,219.80924491047796,322.49731502949163,3000.0,22.879414435774102,2.8794144357741023,344.8457894739771,0.017976488237966895,125.03654456349915,125.03654456349915,5.465023806203398,0.0,179.7204452155271,1.0
6.603758665546889,0.9816003435351156,47295.13143081099,0.059300264771760654,2827595.484668478,0.023027261952714605,0.0004974860121039006,0.03259876039958331,0.05812350836440182,219.91671738513807,322.53772888167026,3000.0,22.87928143667663,2.8792814366766315,344.8307411606552,0.017975992860966433,124.91402377551711,124.91402377551711,5.459700477099498,0.0,179.5678842681083,1.0
6.615823187513493,0.9818006469711344,47314.435303215534,0.059275508923812475,2828172.478243287,0.02302663649910249,0.0004970707317530121,0.03262226613825971,0.058145973369115214,220.0915116092396,322.60354529643234,3000.0,22.879064569783978,2.879064569783977,344.80623406772355,0.017975186055407485,124.71472245848395,124.71472245848395,5.451041150659312,0.0,179.31966581446653,1.0
6.627887709480097,0.9820006329455291,47333.71251019405,0.05925080667204748,2828748.5573389395,0.02302601218951487,0.0004966565233191989,0.03264563514727838,0.05816830386011246,220.26574176961392,322.6692573985259,3000.0,22.87884771261773,2.878847712617732,344.7817658161702,0.017974380461799888,124.51602404655628,124.51602404655628,5.44240800981797,0.0,179.0721348256289,1.0
6.639952231446702,0.9822003024189676,47352.963125678536,0.0592261578167709,2829323.724722732,0.023025389020158854,0.0004962433823322601,0.03266886776910432,0.05819050017159544,220.43940871122794,322.7348655036106,3000.0,22.878630865163295,2.8786308651632955,344.75733628845757,0.017973576076591027,124.31792757722963,124.31792757722963,5.433801013264537,0.0,178.82529091884726,1.0
6.646332485553717,0.9823057688671739,47363.13297993498,0.05921314392751765,2829627.5311085954,0.02302505992023538,0.0004960253250704976,0.03268109919017461,0.05820218443548049,220.53102409122914,322.769520043925,3000.0,22.878516190536406,2.8785161905364056,344.74443248561363,0.017973151169327795,124.21340839438449,124.21340839438449,5.429259806882266,0.0,178.69502654435126,1.0
6.652054084405439,0.9824002727185107,47372.24666719841,0.059201486135532735,2829899.7586654457,0.02302476506426765,0.0004958300309028626,0.0326920356021347,0.058212630697305215,220.6130480431415,322.8005724552057,3000.0,22.878413356464712,2.878413356464713,344.73286995471983,0.017972770412834925,124.11982191157833,124.11982191157833,5.425193608389194,0.0,178.57837309054113,1.0
6.664197839192483,0.9826006172256536,47391.57023095987,0.05917678263446012,2830476.870549632,0.02302414009357678,0.0004954163189191665,0.03271514639868657,0.05823470281118252,220.78672065241864,322.8664023652637,3000.0,22.87819510445066,2.8781951044506626,344.7083578367428,0.01797196317454587,123.92163718432414,123.92163718432414,5.416582760071696,0.0,178.33129446427262,1.0
6.676341593979521,0.9828006439811727,47410.86707799879,0.059152132628924825,2831053.0671192887,0.02302351626663545,0.0004950036749391712,0.032738120051733204,0.058256639993307824,220.95982521068365,322.93212786736404,3000.0,22.877976862232142,2.877976862232143,344.6838845956255,0.017971157149772942,123.72405938494185,123.72405938494185,5.407998274060255,0.0,178.08491076415598,1.0
6.68848534876656,0.9830003539586226,47430.13728354526,0.05912753591815659,2831628.351178834,0.023022893579614134,0.0004945920944847385,0.032760956908296536,0.05827844258239541,221.13236258833794,322.99774928140073,3000.0,22.87775862979444,2.8777586297944384,344.65945011225364,0.017970352334910657,123.5270875239157,123.5270875239157,5.399440107871512,0.0,177.83922157130337,1.0
6.696304910257129,0.9831287832573647,47442.53161721755,0.05911172580958609,2831998.304294289,0.023022493222845334,0.0004943276319410065,0.03277558969121758,0.05829241054600392,221.24316242980936,323.03994903674004,3000.0,22.877618111543356,2.8776181115433563,344.6437368083684,0.01796983474020516,123.40057437855901,123.40057437855901,5.393943275777246,0.0,177.68138568360737,1.0
6.7006509949786075,0.9832001072913065,47449.41558915833,0.05910294810539333,2832203.7601273586,0.02302227090925288,0.000494180834008551,0.032783698113607734,0.05830014985686917,221.3046431575036,323.0633849412543,3000.0,22.877540013743868,2.8775400137438663,344.63501032437586,0.017969547278787964,123.33036716687226,123.33036716687226,5.390892862291162,0.0,177.59378543615097,1.0
6.712856228075947,0.9834001931064151,47468.72990972495,0.05907833362921157,2832780.1268239203,0.02302164735464618,0.0004937692988888916,0.032806376056775347,0.05832179271031042,221.47691408133525,323.1291298493644,3000.0,22.877320696153443,2.877320696153442,344.6105298573273,0.01796874081596173,123.13361577599207,123.13361577599207,5.3823442618739685,0.0,177.3482502066511,1.0
6.723814911842978,0.9835795735268575,47486.04887587688,0.059056278446645794,2833296.8496126,0.023021088456487575,0.0004934006988083358,0.03282662099678229,0.0583411101520782,221.63110465236016,323.1880713053209,3000.0,22.877123786367957,2.8771237863679575,344.58858269196026,0.01796801775121824,122.95747803960009,122.95747803960009,5.3746912937048545,0.0,177.1283887029691,1.0
6.725065510113783,0.9836000280939853,47488.023940630505,0.05905376424421628,2833355.7709873044,0.023021024733667277,0.0004933586886152725,0.03282892432025263,0.05834330774253518,221.6486715882467,323.19479233967064,3000.0,22.877101315647586,2.8771013156475878,344.58608007898755,0.017967935297471333,122.93740849074084,122.93740849074084,5.373819296182141,0.0,177.10333411516694,1.0
6.737310387260038,0.9838001280262262,47507.3474800017,0.05902917652588015,2833932.1783496425,0.02302040143928538,0.0004929479429404081,0.032851400847016515,0.0583647502292423,221.82035757792983,323.26054188643826,3000.0,22.87688130542722,2.8768813054272178,344.5615978847101,0.017967128644274123,122.7412403067803,122.7412403067803,5.365296023879866,0.0,176.85840731142216,1.0
6.74627733496054,0.9839464603947169,47521.48120390816,0.05901120462892089,2834353.7030028584,0.023019945722618822,0.0004926478248791338,0.032867773330802895,0.05838036687830085,221.94572058275492,323.308624296052,3000.0,22.87672019776982,2.876720197769819,344.5436941431429,0.01796653869938584,122.59797356038797,122.59797356038797,5.359071252370332,0.0,176.67949341603634,1.0
6.749570638728475,0.9840001614706733,47526.66852743383,0.059004611208215735,2834508.394187408,0.02301977850404286,0.0004925377422965462,0.03287376801403872,0.05838608426037813,221.99168586062504,323.3262695864103,3000.0,22.87666102885676,2.8766610288567573,344.53712382520354,0.017966322192358497,122.5454379645785,122.5454379645785,5.356788641926325,0.0,176.61387819050256,1.0
6.7618729474605646,0.9842005625380265,47546.02902215893,0.05898001499926244,2835085.668998794,0.02301915457632682,0.0004921271968836563,0.03289607388809728,0.05840735566130776,222.1630261904078,323.39211808122315,3000.0,22.876440006585746,2.876440006585745,344.512604787094,0.017965514191419285,122.3495785966862,122.3495785966862,5.348278777705962,0.0,176.369219051479,1.0
6.774175256192655,0.984400645492489,47565.362717564705,0.05895547205537619,2835662.027454986,0.023018531791092152,0.0004917177111567029,0.0329182418609717,0.05842849136322055,222.33379077853456,323.457862049372,3000.0,22.876218994247527,2.8762189942475276,344.48812467004507,0.017964707406263113,122.1543338915105,122.1543338915105,5.339795615797677,0.0,176.1252694514974,1.0
6.786477564924752,0.9846004113329699,47584.66969145833,0.05893098217376652,2836237.472433439,0.023017910144438228,0.0004913092806246914,0.032940272288263926,0.05844949171332685,222.50398054498314,323.52350181908196,3000.0,22.875997991827173,2.8759979918271723,344.4636833518404,0.01796390183318011,121.95970280685728,121.95970280685728,5.331339111431527,0.0,175.88202890032383,1.0
6.796249759663952,0.9847588676556899,47599.98696823655,0.0589115666043592,2836693.9213187634,0.023017417155538625,0.0004909855976414656,0.03295767411290791,0.058466076866088006,222.63875975277648,323.57556796065745,3000.0,22.87582244820319,2.8758224482031918,344.44429624643834,0.017963262796975646,121.80553649366186,121.80553649366186,5.324640754205068,0.0,175.68931859792775,1.0
6.798796181884524,0.9848001252425396,47603.97556239899,0.058906512793086785,2836812.7678198395,0.02301728881066074,0.0004909013614801143,0.0329621944561702,0.058470384628311056,222.67382087761516,323.5891245251486,3000.0,22.875776706363517,2.8757767063635167,344.4392483873743,0.017963096402981035,121.76542750975912,121.76542750975912,5.322898062555698,0.0,175.6391758652555,1.0
6.811177786985229,0.9850005419571398,47623.35330808931,0.058881971498039885,2837390.087704646,0.023016665442358634,0.0004904924136395535,0.03298409046503744,0.05849124832103563,222.84395073790924,323.65497816138947,3000.0,22.875554299402943,2.8755542994029444,344.41472743482666,0.017962288071550703,121.57077669691742,121.57077669691742,5.314440695327345,0.0,175.39579644283944,1.0
6.823559392085935,0.9852006404896215,47642.70422339742,0.05885748333816406,2837966.4910348407,0.02301604321554005,0.0004900845210814869,0.03300584822858228,0.05851197596520382,223.01350115493955,323.7207272482192,3000.0,22.87533190244328,2.87533190244328,344.3902454118096,0.017961480956596644,121.37674425687004,121.37674425687004,5.306010193622851,0.0,175.15313370682685,1.0
6.835940997186647,0.9854004218514385,47662.02838741698,0.05883304810971458,2838541.9807240153,0.023015422126269627,0.0004896776793098305,0.03302746810642728,0.05853256791200674,223.18247307283823,323.7863721179849,3000.0,22.875109515469486,2.8751095154694855,344.365802194572,0.017960675054357136,121.18332912173375,121.18332912173375,5.297606511557136,0.0,174.91118713176252,1.0
6.846222184367363,0.9855660719607369,47678.0541240559,0.0588127981567553,2839019.152012892,0.023014907260345916,0.0004893406495693364,0.03304531585798238,0.05854956376789763,223.32234162125488,323.8408020195166,3000.0,22.874924861843382,2.8749248618433807,344.34553493054796,0.017960006784414752,121.02319330929308,121.02319330929308,5.290648779842173,0.0,174.71082827139404,1.0
6.848336053498638,0.9856001035771007,47681.3468292466,0.05880863914946525,2839117.183401533,0.02301480149772571,0.0004892714435654376,0.033048973720931116,0.05855304666222226,223.35105006483835,323.85198424894884,3000.0,22.87488689688456,2.8748868968845627,344.3413711678017,0.017959869487523542,120.99032110296335,120.99032110296335,5.2892205171708015,0.0,174.66969450485288,1.0
6.860796951193776,0.9858005276372888,47700.74102524789,0.058784153591039244,2839694.524446021,0.023014178713650624,0.0004888641023762008,0.03307045500811872,0.058573497824145546,223.519940052199,323.91784029882905,3000.0,22.87466310582765,2.8746631058276506,344.3168493165225,0.017959060859050618,120.79690926432352,120.79690926432352,5.280816976646478,0.0,174.42764145643204,1.0
6.873257848888914,0.9860006335219015,47720.108366800945,0.05875972102805344,2840270.9489547457,0.023013557069815175,0.0004884578119034094,0.03309179772874025,0.05859381261045883,223.68824699160987,323.98359180144814,3000.0,22.87443932483939,2.8744393248393902,344.29236639397345,0.017958253447447198,120.60411940236358,120.60411940236358,5.2724404602738995,0.0,174.1863121329729,1.0
6.885718746584051,0.9862004222548758,47739.4489342871,0.05873534125584285,2840846.4598772572,0.02301293656224975,0.0004880525676467242,0.03311300224625418,0.058613991376150656,223.85597185091913,324.0492390932549,3000.0,22.87421555390464,2.8742155539046412,344.2679222748759,0.017957447248899843,120.41195042395677,120.41195042395677,5.26409092107215,0.0,173.94570597412383,1.0
6.896194609070774,0.9863681397719974,47755.68787009349,0.05871488590587941,2841329.5865359185,0.02301241577851971,0.00048771268547515776,0.0331307221928589,0.058630850656853764,223.99652828214195,324.1043483109955,3000.0,22.874027437702612,2.8740274377026114,344.2474020638398,0.017956770414495962,120.25087378169783,120.25087378169783,5.2570923117584325,0.0,173.7439877749498,1.0
6.898192273057855,0.9864000968583841,47758.78236859476,0.05871098944216203,2841421.642038716,0.02301231655984832,0.0004876479560050058,0.03313409020401846,0.058634054719871785,224.02328470037062,324.1148488839962,3000.0,22.873991566237855,2.873991566237856,344.24349211950005,0.017956641444377877,120.22020741912942,120.22020741912942,5.255759890922367,0.0,173.70557966450028,1.0
6.910732446887907,0.986600520063813,47778.192222116995,0.058686560424984484,2841998.9806209877,0.023011694384426355,0.0004872422301938523,0.03315515197450812,0.05865408858912833,224.19090553795618,324.1807046530167,3000.0,22.873766391905843,2.8737663919058436,344.2189703728005,0.0179558325519351,120.02806483484434,120.02806483484434,5.247411500946242,0.0,173.4648996325041,1.0
6.923272620717953,0.9868006251771668,47797.57520425846,0.05866218425363132,2842575.402908026,0.02301107334775136,0.0004868375503707631,0.03317607487986954,0.05867398577799166,224.35793982057183,324.24645590221274,3000.0,22.873541227709847,2.8735412277098478,344.19448754461484,0.017955024876449885,119.83654772404302,119.83654772404302,5.2390902891271,0.0,173.22495025326296,1.0
6.935812794547999,0.9870004132347934,47816.931396688444,0.05863786072255246,2843150.9118851325,0.023010453445819937,0.00048643391203199185,0.03319685928720512,0.058693746645057054,224.52438853930445,324.31210297211135,3000.0,22.87331607363463,2.8733160736346304,344.17004350814597,0.01795421841405724,119.64565496884151,119.64565496884151,5.23079620740927,0.0,172.985730931913,1.0
6.946167033774185,0.98716513709246,47832.893389350706,0.058617816667215904,2843625.415015885,0.023009942454252252,0.000486101415528851,0.03321391654135084,0.058709960411131946,224.66138217909398,324.3662285225906,3000.0,22.873130174805407,2.873130174805406,344.149889570859,0.0179535534413769,119.48850739176501,119.48850739176501,5.223968319096997,0.0,172.7887608497285,1.0
6.948363702447845,0.9872000558791353,47836.27741514043,0.05861356887391642,2843726.0019850973,0.023009834145470167,0.000486030966520777,0.03321752317638072,0.058713388288371665,224.69039441163233,324.3777022615962,3000.0,22.873090736951816,2.873090736951818,344.1456172629689,0.017953412472138292,119.4552228513366,119.4552228513366,5.222522142945681,0.0,172.74703723891722,1.0
6.960965455019077,0.9874001898452327,47855.67497148073,0.05858923125598215,2844302.5073852763,0.023009213471845598,0.0004856274292374922,0.03323813193526234,0.05873297283634543,224.8564846531963,324.4434629913293,3000.0,22.87286449758237,2.8728644975823685,344.1211309046547,0.017952604480069953,119.2646462514584,119.2646462514584,5.214241804478163,0.0,172.5081111204186,1.0
6.9735672075903015,0.9876000067687591,47875.04572185625,0.05856494617724207,2844878.0995134213,0.023008593932048987,0.0004852249301461908,0.03325860194161906,0.05875242080381424,225.02198658018762,324.50911954608785,3000.0,22.872638268387387,2.872638268387386,344.09668333644777,0.01795179770133887,119.07469675626015,119.07469675626015,5.20598871713173,0.0,172.26992040740566,1.0
6.973814911842978,0.9876039312667231,47875.426211713435,0.05856446934675834,2844889.4044124014,0.023008581765503404,0.00048521702886355106,0.0332590029188961,0.05875280171326305,225.0252338523805,324.5104090715741,3000.0,22.872633821652716,2.8726338216527147,344.09620317475793,0.01795178185515994,119.07096932237744,119.07096932237744,5.205826764456709,0.0,172.26524581682793,1.0
6.9862077994437755,0.9878001220791516,47894.44932698037,0.05854063882622676,2845454.551174024,0.023007973617830208,0.00048482222901485644,0.033278996014067114,0.05877179186091218,225.18740857106366,324.57487414586313,3000.0,22.872411352148,2.8724113521480006,344.072199260656,0.017950989651102887,118.88479068959236,118.88479068959236,5.197737521384147,0.0,172.03173375683747,1.0
6.996139458477597,0.9879571294656118,47909.67584855752,0.05852157744877836,2845906.826257196,0.02300748703442344,0.000484506555146301,0.03329492211540048,0.058786915704970216,225.31696604492788,324.62646419081375,3000.0,22.872233072188568,2.8722330721885676,344.0529894323705,0.017950355620590105,118.73602338744263,118.73602338744263,5.191273760314177,0.0,171.84510974260743,1.0
6.99886144276666,0.9880001266215978,47913.84611985925,0.05851635890905417,2846030.6837567585,0.02300735379762564,0.0004844201492740831,0.03329927206208826,0.05879104600898799,225.35241053601726,324.64059234911304,3000.0,22.872184211838917,2.872184211838918,344.04772873730457,0.017950181981403798,118.69531820128731,118.69531820128731,5.189505169333552,0.0,171.79404099985504,1.0
7.011560068188085,0.9882005239676891,47933.284946066335,0.05849204531103684,2846607.947848687,0.023006732911103032,0.0004840176789182193,0.03331948066684184,0.05881023125686309,225.51740580634203,324.70643962118044,3000.0,22.871956274341613,2.8719562743416143,344.02321015449087,0.01794937265854899,118.50580434814884,118.50580434814884,5.181271025823528,0.0,171.55624678228946,1.0
7.024258693609511,0.9884006036234664,47952.69688889591,0.05846778422986955,2847184.2968026944,0.02300611315958728,0.00048361624460968827,0.03333954987628192,0.05882927928047889,225.6818078023207,324.7721825054356,3000.0,22.871728347113873,2.871728347113873,343.9987304410355,0.017948564551895113,118.3169226387148,118.3169226387148,5.1730643545197985,0.0,171.3191967347124,1.0
7.036957319030943,0.9886003666496491,47972.08203257136,0.058443575458364566,2847759.7336742873,0.02300549453900974,0.0004832158418409001,0.03335948006417614,0.05884819044502679,225.84561755977657,324.83782135041344,3000.0,22.871500430140276,2.871500430140275,343.97428946715974,0.017947757657475527,118.12867190738316,118.12867190738316,5.164885105295151,0.0,171.0828901948451,1.0
7.046111883181008,0.9887441819700362,47986.04039714429,0.05842615544859473,2848174.0077250567,0.023005049268591347,0.0004829278248905915,0.03337376190620497,0.058861738999686906,225.96334283881114,324.88507669941725,3000.0,22.871336128901092,2.87133612890109,343.95669368602006,0.017947176709073406,117.99335084720892,117.99335084720892,5.159005585952979,0.0,170.91299531288013,1.0
7.049678034336936,0.9888001607793572,47991.47411295374,0.0584193768136688,2848335.2601426165,0.023004875972131508,0.00048281577228355524,0.03337930591109227,0.05886699765550733,226.00911952732713,324.90347041549813,3000.0,22.871272126959372,2.8712721269593726,343.9498446877727,0.017946950570849194,117.9407251604456,117.9407251604456,5.156719071232758,0.0,170.84691736743,1.0
7.0624558093972185,0.9890005333687185,48010.92627454922,0.0583951220526456,2848912.4529203707,0.023004255764946576,0.0004824149412307932,0.03339908099615363,0.058885751702331,226.172758688162,324.9693095529112,3000.0,22.871042810034997,2.8710428100349974,343.92532913394086,0.01794614108061609,117.75257044577887,117.75257044577887,5.148544009288166,0.0,170.610635833965,1.0
7.075233584457501,0.9892005885878177,48030.35155792369,0.05837091962909309,2849488.731482145,0.02300363669051745,0.0004820151410149374,0.03341871645363012,0.05890436828516251,226.3358013627013,325.03504440767585,3000.0,22.87081350344634,2.87081350344634,343.90085241030914,0.017945332805731216,117.56505104760785,117.56505104760785,5.140396559566729,0.0,170.3751050574698,1.0
7.0880113595177905,0.9894003275094203,48049.750048574984,0.05834676933506044,2850064.098918144,0.023003018744743673,0.0004816163671277747,0.0334382126603084,0.05892284777217985,226.498248608278,325.1006753322851,3000.0,22.870584207177895,2.8705842071778958,343.87641438562486,0.017944525742177454,117.37816577734685,117.37816577734685,5.132276670943452,0.0,170.14032434275194,1.0
7.09608430788442,0.9895263592186988,48061.99216667388,0.058331538051702714,2850427.1455434104,0.023002628908968727,0.0004813649503667073,0.033450458676324284,0.05893445253565972,226.60057568928733,325.1420872791589,3000.0,22.870439344004126,2.8704393440041263,343.86099442642194,0.017944016465181317,117.26041873713461,117.26041873713461,5.127160741137071,0.0,169.99237713072932,1.0
7.100818252677303,0.9896002052934935,48069.165946066765,0.058322616106944856,2850639.8663610276,0.023002400519199852,0.0004812177098448247,0.03345761394528636,0.05894123217433104,226.66046963628548,325.16635188481837,3000.0,22.870354398727223,2.870354398727223,343.85195937113986,0.017943718050927683,117.19148973485437,117.19148973485437,5.124165882684192,0.0,169.90576053240088,1.0
7.113675109188696,0.9898005454212304,48088.630690693964,0.05829842090576998,2851216.9656299083,0.02300178101396267,0.0004808185252750322,0.03347695097406545,0.058959550513303156,226.8227240258841,325.2321803558756,3000.0,22.870123704124897,2.8701237041248966,343.82744778898245,0.017942908424517658,117.00472376309835,117.00472376309835,5.116051197484129,0.0,169.67103809864244,1.0
7.126531965700088,0.990000568579568,48108.06856985795,0.05827427785272757,2851793.151837533,0.023001162638973324,0.00048042036617269737,0.03349614816439948,0.0589777311695455,226.98437881593148,325.2979046760012,3000.0,22.86989301992401,2.869893019924011,343.8029749879797,0.01794210001228082,116.81859617204825,116.81859617204825,5.107964259836157,0.0,169.43707289284347,1.0
7.13938882221148,0.9902002758532022,48127.47967032718,0.058250186739143076,2852368.428108474,0.023000545390100203,0.0004800232280298799,0.03351520589587513,0.058995774514005214,227.1454350846394,325.3635252016086,3000.0,22.86966234610898,2.869662346108982,343.7785408354192,0.017941292810149945,116.63310575077983,116.63310575077983,5.099905017645512,0.0,169.20386418751724,1.0
7.146056732587831,0.9903037253604011,48137.53627049187,0.05823771282695919,2852666.424499137,0.023000225710393306,0.00047981766211476824,0.03352503495244766,0.05900507832495573,227.22872784086164,325.3975170082798,3000.0,22.869542716570802,2.8695427165708023,343.7658838049806,0.017940874648687464,116.53715596411897,116.53715596411897,5.095736167898037,0.0,169.0832135707207,1.0
7.152283707237209,0.990400257629792,48146.92137524389,0.058226076329027904,2852944.49511194,0.022999927442478956,0.00047962593619864586,0.033534180299402194,0.0590137336780798,227.30636763664725,325.4292359243725,3000.0,22.86943100041426,2.869431000414261,343.75407309746663,0.017940484431842176,116.44770546081938,116.44770546081938,5.0918497035938515,0.0,168.97072481247824,1.0
7.1652195638144525,0.990600557736998,48166.39796287769,0.05820194138787945,2853521.4790977794,0.02299930866128063,0.0004792284048732643,0.03355307480240812,0.05903161186856202,227.46720877210336,325.4950512453414,3000.0,22.869198930119325,2.8691989301193255,343.72956641181474,0.01793967469989811,116.26235763971138,116.26235763971138,5.083796681946339,0.0,168.73760779787392,1.0
7.178155420391688,0.9908005413573826,48185.84770552038,0.05817785839555939,2854097.5514124758,0.022998691007563465,0.0004788318934879123,0.033571829277113954,0.05904935217816533,227.62744729333699,325.56076257394596,3000.0,22.868966870291118,2.868966870291117,343.70509844827416,0.017938866180625766,116.07765115493717,116.07765115493717,5.075771538491871,0.0,168.50525436540966,1.0
7.1910912769689235,0.9910002095874462,48205.27069120608,0.05815382714271015,2854672.715214606,0.022998074477165353,0.0004784363975358329,0.03359044410568092,0.05906695498038211,227.78708429876824,325.62637027047816,3000.0,22.868734820913975,2.868734820913974,343.6806690726882,0.017938058869908208,115.89358477391997,115.89358477391997,5.067774220195718,0.0,168.27366375598544,1.0
7.1960291572912425,0.9910763440796183,48212.677803227554,0.058144667524110565,2854892.0280415737,0.022997839430303542,0.0004782856955091414,0.033597513018420413,0.059073638144233095,227.84786260098906,325.65138681245116,3000.0,22.868646245686193,2.8686462456861928,343.67135402991084,0.017937751020793462,115.82349142892178,115.82349142892178,5.0647288074942365,0.0,168.18546190487783,1.0
7.204065113652548,0.9912001483697321,48224.72391693499,0.05812977709116767,2855248.6583687877,0.02299745726071148,0.0004780407557941727,0.03360897370933275,0.0590844717258384,227.9465869405207,325.6920668660209,3000.0,22.868502100713567,2.868502100713568,343.6562065950817,0.01793725039864937,115.70961965456101,115.70961965456101,5.059781316020279,0.0,168.0421586071411,1.0
7.217062398920421,0.991400132620161,48244.18549224755,0.0581057353364141,2855824.732498388,0.02299684005333041,0.0004776454141114901,0.033627396723328276,0.05910188219077018,228.1057733881983,325.75777840164767,3000.0,22.868268970410117,2.868268970410118,343.6317385544553,0.01793644167683987,115.52596516625701,115.52596516625701,5.051801923256161,0.0,167.811002885297,1.0
7.223814911842978,0.9915039065125277,48254.285851875415,0.058093265243376505,2856123.663312151,0.02299651983692291,0.0004774404207978882,0.03363691286369687,0.05911087312141767,228.18823748438618,325.79187679595003,3000.0,22.868147855773042,2.868147855773042,343.61904183554395,0.017936021996455807,115.43080435115778,115.43080435115778,5.0476673965538215,0.0,167.69121306103477,1.0
7.230078629140659,0.9916000926044466,48263.648631538344,0.058081710252123796,2856400.736726997,0.022996223070199148,0.0004772505099294346,0.033645706463036516,0.059119180043165104,228.264586639038,325.82348196381884,3000.0,22.86803551082028,2.868035510820281,343.6072734827876,0.0179356329864695,115.34268684374962,115.34268684374962,5.043838889841406,0.0,167.58027966254016,1.0
7.2431153446610255,0.9918000516612552,48283.11560573858,0.05805769901974498,2856976.7382839182,0.02299560623921097,0.0004768559966077807,0.0336639048435769,0.05913636707939565,228.4230438558283,325.8891852212363,3000.0,22.867801694348408,2.86780169434841,343.58280852459654,0.017934824233163203,115.15976466876825,115.15976466876825,5.035891346618991,0.0,167.34996434178208,1.0
7.246001581994654,0.9918442785965395,48287.4218403218,0.058052390070906346,2857104.138282639,0.02299546982871428,0.00047676879065977184,0.033667914908705576,0.05914015352807963,228.45804328894212,325.9037174647873,3000.0,22.867749930447307,2.867749930447307,343.57739736623284,0.017934645344136857,115.11935407729072,115.11935407729072,5.03413560264689,0.0,167.29907839317795,1.0
7.256196319153724,0.9920003731980102,48302.621804958006,0.05803365802649286,2857553.783999663,0.0229949884396703,0.00047646115773475957,0.03368202439315833,0.05915347399056339,228.5814306092483,325.9550075836026,3000.0,22.867567094671067,2.8675670946710663,343.55829921704276,0.01793401394690433,114.97686860779447,114.97686860779447,5.027944955044564,0.0,167.1196418707191,1.0
7.269289878462226,0.992200571215329,48322.11991231783,0.058009645610950275,2858130.473905629,0.022994371170619782,0.0004760669514500811,0.03370002070809554,0.059170458830165404,228.73936054864947,326.0207893595136,3000.0,22.86733227989906,2.867332279899059,343.53380502207204,0.01793320409340589,114.79444447342257,114.79444447342257,5.0200190852314535,0.0,166.88987419424393,1.0
7.2823834377707275,0.9924004539592257,48341.5912391781,0.05798568471577261,2858706.2556357686,0.0229937550227355,0.0004756737535819896,0.03371787667619841,0.0591873054525159,228.8966821387121,326.08646754176334,3000.0,22.867097475723,2.867097475723,343.5093494007534,0.017932395448582755,114.61266726204133,114.61266726204133,5.012121340879427,0.0,166.66088245609444,1.0
7.295476997079237,0.9926000225493351,48361.0358760803,0.05796177513036788,2859281.132415296,0.022993139991796627,0.00047528155962895904,0.03373559268407124,0.05920401423549683,229.0533965160665,326.1520424982453,3000.0,22.866862682127092,2.866862682127092,343.48493221609965,0.01793158800822009,114.43153570003315,114.43153570003315,5.004251667172238,0.0,166.43266583629222,1.0
7.295974006698065,0.9926075916655986,48361.77343741522,0.05796086857045392,2859302.9359925976,0.022993116668197516,0.00047526669231893326,0.03373626240211184,0.059204645762628294,229.0593331851724,326.15452958536315,3000.0,22.866853769962983,2.8668537699629817,343.48400613595163,0.017931557382804997,114.42467295077924,114.42467295077924,5.003953499763185,0.0,166.42401837348058,1.0
7.308646245849662,0.9928004290246096,48380.56608546311,0.05793777887521017,2859858.4228047268,0.02299252252796613,0.0004748881066433418,0.03375327031551366,0.05922068095012313,229.21040546668468,326.21789277001216,3000.0,22.866626541924546,2.8666265419245454,343.4604125163318,0.017930777110988005,114.25000704964714,114.25000704964714,4.9963647606776105,0.0,166.2039109929075,1.0
7.3218184810244225,0.9930005653078532,48400.07389861749,0.05791382867573223,2860434.9348796713,0.022991906045861703,0.000474495571261644,0.03377081110544749,0.059237212722570834,229.3668378656442,326.2836542611214,3000.0,22.866390358846804,2.866390358846805,343.4359258745152,0.017929967240173754,114.069088008871,114.069088008871,4.9885043602755905,0.0,165.9758869714181,1.0
7.334990716199184,0.9932003870500945,48419.55497550047,0.05788992976747859,2861010.540888595,0.022991290681372435,0.00047410403830316927,0.03378821141886943,0.05925360613854504,229.5226591937547,326.3493123992304,3000.0,22.86615418642893,2.8661541864289277,343.41147771673917,0.017929158575532483,113.88881852298448,113.88881852298448,4.980672201999649,0.0,165.74864488979892,1.0
7.345946431401477,0.9933663455754765,48435.73762988612,0.05787009129846333,2861488.600600068,0.022990779713859103,0.0004737791497875732,0.03380257701605397,0.059267135879700644,229.65179548351924,326.4038436412148,3000.0,22.86595776335385,2.8659577633538498,343.39117271805736,0.017928486902342937,113.73937723453813,113.73937723453813,4.9741794510275295,0.0,165.5602363474309,1.0
7.348176167600214,0.9934000954000141,48439.02891395916,0.05786605803740227,2861585.820259881,0.022990675814504154,0.000473713111930566,0.03380548889190084,0.059269877818335565,229.67802602953466,326.4149332784874,3000.0,22.86591778770991,2.8659177877099125,343.38704343249543,0.017928350303243527,113.70901740296077,113.70901740296077,4.972860414292125,0.0,165.52195707345476,1.0
7.36142694356983,0.9936004779290543,48458.572528085955,0.057842119390527996,2862163.041669849,0.02299005902102271,0.00047332125163614597,0.03382271094027283,0.059286091212931685,229.83354807588555,326.48077568191553,3000.0,22.86568022853152,2.8656802285315206,343.3625266625454,0.017927539235517275,113.52897858665986,113.52897858665986,4.9650383217114955,0.0,165.29493380132922,1.0
7.374677719539445,0.9938005455898904,48478.089365169355,0.05781823200829256,2862739.3560712594,0.02298944334563003,0.0004729303921329868,0.03383979201002481,0.05930216574778782,229.98845525354744,326.54651462483025,3000.0,22.8654426800924,2.865442680092399,343.3380484166692,0.01792672937543891,113.34959316312177,113.34959316312177,4.957244639825347,0.0,165.06869922731914,1.0
7.38792849550906,0.9940002995271201,48497.57951834737,0.05779439567820525,2863314.766761237,0.022988828784036866,0.0004725405289068868,0.03385673249259962,0.05931810180554338,230.14274873534117,326.61215048332764,3000.0,22.865205142376574,2.8652051423765745,343.31360855482535,0.0179259207186898,113.17085981948418,113.17085981948418,4.949479312116129,0.0,164.84325247694065,1.0
7.395918856104888,0.9941206021536271,48509.319432836994,0.05778004670002781,2863661.310205058,0.022988458733301922,0.00047230591681544616,0.03386688000156782,0.05932764465168519,230.2354932485152,326.6516799478267,3000.0,22.86506190975216,2.8650619097521615,343.298889547971,0.017925433669742762,113.06339629945577,113.06339629945577,4.944810416246159,0.0,164.70768605898243,1.0
7.4012103922808645,0.9942002089244485,48517.08876159456,0.057770554385614355,2863890.625269184,0.022988213892513872,0.00047215074532447706,0.03387357207055821,0.05933393670839656,230.2967899084888,326.67783742345665,3000.0,22.864967057524254,2.8649670575242547,343.2891496724637,0.017925111365969415,112.99235976397489,112.99235976397489,4.941724144176805,0.0,164.61806596166488,1.0
7.414539560306718,0.9944005152398614,48536.64067516583,0.05774667937894217,2864467.6271383683,0.022987597928921768,0.000471760571714961,0.03389033036658138,0.059349688867218114,230.45076181848444,326.74365478434026,3000.0,22.864728136109473,2.8647281361094734,343.2646422272387,0.017924300339435144,112.81388040875427,112.81388040875427,4.9339699005907365,0.0,164.3928719710549,1.0
7.427868728332578,0.9946005075789023,48556.16587104671,0.057722855388413485,2865043.7245680047,0.02298698307936456,0.00047137139259384003,0.03390694759031195,0.05936530206227035,230.60411631363124,326.8093689777519,3000.0,22.864489225496968,2.8644892254969667,343.24017319697185,0.017923490517408377,112.63605688334061,112.63605688334061,4.926244175957201,0.0,164.1684724727505,1.0
7.441197896358431,0.9948001870973027,48575.66444361189,0.05769908220105822,2865618.9208872886,0.022986369339525928,0.00047098320345260065,0.033923424134609984,0.05938077667758851,230.75685458332754,326.87498038344586,3000.0,22.86425032567071,2.8642503256707084,343.21574244025976,0.017922681895522857,112.45888785693222,112.45888785693222,4.918546912980113,0.0,163.94486656456922,1.0
7.4458912808083,0.9948704227666838,48582.52384068764,0.05769072338695032,2865821.241580138,0.022986153496602355,0.0004708467515115757,0.03392919233828949,0.05938619258640342,230.81048937092893,326.8980586692654,3000.0,22.864166208301754,2.8641662083017554,343.20714911749485,0.017922397453449618,112.39665974656592,112.39665974656592,4.9158433647913125,0.0,163.8663205755757,1.0
7.454566596575679,0.9950001457793791,48595.19419874672,0.0576752893223179,2866194.921364757,0.022985754889765533,0.000470594852880973,0.03393980863339484,0.05939615837604134,230.90942807545966,326.9406835177325,3000.0,22.86401072812381,2.8640107281238074,343.1912775279171,0.01792187207649659,112.28184945245746,112.28184945245746,4.910855352002853,0.0,163.7213936910696,1.0
7.467956781788554,0.9952001127072787,48614.728684647045,0.05765150900623015,2866770.9455951233,0.022985140562836324,0.00047020686740565726,0.033956078396826975,0.05941142582706896,231.0616277880792,327.00638936146106,3000.0,22.863770756361163,2.8637707563611623,343.1668116066994,0.0179210621573847,112.10518381862022,112.10518381862022,4.903180014059155,0.0,163.4983600706421,1.0
7.473814911842978,0.9952874988651955,48623.26654716983,0.057641121185275306,2867022.6699421816,0.022984872146600593,0.0004700374361179279,0.03396315203280398,0.0594180616155225,231.12801981181687,327.0351030157459,3000.0,22.86366577348521,2.8636657734852085,343.15611992444184,0.017920708199319985,112.02810011262497,112.02810011262497,4.89983107794302,0.0,163.40103514807288,1.0
7.4813689466850395,0.9954000949103106,48634.2685886887,0.05762774040785792,2867347.013826997,0.022984526337103902,0.0004698192329961067,0.033972233733497906,0.05942657930359792,231.2134575326552,327.0721002243468,3000.0,22.863530401553973,2.863530401553973,343.1423438165716,0.01792025210970485,111.9288862839164,111.9288862839164,4.895520696852175,0.0,163.2757604290149,1.0
7.494798206496836,0.9956000193556592,48653.80677371478,0.057603992191737674,2867922.9156822334,0.022983912436768793,0.00046943209063567815,0.03398826853753292,0.05944161306493739,231.36486051035072,327.13779210900776,3000.0,22.863289751271882,2.863289751271882,343.1178830930871,0.017919442229304926,111.75302258273635,111.75302258273635,4.887880256887334,0.0,163.05367840509575,1.0
7.495863705511711,0.9956158683208131,48655.35582676991,0.057602110135135755,2867968.5701714577,0.02298386377628722,0.000469401416257089,0.03398953472977312,0.05944279992231743,231.37684652478765,327.1429998182955,3000.0,22.863270658158044,2.8632706581580454,343.1159439747694,0.017919378023367686,111.73909744998173,111.73909744998173,4.887275277481401,0.0,163.0360923672261,1.0
7.508279199109082,0.9958004004759475,48673.39352587058,0.0575802032796038,2868500.133034155,0.022983297282560076,0.00046904444483412765,0.034004223477791015,0.05945656520518522,231.51622367428516,327.20363404954315,3000.0,22.863048184876835,2.8630481848768334,343.0933664954977,0.01791863043205349,111.57714282121256,111.57714282121256,4.880239149170722,0.0,162.83154641386318,1.0
7.521764650012685,0.9960005348030029,48692.96008909152,0.057556457195960836,2869076.639474109,0.022982683034237075,0.0004686576566209864,0.03402004211531937,0.059471382806177434,231.66701355394252,327.2693948978811,3000.0,22.862806549534657,2.862806549534658,343.0688800930204,0.017917819567782257,111.4018665390779,111.4018665390779,4.872624290360596,0.0,162.61014750919324,1.0
7.535250100916288,0.9962003571969331,48712.5000783716,0.057532761601797835,2869652.2473602854,0.022982069891040163,0.000468271849841945,0.03403571954664751,0.05948606128752962,231.81718121046435,327.3350532501244,3000.0,22.862564925119276,2.8625649251192775,343.04443185551037,0.017917009900691727,111.22725064504601,111.22725064504601,4.8650381533893325,0.0,162.3895543333946,1.0
7.545836130215123,0.9963569992634952,48727.82034306909,0.05751419588187583,2870103.4701038767,0.02298158934730688,0.0004679696776175649,0.034047927599250724,0.05949748662417517,231.93462712695714,327.3865232569648,3000.0,22.862375258487905,2.8623752584879063,343.0252667240551,0.01791637515086035,111.09063959709795,111.09063959709795,4.859103148342137,0.0,162.21695338190958,1.0
7.548752292679632,0.9964001163166929,48732.03779822536,0.0575090869611335,2870227.672979046,0.02298145708949292,0.00046788654287946446,0.03405127536652683,0.05950061899889922,231.96691312577303,327.4006908115159,3000.0,22.862323011681973,2.8623230116819713,343.0199913595848,0.017916200423419966,111.05307823381179,111.05307823381179,4.857471315450619,0.0,162.16949358605189,1.0
7.562315606713511,0.9966004672573326,48751.63733670408,0.057485355676926385,2870804.8033955474,0.022980842620479183,0.00046750047319353067,0.034066759882188914,0.05951510297586163,232.1166973068643,327.46652283551515,3000.0,22.862080014137003,2.8620800141370046,342.9954784544705,0.017915388481082543,110.87878114760622,110.87878114760622,4.849899094003835,0.0,161.9492479507835,1.0
7.575878920747383,0.9968005062269104,48771.210287667884,0.05746167481909136,2871381.0351489903,0.02298022925614071,0.00046711538270134575,0.034082102752948665,0.059529447391790724,232.26585576429503,327.53225235095425,3000.0,22.861837027596543,2.861837027596544,342.9710037189651,0.017914577736247134,110.70514795467008,110.70514795467008,4.842355748623254,0.0,161.72981446581306,1.0
7.589442234781254,0.9970002344161639,48790.75674928118,0.05743804417262498,2871956.3716694117,0.022979616992071364,0.0004667312668951334,0.034097304375926375,0.05954365263489288,232.4143897338203,327.5978797490901,3000.0,22.861594052044378,2.8615940520443766,342.946567007382,0.01791376818439943,110.5321772735617,110.5321772735617,4.834841219817629,0.0,161.5111921538711,1.0
7.595808554918534,0.9970938755841143,48799.92231985593,0.05742696972333026,2872226.1141826655,0.022979329987012367,0.0004665513062598204,0.034104391085603196,0.059550272378875384,232.48389329723045,327.6286486967983,3000.0,22.86148000846964,2.8614800084696412,342.9351100256607,0.017913388608755045,110.45121672843027,110.45121672843027,4.831323986352182,0.0,161.40885512024946,1.0
7.603046756356187,0.9972002584088124,48810.33608460811,0.05741439195749843,2872532.5602803505,0.022979003968715283,0.00046634695870404174,0.034112410689511846,0.059557761616931174,232.56274887755072,327.6636043433566,3000.0,22.861350349315373,2.8613503493153747,342.9220941043015,0.017912957366900625,110.35934522675078,110.35934522675078,4.827332748962299,0.0,161.2927195209078,1.0
7.61668772931656,0.9974005068109232,48829.94132057905,0.05739072665708258,2873109.3953246223,0.022978390405387468,0.0004659625963162167,0.034127415598403016,0.0595717686001067,232.71087720850588,327.7294026748816,3000.0,22.861106004686487,2.861106004686488,342.8975937447596,0.017912145572892956,110.18671653625373,110.18671653625373,4.81983314865281,0.0,161.0744789301728,1.0
7.630328702276925,0.9976004444725626,48849.52006102037,0.05736711149543397,2873685.3352506733,0.02297777794163264,0.00046557920621978553,0.03414227883635699,0.05958563598420942,232.85837762874363,327.7950989021984,3000.0,22.860861671123118,2.8608616711231196,342.87313140426403,0.017911334971882693,110.0147537755204,110.0147537755204,4.812362515385255,0.0,160.85705584312092,1.0
7.643969675237289,0.9978000725950686,48869.072405310035,0.057343546257227755,2874260.3835190735,0.022977166573020257,0.0004651967839160828,0.034157000800906674,0.05959936415784302,233.00525138720562,327.8606934200468,3000.0,22.860617348609026,2.860617348609025,342.8487069358313,0.017910525559309557,109.84345554862566,109.84345554862566,4.804920789040247,0.0,160.640449258731,1.0
7.645780979621946,0.9978265568209822,48871.666665955694,0.0573404209113233,2874336.673913735,0.022977085475113266,0.00046514607685877926,0.034158945040108156,0.0596011765920802,233.0247068245524,327.8693957011061,3000.0,22.860584907292807,2.860584907292808,342.8454665950833,0.017910418171321853,109.82075977053088,109.82075977053088,4.803934816886366,0.0,160.61174870114021,1.0
7.657677805945448,0.9980003729151056,48888.694519182085,0.057319915078062056,2874837.368117993,0.02297655329328069,0.00046481344929043223,0.03417165332626705,0.059613020068838174,233.15221820090406,327.92650881094846,3000.0,22.860371834351877,2.860371834351878,342.82420022413953,0.017909713354440734,109.67198202323547,109.67198202323547,4.797471485500219,0.0,160.42359779946892,1.0
7.671396219538733,0.9982005129679637,48908.30486658559,0.057296316211441274,2875413.89105168,0.022975940651755882,0.00046443079650490077,0.034186174815417164,0.05962654626367795,233.2986642244425,327.99227154069104,3000.0,22.860126147065188,2.8601261470651886,342.79971312111115,0.017908901732610727,109.50104889666866,109.50104889666866,4.790045697570507,0.0,160.20740712984195,1.0
7.6851146331320175,0.9984003435998335,48927.88881912553,0.05727276718619778,2875989.522668045,0.022975329104431407,0.00046404910896477553,0.034200554623046595,0.05963993283644278,233.44448024012692,328.0579325997858,3000.0,22.859880470904507,2.8598804709045065,342.7752638756905,0.01790809129891351,109.33078363556356,109.33078363556356,4.78264896331007,0.0,159.99203920339878,1.0
7.695753404325357,0.9985551020622172,48943.0582684242,0.057254538850909434,2876435.31950617,0.022974855593654912,0.0004637537680180631,0.03421160902296044,0.05965021838463342,233.55712912986738,328.10878368527204,3000.0,22.859689954158192,2.859689954158193,342.7563292029012,0.017907463614276954,109.19920007303384,109.19920007303384,4.776932683339847,0.0,159.82558493237346,1.0
7.698846591098334,0.9986000628616785,48947.465773955766,0.057249244609914894,2876564.833472196,0.022974718044677413,0.00046366800675812307,0.03421480713501895,0.059653193186454484,233.58981054409216,328.123557064522,3000.0,22.85963456331066,2.8596345633106615,342.7508282563744,0.017907281250343465,109.16101771228224,109.16101771228224,4.77527396205554,0.0,159.77728157803705,1.0
7.71262533874571,0.9988001534602946,48967.0830547908,0.05722569164533716,2877141.2139481176,0.02297410599582922,0.0004632865690726404,0.03422896632268635,0.059666358887588214,233.73500409803898,328.18930354441403,3000.0,22.859387828994187,2.8593878289941856,342.72634720406455,0.01790646962894266,108.99134310602557,108.99134310602557,4.767902969290547,0.0,159.562618718809,1.0
7.723814911842978,0.9989624178536923,48982.99466517718,0.05720660106248697,2877608.632352273,0.022973609760025382,0.0004629775143414104,0.034240360545317476,0.05967694781968427,233.85244933485214,328.2426209553843,3000.0,22.85918746692678,2.859187466926781,342.7064941818322,0.017905811391793394,108.85404484698009,108.85404484698009,4.761938498665918,0.0,159.38890177894075,1.0
7.726411366981499,0.9990000409767591,48986.684349408024,0.05720217591392827,2877717.009426103,0.02297349471507386,0.00046290589096217925,0.03424299114401832,0.05967939175005436,233.87964206596624,328.254983294851,3000.0,22.859140975521015,2.859140975521017,342.701890998823,0.017905658764624927,108.82224893285675,108.82224893285675,4.760557233948133,0.0,159.3486700661109,1.0
7.740228859560369,0.9992000734663967,49006.30378696668,0.05717865644675799,2878293.2225134475,0.02297288313788629,0.0004625253088776904,0.03425690582909688,0.05969231427586086,234.02397497199402,328.32071068108837,3000.0,22.858893570876276,2.8588935708762753,342.67741705613724,0.01790484724549704,108.65344208414322,108.65344208414322,4.753224024043526,0.0,159.13506545052522,1.0
7.7457258290287685,0.9992795653688543,49014.101543156554,0.0571693136262901,2878522.2066880525,0.022972640140988945,0.00046237417073810306,0.03426240198410828,0.05969741629583533,234.08121793505296,328.34683041286314,3000.0,22.858795150079157,2.8587951500791573,342.66769123475564,0.017904524733358993,108.58647329970267,108.58647329970267,4.750314816978736,0.0,159.05031928520216,1.0
7.754079689707347,0.9994002773833827,49025.943971445675,0.05715513015469,2878869.929413981,0.022972271183669714,0.0004621447729374951,0.03427071168907195,0.05970512764567916,234.16801942120628,328.386494395533,3000.0,22.858645581473937,2.8586455814739384,342.65292213934316,0.01790403496407773,108.48490271813688,108.48490271813688,4.745902478406672,0.0,158.92178038647643,1.0
7.767952544382291,0.9996004904694894,49045.588990489516,0.05713161611609283,2879446.66272706,0.022971659348525717,0.00046176459167852825,0.0342843971276175,0.05971782106782175,234.3116565999985,328.45228112279995,3000.0,22.858397209177987,2.858397209177989,342.6284261007086,0.01790322257860208,108.31676950071011,108.31676950071011,4.738598621307504,0.0,158.7089909901755,1.0
7.781825399057236,0.9998003970844133,49065.20786453603,0.057108151364504256,2880022.513220019,0.022971048596633636,0.00046138536325509276,0.034297940595693494,0.05973037455558222,234.45465947169885,328.5179671486766,3000.0,22.858148847639416,2.8581488476394172,342.60396755877366,0.01790241136996236,108.14930808707481,108.14930808707481,4.7313239933794335,0.0,158.49703417851867,1.0
7.79569825373218,1.0,49084.80084765296,0.057084735506301984,2880597.488877431,0.02297043891878951,0.0004610070803278549,0.034311342592592595,0.059742788591709964,234.59703040860134,328.58355338394585,3000.0,22.857900496236955,2.857900496236956,342.5795461744034,0.017901601327215758,107.98251576580205,107.98251576580205,4.724078477092809,0.0,158.28590726372153,1.0
