x_m,body_radius_m,body_area_m2,wing_area_m2,fin_area_m2,total_area_m2,target_area_m2,min_radius_m
0.0,0.1,0.031415926535897934,0.0,0.0,0.031415926535897934,0.031415926535897934,0.1
0.0012,0.10000032212940117,0.03141612893609597,0.0,0.0,0.03141612893609597,0.03141612893609597,0.1
0.0024,0.10000128679108085,0.031416735055781145,0.0,0.0,0.031416735055781145,0.031416735055781145,0.1
0.0036,0.10000289138603943,0.03141774327359004,0.0,0.0,0.03141774327359004,0.03141774327359004,0.1
0.0048,0.100005133303126,0.031419151968159274,0.0,0.0,0.031419151968159274,0.031419151968159274,0.1
0.005999999999999999,0.10000800991920598,0.03142095951812544,0.0,0.0,0.03142095951812544,0.03142095951812544,0.1
0.0072,0.10001151859932936,0.03142316430212512,0.0,0.0,0.03142316430212512,0.03142316430212512,0.1
0.0084,0.10001565669689923,0.031425764698794934,0.0,0.0,0.031425764698794934,0.031425764698794934,0.1
0.0096,0.1000204215538407,0.03142875908677146,0.0,0.0,0.03142875908677146,0.03142875908677146,0.1
0.010799999999999999,0.10002581050077025,0.03143214584469131,0.0,0.0,0.03143214584469131,0.03143214584469131,0.1
0.011999999999999999,0.10003182085716526,0.03143592335119109,0.0,0.0,0.03143592335119109,0.03143592335119109,0.1
0.013199999999999998,0.10003844993153384,0.03144008998490737,0.0,0.0,0.03144008998490737,0.03144008998490737,0.1
0.0144,0.10004569502158502,0.03144464412447676,0.0,0.0,0.03144464412447676,0.03144464412447676,0.1
0.0156,0.10005355341439905,0.031449584148535874,0.0,0.0,0.031449584148535874,0.031449584148535874,0.1
0.0168,0.10006202238659782,0.031454908435721296,0.0,0.0,0.031454908435721296,0.031454908435721296,0.1
0.018,0.1000710992045156,0.03146061536466962,0.0,0.0,0.03146061536466962,0.03146061536466962,0.1
0.0192,0.10008078112436974,0.03146670331401744,0.0,0.0,0.03146670331401744,0.03146670331401744,0.1
0.020399999999999998,0.10009106539243151,0.03147317066240137,0.0,0.0,0.03147317066240137,0.03147317066240137,0.1
0.021599999999999998,0.10010194924519702,0.03148001578845801,0.0,0.0,0.03148001578845801,0.03148001578845801,0.1
0.022799999999999997,0.1001134299095581,0.03148723707082394,0.0,0.0,0.03148723707082394,0.03148723707082394,0.1
0.023999999999999997,0.10012550460297318,0.03149483288813576,0.0,0.0,0.03149483288813576,0.03149483288813576,0.1
0.025199999999999997,0.10013817053363817,0.03150280161903008,0.0,0.0,0.03150280161903008,0.03150280161903008,0.1
0.026399999999999996,0.10015142490065732,0.03151114164214349,0.0,0.0,0.03151114164214349,0.03151114164214349,0.1
0.027599999999999996,0.1001652648942137,0.03151985133611259,0.0,0.0,0.03151985133611259,0.03151985133611259,0.1
0.0288,0.10017968769574001,0.03152892907957398,0.0,0.0,0.03152892907957398,0.03152892907957398,0.1
0.03,0.10019469047808871,0.03153837325116425,0.0,0.0,0.03153837325116425,0.03153837325116425,0.1
0.0312,0.10021027040570243,0.03154818222952001,0.0,0.0,0.03154818222952001,0.03154818222952001,0.1
0.0324,0.10022642463478383,0.031558354393277845,0.0,0.0,0.031558354393277845,0.031558354393277845,0.1
0.0336,0.10024315031346533,0.03156888812107436,0.0,0.0,0.03156888812107436,0.03156888812107436,0.1
0.0348,0.1002604445819786,0.031579781791546156,0.0,0.0,0.031579781791546156,0.031579781791546156,0.1
0.036,0.10027830457282373,0.03159103378332982,0.0,0.0,0.03159103378332982,0.03159103378332982,0.1
0.0372,0.10029672741093801,0.03160264247506196,0.0,0.0,0.03160264247506196,0.03160264247506196,0.1
0.0384,0.10031571021386432,0.03161460624537917,0.0,0.0,0.03161460624537917,0.03161460624537917,0.1
0.039599999999999996,0.10033525009191935,0.031626923472918046,0.0,0.0,0.031626923472918046,0.031626923472918046,0.1
0.040799999999999996,0.10035534414836113,0.03163959253631519,0.0,0.0,0.03163959253631519,0.03163959253631519,0.1
0.041999999999999996,0.10037598947955632,0.0316526118142072,0.0,0.0,0.0316526118142072,0.0316526118142072,0.1
0.043199999999999995,0.10039718317514691,0.03166597968523067,0.0,0.0,0.03166597968523067,0.03166597968523067,0.1
0.044399999999999995,0.10041892231821652,0.0316796945280222,0.0,0.0,0.0316796945280222,0.0316796945280222,0.1
0.045599999999999995,0.1004412039854561,0.03169375472121838,0.0,0.0,0.03169375472121838,0.03169375472121838,0.1
0.046799999999999994,0.10046402524732921,0.031708158643455824,0.0,0.0,0.031708158643455824,0.031708158643455824,0.1
0.047999999999999994,0.1004873831682366,0.03172290467337112,0.0,0.0,0.03172290467337112,0.03172290467337112,0.1
0.049199999999999994,0.10051127480668029,0.03173799118960086,0.0,0.0,0.03173799118960086,0.03173799118960086,0.1
0.05039999999999999,0.10053569721542693,0.03175341657078166,0.0,0.0,0.03175341657078166,0.03175341657078166,0.1
0.05159999999999999,0.10056064744167076,0.0317691791955501,0.0,0.0,0.0317691791955501,0.0317691791955501,0.1
0.05279999999999999,0.10058612252719558,0.03178527744254278,0.0,0.0,0.03178527744254278,0.03178527744254278,0.1
0.05399999999999999,0.10061211950853635,0.03180170969039631,0.0,0.0,0.03180170969039631,0.03180170969039631,0.1
0.05519999999999999,0.10063863541713988,0.03181847431774727,0.0,0.0,0.03181847431774727,0.03181847431774727,0.1
0.05639999999999999,0.10066566727952486,0.03183556970323228,0.0,0.0,0.03183556970323228,0.03183556970323228,0.1
0.0576,0.10069321211744117,0.03185299422548792,0.0,0.0,0.03185299422548792,0.03185299422548792,0.1
0.0588,0.10072126694802842,0.0318707462631508,0.0,0.0,0.0318707462631508,0.0318707462631508,0.1
0.06,0.10074982878397364,0.0318888241948575,0.0,0.0,0.0318888241948575,0.0318888241948575,0.1
0.0612,0.10077889463366822,0.03190722639924464,0.0,0.0,0.03190722639924464,0.03190722639924464,0.1
0.0624,0.10080846150136406,0.0319259512549488,0.0,0.0,0.0319259512549488,0.0319259512549488,0.1
0.06359999999999999,0.10083852638732876,0.031944997140606585,0.0,0.0,0.031944997140606585,0.031944997140606585,0.1
0.0648,0.10086908628800006,0.0319643624348546,0.0,0.0,0.0319643624348546,0.0319643624348546,0.1
0.06599999999999999,0.10090013819613927,0.03198404551632943,0.0,0.0,0.03198404551632943,0.03198404551632943,0.1
0.0672,0.10093167910098397,0.03200404476366769,0.0,0.0,0.03200404476366769,0.03200404476366769,0.1
0.06839999999999999,0.10096370598839961,0.03202435855550594,0.0,0.0,0.03202435855550594,0.03202435855550594,0.1
0.0696,0.10099621584103041,0.03204498527048083,0.0,0.0,0.03204498527048083,0.03204498527048083,0.1
0.07079999999999999,0.10102920563844894,0.032065923287228924,0.0,0.0,0.032065923287228924,0.032065923287228924,0.1
0.072,0.10106267235730511,0.03208717098438683,0.0,0.0,0.03208717098438683,0.03208717098438683,0.1
0.07319999999999999,0.10109661297147397,0.032108726740591134,0.0,0.0,0.032108726740591134,0.032108726740591134,0.1
0.0744,0.10113102445220261,0.032130588934478455,0.0,0.0,0.032130588934478455,0.032130588934478455,0.1
0.07559999999999999,0.10116590376825585,0.03215275594468538,0.0,0.0,0.03215275594468538,0.03215275594468538,0.1
0.0768,0.10120124788606118,0.0321752261498485,0.0,0.0,0.0321752261498485,0.0321752261498485,0.1
0.078,0.10123705376985247,0.03219799792860442,0.0,0.0,0.03219799792860442,0.03219799792860442,0.1
0.07919999999999999,0.1012733183818127,0.03222106965958974,0.0,0.0,0.03222106965958974,0.03222106965958974,0.1
0.0804,0.10131003868221551,0.03224443972144106,0.0,0.0,0.03224443972144106,0.03224443972144106,0.1
0.08159999999999999,0.10134721162956582,0.03226810649279496,0.0,0.0,0.03226810649279496,0.03226810649279496,0.1
0.0828,0.10138483418073929,0.03229206835228806,0.0,0.0,0.03229206835228806,0.03229206835228806,0.1
0.08399999999999999,0.1014229032911206,0.03231632367855695,0.0,0.0,0.03231632367855695,0.03231632367855695,0.1
0.0852,0.10146141591474073,0.03234087085023822,0.0,0.0,0.03234087085023822,0.03234087085023822,0.1
0.08639999999999999,0.10150036900441299,0.032365708245968475,0.0,0.0,0.032365708245968475,0.032365708245968475,0.1
0.0876,0.10153975951186807,0.03239083424438432,0.0,0.0,0.03239083424438432,0.03239083424438432,0.1
0.08879999999999999,0.10157958438788771,0.032416247224122334,0.0,0.0,0.032416247224122334,0.032416247224122334,0.1
0.09,0.10161984058243746,0.03244194556381914,0.0,0.0,0.03244194556381914,0.03244194556381914,0.1
0.09119999999999999,0.101660525044798,0.03246792764211131,0.0,0.0,0.03246792764211131,0.03246792764211131,0.1
0.0924,0.10170163472369557,0.03249419183763545,0.0,0.0,0.03249419183763545,0.03249419183763545,0.1
0.09359999999999999,0.10174316656743096,0.03252073652902817,0.0,0.0,0.03252073652902817,0.03252073652902817,0.1
0.0948,0.10178511752400742,0.032547560094926056,0.0,0.0,0.032547560094926056,0.032547560094926056,0.1
0.09599999999999999,0.10182748454125734,0.032574660913965714,0.0,0.0,0.032574660913965714,0.032574660913965714,0.1
0.0972,0.10187026456696774,0.03260203736478374,0.0,0.0,0.03260203736478374,0.03260203736478374,0.1
0.09839999999999999,0.10191345454900448,0.03262968782601672,0.0,0.0,0.03262968782601672,0.03262968782601672,0.1
0.0996,0.1019570514354353,0.032657610676301255,0.0,0.0,0.032657610676301255,0.032657610676301255,0.1
0.10079999999999999,0.10200105217465162,0.03268580429427396,0.0,0.0,0.03268580429427396,0.03268580429427396,0.1
0.102,0.10204545371548897,0.03271426705857142,0.0,0.0,0.03271426705857142,0.03271426705857142,0.1
0.10319999999999999,0.10209025300734641,0.03274299734783023,0.0,0.0,0.03274299734783023,0.03274299734783023,0.1
0.10439999999999999,0.10213544700030447,0.032771993540687,0.0,0.0,0.032771993540687,0.032771993540687,0.1
0.10559999999999999,0.10218103264524195,0.03280125401577831,0.0,0.0,0.03280125401577831,0.03280125401577831,0.1
0.10679999999999999,0.10222700689395148,0.03283077715174078,0.0,0.0,0.03283077715174078,0.03283077715174078,0.1
0.10799999999999998,0.10227336669925363,0.032860561327210984,0.0,0.0,0.032860561327210984,0.032860561327210984,0.1
0.10919999999999999,0.10232010901511003,0.03289060492082554,0.0,0.0,0.03289060492082554,0.03289060492082554,0.1
0.11039999999999998,0.10236723079673496,0.03292090631122103,0.0,0.0,0.03292090631122103,0.03292090631122103,0.1
0.11159999999999999,0.10241472900070576,0.03295146387703406,0.0,0.0,0.03295146387703406,0.03295146387703406,0.1
0.11279999999999998,0.10246260058507202,0.03298227599690123,0.0,0.0,0.03298227599690123,0.03298227599690123,0.1
0.11399999999999999,0.10251084250946337,0.03301334104945913,0.0,0.0,0.03301334104945913,0.03301334104945913,0.1
0.1152,0.10255945173519602,0.03304465741334437,0.0,0.0,0.03304465741334437,0.03304465741334437,0.1
0.11639999999999999,0.10260842522537808,0.03307622346719354,0.0,0.0,0.03307622346719354,0.03307622346719354,0.1
0.1176,0.10265775994501342,0.03310803758964323,0.0,0.0,0.03310803758964323,0.03310803758964323,0.1
0.11879999999999999,0.1027074528611045,0.033140098159330056,0.0,0.0,0.033140098159330056,0.033140098159330056,0.1
0.12,0.10275750094275357,0.0331724035548906,0.0,0.0,0.0331724035548906,0.0331724035548906,0.1
0.12119999999999999,0.1028079011612629,0.03320495215496147,0.0,0.0,0.03320495215496147,0.03320495215496147,0.1
0.1224,0.10285865049023346,0.03323774233817926,0.0,0.0,0.03323774233817926,0.03323774233817926,0.1
0.12359999999999999,0.1029097459056624,0.03327077248318056,0.0,0.0,0.03327077248318056,0.03327077248318056,0.1
0.1248,0.10296118438603939,0.03330404096860199,0.0,0.0,0.03330404096860199,0.03330404096860199,0.1
0.126,0.10301296291244126,0.03333754617308012,0.0,0.0,0.03333754617308012,0.03333754617308012,0.1
0.12719999999999998,0.10306507846862584,0.03337128647525157,0.0,0.0,0.03337128647525157,0.03337128647525157,0.1
0.1284,0.10311752804112403,0.03340526025375293,0.0,0.0,0.03340526025375293,0.03340526025375293,0.1
0.1296,0.10317030861933099,0.03343946588722079,0.0,0.0,0.03343946588722079,0.03343946588722079,0.1
0.1308,0.1032234171955957,0.03347390175429176,0.0,0.0,0.03347390175429176,0.03347390175429176,0.1
0.13199999999999998,0.10327685076530947,0.03350856623360243,0.0,0.0,0.03350856623360243,0.03350856623360243,0.1
0.13319999999999999,0.103330606326993,0.03354345770378941,0.0,0.0,0.03354345770378941,0.03354345770378941,0.1
0.1344,0.1033846808823822,0.033578574543489274,0.0,0.0,0.033578574543489274,0.033578574543489274,0.1
0.1356,0.10343907143651282,0.033613915131338636,0.0,0.0,0.033613915131338636,0.033613915131338636,0.1
0.13679999999999998,0.10349377499780363,0.0336494778459741,0.0,0.0,0.0336494778459741,0.0336494778459741,0.1
0.13799999999999998,0.10354878857813837,0.03368526106603225,0.0,0.0,0.03368526106603225,0.03368526106603225,0.1
0.1392,0.1036041091929466,0.033721263170149694,0.0,0.0,0.033721263170149694,0.033721263170149694,0.1
0.1404,0.1036597338612829,0.03375748253696302,0.0,0.0,0.03375748253696302,0.03375748253696302,0.1
0.14159999999999998,0.10371565960590523,0.03379391754510884,0.0,0.0,0.03379391754510884,0.03379391754510884,0.1
0.14279999999999998,0.10377188345335167,0.03383056657322374,0.0,0.0,0.03383056657322374,0.03383056657322374,0.1
0.144,0.10382840243401611,0.03386742799994432,0.0,0.0,0.03386742799994432,0.03386742799994432,0.1
0.1452,0.10388521358222258,0.03390450020390718,0.0,0.0,0.03390450020390718,0.03390450020390718,0.1
0.14639999999999997,0.10394231393629834,0.03394178156374891,0.0,0.0,0.03394178156374891,0.03394178156374891,0.1
0.14759999999999998,0.1039997005386458,0.03397927045810613,0.0,0.0,0.03397927045810613,0.03397927045810613,0.1
0.1488,0.10405737043581297,0.03401696526561541,0.0,0.0,0.03401696526561541,0.03401696526561541,0.1
0.15,0.10411532067856297,0.03405486436491337,0.0,0.0,0.03405486436491337,0.03405486436491337,0.1
0.15119999999999997,0.10417354832194207,0.03409296613463658,0.0,0.0,0.03409296613463658,0.03409296613463658,0.1
0.15239999999999998,0.10423205042534663,0.034131268953421674,0.0,0.0,0.034131268953421674,0.034131268953421674,0.1
0.1536,0.10429082405258865,0.034169771199905226,0.0,0.0,0.034169771199905226,0.034169771199905226,0.1
0.1548,0.10434986627196031,0.034208471252723846,0.0,0.0,0.034208471252723846,0.034208471252723846,0.1
0.156,0.1044091741562972,0.034247367490514116,0.0,0.0,0.034247367490514116,0.034247367490514116,0.1
0.15719999999999998,0.10446874478304026,0.034286458291912646,0.0,0.0,0.034286458291912646,0.034286458291912646,0.1
0.15839999999999999,0.1045285752342966,0.03432574203555604,0.0,0.0,0.03432574203555604,0.03432574203555604,0.1
0.1596,0.1045886625968991,0.03436521710008088,0.0,0.0,0.03436521710008088,0.03436521710008088,0.1
0.1608,0.10464900396246495,0.03440488186412377,0.0,0.0,0.03440488186412377,0.03440488186412377,0.1
0.16199999999999998,0.10470959642745263,0.03444473470632131,0.0,0.0,0.03444473470632131,0.03444473470632131,0.1
0.16319999999999998,0.10477043709321823,0.034484774005310095,0.0,0.0,0.034484774005310095,0.034484774005310095,0.1
0.1644,0.10483152306607017,0.03452499813972673,0.0,0.0,0.03452499813972673,0.03452499813972673,0.1
0.1656,0.10489285145732288,0.03456540548820781,0.0,0.0,0.03456540548820781,0.03456540548820781,0.1
0.16679999999999998,0.10495441938334946,0.03460599442938992,0.0,0.0,0.03460599442938992,0.03460599442938992,0.1
0.16799999999999998,0.10501622396563305,0.03464676334190968,0.0,0.0,0.03464676334190968,0.03464676334190968,0.1
0.1692,0.10507826233081703,0.03468771060440367,0.0,0.0,0.03468771060440367,0.03468771060440367,0.1
0.1704,0.10514053161075419,0.0347288345955085,0.0,0.0,0.0347288345955085,0.0347288345955085,0.1
0.17159999999999997,0.10520302894255469,0.03477013369386075,0.0,0.0,0.03477013369386075,0.03477013369386075,0.1
0.17279999999999998,0.10526575146863296,0.03481160627809703,0.0,0.0,0.03481160627809703,0.03481160627809703,0.1
0.174,0.10532869633675335,0.03485325072685395,0.0,0.0,0.03485325072685395,0.03485325072685395,0.1
0.1752,0.10539186070007495,0.03489506541876809,0.0,0.0,0.03489506541876809,0.03489506541876809,0.1
0.17639999999999997,0.10545524171719488,0.03493704873247605,0.0,0.0,0.03493704873247605,0.03493704873247605,0.1
0.17759999999999998,0.105518836552191,0.03497919904661444,0.0,0.0,0.03497919904661444,0.03497919904661444,0.1
0.1788,0.10558264237466308,0.03502151473981984,0.0,0.0,0.03502151473981984,0.03502151473981984,0.1
0.18,0.10564665635977318,0.035063994190728864,0.0,0.0,0.035063994190728864,0.035063994190728864,0.1
0.18119999999999997,0.10571087568828479,0.03510663577797809,0.0,0.0,0.03510663577797809,0.03510663577797809,0.1
0.18239999999999998,0.10577529754660113,0.035149437880204144,0.0,0.0,0.035149437880204144,0.035149437880204144,0.1
0.18359999999999999,0.10583991912680206,0.0351923988760436,0.0,0.0,0.0351923988760436,0.0351923988760436,0.1
0.1848,0.10590473762668033,0.03523551714413307,0.0,0.0,0.03523551714413307,0.03523551714413307,0.1
0.18599999999999997,0.10596975024977646,0.03527879106310913,0.0,0.0,0.03527879106310913,0.03527879106310913,0.1
0.18719999999999998,0.10603495420541285,0.03532221901160841,0.0,0.0,0.03532221901160841,0.03532221901160841,0.1
0.18839999999999998,0.10610034670872664,0.03536579936826749,0.0,0.0,0.03536579936826749,0.03536579936826749,0.1
0.1896,0.1061659249807018,0.03540953051172297,0.0,0.0,0.03540953051172297,0.03540953051172297,0.1
0.19079999999999997,0.10623168624819998,0.035453410820611445,0.0,0.0,0.035453410820611445,0.035453410820611445,0.1
0.19199999999999998,0.1062976277439906,0.03549743867356951,0.0,0.0,0.03549743867356951,0.03549743867356951,0.1
0.19319999999999998,0.10636374670677975,0.035541612449233775,0.0,0.0,0.035541612449233775,0.035541612449233775,0.1
0.1944,0.10643004038123823,0.03558593052624083,0.0,0.0,0.03558593052624083,0.03558593052624083,0.1
0.1956,0.1064965060180286,0.03563039128322727,0.0,0.0,0.03563039128322727,0.03563039128322727,0.1
0.19679999999999997,0.10656314087383123,0.0356749930988297,0.0,0.0,0.0356749930988297,0.0356749930988297,0.1
0.19799999999999998,0.10662994221136951,0.03571973435168472,0.0,0.0,0.03571973435168472,0.03571973435168472,0.1
0.1992,0.10669690729943396,0.03576461342042892,0.0,0.0,0.03576461342042892,0.03576461342042892,0.1
0.2004,0.1067640334129055,0.03580962868369889,0.0,0.0,0.03580962868369889,0.03580962868369889,0.1
0.20159999999999997,0.10683131783277787,0.035854778520131254,0.0,0.0,0.035854778520131254,0.035854778520131254,0.1
0.20279999999999998,0.10689875784617893,0.03590006130836258,0.0,0.0,0.03590006130836258,0.03590006130836258,0.1
0.204,0.10696635074639127,0.035945475427029486,0.0,0.0,0.035945475427029486,0.035945475427029486,0.1
0.2052,0.10703409383287178,0.035991019254768566,0.0,0.0,0.035991019254768566,0.035991019254768566,0.1
0.20639999999999997,0.10710198441127038,0.03603669117021641,0.0,0.0,0.03603669117021641,0.03603669117021641,0.1
0.20759999999999998,0.10717001979344784,0.03608248955200963,0.0,0.0,0.03608248955200963,0.03608248955200963,0.1
0.20879999999999999,0.10723819729749284,0.036128412778784806,0.0,0.0,0.036128412778784806,0.036128412778784806,0.1
0.21,0.107306514247738,0.03617445922917855,0.0,0.0,0.03617445922917855,0.03617445922917855,0.1
0.21119999999999997,0.1073749679747752,0.036220627281827456,0.0,0.0,0.036220627281827456,0.036220627281827456,0.1
0.21239999999999998,0.10744355581546992,0.03626691531536812,0.0,0.0,0.03626691531536812,0.03626691531536812,0.1
0.21359999999999998,0.1075122751129749,0.03631332170843714,0.0,0.0,0.03631332170843714,0.03631332170843714,0.1
0.2148,0.10758112321674282,0.03635984483967111,0.0,0.0,0.03635984483967111,0.03635984483967111,0.1
0.21599999999999997,0.10765009748253832,0.036406483087706644,0.0,0.0,0.036406483087706644,0.036406483087706644,0.1
0.21719999999999998,0.107719195272449,0.03645323483118031,0.0,0.0,0.03645323483118031,0.03645323483118031,0.1
0.21839999999999998,0.10778841395489593,0.03650009844872874,0.0,0.0,0.03650009844872874,0.03650009844872874,0.1
0.2196,0.10785775090464292,0.03654707231898851,0.0,0.0,0.03654707231898851,0.03654707231898851,0.1
0.22079999999999997,0.10792720350280555,0.036594154820596234,0.0,0.0,0.036594154820596234,0.036594154820596234,0.1
0.22199999999999998,0.1079967691368589,0.036641344332188484,0.0,0.0,0.036641344332188484,0.036641344332188484,0.1
0.22319999999999998,0.10806644520064497,0.036688639232401885,0.0,0.0,0.036688639232401885,0.036688639232401885,0.1
0.2244,0.10813622909437891,0.036736037899873016,0.0,0.0,0.036736037899873016,0.036736037899873016,0.1
0.22559999999999997,0.10820611822465494,0.03678353871323849,0.0,0.0,0.03678353871323849,0.03678353871323849,0.1
0.22679999999999997,0.10827611000445111,0.036831140051134886,0.0,0.0,0.036831140051134886,0.036831140051134886,0.1
0.22799999999999998,0.10834620185313375,0.036878840292198824,0.0,0.0,0.036878840292198824,0.036878840292198824,0.1
0.2292,0.10841639119646071,0.03692663781506689,0.0,0.0,0.03692663781506689,0.03692663781506689,0.1
0.2304,0.10848667546658439,0.03697453099837567,0.0,0.0,0.03697453099837567,0.03697453099837567,0.1
0.23159999999999997,0.1085570521020537,0.03702251822076179,0.0,0.0,0.03702251822076179,0.03702251822076179,0.1
0.23279999999999998,0.1086275185478155,0.037070597860861816,0.0,0.0,0.037070597860861816,0.037070597860861816,0.1
0.23399999999999999,0.10869807225521527,0.03711876829731238,0.0,0.0,0.03711876829731238,0.03711876829731238,0.1
0.2352,0.10876871068199716,0.03716702790875005,0.0,0.0,0.03716702790875005,0.03716702790875005,0.1
0.23639999999999997,0.10883943129230325,0.03721537507381144,0.0,0.0,0.03721537507381144,0.03721537507381144,0.1
0.23759999999999998,0.1089102315566724,0.037263808171133145,0.0,0.0,0.037263808171133145,0.037263808171133145,0.1
0.23879999999999998,0.10898110895203811,0.03731232557935176,0.0,0.0,0.03731232557935176,0.03731232557935176,0.1
0.24,0.109052060961726,0.03736092567710389,0.0,0.0,0.03736092567710389,0.03736092567710389,0.1
0.24119999999999997,0.10912308507545046,0.03740960684302611,0.0,0.0,0.03740960684302611,0.03740960684302611,0.1
0.24239999999999998,0.10919417878931094,0.03745836745575506,0.0,0.0,0.03745836745575506,0.03745836745575506,0.1
0.24359999999999998,0.10926533960578716,0.037507205893927295,0.0,0.0,0.037507205893927295,0.037507205893927295,0.1
0.2448,0.10933656503373426,0.03755612053617944,0.0,0.0,0.03755612053617944,0.03755612053617944,0.1
0.24599999999999997,0.10940785258837686,0.03760510976114808,0.0,0.0,0.03760510976114808,0.03760510976114808,0.1
0.24719999999999998,0.10947919979130283,0.03765417194746982,0.0,0.0,0.03765417194746982,0.03765417194746982,0.1
0.24839999999999998,0.10955060417045631,0.03770330547378124,0.0,0.0,0.03770330547378124,0.03770330547378124,0.1
0.2496,0.10962206326013026,0.03775250871871897,0.0,0.0,0.03775250871871897,0.03775250871871897,0.1
0.25079999999999997,0.10969357460095829,0.03780178006091958,0.0,0.0,0.03780178006091958,0.03780178006091958,0.1
0.252,0.10976513573990605,0.03785111787901969,0.0,0.0,0.03785111787901969,0.03785111787901969,0.1
0.2532,0.10983674423026203,0.037900520551655874,0.0,0.0,0.037900520551655874,0.037900520551655874,0.1
0.25439999999999996,0.10990839763162777,0.037949986457464745,0.0,0.0,0.037949986457464745,0.037949986457464745,0.1
0.2556,0.1099800935099075,0.037999513975082895,0.0,0.0,0.037999513975082895,0.037999513975082895,0.1
0.2568,0.11005182943729741,0.038049101483146934,0.0,0.0,0.038049101483146934,0.038049101483146934,0.1
0.25799999999999995,0.11012360299227411,0.03809874736029344,0.0,0.0,0.03809874736029344,0.03809874736029344,0.1
0.2592,0.1101954117595828,0.038148449985159025,0.0,0.0,0.038148449985159025,0.038148449985159025,0.1
0.26039999999999996,0.11026725333022493,0.03819820773638028,0.0,0.0,0.03819820773638028,0.03819820773638028,0.1
0.2616,0.11033912530144509,0.038248018992593814,0.0,0.0,0.038248018992593814,0.038248018992593814,0.1
0.2628,0.11041102527671774,0.03829788213243621,0.0,0.0,0.03829788213243621,0.03829788213243621,0.1
0.26399999999999996,0.11048295086573313,0.03834779553454407,0.0,0.0,0.03834779553454407,0.03834779553454407,0.1
0.2652,0.11055489968438305,0.038397757577554,0.0,0.0,0.038397757577554,0.038397757577554,0.1
0.26639999999999997,0.11062686935474582,0.03844776664010259,0.0,0.0,0.03844776664010259,0.03844776664010259,0.1
0.26759999999999995,0.11069885750507094,0.03849782110082644,0.0,0.0,0.03849782110082644,0.03849782110082644,0.1
0.2688,0.11077086176976327,0.03854791933836215,0.0,0.0,0.03854791933836215,0.03854791933836215,0.1
0.26999999999999996,0.1108428797893667,0.038598059731346314,0.0,0.0,0.038598059731346314,0.038598059731346314,0.1
0.2712,0.11091490921054752,0.03864824065841553,0.0,0.0,0.03864824065841553,0.03864824065841553,0.1
0.2724,0.11098694768607703,0.038698460498206404,0.0,0.0,0.038698460498206404,0.038698460498206404,0.1
0.27359999999999995,0.11105899287481405,0.03874871762935552,0.0,0.0,0.03874871762935552,0.03874871762935552,0.1
0.2748,0.11113104244168684,0.03879901043049949,0.0,0.0,0.03879901043049949,0.03879901043049949,0.1
0.27599999999999997,0.11120309405767449,0.0388493372802749,0.0,0.0,0.0388493372802749,0.0388493372802749,0.1
0.2772,0.11127514539978818,0.038899696557318356,0.0,0.0,0.038899696557318356,0.038899696557318356,0.1
0.2784,0.1113471941510517,0.03895008664026645,0.0,0.0,0.03895008664026645,0.03895008664026645,0.1
0.27959999999999996,0.11141923800048176,0.039000505907755785,0.0,0.0,0.039000505907755785,0.039000505907755785,0.1
0.2808,0.11149127464306792,0.039050952738422955,0.0,0.0,0.039050952738422955,0.039050952738422955,0.1
0.282,0.11156330177975193,0.039101425510904564,0.0,0.0,0.039101425510904564,0.039101425510904564,0.1
0.28319999999999995,0.11163531711740689,0.039151922603837194,0.0,0.0,0.039151922603837194,0.039151922603837194,0.1
0.2844,0.11170731836881594,0.03920244239585747,0.0,0.0,0.03920244239585747,0.03920244239585747,0.1
0.28559999999999997,0.1117793032526505,0.03925298326560196,0.0,0.0,0.03925298326560196,0.03925298326560196,0.1
0.2868,0.11185126949344831,0.039303543591707284,0.0,0.0,0.039303543591707284,0.039303543591707284,0.1
0.288,0.11192321482159097,0.03935412175281003,0.0,0.0,0.03935412175281003,0.03935412175281003,0.1
0.28919999999999996,0.11199513697328112,0.03940471612754679,0.0,0.0,0.03940471612754679,0.03940471612754679,0.1
0.2904,0.11206703369051935,0.039455325094554176,0.0,0.0,0.039455325094554176,0.039455325094554176,0.1
0.29159999999999997,0.1121389027210807,0.03950594703246878,0.0,0.0,0.03950594703246878,0.03950594703246878,0.1
0.29279999999999995,0.1122107418184908,0.0395565803199272,0.0,0.0,0.0395565803199272,0.0395565803199272,0.1
0.294,0.11228254874200176,0.03960722333556602,0.0,0.0,0.03960722333556602,0.03960722333556602,0.1
0.29519999999999996,0.11235432125656761,0.039657874458021866,0.0,0.0,0.039657874458021866,0.039657874458021866,0.1
0.2964,0.11242605713281953,0.039708532065931314,0.0,0.0,0.039708532065931314,0.039708532065931314,0.1
0.2976,0.11249775414704065,0.039759194537930975,0.0,0.0,0.039759194537930975,0.039759194537930975,0.1
0.29879999999999995,0.1125694100811406,0.03980986025265743,0.0,0.0,0.03980986025265743,0.03980986025265743,0.1
0.3,0.1126410227226298,0.0398605275887473,0.0,0.0,0.0398605275887473,0.0398605275887473,0.1
0.30119999999999997,0.11271258986459322,0.03991119492483716,0.0,0.0,0.03991119492483716,0.03991119492483716,0.1
0.30239999999999995,0.11278410930566415,0.03996186063956362,0.0,0.0,0.03996186063956362,0.03996186063956362,0.1
0.3036,0.11285557884999749,0.040012523111563274,0.0,0.0,0.040012523111563274,0.040012523111563274,0.1
0.30479999999999996,0.11292699630724268,0.04006318071947273,0.0,0.0,0.04006318071947273,0.04006318071947273,0.1
0.306,0.11299835949251652,0.040113831841928564,0.0,0.0,0.040113831841928564,0.040113831841928564,0.1
0.3072,0.11306966622637568,0.0401644748575674,0.0,0.0,0.0401644748575674,0.0401644748575674,0.1
0.30839999999999995,0.11314091433478872,0.04021510814502581,0.0,0.0,0.04021510814502581,0.04021510814502581,0.1
0.3096,0.11321210164910817,0.04026573008294041,0.0,0.0,0.04026573008294041,0.04026573008294041,0.1
0.31079999999999997,0.11328322600604204,0.0403163390499478,0.0,0.0,0.0403163390499478,0.0403163390499478,0.1
0.312,0.11335428524762531,0.04036693342468457,0.0,0.0,0.04036693342468457,0.04036693342468457,0.1
0.3132,0.11342527722119088,0.04041751158578731,0.0,0.0,0.04041751158578731,0.04041751158578731,0.1
0.31439999999999996,0.11349619977934064,0.04046807191189263,0.0,0.0,0.04046807191189263,0.04046807191189263,0.1
0.3156,0.11356705077991591,0.040518612781637126,0.0,0.0,0.040518612781637126,0.040518612781637126,0.1
0.31679999999999997,0.11363782808596792,0.04056913257365739,0.0,0.0,0.04056913257365739,0.04056913257365739,0.1
0.31799999999999995,0.11370852956572783,0.04061962966659003,0.0,0.0,0.04061962966659003,0.04061962966659003,0.1
0.3192,0.11377915309257666,0.04067010243907163,0.0,0.0,0.04067010243907163,0.04067010243907163,0.1
0.32039999999999996,0.11384969654501499,0.0407205492697388,0.0,0.0,0.0407205492697388,0.0407205492697388,0.1
0.3216,0.11392015780663228,0.04077096853722814,0.0,0.0,0.04077096853722814,0.04077096853722814,0.1
0.3228,0.1139905347660761,0.04082135862017624,0.0,0.0,0.04082135862017624,0.04082135862017624,0.1
0.32399999999999995,0.1140608253170211,0.04087171789721969,0.0,0.0,0.04087171789721969,0.04087171789721969,0.1
0.3252,0.11413102735813781,0.0409220447469951,0.0,0.0,0.0409220447469951,0.0409220447469951,0.1
0.32639999999999997,0.11420113879306108,0.040972337548139066,0.0,0.0,0.040972337548139066,0.040972337548139066,0.1
0.32759999999999995,0.11427115753035846,0.041022594679288184,0.0,0.0,0.041022594679288184,0.041022594679288184,0.1
0.3288,0.11434108148349831,0.04107281451907906,0.0,0.0,0.04107281451907906,0.04107281451907906,0.1
0.32999999999999996,0.11441090857081768,0.041122995446148274,0.0,0.0,0.041122995446148274,0.041122995446148274,0.1
0.3312,0.11448063671549001,0.041173135839132444,0.0,0.0,0.041173135839132444,0.041173135839132444,0.1
0.3324,0.11455026384549273,0.04122323407666815,0.0,0.0,0.04122323407666815,0.04122323407666815,0.1
0.33359999999999995,0.11461978789357447,0.041273288537392,0.0,0.0,0.041273288537392,0.041273288537392,0.1
0.3348,0.1146892067972222,0.04132329759994059,0.0,0.0,0.04132329759994059,0.04132329759994059,0.1
0.33599999999999997,0.11475851849862823,0.041373259642950515,0.0,0.0,0.041373259642950515,0.041373259642950515,0.1
0.33719999999999994,0.11482772094465692,0.04142317304505838,0.0,0.0,0.04142317304505838,0.04142317304505838,0.1
0.3384,0.11489681208681118,0.04147303618490078,0.0,0.0,0.04147303618490078,0.04147303618490078,0.1
0.33959999999999996,0.114965789881199,0.041522847441114306,0.0,0.0,0.041522847441114306,0.041522847441114306,0.1
0.3408,0.11503465228849957,0.04157260519233557,0.0,0.0,0.04157260519233557,0.04157260519233557,0.1
0.34199999999999997,0.11510339727392932,0.04162230781720115,0.0,0.0,0.04162230781720115,0.04162230781720115,0.1
0.34319999999999995,0.11517202280720783,0.04167195369434766,0.0,0.0,0.04167195369434766,0.04167195369434766,0.1
0.3444,0.11524052686252349,0.04172154120241169,0.0,0.0,0.04172154120241169,0.04172154120241169,0.1
0.34559999999999996,0.1153089074184991,0.04177106872002984,0.0,0.0,0.04177106872002984,0.04177106872002984,0.1
0.3468,0.11537716245815721,0.04182053462583873,0.0,0.0,0.04182053462583873,0.04182053462583873,0.1
0.348,0.11544528996888526,0.04186993729847491,0.0,0.0,0.04186993729847491,0.04186993729847491,0.1
0.34919999999999995,0.11551328794240082,0.04191927511657501,0.0,0.0,0.04191927511657501,0.04191927511657501,0.1
0.3504,0.11558115437471629,0.041968546458775624,0.0,0.0,0.041968546458775624,0.041968546458775624,0.1
0.35159999999999997,0.11564888726610385,0.042017749703713345,0.0,0.0,0.042017749703713345,0.042017749703713345,0.1
0.35279999999999995,0.11571648462105993,0.042066883230024776,0.0,0.0,0.042066883230024776,0.042066883230024776,0.1
0.354,0.11578394444826969,0.042115945416346515,0.0,0.0,0.042115945416346515,0.042115945416346515,0.1
0.35519999999999996,0.11585126476057134,0.042164934641315155,0.0,0.0,0.042164934641315155,0.042164934641315155,0.1
0.3564,0.11591844357492039,0.0422138492835673,0.0,0.0,0.0422138492835673,0.0422138492835673,0.1
0.3576,0.11598547891235352,0.042262687721739536,0.0,0.0,0.042262687721739536,0.042262687721739536,0.1
0.35879999999999995,0.1160523687979526,0.042311448334468475,0.0,0.0,0.042311448334468475,0.042311448334468475,0.1
0.36,0.1161191112608084,0.04236012950039071,0.0,0.0,0.04236012950039071,0.04236012950039071,0.1
0.36119999999999997,0.11618570433398422,0.042408729598142826,0.0,0.0,0.042408729598142826,0.042408729598142826,0.1
0.36239999999999994,0.11625214605447937,0.04245724700636145,0.0,0.0,0.04245724700636145,0.04245724700636145,0.1
0.3636,0.11631843446319247,0.04250568010368315,0.0,0.0,0.04250568010368315,0.04250568010368315,0.1
0.36479999999999996,0.1163845676048848,0.04255402726874454,0.0,0.0,0.04255402726874454,0.04255402726874454,0.1
0.366,0.11645054352814331,0.042602286880182215,0.0,0.0,0.042602286880182215,0.042602286880182215,0.1
0.36719999999999997,0.11651636028534362,0.04265045731663277,0.0,0.0,0.04265045731663277,0.04265045731663277,0.1
0.36839999999999995,0.11658201593261287,0.04269853695673281,0.0,0.0,0.04269853695673281,0.04269853695673281,0.1
0.3696,0.11664750852979244,0.04274652417911892,0.0,0.0,0.04274652417911892,0.04274652417911892,0.1
0.37079999999999996,0.1167128361404006,0.04279441736242771,0.0,0.0,0.04279441736242771,0.04279441736242771,0.1
0.37199999999999994,0.11677799683159495,0.04284221488529577,0.0,0.0,0.04284221488529577,0.04284221488529577,0.1
0.3732,0.11684298867413483,0.0428899151263597,0.0,0.0,0.0428899151263597,0.0428899151263597,0.1
0.37439999999999996,0.11690780974234356,0.04293751646425611,0.0,0.0,0.04293751646425611,0.04293751646425611,0.1
0.3756,0.1169724581140706,0.04298501727762158,0.0,0.0,0.04298501727762158,0.04298501727762158,0.1
0.37679999999999997,0.11703693187065355,0.04303241594509271,0.0,0.0,0.04303241594509271,0.04303241594509271,0.1
0.37799999999999995,0.1171012290968801,0.0430797108453061,0.0,0.0,0.0430797108453061,0.0430797108453061,0.1
0.3792,0.11716534788094984,0.04312690035689836,0.0,0.0,0.04312690035689836,0.04312690035689836,0.1
0.38039999999999996,0.11722928631443595,0.04317398285850608,0.0,0.0,0.04317398285850608,0.04317398285850608,0.1
0.38159999999999994,0.11729304249224674,0.04322095672876585,0.0,0.0,0.04322095672876585,0.04322095672876585,0.1
0.3828,0.11735661451258723,0.043267820346314274,0.0,0.0,0.043267820346314274,0.043267820346314274,0.1
0.38399999999999995,0.11742000047692044,0.043314572089787944,0.0,0.0,0.043314572089787944,0.043314572089787944,0.1
0.3852,0.11748319848992876,0.04336121033782348,0.0,0.0,0.04336121033782348,0.04336121033782348,0.1
0.38639999999999997,0.11754620665947497,0.043407733469057456,0.0,0.0,0.043407733469057456,0.043407733469057456,0.1
0.38759999999999994,0.11760902309656346,0.04345413986212647,0.0,0.0,0.04345413986212647,0.04345413986212647,0.1
0.3888,0.1176716459153011,0.04350042789566714,0.0,0.0,0.04350042789566714,0.04350042789566714,0.1
0.38999999999999996,0.11773407323285812,0.04354659594831604,0.0,0.0,0.04354659594831604,0.04354659594831604,0.1
0.3912,0.11779630316942888,0.04359264239870979,0.0,0.0,0.04359264239870979,0.04359264239870979,0.1
0.39239999999999997,0.11785833384819251,0.04363856562548497,0.0,0.0,0.04363856562548497,0.04363856562548497,0.1
0.39359999999999995,0.1179201633952735,0.04368436400727818,0.0,0.0,0.04368436400727818,0.04368436400727818,0.1
0.3948,0.11798178993970214,0.04373003592272603,0.0,0.0,0.04373003592272603,0.04373003592272603,0.1
0.39599999999999996,0.11804321161337486,0.0437755797504651,0.0,0.0,0.0437755797504651,0.0437755797504651,0.1
0.39719999999999994,0.1181044265510146,0.04382099386913201,0.0,0.0,0.04382099386913201,0.04382099386913201,0.1
0.3984,0.11816543289013078,0.04386627665736335,0.0,0.0,0.04386627665736335,0.04386627665736335,0.1
0.39959999999999996,0.11822622877097957,0.043911426493795695,0.0,0.0,0.043911426493795695,0.043911426493795695,0.1
0.4008,0.1182868123365238,0.04395644175706568,0.0,0.0,0.04395644175706568,0.04395644175706568,0.1
0.40199999999999997,0.11834718173239275,0.04400132082580987,0.0,0.0,0.04400132082580987,0.04400132082580987,0.1
0.40319999999999995,0.1184073351068421,0.044046062078664884,0.0,0.0,0.044046062078664884,0.044046062078664884,0.1
0.4044,0.11846727061071341,0.04409066389426732,0.0,0.0,0.04409066389426732,0.04409066389426732,0.1
0.40559999999999996,0.1185269863973939,0.04413512465125376,0.0,0.0,0.04413512465125376,0.04413512465125376,0.1
0.40679999999999994,0.11858648062277587,0.04417944272826081,0.0,0.0,0.04417944272826081,0.04417944272826081,0.1
0.408,0.11864575144521611,0.044223616503925076,0.0,0.0,0.044223616503925076,0.044223616503925076,0.1
0.40919999999999995,0.11870479702549513,0.04426764435688314,0.0,0.0,0.04426764435688314,0.04426764435688314,0.1
0.4104,0.11876361552677656,0.04431152466577163,0.0,0.0,0.04431152466577163,0.04431152466577163,0.1
0.41159999999999997,0.11882220511456602,0.0443552558092271,0.0,0.0,0.0443552558092271,0.0443552558092271,0.1
0.41279999999999994,0.11888056395667039,0.044398836165886184,0.0,0.0,0.044398836165886184,0.044398836165886184,0.1
0.414,0.11893869022315658,0.04444226411438546,0.0,0.0,0.04444226411438546,0.04444226411438546,0.1
0.41519999999999996,0.11899658208631035,0.04448553803336153,0.0,0.0,0.04448553803336153,0.04448553803336153,0.1
0.41639999999999994,0.11905423772059523,0.04452865630145099,0.0,0.0,0.04452865630145099,0.04452865630145099,0.1
0.41759999999999997,0.11911165530261092,0.04457161729729045,0.0,0.0,0.04457161729729045,0.04457161729729045,0.1
0.41879999999999995,0.11916883301105202,0.0446144193995165,0.0,0.0,0.0446144193995165,0.0446144193995165,0.1
0.42,0.11922576902666637,0.04465706098676573,0.0,0.0,0.04465706098676573,0.04465706098676573,0.1
0.42119999999999996,0.11928246153221353,0.044699540437674753,0.0,0.0,0.044699540437674753,0.044699540437674753,0.1
0.42239999999999994,0.11933890871242288,0.04474185613088016,0.0,0.0,0.04474185613088016,0.04474185613088016,0.1
0.4236,0.11939510875395189,0.04478400644501854,0.0,0.0,0.04478400644501854,0.04478400644501854,0.1
0.42479999999999996,0.11945105984534418,0.044825989758726495,0.0,0.0,0.044825989758726495,0.044825989758726495,0.1
0.426,0.11950676017698748,0.04486780445064064,0.0,0.0,0.04486780445064064,0.04486780445064064,0.1
0.42719999999999997,0.1195622079410714,0.044909448899397554,0.0,0.0,0.044909448899397554,0.044909448899397554,0.1
0.42839999999999995,0.1196174013315454,0.04495092148363384,0.0,0.0,0.04495092148363384,0.04495092148363384,0.1
0.4296,0.11967233854407626,0.0449922205819861,0.0,0.0,0.0449922205819861,0.0449922205819861,0.1
0.43079999999999996,0.11972701777600576,0.045033344573090925,0.0,0.0,0.045033344573090925,0.045033344573090925,0.1
0.43199999999999994,0.11978143722630814,0.045074291835584916,0.0,0.0,0.045074291835584916,0.045074291835584916,0.1
0.4332,0.11983559509554746,0.04511506074810467,0.0,0.0,0.04511506074810467,0.04511506074810467,0.1
0.43439999999999995,0.11988948958583483,0.04515564968928678,0.0,0.0,0.04515564968928678,0.04515564968928678,0.1
0.4356,0.11994311890078564,0.04519605703776786,0.0,0.0,0.04519605703776786,0.04519605703776786,0.1
0.43679999999999997,0.11999648124547652,0.04523628117218449,0.0,0.0,0.04523628117218449,0.04523628117218449,0.1
0.43799999999999994,0.12004957482640245,0.04527632047117328,0.0,0.0,0.04527632047117328,0.04527632047117328,0.1
0.4392,0.12010239785143342,0.045316173313370824,0.0,0.0,0.045316173313370824,0.045316173313370824,0.1
0.44039999999999996,0.12015494852977134,0.04535583807741372,0.0,0.0,0.04535583807741372,0.04535583807741372,0.1
0.44159999999999994,0.12020722507190655,0.04539531314193856,0.0,0.0,0.04539531314193856,0.04539531314193856,0.1
0.44279999999999997,0.12025922568957442,0.04543459688558194,0.0,0.0,0.04543459688558194,0.04543459688558194,0.1
0.44399999999999995,0.12031094859571177,0.04547368768698048,0.0,0.0,0.04547368768698048,0.04547368768698048,0.1
0.4452,0.12036239200441307,0.04551258392477075,0.0,0.0,0.04551258392477075,0.04551258392477075,0.1
0.44639999999999996,0.12041355413088678,0.04555128397758937,0.0,0.0,0.04555128397758937,0.04555128397758937,0.1
0.44759999999999994,0.12046443319141131,0.04558978622407292,0.0,0.0,0.04558978622407292,0.04558978622407292,0.1
0.4488,0.12051502740329108,0.045628089042858005,0.0,0.0,0.045628089042858005,0.045628089042858005,0.1
0.44999999999999996,0.12056533498481228,0.045666190812581234,0.0,0.0,0.045666190812581234,0.045666190812581234,0.1
0.45119999999999993,0.12061535415519867,0.04570408991187919,0.0,0.0,0.04570408991187919,0.04570408991187919,0.1
0.45239999999999997,0.12066508313456714,0.045741784719388466,0.0,0.0,0.045741784719388466,0.045741784719388466,0.1
0.45359999999999995,0.12071452014388326,0.045779273613745675,0.0,0.0,0.045779273613745675,0.045779273613745675,0.1
0.4548,0.12076366340491662,0.045816554973587414,0.0,0.0,0.045816554973587414,0.045816554973587414,0.1
0.45599999999999996,0.12081251114019607,0.045853627177550274,0.0,0.0,0.045853627177550274,0.045853627177550274,0.1
0.45719999999999994,0.12086106157296483,0.04589048860427085,0.0,0.0,0.04589048860427085,0.04589048860427085,0.1
0.4584,0.1209093129271356,0.045927137632385755,0.0,0.0,0.045927137632385755,0.045927137632385755,0.1
0.45959999999999995,0.12095726342724523,0.045963572640531566,0.0,0.0,0.045963572640531566,0.045963572640531566,0.1
0.4608,0.1210049112984097,0.0459997920073449,0.0,0.0,0.0459997920073449,0.0459997920073449,0.1
0.46199999999999997,0.12105225476627851,0.04603579411146234,0.0,0.0,0.04603579411146234,0.04603579411146234,0.1
0.46319999999999995,0.12109929205698933,0.046071577331520494,0.0,0.0,0.046071577331520494,0.046071577331520494,0.1
0.4644,0.12114602139712224,0.04610714004615596,0.0,0.0,0.04610714004615596,0.04610714004615596,0.1
0.46559999999999996,0.12119244101365398,0.04614248063400532,0.0,0.0,0.04614248063400532,0.04614248063400532,0.1
0.46679999999999994,0.12123854913391202,0.04617759747370519,0.0,0.0,0.04617759747370519,0.04617759747370519,0.1
0.46799999999999997,0.12128434398552848,0.04621248894389216,0.0,0.0,0.04621248894389216,0.04621248894389216,0.1
0.46919999999999995,0.12132982379639393,0.046247153423202826,0.0,0.0,0.046247153423202826,0.046247153423202826,0.1
0.4704,0.12137498679461102,0.0462815892902738,0.0,0.0,0.0462815892902738,0.0462815892902738,0.1
0.47159999999999996,0.12141983120844799,0.04631579492374166,0.0,0.0,0.04631579492374166,0.04631579492374166,0.1
0.47279999999999994,0.12146435526629201,0.04634976870224302,0.0,0.0,0.04634976870224302,0.04634976870224302,0.1
0.474,0.1215085571966024,0.046383509004414465,0.0,0.0,0.046383509004414465,0.046383509004414465,0.1
0.47519999999999996,0.12155243522786369,0.0464170142088926,0.0,0.0,0.0464170142088926,0.0464170142088926,0.1
0.47639999999999993,0.12159598758853847,0.046450282694314025,0.0,0.0,0.046450282694314025,0.046450282694314025,0.1
0.47759999999999997,0.1216392125070201,0.046483312839315324,0.0,0.0,0.046483312839315324,0.046483312839315324,0.1
0.47879999999999995,0.12168210821158548,0.04651610302253312,0.0,0.0,0.04651610302253312,0.04651610302253312,0.1
0.48,0.12172467293034721,0.04654865162260399,0.0,0.0,0.04654865162260399,0.04654865162260399,0.1
0.48119999999999996,0.12176690489120597,0.04658095701816454,0.0,0.0,0.04658095701816454,0.04658095701816454,0.1
0.48239999999999994,0.12180880232180266,0.04661301758785136,0.0,0.0,0.04661301758785136,0.04661301758785136,0.1
0.4836,0.12185036344947027,0.04664483171030105,0.0,0.0,0.04664483171030105,0.04664483171030105,0.1
0.48479999999999995,0.12189158650118553,0.04667639776415022,0.0,0.0,0.04667639776415022,0.04667639776415022,0.1
0.48599999999999993,0.12193246970352072,0.046707714128035455,0.0,0.0,0.046707714128035455,0.046707714128035455,0.1
0.48719999999999997,0.1219730112825948,0.04673877918059336,0.0,0.0,0.04673877918059336,0.04673877918059336,0.1
0.48839999999999995,0.12201320946402483,0.04676959130046054,0.0,0.0,0.04676959130046054,0.04676959130046054,0.1
0.4896,0.12205306247287694,0.046800148866273567,0.0,0.0,0.046800148866273567,0.046800148866273567,0.1
0.49079999999999996,0.12209256853361715,0.04683045025666906,0.0,0.0,0.04683045025666906,0.04683045025666906,0.1
0.49199999999999994,0.12213172587006212,0.04686049385028361,0.0,0.0,0.04686049385028361,0.04686049385028361,0.1
0.49319999999999997,0.12217053270532956,0.046890278025753816,0.0,0.0,0.046890278025753816,0.046890278025753816,0.1
0.49439999999999995,0.12220898726178857,0.04691980116171628,0.0,0.0,0.04691980116171628,0.04691980116171628,0.1
0.49559999999999993,0.12224708776100966,0.04694906163680759,0.0,0.0,0.04694906163680759,0.04694906163680759,0.1
0.49679999999999996,0.12228483242371474,0.046978057829664355,0.0,0.0,0.046978057829664355,0.046978057829664355,0.1
0.49799999999999994,0.12232221946972675,0.04700678811892317,0.0,0.0,0.04700678811892317,0.04700678811892317,0.1
0.4992,0.12235924711791912,0.047035250883220636,0.0,0.0,0.047035250883220636,0.047035250883220636,0.1
0.5004,0.12239591358616513,0.04706344450119333,0.0,0.0,0.04706344450119333,0.04706344450119333,0.1
0.5015999999999999,0.12243221709128688,0.04709136735147788,0.0,0.0,0.04709136735147788,0.04709136735147788,0.1
0.5027999999999999,0.12246815584900426,0.047119017812710856,0.0,0.0,0.047119017812710856,0.047119017812710856,0.1
0.504,0.12250372807388353,0.04714639426352888,0.0,0.0,0.04714639426352888,0.04714639426352888,0.1
0.5052,0.12253893197928567,0.04717349508256854,0.0,0.0,0.04717349508256854,0.04717349508256854,0.1
0.5064,0.12257376577731467,0.04720031864846642,0.0,0.0,0.04720031864846642,0.04720031864846642,0.1
0.5075999999999999,0.12260822767876549,0.047226863339859135,0.0,0.0,0.047226863339859135,0.047226863339859135,0.1
0.5087999999999999,0.12264231589307174,0.047253127535383285,0.0,0.0,0.047253127535383285,0.047253127535383285,0.1
0.51,0.1226760286282532,0.047279109613675464,0.0,0.0,0.047279109613675464,0.047279109613675464,0.1
0.5112,0.1227093640908631,0.04730480795337226,0.0,0.0,0.04730480795337226,0.04730480795337226,0.1
0.5124,0.12274232048593509,0.047330220933110276,0.0,0.0,0.047330220933110276,0.047330220933110276,0.1
0.5136,0.1227748960169301,0.04735534693152611,0.0,0.0,0.04735534693152611,0.04735534693152611,0.1
0.5147999999999999,0.12280708888568281,0.047380184327256374,0.0,0.0,0.047380184327256374,0.047380184327256374,0.1
0.5159999999999999,0.12283889729234791,0.04740473149893765,0.0,0.0,0.04740473149893765,0.04740473149893765,0.1
0.5172,0.12287031943534614,0.04742898682520653,0.0,0.0,0.04742898682520653,0.04742898682520653,0.1
0.5184,0.12290135351131003,0.047452948684699625,0.0,0.0,0.047452948684699625,0.047452948684699625,0.1
0.5196,0.12293199771502943,0.047476615456053535,0.0,0.0,0.047476615456053535,0.047476615456053535,0.1
0.5207999999999999,0.12296225023939664,0.047499985517904846,0.0,0.0,0.047499985517904846,0.047499985517904846,0.1
0.5219999999999999,0.12299210927535147,0.047523057248890166,0.0,0.0,0.047523057248890166,0.047523057248890166,0.1
0.5232,0.12302157301182585,0.04754582902764609,0.0,0.0,0.04754582902764609,0.04754582902764609,0.1
0.5244,0.1230506396356882,0.04756829923280922,0.0,0.0,0.04756829923280922,0.04756829923280922,0.1
0.5256,0.12307930733168755,0.04759046624301613,0.0,0.0,0.04759046624301613,0.04759046624301613,0.1
0.5267999999999999,0.12310757428239742,0.04761232843690345,0.0,0.0,0.04761232843690345,0.04761232843690345,0.1
0.5279999999999999,0.12313543866815921,0.04763388419310777,0.0,0.0,0.04763388419310777,0.04763388419310777,0.1
0.5292,0.12316289866702552,0.04765513189026567,0.0,0.0,0.04765513189026567,0.04765513189026567,0.1
0.5304,0.12318995245470306,0.047676069907013764,0.0,0.0,0.047676069907013764,0.047676069907013764,0.1
0.5316,0.12321659820449515,0.047696696621988645,0.0,0.0,0.047696696621988645,0.047696696621988645,0.1
0.5327999999999999,0.1232428340872442,0.04771701041382691,0.0,0.0,0.04771701041382691,0.04771701041382691,0.1
0.5339999999999999,0.12326865827127348,0.04773700966116516,0.0,0.0,0.04773700966116516,0.04773700966116516,0.1
0.5351999999999999,0.12329406892232894,0.047756692742639995,0.0,0.0,0.047756692742639995,0.047756692742639995,0.1
0.5364,0.12331906420352044,0.047776058036888,0.0,0.0,0.047776058036888,0.047776058036888,0.1
0.5376,0.12334364227526282,0.047795103922545795,0.0,0.0,0.047795103922545795,0.047795103922545795,0.1
0.5388,0.1233678012952164,0.04781382877824996,0.0,0.0,0.04781382877824996,0.04781382877824996,0.1
0.5399999999999999,0.12339153941822754,0.04783223098263709,0.0,0.0,0.04783223098263709,0.04783223098263709,0.1
0.5411999999999999,0.12341485479626835,0.047850308914343796,0.0,0.0,0.047850308914343796,0.047850308914343796,0.1
0.5424,0.12343774557837646,0.04786806095200667,0.0,0.0,0.04786806095200667,0.04786806095200667,0.1
0.5436,0.12346020991059427,0.047885485474262315,0.0,0.0,0.047885485474262315,0.047885485474262315,0.1
0.5448,0.12348224593590773,0.04790258085974732,0.0,0.0,0.04790258085974732,0.04790258085974732,0.1
0.5459999999999999,0.12350385179418494,0.04791934548709829,0.0,0.0,0.04791934548709829,0.04791934548709829,0.1
0.5471999999999999,0.12352502562211433,0.047935777734951814,0.0,0.0,0.047935777734951814,0.047935777734951814,0.1
0.5484,0.12354576555314228,0.047951875981944496,0.0,0.0,0.047951875981944496,0.047951875981944496,0.1
0.5496,0.12356606971741069,0.04796763860671294,0.0,0.0,0.04796763860671294,0.04796763860671294,0.1
0.5508,0.12358593624169378,0.04798306398789373,0.0,0.0,0.04798306398789373,0.04798306398789373,0.1
0.5519999999999999,0.12360536324933477,0.047998150504123475,0.0,0.0,0.047998150504123475,0.047998150504123475,0.1
0.5531999999999999,0.12362434886018207,0.04801289653403877,0.0,0.0,0.04801289653403877,0.04801289653403877,0.1
0.5544,0.12364289119052499,0.04802730045627621,0.0,0.0,0.04802730045627621,0.04802730045627621,0.1
0.5556,0.1236609883530291,0.0480413606494724,0.0,0.0,0.0480413606494724,0.0480413606494724,0.1
0.5568,0.12367863845667125,0.04805507549226393,0.0,0.0,0.04805507549226393,0.04805507549226393,0.1
0.5579999999999999,0.12369583960667392,0.048068443363287396,0.0,0.0,0.048068443363287396,0.048068443363287396,0.1
0.5591999999999999,0.1237125899044394,0.04808146264117941,0.0,0.0,0.04808146264117941,0.04808146264117941,0.1
0.5603999999999999,0.12372888744748334,0.04809413170457655,0.0,0.0,0.04809413170457655,0.04809413170457655,0.1
0.5616,0.12374473032936796,0.04810644893211542,0.0,0.0,0.04810644893211542,0.04810644893211542,0.1
0.5628,0.12376011663963475,0.04811841270243263,0.0,0.0,0.04811841270243263,0.04811841270243263,0.1
0.564,0.1237750444637367,0.04813002139416477,0.0,0.0,0.04813002139416477,0.04813002139416477,0.1
0.5651999999999999,0.12378951188297012,0.04814127338594844,0.0,0.0,0.04814127338594844,0.04814127338594844,0.1
0.5663999999999999,0.12380351697440586,0.04815216705642023,0.0,0.0,0.04815216705642023,0.04815216705642023,0.1
0.5676,0.12381705781082022,0.04816270078421674,0.0,0.0,0.04816270078421674,0.04816270078421674,0.1
0.5688,0.12383013246062527,0.048172872947974586,0.0,0.0,0.048172872947974586,0.048172872947974586,0.1
0.57,0.12384273898779855,0.048182681926330344,0.0,0.0,0.048182681926330344,0.048182681926330344,0.1
0.5711999999999999,0.12385487545181255,0.04819212609792061,0.0,0.0,0.04819212609792061,0.04819212609792061,0.1
0.5723999999999999,0.12386653990756341,0.048201203841382004,0.0,0.0,0.048201203841382004,0.048201203841382004,0.1
0.5736,0.12387773040529924,0.048209913535351104,0.0,0.0,0.048209913535351104,0.048209913535351104,0.1
0.5748,0.12388844499054784,0.048218253558464506,0.0,0.0,0.048218253558464506,0.048218253558464506,0.1
0.576,0.12389868170404396,0.04822622228935883,0.0,0.0,0.04822622228935883,0.04822622228935883,0.1
0.5771999999999999,0.12390843858165593,0.048233818106670656,0.0,0.0,0.048233818106670656,0.048233818106670656,0.1
0.5783999999999999,0.12391771365431174,0.04824103938903659,0.0,0.0,0.04824103938903659,0.04824103938903659,0.1
0.5796,0.12392650494792469,0.04824788451509322,0.0,0.0,0.04824788451509322,0.04824788451509322,0.1
0.5808,0.12393481048331821,0.04825435186347715,0.0,0.0,0.04825435186347715,0.04825435186347715,0.1
0.582,0.12394262827615041,0.048260439812824976,0.0,0.0,0.048260439812824976,0.048260439812824976,0.1
0.5831999999999999,0.12394995633683781,0.0482661467417733,0.0,0.0,0.0482661467417733,0.0482661467417733,0.1
0.5843999999999999,0.12395679267047853,0.04827147102895872,0.0,0.0,0.04827147102895872,0.04827147102895872,0.1
0.5855999999999999,0.12396313527677492,0.048276411053017824,0.0,0.0,0.048276411053017824,0.048276411053017824,0.1
0.5868,0.12396898214995555,0.048280965192587226,0.0,0.0,0.048280965192587226,0.048280965192587226,0.1
0.588,0.12397433127869656,0.04828513182630351,0.0,0.0,0.04828513182630351,0.04828513182630351,0.1
0.5892,0.12397918064604235,0.04828890933280328,0.0,0.0,0.04828890933280328,0.04828890933280328,0.1
0.5903999999999999,0.12398352822932569,0.04829229609072313,0.0,0.0,0.04829229609072313,0.04829229609072313,0.1
0.5915999999999999,0.12398737200008716,0.04829529047869966,0.0,0.0,0.04829529047869966,0.04829529047869966,0.1
0.5928,0.1239907099239939,0.048297890875369474,0.0,0.0,0.048297890875369474,0.048297890875369474,0.1
0.594,0.12399353996075763,0.04830009565936915,0.0,0.0,0.04830009565936915,0.04830009565936915,0.1
0.5952,0.12399586006405214,0.04830190320933532,0.0,0.0,0.04830190320933532,0.04830190320933532,0.1
0.5963999999999999,0.12399766818142992,0.04830331190390455,0.0,0.0,0.04830331190390455,0.04830331190390455,0.1
0.5975999999999999,0.12399896225423823,0.04830432012171345,0.0,0.0,0.04830432012171345,0.04830432012171345,0.1
0.5988,0.12399974021753432,0.04830492624139862,0.0,0.0,0.04830492624139862,0.04830492624139862,0.1
0.6,0.124,0.048305128641596654,0.0,0.0,0.048305128641596654,0.048305128641596654,0.1
0.6012,0.124,0.048305128641596654,0.0,0.0,0.048305128641596654,0.048305128641596654,0.1
0.6023999999999999,0.124,0.048305128641596654,0.0,0.0,0.048305128641596654,0.048305128641596654,0.1
0.6035999999999999,0.124,0.048305128641596654,0.0,0.0,0.048305128641596654,0.048305128641596654,0.1
0.6047999999999999,0.124,0.048305128641596654,0.0,0.0,0.048305128641596654,0.048305128641596654,0.1
0.606,0.124,0.048305128641596654,0.0,0.0,0.048305128641596654,0.048305128641596654,0.1
0.6072,0.124,0.048305128641596654,0.0,0.0,0.048305128641596654,0.048305128641596654,0.1
0.6083999999999999,0.124,0.048305128641596654,0.0,0.0,0.048305128641596654,0.048305128641596654,0.1
0.6095999999999999,0.124,0.048305128641596654,0.0,0.0,0.048305128641596654,0.048305128641596654,0.1
0.6107999999999999,0.124,0.048305128641596654,0.0,0.0,0.048305128641596654,0.048305128641596654,0.1
0.612,0.124,0.048305128641596654,0.0,0.0,0.048305128641596654,0.048305128641596654,0.1
0.6132,0.124,0.048305128641596654,0.0,0.0,0.048305128641596654,0.048305128641596654,0.1
0.6144,0.124,0.048305128641596654,0.0,0.0,0.048305128641596654,0.048305128641596654,0.1
0.6155999999999999,0.124,0.048305128641596654,0.0,0.0,0.048305128641596654,0.048305128641596654,0.1
0.6167999999999999,0.124,0.048305128641596654,0.0,0.0,0.048305128641596654,0.048305128641596654,0.1
0.618,0.124,0.048305128641596654,0.0,0.0,0.048305128641596654,0.048305128641596654,0.1
0.6192,0.124,0.048305128641596654,0.0,0.0,0.048305128641596654,0.048305128641596654,0.1
0.6204,0.124,0.048305128641596654,0.0,0.0,0.048305128641596654,0.048305128641596654,0.1
0.6215999999999999,0.124,0.048305128641596654,0.0,0.0,0.048305128641596654,0.048305128641596654,0.1
0.6227999999999999,0.124,0.048305128641596654,0.0,0.0,0.048305128641596654,0.048305128641596654,0.1
0.624,0.124,0.048305128641596654,0.0,0.0,0.048305128641596654,0.048305128641596654,0.1
0.6252,0.124,0.048305128641596654,0.0,0.0,0.048305128641596654,0.048305128641596654,0.1
0.6264,0.124,0.048305128641596654,0.0,0.0,0.048305128641596654,0.048305128641596654,0.1
0.6275999999999999,0.124,0.048305128641596654,0.0,0.0,0.048305128641596654,0.048305128641596654,0.1
0.6287999999999999,0.124,0.048305128641596654,0.0,0.0,0.048305128641596654,0.048305128641596654,0.1
0.6299999999999999,0.124,0.048305128641596654,0.0,0.0,0.048305128641596654,0.048305128641596654,0.1
0.6312,0.124,0.048305128641596654,0.0,0.0,0.048305128641596654,0.048305128641596654,0.1
0.6324,0.124,0.048305128641596654,0.0,0.0,0.048305128641596654,0.048305128641596654,0.1
0.6335999999999999,0.124,0.048305128641596654,0.0,0.0,0.048305128641596654,0.048305128641596654,0.1
0.6347999999999999,0.124,0.048305128641596654,0.0,0.0,0.048305128641596654,0.048305128641596654,0.1
0.6359999999999999,0.124,0.048305128641596654,0.0,0.0,0.048305128641596654,0.048305128641596654,0.1
0.6372,0.124,0.048305128641596654,0.0,0.0,0.048305128641596654,0.048305128641596654,0.1
0.6384,0.124,0.048305128641596654,0.0,0.0,0.048305128641596654,0.048305128641596654,0.1
0.6396,0.124,0.048305128641596654,0.0,0.0,0.048305128641596654,0.048305128641596654,0.1
0.6407999999999999,0.124,0.048305128641596654,0.0,0.0,0.048305128641596654,0.048305128641596654,0.1
0.6419999999999999,0.124,0.048305128641596654,0.0,0.0,0.048305128641596654,0.048305128641596654,0.1
0.6432,0.124,0.048305128641596654,0.0,0.0,0.048305128641596654,0.048305128641596654,0.1
0.6444,0.124,0.048305128641596654,0.0,0.0,0.048305128641596654,0.048305128641596654,0.1
0.6456,0.124,0.048305128641596654,0.0,0.0,0.048305128641596654,0.048305128641596654,0.1
0.6467999999999999,0.124,0.048305128641596654,0.0,0.0,0.048305128641596654,0.048305128641596654,0.1
0.6479999999999999,0.124,0.048305128641596654,0.0,0.0,0.048305128641596654,0.048305128641596654,0.1
0.6491999999999999,0.124,0.048305128641596654,0.0,0.0,0.048305128641596654,0.048305128641596654,0.1
0.6504,0.124,0.048305128641596654,0.0,0.0,0.048305128641596654,0.048305128641596654,0.1
0.6516,0.124,0.048305128641596654,0.0,0.0,0.048305128641596654,0.048305128641596654,0.1
0.6527999999999999,0.124,0.048305128641596654,0.0,0.0,0.048305128641596654,0.048305128641596654,0.1
0.6539999999999999,0.124,0.048305128641596654,0.0,0.0,0.048305128641596654,0.048305128641596654,0.1
0.6551999999999999,0.124,0.048305128641596654,0.0,0.0,0.048305128641596654,0.048305128641596654,0.1
0.6564,0.124,0.048305128641596654,0.0,0.0,0.048305128641596654,0.048305128641596654,0.1
0.6576,0.124,0.048305128641596654,0.0,0.0,0.048305128641596654,0.048305128641596654,0.1
0.6587999999999999,0.124,0.048305128641596654,0.0,0.0,0.048305128641596654,0.048305128641596654,0.1
0.6599999999999999,0.124,0.048305128641596654,0.0,0.0,0.048305128641596654,0.048305128641596654,0.1
0.6611999999999999,0.124,0.048305128641596654,0.0,0.0,0.048305128641596654,0.048305128641596654,0.1
0.6624,0.124,0.048305128641596654,0.0,0.0,0.048305128641596654,0.048305128641596654,0.1
0.6636,0.124,0.048305128641596654,0.0,0.0,0.048305128641596654,0.048305128641596654,0.1
0.6648,0.124,0.048305128641596654,0.0,0.0,0.048305128641596654,0.048305128641596654,0.1
0.6659999999999999,0.124,0.048305128641596654,0.0,0.0,0.048305128641596654,0.048305128641596654,0.1
0.6671999999999999,0.124,0.048305128641596654,0.0,0.0,0.048305128641596654,0.048305128641596654,0.1
0.6684,0.124,0.048305128641596654,0.0,0.0,0.048305128641596654,0.048305128641596654,0.1
0.6696,0.124,0.048305128641596654,0.0,0.0,0.048305128641596654,0.048305128641596654,0.1
0.6708,0.124,0.048305128641596654,0.0,0.0,0.048305128641596654,0.048305128641596654,0.1
0.6719999999999999,0.124,0.048305128641596654,0.0,0.0,0.048305128641596654,0.048305128641596654,0.1
0.6731999999999999,0.124,0.048305128641596654,0.0,0.0,0.048305128641596654,0.048305128641596654,0.1
0.6743999999999999,0.124,0.048305128641596654,0.0,0.0,0.048305128641596654,0.048305128641596654,0.1
0.6756,0.124,0.048305128641596654,0.0,0.0,0.048305128641596654,0.048305128641596654,0.1
0.6768,0.124,0.048305128641596654,0.0,0.0,0.048305128641596654,0.048305128641596654,0.1
0.6779999999999999,0.124,0.048305128641596654,0.0,0.0,0.048305128641596654,0.048305128641596654,0.1
0.6791999999999999,0.124,0.048305128641596654,0.0,0.0,0.048305128641596654,0.048305128641596654,0.1
0.6803999999999999,0.124,0.048305128641596654,0.0,0.0,0.048305128641596654,0.048305128641596654,0.1
0.6816,0.124,0.048305128641596654,0.0,0.0,0.048305128641596654,0.048305128641596654,0.1
0.6828,0.124,0.048305128641596654,0.0,0.0,0.048305128641596654,0.048305128641596654,0.1
0.6839999999999999,0.124,0.048305128641596654,0.0,0.0,0.048305128641596654,0.048305128641596654,0.1
0.6851999999999999,0.124,0.048305128641596654,0.0,0.0,0.048305128641596654,0.048305128641596654,0.1
0.6863999999999999,0.124,0.048305128641596654,0.0,0.0,0.048305128641596654,0.048305128641596654,0.1
0.6876,0.124,0.048305128641596654,0.0,0.0,0.048305128641596654,0.048305128641596654,0.1
0.6888,0.124,0.048305128641596654,0.0,0.0,0.048305128641596654,0.048305128641596654,0.1
0.69,0.124,0.048305128641596654,0.0,0.0,0.048305128641596654,0.048305128641596654,0.1
0.6911999999999999,0.124,0.048305128641596654,0.0,0.0,0.048305128641596654,0.048305128641596654,0.1
0.6923999999999999,0.124,0.048305128641596654,0.0,0.0,0.048305128641596654,0.048305128641596654,0.1
0.6936,0.124,0.048305128641596654,0.0,0.0,0.048305128641596654,0.048305128641596654,0.1
0.6948,0.124,0.048305128641596654,0.0,0.0,0.048305128641596654,0.048305128641596654,0.1
0.696,0.124,0.048305128641596654,0.0,0.0,0.048305128641596654,0.048305128641596654,0.1
0.6971999999999999,0.124,0.048305128641596654,0.0,0.0,0.048305128641596654,0.048305128641596654,0.1
0.6983999999999999,0.124,0.048305128641596654,0.0,0.0,0.048305128641596654,0.048305128641596654,0.1
0.6995999999999999,0.124,0.048305128641596654,0.0,0.0,0.048305128641596654,0.048305128641596654,0.1
0.7008,0.124,0.048305128641596654,0.0,0.0,0.048305128641596654,0.048305128641596654,0.1
0.702,0.124,0.048305128641596654,0.0,0.0,0.048305128641596654,0.048305128641596654,0.1
0.7031999999999999,0.124,0.048305128641596654,0.0,0.0,0.048305128641596654,0.048305128641596654,0.1
0.7043999999999999,0.124,0.048305128641596654,0.0,0.0,0.048305128641596654,0.048305128641596654,0.1
0.7055999999999999,0.124,0.048305128641596654,0.0,0.0,0.048305128641596654,0.048305128641596654,0.1
0.7068,0.124,0.048305128641596654,0.0,0.0,0.048305128641596654,0.048305128641596654,0.1
0.708,0.124,0.048305128641596654,0.0,0.0,0.048305128641596654,0.048305128641596654,0.1
0.7091999999999999,0.124,0.048305128641596654,0.0,0.0,0.048305128641596654,0.048305128641596654,0.1
0.7103999999999999,0.124,0.048305128641596654,0.0,0.0,0.048305128641596654,0.048305128641596654,0.1
0.7115999999999999,0.124,0.048305128641596654,0.0,0.0,0.048305128641596654,0.048305128641596654,0.1
0.7128,0.124,0.048305128641596654,0.0,0.0,0.048305128641596654,0.048305128641596654,0.1
0.714,0.124,0.048305128641596654,0.0,0.0,0.048305128641596654,0.048305128641596654,0.1
0.7152,0.124,0.048305128641596654,0.0,0.0,0.048305128641596654,0.048305128641596654,0.1
0.7163999999999999,0.124,0.048305128641596654,0.0,0.0,0.048305128641596654,0.048305128641596654,0.1
0.7175999999999999,0.124,0.048305128641596654,0.0,0.0,0.048305128641596654,0.048305128641596654,0.1
0.7187999999999999,0.124,0.048305128641596654,0.0,0.0,0.048305128641596654,0.048305128641596654,0.1
0.72,0.124,0.048305128641596654,0.0,0.0,0.048305128641596654,0.048305128641596654,0.1
0.7212,0.124,0.048305128641596654,0.0,0.0,0.048305128641596654,0.048305128641596654,0.1
0.7223999999999999,0.124,0.048305128641596654,0.0,0.0,0.048305128641596654,0.048305128641596654,0.1
0.7235999999999999,0.124,0.048305128641596654,0.0,0.0,0.048305128641596654,0.048305128641596654,0.1
0.7247999999999999,0.124,0.048305128641596654,0.0,0.0,0.048305128641596654,0.048305128641596654,0.1
0.726,0.124,0.048305128641596654,0.0,0.0,0.048305128641596654,0.048305128641596654,0.1
0.7272,0.124,0.048305128641596654,0.0,0.0,0.048305128641596654,0.048305128641596654,0.1
0.7283999999999999,0.124,0.048305128641596654,0.0,0.0,0.048305128641596654,0.048305128641596654,0.1
0.7295999999999999,0.124,0.048305128641596654,0.0,0.0,0.048305128641596654,0.048305128641596654,0.1
0.7307999999999999,0.124,0.048305128641596654,0.0,0.0,0.048305128641596654,0.048305128641596654,0.1
0.732,0.124,0.048305128641596654,0.0,0.0,0.048305128641596654,0.048305128641596654,0.1
0.7332,0.124,0.048305128641596654,0.0,0.0,0.048305128641596654,0.048305128641596654,0.1
0.7343999999999999,0.124,0.048305128641596654,0.0,0.0,0.048305128641596654,0.048305128641596654,0.1
0.7355999999999999,0.124,0.048305128641596654,0.0,0.0,0.048305128641596654,0.048305128641596654,0.1
0.7367999999999999,0.124,0.048305128641596654,0.0,0.0,0.048305128641596654,0.048305128641596654,0.1
0.738,0.124,0.048305128641596654,0.0,0.0,0.048305128641596654,0.048305128641596654,0.1
0.7392,0.124,0.048305128641596654,0.0,0.0,0.048305128641596654,0.048305128641596654,0.1
0.7404,0.124,0.048305128641596654,0.0,0.0,0.048305128641596654,0.048305128641596654,0.1
0.7415999999999999,0.124,0.048305128641596654,0.0,0.0,0.048305128641596654,0.048305128641596654,0.1
0.7427999999999999,0.124,0.048305128641596654,0.0,0.0,0.048305128641596654,0.048305128641596654,0.1
0.7439999999999999,0.124,0.048305128641596654,0.0,0.0,0.048305128641596654,0.048305128641596654,0.1
0.7452,0.124,0.048305128641596654,0.0,0.0,0.048305128641596654,0.048305128641596654,0.1
0.7464,0.124,0.048305128641596654,0.0,0.0,0.048305128641596654,0.048305128641596654,0.1
0.7475999999999999,0.124,0.048305128641596654,0.0,0.0,0.048305128641596654,0.048305128641596654,0.1
0.7487999999999999,0.124,0.048305128641596654,0.0,0.0,0.048305128641596654,0.048305128641596654,0.1
0.7499999999999999,0.124,0.048305128641596654,0.0,0.0,0.048305128641596654,0.048305128641596654,0.1
0.7512,0.124,0.048305128641596654,0.0,0.0,0.048305128641596654,0.048305128641596654,0.1
0.7524,0.124,0.048305128641596654,0.0,0.0,0.048305128641596654,0.048305128641596654,0.1
0.7535999999999999,0.124,0.048305128641596654,0.0,0.0,0.048305128641596654,0.048305128641596654,0.1
0.7547999999999999,0.124,0.048305128641596654,0.0,0.0,0.048305128641596654,0.048305128641596654,0.1
0.7559999999999999,0.124,0.048305128641596654,0.0,0.0,0.048305128641596654,0.048305128641596654,0.1
0.7572,0.124,0.048305128641596654,0.0,0.0,0.048305128641596654,0.048305128641596654,0.1
0.7584,0.124,0.048305128641596654,0.0,0.0,0.048305128641596654,0.048305128641596654,0.1
0.7595999999999999,0.124,0.048305128641596654,0.0,0.0,0.048305128641596654,0.048305128641596654,0.1
0.7607999999999999,0.124,0.048305128641596654,0.0,0.0,0.048305128641596654,0.048305128641596654,0.1
0.7619999999999999,0.124,0.048305128641596654,0.0,0.0,0.048305128641596654,0.048305128641596654,0.1
0.7631999999999999,0.124,0.048305128641596654,0.0,0.0,0.048305128641596654,0.048305128641596654,0.1
0.7644,0.124,0.048305128641596654,0.0,0.0,0.048305128641596654,0.048305128641596654,0.1
0.7656,0.124,0.048305128641596654,0.0,0.0,0.048305128641596654,0.048305128641596654,0.1
0.7667999999999999,0.124,0.048305128641596654,0.0,0.0,0.048305128641596654,0.048305128641596654,0.1
0.7679999999999999,0.124,0.048305128641596654,0.0,0.0,0.048305128641596654,0.048305128641596654,0.1
0.7691999999999999,0.124,0.048305128641596654,0.0,0.0,0.048305128641596654,0.048305128641596654,0.1
0.7704,0.124,0.048305128641596654,0.0,0.0,0.048305128641596654,0.048305128641596654,0.1
0.7716,0.124,0.048305128641596654,0.0,0.0,0.048305128641596654,0.048305128641596654,0.1
0.7727999999999999,0.124,0.048305128641596654,0.0,0.0,0.048305128641596654,0.048305128641596654,0.1
0.7739999999999999,0.124,0.048305128641596654,0.0,0.0,0.048305128641596654,0.048305128641596654,0.1
0.7751999999999999,0.124,0.048305128641596654,0.0,0.0,0.048305128641596654,0.048305128641596654,0.1
0.7764,0.124,0.048305128641596654,0.0,0.0,0.048305128641596654,0.048305128641596654,0.1
0.7776,0.124,0.048305128641596654,0.0,0.0,0.048305128641596654,0.048305128641596654,0.1
0.7787999999999999,0.124,0.048305128641596654,0.0,0.0,0.048305128641596654,0.048305128641596654,0.1
0.7799999999999999,0.124,0.048305128641596654,0.0,0.0,0.048305128641596654,0.048305128641596654,0.1
0.7811999999999999,0.124,0.048305128641596654,0.0,0.0,0.048305128641596654,0.048305128641596654,0.1
0.7824,0.124,0.048305128641596654,0.0,0.0,0.048305128641596654,0.048305128641596654,0.1
0.7836,0.124,0.048305128641596654,0.0,0.0,0.048305128641596654,0.048305128641596654,0.1
0.7847999999999999,0.124,0.048305128641596654,0.0,0.0,0.048305128641596654,0.048305128641596654,0.1
0.7859999999999999,0.124,0.048305128641596654,0.0,0.0,0.048305128641596654,0.048305128641596654,0.1
0.7871999999999999,0.124,0.048305128641596654,0.0,0.0,0.048305128641596654,0.048305128641596654,0.1
0.7883999999999999,0.124,0.048305128641596654,0.0,0.0,0.048305128641596654,0.048305128641596654,0.1
0.7896,0.124,0.048305128641596654,0.0,0.0,0.048305128641596654,0.048305128641596654,0.1
0.7908,0.124,0.048305128641596654,0.0,0.0,0.048305128641596654,0.048305128641596654,0.1
0.7919999999999999,0.124,0.048305128641596654,0.0,0.0,0.048305128641596654,0.048305128641596654,0.1
0.7931999999999999,0.124,0.048305128641596654,0.0,0.0,0.048305128641596654,0.048305128641596654,0.1
0.7943999999999999,0.124,0.048305128641596654,0.0,0.0,0.048305128641596654,0.048305128641596654,0.1
0.7956,0.124,0.048305128641596654,0.0,0.0,0.048305128641596654,0.048305128641596654,0.1
0.7968,0.124,0.048305128641596654,0.0,0.0,0.048305128641596654,0.048305128641596654,0.1
0.7979999999999999,0.124,0.048305128641596654,0.0,0.0,0.048305128641596654,0.048305128641596654,0.1
0.7991999999999999,0.124,0.048305128641596654,0.0,0.0,0.048305128641596654,0.048305128641596654,0.1
0.8003999999999999,0.124,0.048305128641596654,0.0,0.0,0.048305128641596654,0.048305128641596654,0.1
0.8016,0.124,0.048305128641596654,0.0,0.0,0.048305128641596654,0.048305128641596654,0.1
0.8028,0.124,0.048305128641596654,0.0,0.0,0.048305128641596654,0.048305128641596654,0.1
0.8039999999999999,0.124,0.048305128641596654,0.0,0.0,0.048305128641596654,0.048305128641596654,0.1
0.8051999999999999,0.124,0.048305128641596654,0.0,0.0,0.048305128641596654,0.048305128641596654,0.1
0.8063999999999999,0.124,0.048305128641596654,0.0,0.0,0.048305128641596654,0.048305128641596654,0.1
0.8076,0.124,0.048305128641596654,0.0,0.0,0.048305128641596654,0.048305128641596654,0.1
0.8088,0.124,0.048305128641596654,0.0,0.0,0.048305128641596654,0.048305128641596654,0.1
0.8099999999999999,0.124,0.048305128641596654,0.0,0.0,0.048305128641596654,0.048305128641596654,0.1
0.8111999999999999,0.124,0.048305128641596654,0.0,0.0,0.048305128641596654,0.048305128641596654,0.1
0.8123999999999999,0.124,0.048305128641596654,0.0,0.0,0.048305128641596654,0.048305128641596654,0.1
0.8135999999999999,0.124,0.048305128641596654,0.0,0.0,0.048305128641596654,0.048305128641596654,0.1
0.8148,0.124,0.048305128641596654,0.0,0.0,0.048305128641596654,0.048305128641596654,0.1
0.816,0.124,0.048305128641596654,0.0,0.0,0.048305128641596654,0.048305128641596654,0.1
0.8171999999999999,0.124,0.048305128641596654,0.0,0.0,0.048305128641596654,0.048305128641596654,0.1
0.8183999999999999,0.124,0.048305128641596654,0.0,0.0,0.048305128641596654,0.048305128641596654,0.1
0.8195999999999999,0.124,0.048305128641596654,0.0,0.0,0.048305128641596654,0.048305128641596654,0.1
0.8208,0.124,0.048305128641596654,0.0,0.0,0.048305128641596654,0.048305128641596654,0.1
0.822,0.124,0.048305128641596654,0.0,0.0,0.048305128641596654,0.048305128641596654,0.1
0.8231999999999999,0.124,0.048305128641596654,0.0,0.0,0.048305128641596654,0.048305128641596654,0.1
0.8243999999999999,0.124,0.048305128641596654,0.0,0.0,0.048305128641596654,0.048305128641596654,0.1
0.8255999999999999,0.124,0.048305128641596654,0.0,0.0,0.048305128641596654,0.048305128641596654,0.1
0.8268,0.124,0.048305128641596654,0.0,0.0,0.048305128641596654,0.048305128641596654,0.1
0.828,0.124,0.048305128641596654,0.0,0.0,0.048305128641596654,0.048305128641596654,0.1
0.8291999999999999,0.124,0.048305128641596654,0.0,0.0,0.048305128641596654,0.048305128641596654,0.1
0.8303999999999999,0.124,0.048305128641596654,0.0,0.0,0.048305128641596654,0.048305128641596654,0.1
0.8315999999999999,0.124,0.048305128641596654,0.0,0.0,0.048305128641596654,0.048305128641596654,0.1
0.8327999999999999,0.124,0.048305128641596654,0.0,0.0,0.048305128641596654,0.048305128641596654,0.1
0.834,0.124,0.048305128641596654,0.0,0.0,0.048305128641596654,0.048305128641596654,0.1
0.8351999999999999,0.124,0.048305128641596654,0.0,0.0,0.048305128641596654,0.048305128641596654,0.1
0.8363999999999999,0.124,0.048305128641596654,0.0,0.0,0.048305128641596654,0.048305128641596654,0.1
0.8375999999999999,0.124,0.048305128641596654,0.0,0.0,0.048305128641596654,0.048305128641596654,0.1
0.8387999999999999,0.124,0.048305128641596654,0.0,0.0,0.048305128641596654,0.048305128641596654,0.1
0.84,0.124,0.048305128641596654,0.0,0.0,0.048305128641596654,0.048305128641596654,0.1
0.8412,0.124,0.048305128641596654,0.0,0.0,0.048305128641596654,0.048305128641596654,0.1
0.8423999999999999,0.124,0.048305128641596654,0.0,0.0,0.048305128641596654,0.048305128641596654,0.1
0.8435999999999999,0.124,0.048305128641596654,0.0,0.0,0.048305128641596654,0.048305128641596654,0.1
0.8447999999999999,0.124,0.048305128641596654,0.0,0.0,0.048305128641596654,0.048305128641596654,0.1
0.846,0.124,0.048305128641596654,0.0,0.0,0.048305128641596654,0.048305128641596654,0.1
0.8472,0.124,0.048305128641596654,0.0,0.0,0.048305128641596654,0.048305128641596654,0.1
0.8483999999999999,0.124,0.048305128641596654,0.0,0.0,0.048305128641596654,0.048305128641596654,0.1
0.8495999999999999,0.124,0.048305128641596654,0.0,0.0,0.048305128641596654,0.048305128641596654,0.1
0.8507999999999999,0.124,0.048305128641596654,0.0,0.0,0.048305128641596654,0.048305128641596654,0.1
0.852,0.124,0.048305128641596654,0.0,0.0,0.048305128641596654,0.048305128641596654,0.1
0.8532,0.124,0.048305128641596654,0.0,0.0,0.048305128641596654,0.048305128641596654,0.1
0.8543999999999999,0.124,0.048305128641596654,0.0,0.0,0.048305128641596654,0.048305128641596654,0.1
0.8555999999999999,0.124,0.048305128641596654,0.0,0.0,0.048305128641596654,0.048305128641596654,0.1
0.8567999999999999,0.124,0.048305128641596654,0.0,0.0,0.048305128641596654,0.048305128641596654,0.1
0.8579999999999999,0.124,0.048305128641596654,0.0,0.0,0.048305128641596654,0.048305128641596654,0.1
0.8592,0.124,0.048305128641596654,0.0,0.0,0.048305128641596654,0.048305128641596654,0.1
0.8603999999999999,0.124,0.048305128641596654,0.0,0.0,0.048305128641596654,0.048305128641596654,0.1
0.8615999999999999,0.124,0.048305128641596654,0.0,0.0,0.048305128641596654,0.048305128641596654,0.1
0.8627999999999999,0.124,0.048305128641596654,0.0,0.0,0.048305128641596654,0.048305128641596654,0.1
0.8639999999999999,0.124,0.048305128641596654,0.0,0.0,0.048305128641596654,0.048305128641596654,0.1
0.8652,0.124,0.048305128641596654,0.0,0.0,0.048305128641596654,0.048305128641596654,0.1
0.8664,0.124,0.048305128641596654,0.0,0.0,0.048305128641596654,0.048305128641596654,0.1
0.8675999999999999,0.124,0.048305128641596654,0.0,0.0,0.048305128641596654,0.048305128641596654,0.1
0.8687999999999999,0.124,0.048305128641596654,0.0,0.0,0.048305128641596654,0.048305128641596654,0.1
0.8699999999999999,0.124,0.048305128641596654,0.0,0.0,0.048305128641596654,0.048305128641596654,0.1
0.8712,0.124,0.048305128641596654,0.0,0.0,0.048305128641596654,0.048305128641596654,0.1
0.8724,0.124,0.048305128641596654,0.0,0.0,0.048305128641596654,0.048305128641596654,0.1
0.8735999999999999,0.124,0.048305128641596654,0.0,0.0,0.048305128641596654,0.048305128641596654,0.1
0.8747999999999999,0.124,0.048305128641596654,0.0,0.0,0.048305128641596654,0.048305128641596654,0.1
0.8759999999999999,0.124,0.048305128641596654,0.0,0.0,0.048305128641596654,0.048305128641596654,0.1
0.8771999999999999,0.124,0.048305128641596654,0.0,0.0,0.048305128641596654,0.048305128641596654,0.1
0.8784,0.124,0.048305128641596654,0.0,0.0,0.048305128641596654,0.048305128641596654,0.1
0.8795999999999999,0.124,0.048305128641596654,0.0,0.0,0.048305128641596654,0.048305128641596654,0.1
0.8807999999999999,0.124,0.048305128641596654,0.0,0.0,0.048305128641596654,0.048305128641596654,0.1
0.8819999999999999,0.124,0.048305128641596654,0.0,0.0,0.048305128641596654,0.048305128641596654,0.1
0.8831999999999999,0.124,0.048305128641596654,0.0,0.0,0.048305128641596654,0.048305128641596654,0.1
0.8844,0.124,0.048305128641596654,0.0,0.0,0.048305128641596654,0.048305128641596654,0.1
0.8855999999999999,0.124,0.048305128641596654,0.0,0.0,0.048305128641596654,0.048305128641596654,0.1
0.8867999999999999,0.124,0.048305128641596654,0.0,0.0,0.048305128641596654,0.048305128641596654,0.1
0.8879999999999999,0.124,0.048305128641596654,0.0,0.0,0.048305128641596654,0.048305128641596654,0.1
0.8891999999999999,0.124,0.048305128641596654,0.0,0.0,0.048305128641596654,0.048305128641596654,0.1
0.8904,0.124,0.048305128641596654,0.0,0.0,0.048305128641596654,0.048305128641596654,0.1
0.8916,0.124,0.048305128641596654,0.0,0.0,0.048305128641596654,0.048305128641596654,0.1
0.8927999999999999,0.124,0.048305128641596654,0.0,0.0,0.048305128641596654,0.048305128641596654,0.1
0.8939999999999999,0.124,0.048305128641596654,0.0,0.0,0.048305128641596654,0.048305128641596654,0.1
0.8951999999999999,0.124,0.048305128641596654,0.0,0.0,0.048305128641596654,0.048305128641596654,0.1
0.8964,0.124,0.048305128641596654,0.0,0.0,0.048305128641596654,0.048305128641596654,0.1
0.8976,0.124,0.048305128641596654,0.0,0.0,0.048305128641596654,0.048305128641596654,0.1
0.8987999999999999,0.124,0.048305128641596654,0.0,0.0,0.048305128641596654,0.048305128641596654,0.1
0.8999999999999999,0.124,0.048305128641596654,0.0,0.0,0.048305128641596654,0.048305128641596654,0.1
0.9011999999999999,0.124,0.048305128641596654,0.0,0.0,0.048305128641596654,0.048305128641596654,0.1
0.9023999999999999,0.124,0.048305128641596654,0.0,0.0,0.048305128641596654,0.048305128641596654,0.1
0.9036,0.124,0.048305128641596654,0.0,0.0,0.048305128641596654,0.048305128641596654,0.1
0.9047999999999999,0.124,0.048305128641596654,0.0,0.0,0.048305128641596654,0.048305128641596654,0.1
0.9059999999999999,0.124,0.048305128641596654,0.0,0.0,0.048305128641596654,0.048305128641596654,0.1
0.9071999999999999,0.124,0.048305128641596654,0.0,0.0,0.048305128641596654,0.048305128641596654,0.1
0.9083999999999999,0.124,0.048305128641596654,0.0,0.0,0.048305128641596654,0.048305128641596654,0.1
0.9096,0.124,0.048305128641596654,0.0,0.0,0.048305128641596654,0.048305128641596654,0.1
0.9107999999999999,0.124,0.048305128641596654,0.0,0.0,0.048305128641596654,0.048305128641596654,0.1
0.9119999999999999,0.124,0.048305128641596654,0.0,0.0,0.048305128641596654,0.048305128641596654,0.1
0.9131999999999999,0.124,0.048305128641596654,0.0,0.0,0.048305128641596654,0.048305128641596654,0.1
0.9143999999999999,0.124,0.048305128641596654,0.0,0.0,0.048305128641596654,0.048305128641596654,0.1
0.9156,0.124,0.048305128641596654,0.0,0.0,0.048305128641596654,0.048305128641596654,0.1
0.9168,0.124,0.048305128641596654,0.0,0.0,0.048305128641596654,0.048305128641596654,0.1
0.9179999999999999,0.124,0.048305128641596654,0.0,0.0,0.048305128641596654,0.048305128641596654,0.1
0.9191999999999999,0.124,0.048305128641596654,0.0,0.0,0.048305128641596654,0.048305128641596654,0.1
0.9203999999999999,0.124,0.048305128641596654,0.0,0.0,0.048305128641596654,0.048305128641596654,0.1
0.9216,0.124,0.048305128641596654,0.0,0.0,0.048305128641596654,0.048305128641596654,0.1
0.9228,0.124,0.048305128641596654,0.0,0.0,0.048305128641596654,0.048305128641596654,0.1
0.9239999999999999,0.124,0.048305128641596654,0.0,0.0,0.048305128641596654,0.048305128641596654,0.1
0.9251999999999999,0.124,0.048305128641596654,0.0,0.0,0.048305128641596654,0.048305128641596654,0.1
0.9263999999999999,0.124,0.048305128641596654,0.0,0.0,0.048305128641596654,0.048305128641596654,0.1
0.9275999999999999,0.124,0.048305128641596654,0.0,0.0,0.048305128641596654,0.048305128641596654,0.1
0.9288,0.124,0.048305128641596654,0.0,0.0,0.048305128641596654,0.048305128641596654,0.1
0.9299999999999999,0.124,0.048305128641596654,0.0,0.0,0.048305128641596654,0.048305128641596654,0.1
0.9311999999999999,0.124,0.048305128641596654,0.0,0.0,0.048305128641596654,0.048305128641596654,0.1
0.9323999999999999,0.124,0.048305128641596654,0.0,0.0,0.048305128641596654,0.048305128641596654,0.1
0.9335999999999999,0.124,0.048305128641596654,0.0,0.0,0.048305128641596654,0.048305128641596654,0.1
0.9348,0.124,0.048305128641596654,0.0,0.0,0.048305128641596654,0.048305128641596654,0.1
0.9359999999999999,0.124,0.048305128641596654,0.0,0.0,0.048305128641596654,0.048305128641596654,0.1
0.9371999999999999,0.124,0.048305128641596654,0.0,0.0,0.048305128641596654,0.048305128641596654,0.1
0.9383999999999999,0.124,0.048305128641596654,0.0,0.0,0.048305128641596654,0.048305128641596654,0.1
0.9395999999999999,0.124,0.048305128641596654,0.0,0.0,0.048305128641596654,0.048305128641596654,0.1
0.9408,0.124,0.048305128641596654,0.0,0.0,0.048305128641596654,0.048305128641596654,0.1
0.942,0.124,0.048305128641596654,0.0,0.0,0.048305128641596654,0.048305128641596654,0.1
0.9431999999999999,0.124,0.048305128641596654,0.0,0.0,0.048305128641596654,0.048305128641596654,0.1
0.9443999999999999,0.124,0.048305128641596654,0.0,0.0,0.048305128641596654,0.048305128641596654,0.1
0.9455999999999999,0.124,0.048305128641596654,0.0,0.0,0.048305128641596654,0.048305128641596654,0.1
0.9467999999999999,0.124,0.048305128641596654,0.0,0.0,0.048305128641596654,0.048305128641596654,0.1
0.948,0.12399994572060864,0.04830508635171911,4.2289877542938134e-08,0.0,0.048305128641596654,0.048305128641596654,0.1
0.9491999999999999,0.12399947505309923,0.048304719648469295,4.089931273600462e-07,0.0,0.048305128641596654,0.048305128641596654,0.1
0.9503999999999999,0.12399848786733131,0.04830395052356902,1.1781180276354482e-06,0.0,0.048305128641596654,0.048305128641596654,0.1
0.9515999999999999,0.12399704589319559,0.04830282708015435,2.3015614423075625e-06,0.0,0.048305128641596654,0.048305128641596654,0.1
0.9527999999999999,0.12399513333259311,0.04830133702253347,3.791619063188087e-06,0.0,0.048305128641596654,0.048305128641596654,0.1
0.954,0.12399273876048407,0.04829947146677266,5.657174823997438e-06,0.0,0.048305128641596654,0.048305128641596654,0.1
0.9551999999999999,0.12398991169278732,0.04829726901007596,7.859631520699215e-06,0.0,0.048305128641596654,0.048305128641596654,0.1
0.9563999999999999,0.12398662406810175,0.04829470781478861,1.0420826808043133e-05,0.0,0.048305128641596654,0.048305128641596654,0.1
0.9575999999999999,0.1239828891764161,0.04829179826245138,1.3330379145275062e-05,0.0,0.048305128641596654,0.048305128641596654,0.1
0.9587999999999999,0.12397874431792083,0.04828856944070345,1.6559200893206427e-05,0.0,0.048305128641596654,0.048305128641596654,0.1
0.96,0.12397414916118171,0.04828498996529627,2.0138676300383316e-05,0.0,0.048305128641596654,0.048305128641596654,0.1
0.9611999999999999,0.12396914173539038,0.048281089496968035,2.4039144628615343e-05,0.0,0.048305128641596654,0.048305128641596654,0.1
0.9623999999999999,0.12396374712170523,0.04827688761002302,2.8241031573628084e-05,0.0,0.048305128641596654,0.048305128641596654,0.1
0.9635999999999999,0.12395791271052646,0.048272343368809124,3.278527278752597e-05,0.0,0.048305128641596654,0.048305128641596654,0.1
0.9647999999999999,0.12395170129731548,0.048267505727509194,3.762291408746114e-05,0.0,0.048305128641596654,0.048305128641596654,0.1
0.966,0.12394511848392174,0.04826237909281657,4.274954878008275e-05,0.0,0.048305128641596654,0.048305128641596654,0.1
0.9672,0.12393812113959154,0.048256929923762695,4.8198717833958455e-05,0.0,0.048305128641596654,0.048305128641596654,0.1
0.9683999999999999,0.12393077508941032,0.04825120953168851,5.391910990814352e-05,0.0,0.048305128641596654,0.048305128641596654,0.1
0.9695999999999999,0.12392306862248768,0.04824520884640942,5.991979518723483e-05,0.0,0.048305128641596654,0.048305128641596654,0.1
0.9707999999999999,0.12391498332436061,0.04823891358313234,6.621505846431076e-05,0.0,0.048305128641596654,0.048305128641596654,0.1
0.9719999999999999,0.12390657283403163,0.04823236555904684,7.276308254980851e-05,0.0,0.048305128641596654,0.048305128641596654,0.1
0.9732,0.12389781318947457,0.048225546171916676,7.958246967997597e-05,0.0,0.048305128641596654,0.048305128641596654,0.1
0.9743999999999999,0.12388871072131578,0.04821846040725157,8.666823434508331e-05,0.0,0.048305128641596654,0.048305128641596654,0.1
0.9755999999999999,0.12387930687672521,0.04821114058454691,9.398805704974252e-05,0.0,0.048305128641596654,0.048305128641596654,0.1
0.9767999999999999,0.12386956543249032,0.04820355856485914,0.0001015700767375111,0.0,0.048305128641596654,0.048305128641596654,0.1
0.9779999999999999,0.12385951749566974,0.0481957386186937,0.0001093900229029512,0.0,0.048305128641596654,0.048305128641596654,0.1
0.9792,0.12384919231455739,0.04818770356416693,0.00011742507742972585,0.0,0.048305128641596654,0.048305128641596654,0.1
0.9803999999999999,0.1238385413935553,0.04817941572078092,0.00012571292081573957,0.0,0.048305128641596654,0.048305128641596654,0.1
0.9815999999999999,0.12382762064991261,0.04817091865932589,0.00013420998227075807,0.0,0.048305128641596654,0.048305128641596654,0.1
0.9827999999999999,0.12381644355741804,0.048162222917435625,0.0001429057241610254,0.0,0.048305128641596654,0.048305128641596654,0.1
0.9839999999999999,0.1238049600378858,0.048153289593815415,0.00015183904778123575,0.0,0.048305128641596654,0.048305128641596654,0.1
0.9852,0.12379324015272127,0.04814417324965166,0.0001609553919449949,0.0,0.048305128641596654,0.048305128641596654,0.1
0.9863999999999999,0.12378127637643585,0.04813486808428204,0.00017026055731461683,0.0,0.048305128641596654,0.048305128641596654,0.1
0.9875999999999999,0.1237690433830695,0.048125354457621686,0.00017977418397496713,0.0,0.048305128641596654,0.048305128641596654,0.1
0.9887999999999999,0.12375659906827444,0.048115677450565934,0.0001894511910307206,0.0,0.048305128641596654,0.048305128641596654,0.1
0.9899999999999999,0.12374392366309046,0.04810582174219798,0.00019930689939867498,0.0,0.048305128641596654,0.048305128641596654,0.1
0.9911999999999999,0.12373101662867368,0.04809578696882059,0.00020934167277606347,0.0,0.048305128641596654,0.048305128641596654,0.1
0.9924,0.12371792368601348,0.04808560872765531,0.00021951991394133778,0.0,0.048305128641596654,0.048305128641596654,0.1
0.9935999999999999,0.12370461281016017,0.04807526217289983,0.00022986646869682382,0.0,0.048305128641596654,0.048305128641596654,0.1
0.9947999999999999,0.12369110828632308,0.04806476623306964,0.00024036240852701014,0.0,0.048305128641596654,0.048305128641596654,0.1
0.9959999999999999,0.12367744365088443,0.04805414701818526,0.00025098162341139613,0.0,0.048305128641596654,0.048305128641596654,0.1
0.9971999999999999,0.12366357460950012,0.04804337015272431,0.00026175848887234745,0.0,0.048305128641596654,0.048305128641596654,0.1
0.9984,0.12364955031028178,0.048032473873924814,0.00027265476767183923,0.0,0.048305128641596654,0.048305128641596654,0.1
0.9995999999999999,0.12363539209409473,0.04802147480092604,0.0002836538406706126,0.0,0.048305128641596654,0.048305128641596654,0.1
1.0008,0.1236210433829779,0.04801032902343552,0.00029479961816112965,0.0,0.048305128641596654,0.048305128641596654,0.1
1.002,0.12360657822857025,0.047999094104648296,0.00030603453694835704,0.0,0.048305128641596654,0.048305128641596654,0.1
1.0031999999999999,0.12359199352661257,0.04798776766569712,0.00031736097589953196,0.0,0.048305128641596654,0.048305128641596654,0.1
1.0044,0.1235772571139641,0.04797632476609033,0.0003288038755063211,0.0,0.048305128641596654,0.048305128641596654,0.1
1.0055999999999998,0.12356243127464714,0.04796481380313274,0.0003403148384639091,0.0,0.048305128641596654,0.048305128641596654,0.1
1.0068,0.12354750053829408,0.047953222792604125,0.0003519058489925319,0.0,0.048305128641596654,0.048305128641596654,0.1
1.008,0.12353245757940659,0.0479415460781406,0.00036358256345605426,0.0,0.048305128641596654,0.048305128641596654,0.1
1.0091999999999999,0.12351735251968426,0.04792982259012495,0.00037530605147169957,0.0,0.048305128641596654,0.048305128641596654,0.1
1.0104,0.12350215763639256,0.04791803083375635,0.00038709780784030635,0.0,0.048305128641596654,0.048305128641596654,0.1
1.0115999999999998,0.12348689048251679,0.04790618445396442,0.0003989441876322358,0.0,0.048305128641596654,0.048305128641596654,0.1
1.0128,0.12347158900546298,0.047894312910945654,0.0004108157306510023,0.0,0.048305128641596654,0.048305128641596654,0.1
1.014,0.12345621321542778,0.04788238519457366,0.00042274344702299084,0.0,0.048305128641596654,0.048305128641596654,0.1
1.0151999999999999,0.12344080558609623,0.04787043426903262,0.00043469437256403774,0.0,0.048305128641596654,0.048305128641596654,0.1
1.0164,0.12342539187792054,0.047858480120916855,0.0004466485206798013,0.0,0.048305128641596654,0.048305128641596654,0.1
1.0175999999999998,0.12340991981878895,0.04784648221980192,0.0004586464217947308,0.0,0.048305128641596654,0.048305128641596654,0.1
1.0188,0.12339445684653352,0.04783449286793276,0.0004706357736638929,0.0,0.048305128641596654,0.048305128641596654,0.1
1.02,0.12336883492944026,0.047814629995687905,0.0004904986459087491,0.0,0.048305128641596654,0.048305128641596654,0.1
1.0211999999999999,0.12335333083199887,0.04780261276133563,0.0005025158802610288,0.0,0.048305128641596654,0.048305128641596654,0.1
1.0224,0.12333787318064025,0.04779063303092077,0.0005144956106758816,0.0,0.048305128641596654,0.048305128641596654,0.1
1.0235999999999998,0.12332245091999963,0.04777868222457421,0.0005264464170224419,0.0,0.048305128641596654,0.048305128641596654,0.1
1.0248,0.12330705002046473,0.04776674946241005,0.0005383791791866023,0.0,0.048305128641596654,0.048305128641596654,0.1
1.0259999999999998,0.12329172513485465,0.047754877075830586,0.000550251565766069,0.0,0.048305128641596654,0.048305128641596654,0.1
1.0272,0.1232764529586619,0.04774304699193179,0.0005620816496648652,0.0,0.048305128641596654,0.048305128641596654,0.1
1.0284,0.12326124440014223,0.04773126764369182,0.0005738609979048328,0.0,0.048305128641596654,0.048305128641596654,0.1
1.0295999999999998,0.12324614194519223,0.04771957191302585,0.0005855567285708039,0.0,0.048305128641596654,0.048305128641596654,0.1
1.0308,0.12323111002511944,0.047707932229458995,0.0005971964121376586,0.0,0.048305128641596654,0.048305128641596654,0.1
1.0319999999999998,0.12321618452974945,0.04769637635854991,0.0006087522830467408,0.0,0.048305128641596654,0.048305128641596654,0.1
1.0332,0.12320139576455852,0.0476849277297386,0.0006202009118580543,0.0,0.048305128641596654,0.048305128641596654,0.1
1.0344,0.12318669588140256,0.04767354927020774,0.0006315793713889105,0.0,0.048305128641596654,0.048305128641596654,0.1
1.0355999999999999,0.1231721457960043,0.04766228809881279,0.0006428405427838662,0.0,0.048305128641596654,0.048305128641596654,0.1
1.0368,0.12315775877118061,0.04765115443754228,0.0006539742040543757,0.0,0.048305128641596654,0.048305128641596654,0.1
1.0379999999999998,0.12314348920924935,0.04764011296172153,0.0006650156798751248,0.0,0.048305128641596654,0.048305128641596654,0.1
1.0392,0.12312940855130651,0.04762921890977884,0.0006759097318178182,0.0,0.048305128641596654,0.048305128641596654,0.1
1.0404,0.12311551028002296,0.04761846719004703,0.000686661451549625,0.0,0.048305128641596654,0.048305128641596654,0.1
1.0415999999999999,0.12310177374843947,0.04760784178491429,0.0006972868566823604,0.0,0.048305128641596654,0.048305128641596654,0.1
1.0428,0.1230882582524124,0.047597388511095795,0.0007077401305008607,0.0,0.048305128641596654,0.048305128641596654,0.1
1.0439999999999998,0.12307494503275299,0.04758709280574812,0.0007180358358485317,0.0,0.048305128641596654,0.048305128641596654,0.1
1.0452,0.12306183843618468,0.04757695797908526,0.0007281706625113947,0.0,0.048305128641596654,0.048305128641596654,0.1
1.0464,0.12304898560020137,0.047567020423915425,0.0007381082176812282,0.0,0.048305128641596654,0.048305128641596654,0.1
1.0475999999999999,0.12303635550952462,0.04755725610207892,0.00074787253951773,0.0,0.048305128641596654,0.048305128641596654,0.1
1.0488,0.12302397754768793,0.047547687673499414,0.0007574409680972415,0.0,0.048305128641596654,0.048305128641596654,0.1
1.0499999999999998,0.12301188668065383,0.04753834210476552,0.0007667865368311312,0.0,0.048305128641596654,0.048305128641596654,0.1
1.0512,0.12300003962293157,0.04752918587802615,0.0007759427635704995,0.0,0.048305128641596654,0.048305128641596654,0.1
1.0524,0.12298849083800732,0.04752026102600166,0.0007848676155949948,0.0,0.048305128641596654,0.048305128641596654,0.1
1.0535999999999999,0.12297726197225617,0.04751158420967401,0.000793544431922641,0.0,0.048305128641596654,0.048305128641596654,0.1
1.0548,0.12296630086082992,0.04750311505771301,0.0008020135838836433,0.0,0.048305128641596654,0.048305128641596654,0.1
1.0559999999999998,0.12295568368538821,0.04749491236917511,0.0008102162724215474,0.0,0.048305128641596654,0.048305128641596654,0.1
1.0572,0.12294540859610717,0.047486974646260526,0.0008181539953361293,0.0,0.048305128641596654,0.048305128641596654,0.1
1.0584,0.12293544843075588,0.04747928084189251,0.0008258477997041422,0.0,0.048305128641596654,0.048305128641596654,0.1
1.0595999999999999,0.12292586723626032,0.047471880364601086,0.00083324827699557,0.0,0.048305128641596654,0.048305128641596654,0.1
1.0608,0.12291665093429675,0.04746476227313962,0.0008403663684570332,0.0,0.048305128641596654,0.048305128641596654,0.1
1.0619999999999998,0.12290779740616067,0.047457924867943035,0.0008472037736536216,0.0,0.048305128641596654,0.048305128641596654,0.1
1.0632,0.12289935855213517,0.04745140816583106,0.0008537204757655965,0.0,0.048305128641596654,0.048305128641596654,0.1
1.0644,0.12289130805323278,0.04744519177866368,0.0008599368629329751,0.0,0.048305128641596654,0.048305128641596654,0.1
1.0655999999999999,0.12288366887472697,0.04743929337901444,0.0008658352625822172,0.0,0.048305128641596654,0.048305128641596654,0.1
1.0668,0.12287648075868408,0.04743374359073906,0.0008713850508575879,0.0,0.048305128641596654,0.048305128641596654,0.1
1.0679999999999998,0.12286970513376952,0.047428512575140525,0.0008766160664561287,0.0,0.048305128641596654,0.048305128641596654,0.1
1.0692,0.12286339008908159,0.04742363740303627,0.0008814912385603877,0.0,0.048305128641596654,0.048305128641596654,0.1
1.0703999999999998,0.12285756319733021,0.04741913930398879,0.0008859893376078644,0.0,0.048305128641596654,0.048305128641596654,0.1
1.0715999999999999,0.1228521736237205,0.04741497898484477,0.0008901496567518837,0.0,0.048305128641596654,0.048305128641596654,0.1
1.0728,0.12284729462027738,0.04741121294236991,0.0008939156992267399,0.0,0.048305128641596654,0.048305128641596654,0.1
1.0739999999999998,0.12284293172693071,0.047407845405575126,0.0008972832360215301,0.0,0.048305128641596654,0.048305128641596654,0.1
1.0752,0.12283905139342594,0.047404850437237654,0.0009002782043590025,0.0,0.048305128641596654,0.048305128641596654,0.1
1.0763999999999998,0.12283572251448444,0.04740228117496584,0.0009028474666308127,0.0,0.048305128641596654,0.048305128641596654,0.1
1.0776,0.12283293583739613,0.04740013044308077,0.0009049981985158788,0.0,0.048305128641596654,0.048305128641596654,0.1
1.0788,0.1228306828948655,0.04739839167831445,0.0009067369632822023,0.0,0.048305128641596654,0.048305128641596654,0.1
1.0799999999999998,0.1228290204534096,0.04739710866797573,0.0009080199736209239,0.0,0.048305128641596654,0.048305128641596654,0.1
1.0812,0.1228279270463097,0.04739626482660543,0.000908863814991221,0.0,0.048305128641596654,0.048305128641596654,0.1
1.0823999999999998,0.12282741932489423,0.047395872993094786,0.0009092556485018667,0.0,0.048305128641596654,0.048305128641596654,0.1
1.0836,0.1228275419190528,0.04739596760486961,0.0009091610367270437,0.0,0.048305128641596654,0.048305128641596654,0.1
1.0848,0.12282826114037214,0.04739652266425811,0.0009086059773385423,0.0,0.048305128641596654,0.048305128641596654,0.1
1.0859999999999999,0.1228296187932782,0.047397570442379564,0.0009075581992170932,0.0,0.048305128641596654,0.048305128641596654,0.1
1.0872,0.12283164736351433,0.047399136027221025,0.0009059926143756307,0.0,0.048305128641596654,0.048305128641596654,0.1
1.0883999999999998,0.12283430093429774,0.04740118400628539,0.0009039446353112642,0.0,0.048305128641596654,0.048305128641596654,0.1
1.0896,0.12283764649632219,0.047403766115021145,0.000901362526575508,0.0,0.048305128641596654,0.048305128641596654,0.1
1.0908,0.12284169825805848,0.04740689336369196,0.0008982352779046947,0.0,0.048305128641596654,0.048305128641596654,0.1
1.0919999999999999,0.12284641644867325,0.047410535108442224,0.0008945935331544294,0.0,0.048305128641596654,0.048305128641596654,0.1
1.0932,0.1228521522230153,0.04741496246557826,0.0008901661760183937,0.0,0.048305128641596654,0.048305128641596654,0.1
1.0943999999999998,0.12285910464812197,0.0474203292141004,0.0008847994274962497,0.0,0.048305128641596654,0.048305128641596654,0.1
1.0956,0.12286727351746127,0.04742663535400866,0.0008784932875879958,0.0,0.048305128641596654,0.048305128641596654,0.1
1.0968,0.12287665858842473,0.04743388088530302,0.0008712477562936328,0.0,0.048305128641596654,0.048305128641596654,0.1
1.0979999999999999,0.12288725958236327,0.04744206580798349,0.0008630628336131622,0.0,0.048305128641596654,0.048305128641596654,0.1
1.0992,0.12289907618462871,0.047451190122050076,0.0008539385195465809,0.0,0.048305128641596654,0.048305128641596654,0.1
1.1003999999999998,0.12291210804462026,0.04746125382750276,0.0008438748140938923,0.0,0.048305128641596654,0.048305128641596654,0.1
1.1016,0.12292635477583654,0.04747225692434156,0.000832871717255093,0.0,0.048305128641596654,0.048305128641596654,0.1
1.1028,0.1229418159559328,0.04748419941256647,0.0008209292290301845,0.0,0.048305128641596654,0.048305128641596654,0.1
1.1039999999999999,0.12295849112678339,0.04749708129217749,0.0008080473494191693,0.0,0.048305128641596654,0.048305128641596654,0.1
1.1052,0.12297637979454949,0.04751090256317461,0.0007942260784220426,0.0,0.048305128641596654,0.048305128641596654,0.1
1.1063999999999998,0.12299548142975206,0.047525663225557846,0.0007794654160388097,0.0,0.048305128641596654,0.048305128641596654,0.1
1.1076,0.12301579546734998,0.04754136327932719,0.000763765362269465,0.0,0.048305128641596654,0.048305128641596654,0.1
1.1088,0.12303732130682331,0.04755800272448264,0.0007471259171140109,0.0,0.048305128641596654,0.048305128641596654,0.1
1.1099999999999999,0.12305999834588653,0.047575535194485465,0.0007295934471111896,0.0,0.048305128641596654,0.048305128641596654,0.1
1.1112,0.12308303291526372,0.047593347392523896,0.0007117812490727548,0.0,0.048305128641596654,0.048305128641596654,0.1
1.1123999999999998,0.1231061742891269,0.04761124553748351,0.0006938831041131431,0.0,0.048305128641596654,0.048305128641596654,0.1
1.1136,0.12312939797535033,0.047629210727744724,0.0006759179138519272,0.0,0.048305128641596654,0.048305128641596654,0.1
1.1148,0.12315270675640509,0.04764724515239211,0.0006578834892045423,0.0,0.048305128641596654,0.048305128641596654,0.1
1.1159999999999999,0.12317605392740097,0.04766531270211806,0.0006398159394785938,0.0,0.048305128641596654,0.048305128641596654,0.1
1.1172,0.1231994564663935,0.047683426536274845,0.0006217021053218079,0.0,0.048305128641596654,0.048305128641596654,0.1
1.1183999999999998,0.12322286789667529,0.047701550695520616,0.0006035779460760364,0.0,0.048305128641596654,0.048305128641596654,0.1
1.1196,0.12324629344787308,0.047719689233493706,0.0005854394081029464,0.0,0.048305128641596654,0.048305128641596654,0.1
1.1207999999999998,0.12326970479813351,0.04773782022040375,0.000567308421192899,0.0,0.048305128641596654,0.048305128641596654,0.1
1.1219999999999999,0.12329308496514986,0.04775593049424348,0.0005491981473531739,0.0,0.048305128641596654,0.048305128641596654,0.1
1.1232,0.12331642725226212,0.047774014852564266,0.0005311137890323892,0.0,0.048305128641596654,0.048305128641596654,0.1
1.1243999999999998,0.1233396924577417,0.047792042898682,0.000513085742914659,0.0,0.048305128641596654,0.048305128641596654,0.1
1.1256,0.12336289225214975,0.04781002364478391,0.0004951049968127441,0.0,0.048305128641596654,0.048305128641596654,0.1
1.1267999999999998,0.12338597493230924,0.04782791697900994,0.00047721166258671126,0.0,0.048305128641596654,0.048305128641596654,0.1
1.128,0.1234089530845668,0.04784573260987316,0.0004593960317234953,0.0,0.048305128641596654,0.048305128641596654,0.1
1.1292,0.12343178886167418,0.047863441139858465,0.0004416875017381879,0.0,0.048305128641596654,0.048305128641596654,0.1
1.1303999999999998,0.12345447262518933,0.04788103503126363,0.00042409361033302393,0.0,0.048305128641596654,0.048305128641596654,0.1
1.1316,0.12347698807622261,0.04789850157394207,0.00040662706765458203,0.0,0.048305128641596654,0.048305128641596654,0.1
1.1327999999999998,0.12349930333964333,0.047915815962344184,0.0003893126792524694,0.0,0.048305128641596654,0.048305128641596654,0.1
1.134,0.12352142364710673,0.047932982172593855,0.00037214646900280123,0.0,0.048305128641596654,0.048305128641596654,0.1
1.1352,0.12354329487260444,0.047949958108327605,0.00035517053326905037,0.0,0.048305128641596654,0.048305128641596654,0.1
1.1363999999999999,0.12356493380953035,0.04796675670493556,0.0003383719366610929,0.0,0.048305128641596654,0.048305128641596654,0.1
1.1376,0.12358629391746348,0.04798334172830177,0.00032178691329488054,0.0,0.048305128641596654,0.048305128641596654,0.1
1.1387999999999998,0.12360737269544811,0.047999711123799374,0.00030541751779727673,0.0,0.048305128641596654,0.048305128641596654,0.1
1.14,0.12362814407604748,0.04801584453102122,0.0002892841105754345,0.0,0.048305128641596654,0.048305128641596654,0.1
1.1412,0.12364858328994308,0.048031722586153694,0.0002734060554429609,0.0,0.048305128641596654,0.048305128641596654,0.1
1.1423999999999999,0.12366868570756616,0.04804734156389388,0.0002577870777027696,0.0,0.048305128641596654,0.048305128641596654,0.1
1.1436,0.12368840427023303,0.048062664764622266,0.0002424638769743876,0.0,0.048305128641596654,0.048305128641596654,0.1
1.1447999999999998,0.1237077500451409,0.04807770064796173,0.00022742799363492362,0.0,0.048305128641596654,0.048305128641596654,0.1
1.146,0.12372667082204296,0.048092408489842635,0.00021272015175401813,0.0,0.048305128641596654,0.048305128641596654,0.1
1.1472,0.12374517097960248,0.04810679154316141,0.00019833709843524542,0.0,0.048305128641596654,0.048305128641596654,0.1
1.1483999999999999,0.123763214457353,0.04812082161963575,0.0001843070219609099,0.0,0.048305128641596654,0.048305128641596654,0.1
1.1496,0.123780783314384,0.048134484610621905,0.00017064403097474934,0.0,0.048305128641596654,0.048305128641596654,0.1
1.1507999999999998,0.1237978628176637,0.04814776889892753,0.0001573597426691224,0.0,0.048305128641596654,0.048305128641596654,0.1
1.152,0.12381441267654614,0.048160642982940816,0.00014448565865583503,0.0,0.048305128641596654,0.048305128641596654,0.1
1.1532,0.12383043796012891,0.04817311064144444,0.00013201800015221854,0.0,0.048305128641596654,0.048305128641596654,0.1
1.1543999999999999,0.12384588049735515,0.048185126450358495,0.00012000219123815971,0.0,0.048305128641596654,0.048305128641596654,0.1
1.1556,0.12386075122067665,0.048196698748125745,0.00010842989347091143,0.0,0.048305128641596654,0.048305128641596654,0.1
1.1567999999999998,0.12387500377306003,0.048207791293404856,9.733734819179878e-05,0.0,0.048305128641596654,0.048305128641596654,0.1
1.158,0.12388862668944498,0.04821839499554395,8.673364605269987e-05,0.0,0.048305128641596654,0.048305128641596654,0.1
1.1592,0.12390159480568196,0.0482284901026525,7.663853894415255e-05,0.0,0.048305128641596654,0.048305128641596654,0.1
1.1603999999999999,0.12391387421667778,0.04823805005704704,6.7078584549614e-05,0.0,0.048305128641596654,0.048305128641596654,0.1
1.1616,0.12392546092176993,0.04824707158421641,5.80570573802495e-05,0.0,0.048305128641596654,0.048305128641596654,0.1
1.1627999999999998,0.12393629852747912,0.04825551061842769,4.961802316895781e-05,0.0,0.048305128641596654,0.048305128641596654,0.1
1.164,0.12394639597366289,0.04826337396881754,4.175467277911392e-05,0.0,0.048305128641596654,0.048305128641596654,0.1
1.1651999999999998,0.12395569890306561,0.048270619159078744,3.450948251791073e-05,0.0,0.048305128641596654,0.048305128641596654,0.1
1.1663999999999999,0.12396420187043325,0.04827724180863367,2.788683296297909e-05,0.0,0.048305128641596654,0.048305128641596654,0.1
1.1676,0.12397186883357311,0.048283213714621014,2.1914926975641023e-05,0.0,0.048305128641596654,0.048305128641596654,0.1
1.1687999999999998,0.12397867177510037,0.048288512931210344,1.6615710386309357e-05,0.0,0.048305128641596654,0.048305128641596654,0.1
1.17,0.12398459563919947,0.04829312761885119,1.2001022745462151e-05,0.0,0.048305128641596654,0.048305128641596654,0.1
1.1711999999999998,0.12398958976903844,0.048297018215192666,8.110426403985148e-06,0.0,0.048305128641596654,0.048305128641596654,0.1
1.1723999999999999,0.12399365607517678,0.0483001861211816,4.942520415053173e-06,0.0,0.048305128641596654,0.048305128641596654,0.1
1.1736,0.1239967331277072,0.048302583405990335,2.5452356063189164e-06,0.0,0.048305128641596654,0.048305128641596654,0.1
1.1747999999999998,0.12399882089708104,0.0483042099892195,9.186523771518143e-07,0.0,0.048305128641596654,0.048305128641596654,0.1
1.176,0.12399987184521806,0.04830502879433814,9.984725851369965e-08,0.0,0.048305128641596654,0.048305128641596654,0.1
1.1771999999999998,0.124,0.048305128641596654,0.0,0.0,0.048305128641596654,0.048305128641596654,0.1
1.1784,0.124,0.048305128641596654,0.0,0.0,0.048305128641596654,0.048305128641596654,0.1
1.1796,0.124,0.048305128641596654,0.0,0.0,0.048305128641596654,0.048305128641596654,0.1
1.1807999999999998,0.124,0.048305128641596654,0.0,0.0,0.048305128641596654,0.048305128641596654,0.1
1.182,0.124,0.048305128641596654,0.0,0.0,0.048305128641596654,0.048305128641596654,0.1
1.1831999999999998,0.124,0.048305128641596654,0.0,0.0,0.048305128641596654,0.048305128641596654,0.1
1.1844,0.124,0.048305128641596654,0.0,0.0,0.048305128641596654,0.048305128641596654,0.1
1.1856,0.124,0.048305128641596654,0.0,0.0,0.048305128641596654,0.048305128641596654,0.1
1.1867999999999999,0.124,0.048305128641596654,0.0,0.0,0.048305128641596654,0.048305128641596654,0.1
1.188,0.124,0.048305128641596654,0.0,0.0,0.048305128641596654,0.048305128641596654,0.1
1.1891999999999998,0.124,0.048305128641596654,0.0,0.0,0.048305128641596654,0.048305128641596654,0.1
1.1904,0.124,0.048305128641596654,0.0,0.0,0.048305128641596654,0.048305128641596654,0.1
1.1916,0.124,0.048305128641596654,0.0,0.0,0.048305128641596654,0.048305128641596654,0.1
1.1927999999999999,0.124,0.048305128641596654,0.0,0.0,0.048305128641596654,0.048305128641596654,0.1
1.194,0.124,0.048305128641596654,0.0,0.0,0.048305128641596654,0.048305128641596654,0.1
1.1951999999999998,0.124,0.048305128641596654,0.0,0.0,0.048305128641596654,0.048305128641596654,0.1
1.1964,0.124,0.048305128641596654,0.0,0.0,0.048305128641596654,0.048305128641596654,0.1
1.1976,0.124,0.048305128641596654,0.0,0.0,0.048305128641596654,0.048305128641596654,0.1
1.1987999999999999,0.124,0.048305128641596654,0.0,0.0,0.048305128641596654,0.048305128641596654,0.1
1.2,0.124,0.048305128641596654,0.0,0.0,0.048305128641596654,0.048305128641596654,0.1
1.2011999999999998,0.124,0.048305128641596654,0.0,0.0,0.048305128641596654,0.048305128641596654,0.1
1.2024,0.124,0.048305128641596654,0.0,0.0,0.048305128641596654,0.048305128641596654,0.1
1.2036,0.124,0.048305128641596654,0.0,0.0,0.048305128641596654,0.048305128641596654,0.1
1.2047999999999999,0.124,0.048305128641596654,0.0,0.0,0.048305128641596654,0.048305128641596654,0.1
1.206,0.124,0.048305128641596654,0.0,0.0,0.048305128641596654,0.048305128641596654,0.1
1.2071999999999998,0.124,0.048305128641596654,0.0,0.0,0.048305128641596654,0.048305128641596654,0.1
1.2084,0.124,0.048305128641596654,0.0,0.0,0.048305128641596654,0.048305128641596654,0.1
1.2095999999999998,0.124,0.048305128641596654,0.0,0.0,0.048305128641596654,0.048305128641596654,0.1
1.2107999999999999,0.124,0.048305128641596654,0.0,0.0,0.048305128641596654,0.048305128641596654,0.1
1.212,0.124,0.048305128641596654,0.0,0.0,0.048305128641596654,0.048305128641596654,0.1
1.2131999999999998,0.124,0.048305128641596654,0.0,0.0,0.048305128641596654,0.048305128641596654,0.1
1.2144,0.124,0.048305128641596654,0.0,0.0,0.048305128641596654,0.048305128641596654,0.1
1.2155999999999998,0.124,0.048305128641596654,0.0,0.0,0.048305128641596654,0.048305128641596654,0.1
1.2167999999999999,0.124,0.048305128641596654,0.0,0.0,0.048305128641596654,0.048305128641596654,0.1
1.218,0.124,0.048305128641596654,0.0,0.0,0.048305128641596654,0.048305128641596654,0.1
1.2191999999999998,0.124,0.048305128641596654,0.0,0.0,0.048305128641596654,0.048305128641596654,0.1
1.2204,0.124,0.048305128641596654,0.0,0.0,0.048305128641596654,0.048305128641596654,0.1
1.2215999999999998,0.124,0.048305128641596654,0.0,0.0,0.048305128641596654,0.048305128641596654,0.1
1.2227999999999999,0.124,0.048305128641596654,0.0,0.0,0.048305128641596654,0.048305128641596654,0.1
1.224,0.124,0.048305128641596654,0.0,0.0,0.048305128641596654,0.048305128641596654,0.1
1.2251999999999998,0.124,0.048305128641596654,0.0,0.0,0.048305128641596654,0.048305128641596654,0.1
1.2264,0.124,0.048305128641596654,0.0,0.0,0.048305128641596654,0.048305128641596654,0.1
1.2275999999999998,0.124,0.048305128641596654,0.0,0.0,0.048305128641596654,0.048305128641596654,0.1
1.2288,0.124,0.048305128641596654,0.0,0.0,0.048305128641596654,0.048305128641596654,0.1
1.23,0.124,0.048305128641596654,0.0,0.0,0.048305128641596654,0.048305128641596654,0.1
1.2311999999999999,0.124,0.048305128641596654,0.0,0.0,0.048305128641596654,0.048305128641596654,0.1
1.2324,0.124,0.048305128641596654,0.0,0.0,0.048305128641596654,0.048305128641596654,0.1
1.2335999999999998,0.124,0.048305128641596654,0.0,0.0,0.048305128641596654,0.048305128641596654,0.1
1.2348,0.124,0.048305128641596654,0.0,0.0,0.048305128641596654,0.048305128641596654,0.1
1.236,0.124,0.048305128641596654,0.0,0.0,0.048305128641596654,0.048305128641596654,0.1
1.2371999999999999,0.124,0.048305128641596654,0.0,0.0,0.048305128641596654,0.048305128641596654,0.1
1.2384,0.124,0.048305128641596654,0.0,0.0,0.048305128641596654,0.048305128641596654,0.1
1.2395999999999998,0.124,0.048305128641596654,0.0,0.0,0.048305128641596654,0.048305128641596654,0.1
1.2408,0.124,0.048305128641596654,0.0,0.0,0.048305128641596654,0.048305128641596654,0.1
1.242,0.124,0.048305128641596654,0.0,0.0,0.048305128641596654,0.048305128641596654,0.1
1.2431999999999999,0.124,0.048305128641596654,0.0,0.0,0.048305128641596654,0.048305128641596654,0.1
1.2444,0.124,0.048305128641596654,0.0,0.0,0.048305128641596654,0.048305128641596654,0.1
1.2455999999999998,0.124,0.048305128641596654,0.0,0.0,0.048305128641596654,0.048305128641596654,0.1
1.2468,0.124,0.048305128641596654,0.0,0.0,0.048305128641596654,0.048305128641596654,0.1
1.248,0.124,0.048305128641596654,0.0,0.0,0.048305128641596654,0.048305128641596654,0.1
1.2491999999999999,0.124,0.048305128641596654,0.0,0.0,0.048305128641596654,0.048305128641596654,0.1
1.2504,0.124,0.048305128641596654,0.0,0.0,0.048305128641596654,0.048305128641596654,0.1
1.2515999999999998,0.124,0.048305128641596654,0.0,0.0,0.048305128641596654,0.048305128641596654,0.1
1.2528,0.124,0.048305128641596654,0.0,0.0,0.048305128641596654,0.048305128641596654,0.1
1.2539999999999998,0.124,0.048305128641596654,0.0,0.0,0.048305128641596654,0.048305128641596654,0.1
1.2551999999999999,0.124,0.048305128641596654,0.0,0.0,0.048305128641596654,0.048305128641596654,0.1
1.2564,0.124,0.048305128641596654,0.0,0.0,0.048305128641596654,0.048305128641596654,0.1
1.2575999999999998,0.124,0.048305128641596654,0.0,0.0,0.048305128641596654,0.048305128641596654,0.1
1.2588,0.124,0.048305128641596654,0.0,0.0,0.048305128641596654,0.048305128641596654,0.1
1.2599999999999998,0.124,0.048305128641596654,0.0,0.0,0.048305128641596654,0.048305128641596654,0.1
1.2611999999999999,0.124,0.048305128641596654,0.0,0.0,0.048305128641596654,0.048305128641596654,0.1
1.2624,0.124,0.048305128641596654,0.0,0.0,0.048305128641596654,0.048305128641596654,0.1
1.2635999999999998,0.124,0.048305128641596654,0.0,0.0,0.048305128641596654,0.048305128641596654,0.1
1.2648,0.124,0.048305128641596654,0.0,0.0,0.048305128641596654,0.048305128641596654,0.1
1.2659999999999998,0.124,0.048305128641596654,0.0,0.0,0.048305128641596654,0.048305128641596654,0.1
1.2671999999999999,0.124,0.048305128641596654,0.0,0.0,0.048305128641596654,0.048305128641596654,0.1
1.2684,0.124,0.048305128641596654,0.0,0.0,0.048305128641596654,0.048305128641596654,0.1
1.2695999999999998,0.124,0.048305128641596654,0.0,0.0,0.048305128641596654,0.048305128641596654,0.1
1.2708,0.124,0.048305128641596654,0.0,0.0,0.048305128641596654,0.048305128641596654,0.1
1.2719999999999998,0.124,0.048305128641596654,0.0,0.0,0.048305128641596654,0.048305128641596654,0.1
1.2731999999999999,0.124,0.048305128641596654,0.0,0.0,0.048305128641596654,0.048305128641596654,0.1
1.2744,0.124,0.048305128641596654,0.0,0.0,0.048305128641596654,0.048305128641596654,0.1
1.2755999999999998,0.124,0.048305128641596654,0.0,0.0,0.048305128641596654,0.048305128641596654,0.1
1.2768,0.124,0.048305128641596654,0.0,0.0,0.048305128641596654,0.048305128641596654,0.1
1.2779999999999998,0.124,0.048305128641596654,0.0,0.0,0.048305128641596654,0.048305128641596654,0.1
1.2792,0.124,0.048305128641596654,0.0,0.0,0.048305128641596654,0.048305128641596654,0.1
1.2804,0.124,0.048305128641596654,0.0,0.0,0.048305128641596654,0.048305128641596654,0.1
1.2815999999999999,0.124,0.048305128641596654,0.0,0.0,0.048305128641596654,0.048305128641596654,0.1
1.2828,0.124,0.048305128641596654,0.0,0.0,0.048305128641596654,0.048305128641596654,0.1
1.2839999999999998,0.124,0.048305128641596654,0.0,0.0,0.048305128641596654,0.048305128641596654,0.1
1.2852,0.124,0.048305128641596654,0.0,0.0,0.048305128641596654,0.048305128641596654,0.1
1.2864,0.124,0.048305128641596654,0.0,0.0,0.048305128641596654,0.048305128641596654,0.1
1.2875999999999999,0.124,0.048305128641596654,0.0,0.0,0.048305128641596654,0.048305128641596654,0.1
1.2888,0.124,0.048305128641596654,0.0,0.0,0.048305128641596654,0.048305128641596654,0.1
1.2899999999999998,0.124,0.048305128641596654,0.0,0.0,0.048305128641596654,0.048305128641596654,0.1
1.2912,0.124,0.048305128641596654,0.0,0.0,0.048305128641596654,0.048305128641596654,0.1
1.2924,0.124,0.048305128641596654,0.0,0.0,0.048305128641596654,0.048305128641596654,0.1
1.2935999999999999,0.124,0.048305128641596654,0.0,0.0,0.048305128641596654,0.048305128641596654,0.1
1.2948,0.124,0.048305128641596654,0.0,0.0,0.048305128641596654,0.048305128641596654,0.1
1.2959999999999998,0.124,0.048305128641596654,0.0,0.0,0.048305128641596654,0.048305128641596654,0.1
1.2972,0.124,0.048305128641596654,0.0,0.0,0.048305128641596654,0.048305128641596654,0.1
1.2983999999999998,0.124,0.048305128641596654,0.0,0.0,0.048305128641596654,0.048305128641596654,0.1
1.2995999999999999,0.124,0.048305128641596654,0.0,0.0,0.048305128641596654,0.048305128641596654,0.1
1.3008,0.124,0.048305128641596654,0.0,0.0,0.048305128641596654,0.048305128641596654,0.09630000000000001
1.3019999999999998,0.124,0.048305128641596654,0.0,0.0,0.048305128641596654,0.048305128641596654,0.09630000000000001
1.3032,0.124,0.048305128641596654,0.0,0.0,0.048305128641596654,0.048305128641596654,0.09630000000000001
1.3043999999999998,0.124,0.048305128641596654,0.0,0.0,0.048305128641596654,0.048305128641596654,0.09630000000000001
1.3055999999999999,0.124,0.048305128641596654,0.0,0.0,0.048305128641596654,0.048305128641596654,0.09630000000000001
1.3068,0.124,0.048305128641596654,0.0,0.0,0.048305128641596654,0.048305128641596654,0.09630000000000001
1.3079999999999998,0.124,0.048305128641596654,0.0,0.0,0.048305128641596654,0.048305128641596654,0.09630000000000001
1.3092,0.124,0.048305128641596654,0.0,0.0,0.048305128641596654,0.048305128641596654,0.09630000000000001
1.3103999999999998,0.124,0.048305128641596654,0.0,0.0,0.048305128641596654,0.048305128641596654,0.09630000000000001
1.3115999999999999,0.124,0.048305128641596654,0.0,0.0,0.048305128641596654,0.048305128641596654,0.09630000000000001
1.3128,0.124,0.048305128641596654,0.0,0.0,0.048305128641596654,0.048305128641596654,0.09630000000000001
1.3139999999999998,0.124,0.048305128641596654,0.0,0.0,0.048305128641596654,0.048305128641596654,0.09630000000000001
1.3152,0.124,0.048305128641596654,0.0,0.0,0.048305128641596654,0.048305128641596654,0.09630000000000001
1.3163999999999998,0.124,0.048305128641596654,0.0,0.0,0.048305128641596654,0.048305128641596654,0.09630000000000001
1.3175999999999999,0.124,0.048305128641596654,0.0,0.0,0.048305128641596654,0.048305128641596654,0.09630000000000001
1.3188,0.124,0.048305128641596654,0.0,0.0,0.048305128641596654,0.048305128641596654,0.09630000000000001
1.3199999999999998,0.124,0.048305128641596654,0.0,0.0,0.048305128641596654,0.048305128641596654,0.09630000000000001
1.3212,0.124,0.048305128641596654,0.0,0.0,0.048305128641596654,0.048305128641596654,0.09630000000000001
1.3223999999999998,0.124,0.048305128641596654,0.0,0.0,0.048305128641596654,0.048305128641596654,0.09630000000000001
1.3235999999999999,0.124,0.048305128641596654,0.0,0.0,0.048305128641596654,0.048305128641596654,0.09630000000000001
1.3248,0.124,0.048305128641596654,0.0,0.0,0.048305128641596654,0.048305128641596654,0.09630000000000001
1.3259999999999998,0.124,0.048305128641596654,0.0,0.0,0.048305128641596654,0.048305128641596654,0.09630000000000001
1.3272,0.124,0.048305128641596654,0.0,0.0,0.048305128641596654,0.048305128641596654,0.09630000000000001
1.3283999999999998,0.124,0.048305128641596654,0.0,0.0,0.048305128641596654,0.048305128641596654,0.09630000000000001
1.3296,0.124,0.048305128641596654,0.0,0.0,0.048305128641596654,0.048305128641596654,0.09630000000000001
1.3308,0.124,0.048305128641596654,0.0,0.0,0.048305128641596654,0.048305128641596654,0.09630000000000001
1.3319999999999999,0.124,0.048305128641596654,0.0,0.0,0.048305128641596654,0.048305128641596654,0.09630000000000001
1.3332,0.124,0.048305128641596654,0.0,0.0,0.048305128641596654,0.048305128641596654,0.09630000000000001
1.3343999999999998,0.124,0.048305128641596654,0.0,0.0,0.048305128641596654,0.048305128641596654,0.09630000000000001
1.3356,0.124,0.048305128641596654,0.0,0.0,0.048305128641596654,0.048305128641596654,0.09630000000000001
1.3368,0.124,0.048305128641596654,0.0,0.0,0.048305128641596654,0.048305128641596654,0.09630000000000001
1.3379999999999999,0.124,0.048305128641596654,0.0,0.0,0.048305128641596654,0.048305128641596654,0.09630000000000001
1.3392,0.124,0.048305128641596654,0.0,0.0,0.048305128641596654,0.048305128641596654,0.09630000000000001
1.3403999999999998,0.124,0.048305128641596654,0.0,0.0,0.048305128641596654,0.048305128641596654,0.09630000000000001
1.3416,0.124,0.048305128641596654,0.0,0.0,0.048305128641596654,0.048305128641596654,0.09630000000000001
1.3427999999999998,0.124,0.048305128641596654,0.0,0.0,0.048305128641596654,0.048305128641596654,0.09630000000000001
1.3439999999999999,0.124,0.048305128641596654,0.0,0.0,0.048305128641596654,0.048305128641596654,0.09630000000000001
1.3452,0.124,0.048305128641596654,0.0,0.0,0.048305128641596654,0.048305128641596654,0.09630000000000001
1.3463999999999998,0.124,0.048305128641596654,0.0,0.0,0.048305128641596654,0.048305128641596654,0.09630000000000001
1.3476,0.124,0.048305128641596654,0.0,0.0,0.048305128641596654,0.048305128641596654,0.09630000000000001
1.3487999999999998,0.124,0.048305128641596654,0.0,0.0,0.048305128641596654,0.048305128641596654,0.09630000000000001
1.3499999999999999,0.124,0.048305128641596654,0.0,0.0,0.048305128641596654,0.048305128641596654,0.09630000000000001
1.3512,0.124,0.048305128641596654,0.0,0.0,0.048305128641596654,0.048305128641596654,0.09630000000000001
1.3523999999999998,0.124,0.048305128641596654,0.0,0.0,0.048305128641596654,0.048305128641596654,0.09630000000000001
1.3536,0.124,0.048305128641596654,0.0,0.0,0.048305128641596654,0.048305128641596654,0.09630000000000001
1.3547999999999998,0.124,0.048305128641596654,0.0,0.0,0.048305128641596654,0.048305128641596654,0.09630000000000001
1.3559999999999999,0.124,0.048305128641596654,0.0,0.0,0.048305128641596654,0.048305128641596654,0.09630000000000001
1.3572,0.124,0.048305128641596654,0.0,0.0,0.048305128641596654,0.048305128641596654,0.09630000000000001
1.3583999999999998,0.124,0.048305128641596654,0.0,0.0,0.048305128641596654,0.048305128641596654,0.09630000000000001
1.3596,0.124,0.048305128641596654,0.0,0.0,0.048305128641596654,0.048305128641596654,0.09630000000000001
1.3607999999999998,0.124,0.048305128641596654,0.0,0.0,0.048305128641596654,0.048305128641596654,0.09630000000000001
1.3619999999999999,0.124,0.048305128641596654,0.0,0.0,0.048305128641596654,0.048305128641596654,0.09630000000000001
1.3632,0.124,0.048305128641596654,0.0,0.0,0.048305128641596654,0.048305128641596654,0.09630000000000001
1.3643999999999998,0.124,0.048305128641596654,0.0,0.0,0.048305128641596654,0.048305128641596654,0.09630000000000001
1.3656,0.124,0.048305128641596654,0.0,0.0,0.048305128641596654,0.048305128641596654,0.09630000000000001
1.3667999999999998,0.124,0.048305128641596654,0.0,0.0,0.048305128641596654,0.048305128641596654,0.09630000000000001
1.3679999999999999,0.124,0.048305128641596654,0.0,0.0,0.048305128641596654,0.048305128641596654,0.09630000000000001
1.3692,0.124,0.048305128641596654,0.0,0.0,0.048305128641596654,0.048305128641596654,0.09630000000000001
1.3703999999999998,0.124,0.048305128641596654,0.0,0.0,0.048305128641596654,0.048305128641596654,0.09630000000000001
1.3716,0.124,0.048305128641596654,0.0,0.0,0.048305128641596654,0.048305128641596654,0.09630000000000001
1.3727999999999998,0.124,0.048305128641596654,0.0,0.0,0.048305128641596654,0.048305128641596654,0.09630000000000001
1.3739999999999999,0.124,0.048305128641596654,0.0,0.0,0.048305128641596654,0.048305128641596654,0.09630000000000001
1.3752,0.124,0.048305128641596654,0.0,0.0,0.048305128641596654,0.048305128641596654,0.09630000000000001
1.3763999999999998,0.124,0.048305128641596654,0.0,0.0,0.048305128641596654,0.048305128641596654,0.09630000000000001
1.3776,0.124,0.048305128641596654,0.0,0.0,0.048305128641596654,0.048305128641596654,0.09630000000000001
1.3787999999999998,0.124,0.048305128641596654,0.0,0.0,0.048305128641596654,0.048305128641596654,0.09630000000000001
1.38,0.124,0.048305128641596654,0.0,0.0,0.048305128641596654,0.048305128641596654,0.09630000000000001
1.3812,0.124,0.048305128641596654,0.0,0.0,0.048305128641596654,0.048305128641596654,0.09630000000000001
1.3823999999999999,0.124,0.048305128641596654,0.0,0.0,0.048305128641596654,0.048305128641596654,0.09630000000000001
1.3836,0.124,0.048305128641596654,0.0,0.0,0.048305128641596654,0.048305128641596654,0.09630000000000001
1.3847999999999998,0.124,0.048305128641596654,0.0,0.0,0.048305128641596654,0.048305128641596654,0.09630000000000001
1.386,0.124,0.048305128641596654,0.0,0.0,0.048305128641596654,0.048305128641596654,0.09630000000000001
1.3872,0.124,0.048305128641596654,0.0,0.0,0.048305128641596654,0.048305128641596654,0.09630000000000001
1.3883999999999999,0.124,0.048305128641596654,0.0,0.0,0.048305128641596654,0.048305128641596654,0.09630000000000001
1.3896,0.124,0.048305128641596654,0.0,0.0,0.048305128641596654,0.048305128641596654,0.09630000000000001
1.3907999999999998,0.124,0.048305128641596654,0.0,0.0,0.048305128641596654,0.048305128641596654,0.09630000000000001
1.392,0.124,0.048305128641596654,0.0,0.0,0.048305128641596654,0.048305128641596654,0.09630000000000001
1.3931999999999998,0.124,0.048305128641596654,0.0,0.0,0.048305128641596654,0.048305128641596654,0.09630000000000001
1.3943999999999999,0.124,0.048305128641596654,0.0,0.0,0.048305128641596654,0.048305128641596654,0.09630000000000001
1.3956,0.124,0.048305128641596654,0.0,0.0,0.048305128641596654,0.048305128641596654,0.09630000000000001
1.3967999999999998,0.124,0.048305128641596654,0.0,0.0,0.048305128641596654,0.048305128641596654,0.09630000000000001
1.398,0.124,0.048305128641596654,0.0,0.0,0.048305128641596654,0.048305128641596654,0.09630000000000001
1.3991999999999998,0.124,0.048305128641596654,0.0,0.0,0.048305128641596654,0.048305128641596654,0.09630000000000001
1.4003999999999999,0.124,0.048305128641596654,0.0,0.0,0.048305128641596654,0.048305128641596654,0.09630000000000001
1.4016,0.124,0.048305128641596654,0.0,0.0,0.048305128641596654,0.048305128641596654,0.09630000000000001
1.4027999999999998,0.124,0.048305128641596654,0.0,0.0,0.048305128641596654,0.048305128641596654,0.09630000000000001
1.404,0.124,0.048305128641596654,0.0,0.0,0.048305128641596654,0.048305128641596654,0.09630000000000001
1.4051999999999998,0.124,0.048305128641596654,0.0,0.0,0.048305128641596654,0.048305128641596654,0.09630000000000001
1.4063999999999999,0.124,0.048305128641596654,0.0,0.0,0.048305128641596654,0.048305128641596654,0.09630000000000001
1.4076,0.124,0.048305128641596654,0.0,0.0,0.048305128641596654,0.048305128641596654,0.09630000000000001
1.4087999999999998,0.124,0.048305128641596654,0.0,0.0,0.048305128641596654,0.048305128641596654,0.09630000000000001
1.41,0.124,0.048305128641596654,0.0,0.0,0.048305128641596654,0.048305128641596654,0.09630000000000001
1.4111999999999998,0.124,0.048305128641596654,0.0,0.0,0.048305128641596654,0.048305128641596654,0.09630000000000001
1.4123999999999999,0.124,0.048305128641596654,0.0,0.0,0.048305128641596654,0.048305128641596654,0.09630000000000001
1.4136,0.124,0.048305128641596654,0.0,0.0,0.048305128641596654,0.048305128641596654,0.09630000000000001
1.4147999999999998,0.124,0.048305128641596654,0.0,0.0,0.048305128641596654,0.048305128641596654,0.09630000000000001
1.416,0.124,0.048305128641596654,0.0,0.0,0.048305128641596654,0.048305128641596654,0.09630000000000001
1.4171999999999998,0.124,0.048305128641596654,0.0,0.0,0.048305128641596654,0.048305128641596654,0.09630000000000001
1.4183999999999999,0.124,0.048305128641596654,0.0,0.0,0.048305128641596654,0.048305128641596654,0.09630000000000001
1.4196,0.124,0.048305128641596654,0.0,0.0,0.048305128641596654,0.048305128641596654,0.09630000000000001
1.4207999999999998,0.124,0.048305128641596654,0.0,0.0,0.048305128641596654,0.048305128641596654,0.09630000000000001
1.422,0.124,0.048305128641596654,0.0,0.0,0.048305128641596654,0.048305128641596654,0.09630000000000001
1.4231999999999998,0.124,0.048305128641596654,0.0,0.0,0.048305128641596654,0.048305128641596654,0.09630000000000001
1.4243999999999999,0.124,0.048305128641596654,0.0,0.0,0.048305128641596654,0.048305128641596654,0.09630000000000001
1.4256,0.124,0.048305128641596654,0.0,0.0,0.048305128641596654,0.048305128641596654,0.09630000000000001
1.4267999999999998,0.124,0.048305128641596654,0.0,0.0,0.048305128641596654,0.048305128641596654,0.09630000000000001
1.428,0.124,0.048305128641596654,0.0,0.0,0.048305128641596654,0.048305128641596654,0.09630000000000001
1.4291999999999998,0.124,0.048305128641596654,0.0,0.0,0.048305128641596654,0.048305128641596654,0.09630000000000001
1.4304,0.124,0.048305128641596654,0.0,0.0,0.048305128641596654,0.048305128641596654,0.09630000000000001
1.4316,0.124,0.048305128641596654,0.0,0.0,0.048305128641596654,0.048305128641596654,0.09630000000000001
1.4327999999999999,0.124,0.048305128641596654,0.0,0.0,0.048305128641596654,0.048305128641596654,0.09630000000000001
1.434,0.124,0.048305128641596654,0.0,0.0,0.048305128641596654,0.048305128641596654,0.09630000000000001
1.4351999999999998,0.124,0.048305128641596654,0.0,0.0,0.048305128641596654,0.048305128641596654,0.09630000000000001
1.4364,0.124,0.048305128641596654,0.0,0.0,0.048305128641596654,0.048305128641596654,0.09630000000000001
1.4375999999999998,0.124,0.048305128641596654,0.0,0.0,0.048305128641596654,0.048305128641596654,0.09630000000000001
1.4387999999999999,0.124,0.048305128641596654,0.0,0.0,0.048305128641596654,0.048305128641596654,0.09630000000000001
1.44,0.124,0.048305128641596654,0.0,0.0,0.048305128641596654,0.048305128641596654,0.09630000000000001
1.4411999999999998,0.124,0.048305128641596654,0.0,0.0,0.048305128641596654,0.048305128641596654,0.09630000000000001
1.4424,0.124,0.048305128641596654,0.0,0.0,0.048305128641596654,0.048305128641596654,0.09630000000000001
1.4435999999999998,0.124,0.048305128641596654,0.0,0.0,0.048305128641596654,0.048305128641596654,0.09630000000000001
1.4447999999999999,0.124,0.048305128641596654,0.0,0.0,0.048305128641596654,0.048305128641596654,0.09630000000000001
1.446,0.124,0.048305128641596654,0.0,0.0,0.048305128641596654,0.048305128641596654,0.09630000000000001
1.4471999999999998,0.124,0.048305128641596654,0.0,0.0,0.048305128641596654,0.048305128641596654,0.12200000000000001
1.4484,0.124,0.048305128641596654,0.0,0.0,0.048305128641596654,0.048305128641596654,0.12200000000000001
1.4495999999999998,0.124,0.048305128641596654,0.0,0.0,0.048305128641596654,0.048305128641596654,0.12200000000000001
1.4507999999999999,0.124,0.048305128641596654,0.0,0.0,0.048305128641596654,0.048305128641596654,0.12200000000000001
1.452,0.124,0.048305128641596654,0.0,0.0,0.048305128641596654,0.048305128641596654,0.12200000000000001
1.4531999999999998,0.124,0.048305128641596654,0.0,0.0,0.048305128641596654,0.048305128641596654,0.12200000000000001
1.4544,0.124,0.048305128641596654,0.0,0.0,0.048305128641596654,0.048305128641596654,0.12200000000000001
1.4555999999999998,0.124,0.048305128641596654,0.0,0.0,0.048305128641596654,0.048305128641596654,0.12200000000000001
1.4567999999999999,0.124,0.048305128641596654,0.0,0.0,0.048305128641596654,0.048305128641596654,0.12200000000000001
1.458,0.124,0.048305128641596654,0.0,0.0,0.048305128641596654,0.048305128641596654,0.12200000000000001
1.4591999999999998,0.124,0.048305128641596654,0.0,0.0,0.048305128641596654,0.048305128641596654,0.12200000000000001
1.4604,0.124,0.048305128641596654,0.0,0.0,0.048305128641596654,0.048305128641596654,0.12200000000000001
1.4615999999999998,0.124,0.048305128641596654,0.0,0.0,0.048305128641596654,0.048305128641596654,0.12200000000000001
1.4627999999999999,0.124,0.048305128641596654,0.0,0.0,0.048305128641596654,0.048305128641596654,0.12200000000000001
1.464,0.124,0.048305128641596654,0.0,0.0,0.048305128641596654,0.048305128641596654,0.12200000000000001
1.4651999999999998,0.124,0.048305128641596654,0.0,0.0,0.048305128641596654,0.048305128641596654,0.12200000000000001
1.4664,0.124,0.048305128641596654,0.0,0.0,0.048305128641596654,0.048305128641596654,0.12200000000000001
1.4675999999999998,0.124,0.048305128641596654,0.0,0.0,0.048305128641596654,0.048305128641596654,0.09630000000000001
1.4687999999999999,0.124,0.048305128641596654,0.0,0.0,0.048305128641596654,0.048305128641596654,0.09630000000000001
1.47,0.124,0.048305128641596654,0.0,0.0,0.048305128641596654,0.048305128641596654,0.09630000000000001
1.4711999999999998,0.124,0.048305128641596654,0.0,0.0,0.048305128641596654,0.048305128641596654,0.09630000000000001
1.4724,0.124,0.048305128641596654,0.0,0.0,0.048305128641596654,0.048305128641596654,0.09630000000000001
1.4735999999999998,0.124,0.048305128641596654,0.0,0.0,0.048305128641596654,0.048305128641596654,0.09630000000000001
1.4747999999999999,0.124,0.048305128641596654,0.0,0.0,0.048305128641596654,0.048305128641596654,0.09630000000000001
1.476,0.124,0.048305128641596654,0.0,0.0,0.048305128641596654,0.048305128641596654,0.09630000000000001
1.4771999999999998,0.124,0.048305128641596654,0.0,0.0,0.048305128641596654,0.048305128641596654,0.09630000000000001
1.4784,0.124,0.048305128641596654,0.0,0.0,0.048305128641596654,0.048305128641596654,0.09630000000000001
1.4795999999999998,0.124,0.048305128641596654,0.0,0.0,0.048305128641596654,0.048305128641596654,0.09630000000000001
1.4808,0.124,0.048305128641596654,0.0,0.0,0.048305128641596654,0.048305128641596654,0.09630000000000001
1.4819999999999998,0.124,0.048305128641596654,0.0,0.0,0.048305128641596654,0.048305128641596654,0.09630000000000001
1.4831999999999999,0.124,0.048305128641596654,0.0,0.0,0.048305128641596654,0.048305128641596654,0.09630000000000001
1.4844,0.124,0.048305128641596654,0.0,0.0,0.048305128641596654,0.048305128641596654,0.09630000000000001
1.4855999999999998,0.124,0.048305128641596654,0.0,0.0,0.048305128641596654,0.048305128641596654,0.09630000000000001
1.4868,0.124,0.048305128641596654,0.0,0.0,0.048305128641596654,0.048305128641596654,0.09630000000000001
1.4879999999999998,0.124,0.048305128641596654,0.0,0.0,0.048305128641596654,0.048305128641596654,0.09630000000000001
1.4891999999999999,0.124,0.048305128641596654,0.0,0.0,0.048305128641596654,0.048305128641596654,0.09630000000000001
1.4904,0.124,0.048305128641596654,0.0,0.0,0.048305128641596654,0.048305128641596654,0.09630000000000001
1.4915999999999998,0.124,0.048305128641596654,0.0,0.0,0.048305128641596654,0.048305128641596654,0.09630000000000001
1.4928,0.124,0.048305128641596654,0.0,0.0,0.048305128641596654,0.048305128641596654,0.09630000000000001
1.4939999999999998,0.124,0.048305128641596654,0.0,0.0,0.048305128641596654,0.048305128641596654,0.09630000000000001
1.4951999999999999,0.124,0.048305128641596654,0.0,0.0,0.048305128641596654,0.048305128641596654,0.09630000000000001
1.4964,0.124,0.048305128641596654,0.0,0.0,0.048305128641596654,0.048305128641596654,0.09630000000000001
1.4975999999999998,0.124,0.048305128641596654,0.0,0.0,0.048305128641596654,0.048305128641596654,0.09630000000000001
1.4988,0.124,0.048305128641596654,0.0,0.0,0.048305128641596654,0.048305128641596654,0.09630000000000001
1.4999999999999998,0.124,0.048305128641596654,0.0,0.0,0.048305128641596654,0.048305128641596654,0.09630000000000001
1.5011999999999999,0.124,0.048305128641596654,0.0,0.0,0.048305128641596654,0.048305128641596654,0.09630000000000001
1.5024,0.124,0.048305128641596654,0.0,0.0,0.048305128641596654,0.048305128641596654,0.09630000000000001
1.5035999999999998,0.124,0.048305128641596654,0.0,0.0,0.048305128641596654,0.048305128641596654,0.09630000000000001
1.5048,0.124,0.048305128641596654,0.0,0.0,0.048305128641596654,0.048305128641596654,0.09630000000000001
1.5059999999999998,0.124,0.048305128641596654,0.0,0.0,0.048305128641596654,0.048305128641596654,0.09630000000000001
1.5071999999999999,0.124,0.048305128641596654,0.0,0.0,0.048305128641596654,0.048305128641596654,0.09630000000000001
1.5084,0.124,0.048305128641596654,0.0,0.0,0.048305128641596654,0.048305128641596654,0.09630000000000001
1.5095999999999998,0.124,0.048305128641596654,0.0,0.0,0.048305128641596654,0.048305128641596654,0.09630000000000001
1.5108,0.124,0.048305128641596654,0.0,0.0,0.048305128641596654,0.048305128641596654,0.09630000000000001
1.5119999999999998,0.124,0.048305128641596654,0.0,0.0,0.048305128641596654,0.048305128641596654,0.09630000000000001
1.5131999999999999,0.124,0.048305128641596654,0.0,0.0,0.048305128641596654,0.048305128641596654,0.09630000000000001
1.5144,0.124,0.048305128641596654,0.0,0.0,0.048305128641596654,0.048305128641596654,0.09630000000000001
1.5155999999999998,0.124,0.048305128641596654,0.0,0.0,0.048305128641596654,0.048305128641596654,0.09630000000000001
1.5168,0.124,0.048305128641596654,0.0,0.0,0.048305128641596654,0.048305128641596654,0.09630000000000001
1.5179999999999998,0.124,0.048305128641596654,0.0,0.0,0.048305128641596654,0.048305128641596654,0.09630000000000001
1.5191999999999999,0.124,0.048305128641596654,0.0,0.0,0.048305128641596654,0.048305128641596654,0.09630000000000001
1.5204,0.124,0.048305128641596654,0.0,0.0,0.048305128641596654,0.048305128641596654,0.09630000000000001
1.5215999999999998,0.124,0.048305128641596654,0.0,0.0,0.048305128641596654,0.048305128641596654,0.09630000000000001
1.5228,0.124,0.048305128641596654,0.0,0.0,0.048305128641596654,0.048305128641596654,0.09630000000000001
1.5239999999999998,0.124,0.048305128641596654,0.0,0.0,0.048305128641596654,0.048305128641596654,0.09630000000000001
1.5252,0.124,0.048305128641596654,0.0,0.0,0.048305128641596654,0.048305128641596654,0.09630000000000001
1.5263999999999998,0.124,0.048305128641596654,0.0,0.0,0.048305128641596654,0.048305128641596654,0.09630000000000001
1.5275999999999998,0.124,0.048305128641596654,0.0,0.0,0.048305128641596654,0.048305128641596654,0.09630000000000001
1.5288,0.124,0.048305128641596654,0.0,0.0,0.048305128641596654,0.048305128641596654,0.09630000000000001
1.5299999999999998,0.124,0.048305128641596654,0.0,0.0,0.048305128641596654,0.048305128641596654,0.09630000000000001
1.5312,0.124,0.048305128641596654,0.0,0.0,0.048305128641596654,0.048305128641596654,0.09630000000000001
1.5323999999999998,0.124,0.048305128641596654,0.0,0.0,0.048305128641596654,0.048305128641596654,0.09630000000000001
1.5335999999999999,0.124,0.048305128641596654,0.0,0.0,0.048305128641596654,0.048305128641596654,0.09630000000000001
1.5348,0.124,0.048305128641596654,0.0,0.0,0.048305128641596654,0.048305128641596654,0.09630000000000001
1.5359999999999998,0.124,0.048305128641596654,0.0,0.0,0.048305128641596654,0.048305128641596654,0.09630000000000001
1.5372,0.124,0.048305128641596654,0.0,0.0,0.048305128641596654,0.048305128641596654,0.12200000000000001
1.5383999999999998,0.124,0.048305128641596654,0.0,0.0,0.048305128641596654,0.048305128641596654,0.12200000000000001
1.5395999999999999,0.124,0.048305128641596654,0.0,0.0,0.048305128641596654,0.048305128641596654,0.12200000000000001
1.5408,0.124,0.048305128641596654,0.0,0.0,0.048305128641596654,0.048305128641596654,0.12200000000000001
1.5419999999999998,0.124,0.048305128641596654,0.0,0.0,0.048305128641596654,0.048305128641596654,0.12200000000000001
1.5432,0.124,0.048305128641596654,0.0,0.0,0.048305128641596654,0.048305128641596654,0.12200000000000001
1.5443999999999998,0.124,0.048305128641596654,0.0,0.0,0.048305128641596654,0.048305128641596654,0.12200000000000001
1.5455999999999999,0.124,0.048305128641596654,0.0,0.0,0.048305128641596654,0.048305128641596654,0.12200000000000001
1.5468,0.124,0.048305128641596654,0.0,0.0,0.048305128641596654,0.048305128641596654,0.12200000000000001
1.5479999999999998,0.124,0.048305128641596654,0.0,0.0,0.048305128641596654,0.048305128641596654,0.12200000000000001
1.5492,0.124,0.048305128641596654,0.0,0.0,0.048305128641596654,0.048305128641596654,0.12200000000000001
1.5503999999999998,0.124,0.048305128641596654,0.0,0.0,0.048305128641596654,0.048305128641596654,0.12200000000000001
1.5515999999999999,0.124,0.048305128641596654,0.0,0.0,0.048305128641596654,0.048305128641596654,0.12200000000000001
1.5528,0.124,0.048305128641596654,0.0,0.0,0.048305128641596654,0.048305128641596654,0.12200000000000001
1.5539999999999998,0.124,0.048305128641596654,0.0,0.0,0.048305128641596654,0.048305128641596654,0.12200000000000001
1.5552,0.124,0.048305128641596654,0.0,0.0,0.048305128641596654,0.048305128641596654,0.12200000000000001
1.5563999999999998,0.124,0.048305128641596654,0.0,0.0,0.048305128641596654,0.048305128641596654,0.12200000000000001
1.5575999999999999,0.124,0.048305128641596654,0.0,0.0,0.048305128641596654,0.048305128641596654,0.09630000000000001
1.5588,0.124,0.048305128641596654,0.0,0.0,0.048305128641596654,0.048305128641596654,0.09630000000000001
1.5599999999999998,0.124,0.048305128641596654,0.0,0.0,0.048305128641596654,0.048305128641596654,0.09630000000000001
1.5612,0.124,0.048305128641596654,0.0,0.0,0.048305128641596654,0.048305128641596654,0.09630000000000001
1.5623999999999998,0.124,0.048305128641596654,0.0,0.0,0.048305128641596654,0.048305128641596654,0.09630000000000001
1.5635999999999999,0.124,0.048305128641596654,0.0,0.0,0.048305128641596654,0.048305128641596654,0.09630000000000001
1.5648,0.124,0.048305128641596654,0.0,0.0,0.048305128641596654,0.048305128641596654,0.09630000000000001
1.5659999999999998,0.124,0.048305128641596654,0.0,0.0,0.048305128641596654,0.048305128641596654,0.09630000000000001
1.5672,0.124,0.048305128641596654,0.0,0.0,0.048305128641596654,0.048305128641596654,0.09630000000000001
1.5683999999999998,0.124,0.048305128641596654,0.0,0.0,0.048305128641596654,0.048305128641596654,0.09630000000000001
1.5695999999999999,0.124,0.048305128641596654,0.0,0.0,0.048305128641596654,0.048305128641596654,0.09630000000000001
1.5707999999999998,0.124,0.048305128641596654,0.0,0.0,0.048305128641596654,0.048305128641596654,0.09630000000000001
1.5719999999999998,0.124,0.048305128641596654,0.0,0.0,0.048305128641596654,0.048305128641596654,0.09630000000000001
1.5732,0.124,0.048305128641596654,0.0,0.0,0.048305128641596654,0.048305128641596654,0.09630000000000001
1.5743999999999998,0.124,0.048305128641596654,0.0,0.0,0.048305128641596654,0.048305128641596654,0.09630000000000001
1.5756,0.124,0.048305128641596654,0.0,0.0,0.048305128641596654,0.048305128641596654,0.09630000000000001
1.5767999999999998,0.124,0.048305128641596654,0.0,0.0,0.048305128641596654,0.048305128641596654,0.09630000000000001
1.5779999999999998,0.124,0.048305128641596654,0.0,0.0,0.048305128641596654,0.048305128641596654,0.09630000000000001
1.5792,0.124,0.048305128641596654,0.0,0.0,0.048305128641596654,0.048305128641596654,0.09630000000000001
1.5803999999999998,0.124,0.048305128641596654,0.0,0.0,0.048305128641596654,0.048305128641596654,0.09630000000000001
1.5816,0.124,0.048305128641596654,0.0,0.0,0.048305128641596654,0.048305128641596654,0.09630000000000001
1.5827999999999998,0.124,0.048305128641596654,0.0,0.0,0.048305128641596654,0.048305128641596654,0.09630000000000001
1.5839999999999999,0.124,0.048305128641596654,0.0,0.0,0.048305128641596654,0.048305128641596654,0.09630000000000001
1.5852,0.124,0.048305128641596654,0.0,0.0,0.048305128641596654,0.048305128641596654,0.09630000000000001
1.5863999999999998,0.124,0.048305128641596654,0.0,0.0,0.048305128641596654,0.048305128641596654,0.09630000000000001
1.5876,0.124,0.048305128641596654,0.0,0.0,0.048305128641596654,0.048305128641596654,0.09630000000000001
1.5887999999999998,0.124,0.048305128641596654,0.0,0.0,0.048305128641596654,0.048305128641596654,0.09630000000000001
1.5899999999999999,0.124,0.048305128641596654,0.0,0.0,0.048305128641596654,0.048305128641596654,0.09630000000000001
1.5912,0.124,0.048305128641596654,0.0,0.0,0.048305128641596654,0.048305128641596654,0.09630000000000001
1.5923999999999998,0.124,0.048305128641596654,0.0,0.0,0.048305128641596654,0.048305128641596654,0.09630000000000001
1.5936,0.124,0.048305128641596654,0.0,0.0,0.048305128641596654,0.048305128641596654,0.09630000000000001
1.5947999999999998,0.124,0.048305128641596654,0.0,0.0,0.048305128641596654,0.048305128641596654,0.09630000000000001
1.5959999999999999,0.124,0.048305128641596654,0.0,0.0,0.048305128641596654,0.048305128641596654,0.09630000000000001
1.5972,0.124,0.048305128641596654,0.0,0.0,0.048305128641596654,0.048305128641596654,0.09630000000000001
1.5983999999999998,0.124,0.048305128641596654,0.0,0.0,0.048305128641596654,0.048305128641596654,0.09630000000000001
1.5996,0.124,0.048305128641596654,0.0,0.0,0.048305128641596654,0.048305128641596654,0.09630000000000001
1.6007999999999998,0.12399985910600866,0.048305018869040046,0.0,0.0,0.048305018869040046,0.048305018869040046,0.09630000000000001
1.6019999999999999,0.12399912029110831,0.04830444324965403,0.0,0.0,0.04830444324965403,0.04830444324965403,0.09630000000000001
1.6032,0.12399775018862237,0.048303375795756116,0.0,0.0,0.048303375795756116,0.048303375795756116,0.09630000000000001
1.6043999999999998,0.12399575068102636,0.048301817990264444,0.0,0.0,0.048301817990264444,0.048301817990264444,0.09630000000000001
1.6056,0.12399312364131328,0.04829977131609715,0.0,0.0,0.04829977131609715,0.04829977131609715,0.09630000000000001
1.6067999999999998,0.1239898709330877,0.048297237256172326,0.0,0.0,0.048297237256172326,0.048297237256172326,0.09630000000000001
1.6079999999999999,0.12398599441065913,0.04829421729340813,0.0,0.0,0.04829421729340813,0.04829421729340813,0.09630000000000001
1.6092,0.12398149591913403,0.048290712910722684,0.0,0.0,0.048290712910722684,0.048290712910722684,0.09630000000000001
1.6103999999999998,0.1239763772945072,0.048286725591034106,0.0,0.0,0.048286725591034106,0.048286725591034106,0.09630000000000001
1.6116,0.12397064036375205,0.048282256817260526,0.0,0.0,0.048282256817260526,0.048282256817260526,0.09630000000000001
1.6127999999999998,0.12396428694491006,0.048277308072320065,0.0,0.0,0.048277308072320065,0.048277308072320065,0.09630000000000001
1.6139999999999999,0.12395731884717921,0.04827188083913086,0.0,0.0,0.04827188083913086,0.04827188083913086,0.09630000000000001
1.6152,0.12394973787100155,0.04826597660061102,0.0,0.0,0.04826597660061102,0.04826597660061102,0.09630000000000001
1.6163999999999998,0.12394154580815002,0.048259596839678696,0.0,0.0,0.048259596839678696,0.048259596839678696,0.09630000000000001
1.6176,0.12393274444181408,0.04825274303925199,0.0,0.0,0.04825274303925199,0.04825274303925199,0.09630000000000001
1.6187999999999998,0.12392333554668487,0.04824541668224905,0.0,0.0,0.04824541668224905,0.04824541668224905,0.09630000000000001
1.6199999999999999,0.12391332088903921,0.04823761925158798,0.0,0.0,0.04823761925158798,0.04823761925158798,0.061
1.6211999999999998,0.12390270222682293,0.04822935223018692,0.0,0.0,0.04822935223018692,0.04822935223018692,0.061
1.6223999999999998,0.12389148130973332,0.048220617100963994,0.0,0.0,0.048220617100963994,0.048220617100963994,0.061
1.6236,0.1238796598793008,0.04821141534683732,0.0,0.0,0.04821141534683732,0.04821141534683732,0.061
1.6247999999999998,0.12386723966896977,0.04820174845072505,0.0,0.0,0.04820174845072505,0.04820174845072505,0.061
1.626,0.12385422240417865,0.04819161789554528,0.0,0.0,0.04819161789554528,0.04819161789554528,0.061
1.6271999999999998,0.1238406098024392,0.04818102516421616,0.0,0.0,0.04818102516421616,0.04818102516421616,0.061
1.6283999999999998,0.12382640357341503,0.048169971739655794,0.0,0.0,0.048169971739655794,0.048169971739655794,0.061
1.6296,0.1238116054189994,0.04815845910478232,0.0,0.0,0.04815845910478232,0.04815845910478232,0.061
1.6307999999999998,0.12379621703339222,0.04814648874251387,0.0,0.0,0.04814648874251387,0.04814648874251387,0.061
1.632,0.1237802401031764,0.04813406213576856,0.0,0.0,0.04813406213576856,0.04813406213576856,0.061
1.6331999999999998,0.12376367630739339,0.04812118076746452,0.0,0.0,0.04812118076746452,0.04812118076746452,0.061
1.6343999999999999,0.1237465273176181,0.04810784612051988,0.0,0.0,0.04810784612051988,0.04810784612051988,0.061
1.6356,0.12372879479803296,0.04809405967785276,0.0,0.0,0.04809405967785276,0.04809405967785276,0.061
1.6367999999999998,0.12371048040550162,0.04807982292238129,0.0,0.0,0.04807982292238129,0.04807982292238129,0.061
1.638,0.12369158578964153,0.0480651373370236,0.0,0.0,0.0480651373370236,0.0480651373370236,0.061
1.6391999999999998,0.12367211259289622,0.0480500044046978,0.0,0.0,0.0480500044046978,0.0480500044046978,0.061
1.6403999999999999,0.12365206245060673,0.04803442560832204,0.0,0.0,0.04803442560832204,0.04803442560832204,0.061
1.6416,0.12363143699108248,0.04801840243081443,0.0,0.0,0.04801840243081443,0.04801840243081443,0.061
1.6427999999999998,0.1236102378356714,0.0480019363550931,0.0,0.0,0.0480019363550931,0.0480019363550931,0.061
1.644,0.12358846659882952,0.047985028864076185,0.0,0.0,0.047985028864076185,0.047985028864076185,0.061
1.6451999999999998,0.12356612488818992,0.047967681440681795,0.0,0.0,0.047967681440681795,0.047967681440681795,0.061
1.6463999999999999,0.12354321430463108,0.04794989556782807,0.0,0.0,0.04794989556782807,0.04794989556782807,0.061
1.6476,0.1235197364423445,0.047931672728433114,0.0,0.0,0.047931672728433114,0.047931672728433114,0.061
1.6487999999999998,0.123495692888902,0.04791301440541509,0.0,0.0,0.04791301440541509,0.04791301440541509,0.061
1.65,0.12347108522532209,0.047893922081692096,0.0,0.0,0.047893922081692096,0.047893922081692096,0.061
1.6511999999999998,0.12344591502613604,0.04787439724018227,0.0,0.0,0.04787439724018227,0.04787439724018227,0.061
1.6523999999999999,0.12342018385945328,0.04785444136380373,0.0,0.0,0.04785444136380373,0.04785444136380373,0.061
1.6536,0.12339389328702616,0.04783405593547461,0.0,0.0,0.04783405593547461,0.04783405593547461,0.061
1.6547999999999998,0.12336704486431435,0.04781324243811303,0.0,0.0,0.04781324243811303,0.04781324243811303,0.061
1.656,0.12333964014054849,0.047792002354637125,0.0,0.0,0.047792002354637125,0.047792002354637125,0.061
1.6571999999999998,0.12331168065879343,0.04777033716796502,0.0,0.0,0.04777033716796502,0.04777033716796502,0.061
1.6583999999999999,0.12328316795601094,0.04774824836101483,0.0,0.0,0.04774824836101483,0.04774824836101483,0.061
1.6596,0.12325410356312179,0.04772573741670469,0.0,0.0,0.04772573741670469,0.04772573741670469,0.061
1.6607999999999998,0.1232244890050675,0.04770280581795273,0.0,0.0,0.04770280581795273,0.04770280581795273,0.061
1.662,0.1231943258008714,0.047679455047677066,0.0,0.0,0.047679455047677066,0.047679455047677066,0.061
1.6631999999999998,0.12316361546369935,0.047655686588795834,0.0,0.0,0.047655686588795834,0.047655686588795834,0.061
1.6643999999999999,0.12313235950091979,0.04763150192422715,0.0,0.0,0.04763150192422715,0.04763150192422715,0.061
1.6655999999999997,0.12310055941416351,0.04760690253688915,0.0,0.0,0.04760690253688915,0.04760690253688915,0.061
1.6667999999999998,0.12306821669938282,0.04758188990969995,0.0,0.0,0.04758188990969995,0.04758188990969995,0.061
1.668,0.12303533284691029,0.04755646552557769,0.0,0.0,0.04755646552557769,0.04755646552557769,0.061
1.6691999999999998,0.12300190934151693,0.04753063086744049,0.0,0.0,0.04753063086744049,0.04753063086744049,0.061
1.6703999999999999,0.12296794766247016,0.04750438741820647,0.0,0.0,0.04750438741820647,0.04750438741820647,0.061
1.6715999999999998,0.12293344928359104,0.047477736660793766,0.0,0.0,0.047477736660793766,0.047477736660793766,0.061
1.6727999999999998,0.12289841567331126,0.0474506800781205,0.0,0.0,0.0474506800781205,0.0474506800781205,0.061
1.674,0.12286284829472964,0.047423219153104795,0.0,0.0,0.047423219153104795,0.047423219153104795,0.061
1.6751999999999998,0.12282674860566814,0.047395355368664786,0.0,0.0,0.047395355368664786,0.047395355368664786,0.061
1.6764,0.12279011805872755,0.047367090207718586,0.0,0.0,0.047367090207718586,0.047367090207718586,0.061
1.6775999999999998,0.12275295810134272,0.047338425153184344,0.0,0.0,0.047338425153184344,0.047338425153184344,0.061
1.6787999999999998,0.12271527017583733,0.04730936168798015,0.0,0.0,0.04730936168798015,0.04730936168798015,0.061
1.68,0.12267705571947836,0.047279901295024164,0.0,0.0,0.047279901295024164,0.047279901295024164,0.061
1.6811999999999998,0.12263831616453012,0.047250045457234505,0.0,0.0,0.047250045457234505,0.047250045457234505,0.061
1.6824,0.1225990529383078,0.04721979565752928,0.0,0.0,0.04721979565752928,0.04721979565752928,0.061
1.6835999999999998,0.12255926746323083,0.04718915337882664,0.0,0.0,0.04718915337882664,0.04718915337882664,0.061
1.6847999999999999,0.12251896115687563,0.0471581201040447,0.0,0.0,0.0471581201040447,0.0471581201040447,0.061
1.686,0.12247813543202823,0.047126697316101585,0.0,0.0,0.047126697316101585,0.047126697316101585,0.061
1.6871999999999998,0.12243679169673632,0.047094886497915434,0.0,0.0,0.047094886497915434,0.047094886497915434,0.061
1.6884,0.12239493135436104,0.04706268913240435,0.0,0.0,0.04706268913240435,0.04706268913240435,0.061
1.6895999999999998,0.12235255580362839,0.047030106702486474,0.0,0.0,0.047030106702486474,0.047030106702486474,0.061
1.6907999999999999,0.12230966643868035,0.04699714069107993,0.0,0.0,0.04699714069107993,0.04699714069107993,0.061
1.692,0.12226626464912552,0.046963792581102844,0.0,0.0,0.046963792581102844,0.046963792581102844,0.061
1.6931999999999998,0.12222235182008956,0.046930063855473346,0.0,0.0,0.046930063855473346,0.046930063855473346,0.061
1.6944,0.12217792933226525,0.04689595599710956,0.0,0.0,0.04689595599710956,0.04689595599710956,0.061
1.6955999999999998,0.12213299856196216,0.046861470488929614,0.0,0.0,0.046861470488929614,0.046861470488929614,0.061
1.6967999999999999,0.12208756088115612,0.04682660881385163,0.0,0.0,0.04682660881385163,0.04682660881385163,0.061
1.698,0.12204161765753824,0.04679137245479373,0.0,0.0,0.04679137245479373,0.04679137245479373,0.061
1.6991999999999998,0.12199517025456376,0.04675576289467405,0.0,0.0,0.04675576289467405,0.04675576289467405,0.061
1.7004,0.12194822003150046,0.046719781616410716,0.0,0.0,0.046719781616410716,0.046719781616410716,0.061
1.7015999999999998,0.12190076834347682,0.04668343010292185,0.0,0.0,0.04668343010292185,0.04668343010292185,0.061
1.7027999999999999,0.12185281654152993,0.04664670983712558,0.0,0.0,0.04664670983712558,0.04664670983712558,0.061
1.704,0.12180436597265305,0.046609622301940025,0.0,0.0,0.046609622301940025,0.046609622301940025,0.061
1.7051999999999998,0.1217554179798429,0.046572168980283324,0.0,0.0,0.046572168980283324,0.046572168980283324,0.061
1.7064,0.12170597390214664,0.04653435135507359,0.0,0.0,0.04653435135507359,0.04653435135507359,0.061
1.7075999999999998,0.1216560350747087,0.046496170909228966,0.0,0.0,0.046496170909228966,0.046496170909228966,0.061
1.7087999999999999,0.12160560282881706,0.04645762912566756,0.0,0.0,0.04645762912566756,0.04645762912566756,0.061
1.7099999999999997,0.12155467849194967,0.04641872748730752,0.0,0.0,0.04641872748730752,0.04641872748730752,0.061
1.7111999999999998,0.12150326338782018,0.04637946747706695,0.0,0.0,0.04637946747706695,0.04637946747706695,0.061
1.7124,0.12145135883642369,0.04633985057786398,0.0,0.0,0.04633985057786398,0.04633985057786398,0.061
1.7135999999999998,0.12139896615408223,0.04629987827261675,0.0,0.0,0.04629987827261675,0.04629987827261675,0.061
1.7147999999999999,0.12134608665348978,0.046259552044243375,0.0,0.0,0.046259552044243375,0.046259552044243375,0.061
1.7159999999999997,0.12129272164375735,0.04621887337566199,0.0,0.0,0.04621887337566199,0.04621887337566199,0.061
1.7171999999999998,0.12123887243045751,0.04617784374979071,0.0,0.0,0.04617784374979071,0.04617784374979071,0.061
1.7184,0.12118454031566898,0.04613646464954767,0.0,0.0,0.04613646464954767,0.04613646464954767,0.061
1.7195999999999998,0.12112972659802074,0.046094737557851,0.0,0.0,0.046094737557851,0.046094737557851,0.061
1.7207999999999999,0.12107443257273602,0.046052663957618804,0.0,0.0,0.046052663957618804,0.046052663957618804,0.061
1.7219999999999998,0.12101865953167616,0.046010245331769235,0.0,0.0,0.046010245331769235,0.046010245331769235,0.061
1.7231999999999998,0.12096240876338402,0.045967483163220406,0.0,0.0,0.045967483163220406,0.045967483163220406,0.061
1.7244,0.12090568155312739,0.04592437893489044,0.0,0.0,0.04592437893489044,0.04592437893489044,0.061
1.7255999999999998,0.12084847918294216,0.04588093412969748,0.0,0.0,0.04588093412969748,0.04588093412969748,0.061
1.7268,0.12079080293167502,0.04583715023055963,0.0,0.0,0.04583715023055963,0.04583715023055963,0.061
1.7279999999999998,0.12073265407502645,0.045793028720395035,0.0,0.0,0.045793028720395035,0.045793028720395035,0.061
1.7291999999999998,0.12067403388559302,0.04574857108212181,0.0,0.0,0.04574857108212181,0.04574857108212181,0.061
1.7304,0.12061494363290977,0.045703778798658085,0.0,0.0,0.045703778798658085,0.045703778798658085,0.061
1.7315999999999998,0.1205553845834924,0.045658653352922,0.0,0.0,0.045658653352922,0.045658653352922,0.061
1.7328,0.12049535800087903,0.045613196227831644,0.0,0.0,0.045613196227831644,0.045613196227831644,0.061
1.7339999999999998,0.12043486514567221,0.04556740890630518,0.0,0.0,0.04556740890630518,0.04556740890630518,0.061
1.7351999999999999,0.12037390727558028,0.045521292871260714,0.0,0.0,0.045521292871260714,0.045521292871260714,0.061
1.7364,0.12031248564545889,0.04547484960561639,0.0,0.0,0.04547484960561639,0.04547484960561639,0.061
1.7375999999999998,0.12025060150735215,0.04542808059229032,0.0,0.0,0.04542808059229032,0.04542808059229032,0.061
1.7388,0.12018825611053374,0.04538098731420063,0.0,0.0,0.04538098731420063,0.04538098731420063,0.061
1.7399999999999998,0.12012545070154786,0.04533357125426546,0.0,0.0,0.04533357125426546,0.04533357125426546,0.061
1.7411999999999999,0.1200621865242498,0.04528583389540291,0.0,0.0,0.04528583389540291,0.04528583389540291,0.061
1.7424,0.11999846481984676,0.04523777672053113,0.0,0.0,0.04523777672053113,0.04523777672053113,0.061
1.7435999999999998,0.11993428682693807,0.04518940121256825,0.0,0.0,0.04518940121256825,0.04518940121256825,0.061
1.7448,0.11986965378155558,0.045140708854432374,0.0,0.0,0.045140708854432374,0.045140708854432374,0.061
1.7459999999999998,0.11980456691720376,0.04509170112904165,0.0,0.0,0.04509170112904165,0.04509170112904165,0.061
1.7471999999999999,0.11973902746489969,0.04504237951931418,0.0,0.0,0.04504237951931418,0.04504237951931418,0.061
1.7484,0.11967303665321295,0.044992745508168105,0.0,0.0,0.044992745508168105,0.044992745508168105,0.061
1.7495999999999998,0.11960659570830533,0.04494280057852157,0.0,0.0,0.04494280057852157,0.04494280057852157,0.061
1.7508,0.11953970585397035,0.04489254621329267,0.0,0.0,0.04489254621329267,0.04489254621329267,0.061
1.7519999999999998,0.11947236831167281,0.04484198389539954,0.0,0.0,0.04484198389539954,0.04484198389539954,0.061
1.7531999999999999,0.1194045843005881,0.04479111510776031,0.0,0.0,0.04479111510776031,0.04479111510776031,0.061
1.7543999999999997,0.11933635503764141,0.044739941333293114,0.0,0.0,0.044739941333293114,0.044739941333293114,0.061
1.7555999999999998,0.11926768173754679,0.04468846405491606,0.0,0.0,0.04468846405491606,0.04468846405491606,0.061
1.7568,0.1191985656128462,0.04463668475554729,0.0,0.0,0.04463668475554729,0.04463668475554729,0.061
1.7579999999999998,0.11912900787394837,0.044584604918104925,0.0,0.0,0.044584604918104925,0.044584604918104925,0.061
1.7591999999999999,0.1190590097291675,0.044532226025507084,0.0,0.0,0.044532226025507084,0.044532226025507084,0.061
1.7603999999999997,0.11898857238476204,0.04447954956067192,0.0,0.0,0.04447954956067192,0.04447954956067192,0.061
1.7615999999999998,0.1189176970449731,0.04442657700651752,0.0,0.0,0.04442657700651752,0.04442657700651752,0.061
1.7628,0.11884638491206306,0.04437330984596202,0.0,0.0,0.04437330984596202,0.04437330984596202,0.061
1.7639999999999998,0.1187746371863539,0.04431974956192359,0.0,0.0,0.04431974956192359,0.04431974956192359,0.061
1.7651999999999999,0.11870245506626538,0.04426589763732029,0.0,0.0,0.04426589763732029,0.04426589763732029,0.061
1.7663999999999997,0.11862983974835338,0.04421175555507031,0.0,0.0,0.04421175555507031,0.04421175555507031,0.061
1.7675999999999998,0.11855679242734789,0.044157324798091716,0.0,0.0,0.044157324798091716,0.044157324798091716,0.061
1.7688,0.11848331429619109,0.04410260684930267,0.0,0.0,0.04410260684930267,0.04410260684930267,0.061
1.7699999999999998,0.11840940654607535,0.04404760319162131,0.0,0.0,0.04404760319162131,0.04404760319162131,0.061
1.7711999999999999,0.11833507036648096,0.04399231530796572,0.0,0.0,0.04399231530796572,0.04399231530796572,0.061
1.7723999999999998,0.1182603069452141,0.04393674468125407,0.0,0.0,0.04393674468125407,0.04393674468125407,0.061
1.7735999999999998,0.1181851174684444,0.04388089279440445,0.0,0.0,0.04388089279440445,0.04388089279440445,0.061
1.7748,0.11810950312074278,0.04382476113033501,0.0,0.0,0.04382476113033501,0.04382476113033501,0.061
1.7759999999999998,0.11803346508511899,0.04376835117196388,0.0,0.0,0.04376835117196388,0.04376835117196388,0.061
1.7772,0.11795700454305903,0.04371166440220915,0.0,0.0,0.04371166440220915,0.04371166440220915,0.061
1.7783999999999998,0.11788012267456292,0.043654702303989,0.0,0.0,0.043654702303989,0.043654702303989,0.061
1.7795999999999998,0.11780282065818183,0.04359746636022151,0.0,0.0,0.04359746636022151,0.04359746636022151,0.061
1.7808,0.11772509967105571,0.04353995805382482,0.0,0.0,0.04353995805382482,0.04353995805382482,0.061
1.7819999999999998,0.11764696088895052,0.04348217886771708,0.0,0.0,0.04348217886771708,0.04348217886771708,0.061
1.7832,0.11756840548629552,0.043424130284816384,0.0,0.0,0.043424130284816384,0.043424130284816384,0.061
1.7843999999999998,0.11748943463622061,0.04336581378804088,0.0,0.0,0.04336581378804088,0.04336581378804088,0.061
1.7855999999999999,0.11741004951059343,0.043307230860308674,0.0,0.0,0.043307230860308674,0.043307230860308674,0.061
1.7868,0.11733025128005672,0.04324838298453791,0.0,0.0,0.04324838298453791,0.04324838298453791,0.061
1.7879999999999998,0.11725004111406528,0.04318927164364671,0.0,0.0,0.04318927164364671,0.04318927164364671,0.061
1.7892,0.11716942018092329,0.043129898320553195,0.0,0.0,0.043129898320553195,0.043129898320553195,0.061
1.7903999999999998,0.1170883896478212,0.0430702644981755,0.0,0.0,0.0430702644981755,0.0430702644981755,0.061
1.7915999999999999,0.11700695068087302,0.04301037165943174,0.0,0.0,0.04301037165943174,0.04301037165943174,0.061
1.7928,0.11692510444515326,0.042950221287240034,0.0,0.0,0.042950221287240034,0.042950221287240034,0.061
1.7939999999999998,0.11684285210473404,0.042889814864518545,0.0,0.0,0.042889814864518545,0.042889814864518545,0.061
1.7952,0.11676019482272201,0.042829153874185365,0.0,0.0,0.042829153874185365,0.042829153874185365,0.061
1.7963999999999998,0.11667713376129556,0.04276823979915864,0.0,0.0,0.04276823979915864,0.04276823979915864,0.061
1.7975999999999999,0.11659367008174158,0.04270707412235648,0.0,0.0,0.04270707412235648,0.04270707412235648,0.061
1.7987999999999997,0.11650980494449278,0.04264565832669702,0.0,0.0,0.04264565832669702,0.04264565832669702,0.061
1.7999999999999998,0.11642553950916441,0.042583993895098385,0.0,0.0,0.042583993895098385,0.042583993895098385,0.061
1.8012,0.11634087493459146,0.04252208231047869,0.0,0.0,0.04252208231047869,0.04252208231047869,0.061
1.8023999999999998,0.11625581237886562,0.04245992505575609,0.0,0.0,0.04245992505575609,0.04245992505575609,0.061
1.8035999999999999,0.11617035299937223,0.04239752361384868,0.0,0.0,0.04239752361384868,0.04239752361384868,0.061
1.8047999999999997,0.11608449795282748,0.04233487946767462,0.0,0.0,0.04233487946767462,0.04233487946767462,0.061
1.8059999999999998,0.11599824839531524,0.042271994100152,0.0,0.0,0.042271994100152,0.042271994100152,0.061
1.8072,0.11591160548232433,0.042208868994198956,0.0,0.0,0.042208868994198956,0.042208868994198956,0.061
1.8083999999999998,0.11582457036878555,0.042145505632733636,0.0,0.0,0.042145505632733636,0.042145505632733636,0.061
1.8095999999999999,0.11573714420910859,0.04208190549867414,0.0,0.0,0.04208190549867414,0.04208190549867414,0.061
1.8107999999999997,0.11564932815721955,0.04201807007493862,0.0,0.0,0.04201807007493862,0.04201807007493862,0.061
1.8119999999999998,0.11556112336659766,0.04195400084444518,0.0,0.0,0.04195400084444518,0.04195400084444518,0.061
1.8132,0.11547253099031281,0.04188969929011195,0.0,0.0,0.04188969929011195,0.04188969929011195,0.061
1.8143999999999998,0.11538355218106264,0.04182516689485707,0.0,0.0,0.04182516689485707,0.04182516689485707,0.061
1.8155999999999999,0.11529418809120975,0.04176040514159864,0.0,0.0,0.04176040514159864,0.04176040514159864,0.061
1.8167999999999997,0.11520443987281916,0.04169541551325483,0.0,0.0,0.04169541551325483,0.04169541551325483,0.061
1.8179999999999998,0.11511430867769547,0.04163019949274372,0.0,0.0,0.04163019949274372,0.04163019949274372,0.061
1.8192,0.1150237956574204,0.04156475856298345,0.0,0.0,0.04156475856298345,0.04156475856298345,0.061
1.8203999999999998,0.11493290196339016,0.04149909420689217,0.0,0.0,0.04149909420689217,0.04149909420689217,0.061
1.8215999999999999,0.11484162874685296,0.04143320790738797,0.0,0.0,0.04143320790738797,0.04143320790738797,0.061
1.8227999999999998,0.11474997715894655,0.041367101147389014,0.0,0.0,0.041367101147389014,0.041367101147389014,0.061
1.8239999999999998,0.11465794835073582,0.041300775409813396,0.0,0.0,0.041300775409813396,0.041300775409813396,0.061
1.8252,0.1145655434732505,0.04123423217757925,0.0,0.0,0.04123423217757925,0.04123423217757925,0.061
1.8263999999999998,0.11447276367752289,0.041167472933604725,0.0,0.0,0.041167472933604725,0.041167472933604725,0.061
1.8276,0.11437961011462555,0.041100499160807914,0.0,0.0,0.041100499160807914,0.041100499160807914,0.061
1.8287999999999998,0.11428608393570937,0.04103331234210698,0.0,0.0,0.04103331234210698,0.04103331234210698,0.061
1.8299999999999998,0.11419218629204124,0.04096591396042,0.0,0.0,0.04096591396042,0.04096591396042,0.061
1.8312,0.11409791833504239,0.04089830549866514,0.0,0.0,0.04089830549866514,0.04089830549866514,0.061
1.8323999999999998,0.1140032812163262,0.040830488439760525,0.0,0.0,0.040830488439760525,0.040830488439760525,0.061
1.8336,0.11390827608773649,0.040762464266624256,0.0,0.0,0.040762464266624256,0.040762464266624256,0.061
1.8347999999999998,0.11381290410138585,0.04069423446217449,0.0,0.0,0.04069423446217449,0.04069423446217449,0.061
1.8359999999999999,0.11371716640969384,0.040625800509329325,0.0,0.0,0.040625800509329325,0.040625800509329325,0.061
1.8372,0.11362106416542556,0.040557163891006894,0.0,0.0,0.040557163891006894,0.040557163891006894,0.061
1.8383999999999998,0.1135245985217301,0.04048832609012535,0.0,0.0,0.04048832609012535,0.04048832609012535,0.061
1.8396,0.1134277706321792,0.04041928858960279,0.0,0.0,0.04041928858960279,0.04041928858960279,0.061
1.8407999999999998,0.11333058165080599,0.04035005287235735,0.0,0.0,0.04035005287235735,0.04035005287235735,0.061
1.8419999999999999,0.11323303273214382,0.040280620421307145,0.0,0.0,0.040280620421307145,0.040280620421307145,0.061
1.8432,0.11313512503126516,0.040210992719370314,0.0,0.0,0.040210992719370314,0.040210992719370314,0.061
1.8443999999999998,0.11303685970382074,0.040141171249464994,0.0,0.0,0.040141171249464994,0.040141171249464994,0.061
1.8456,0.11293823790607857,0.04007115749450929,0.0,0.0,0.04007115749450929,0.04007115749450929,0.061
1.8467999999999998,0.11283926079496336,0.04000095293742134,0.0,0.0,0.04000095293742134,0.04000095293742134,0.061
1.8479999999999999,0.11273992952809578,0.03993055906111925,0.0,0.0,0.03993055906111925,0.03993055906111925,0.061
1.8491999999999997,0.11264024526383212,0.03985997734852119,0.0,0.0,0.03985997734852119,0.03985997734852119,0.061
1.8503999999999998,0.11254020916130379,0.03978920928254524,0.0,0.0,0.03978920928254524,0.03978920928254524,0.061
1.8516,0.11243982238045716,0.03971825634610955,0.0,0.0,0.03971825634610955,0.03971825634610955,0.061
1.8527999999999998,0.11233908608209345,0.03964712002213224,0.0,0.0,0.03964712002213224,0.03964712002213224,0.061
1.8539999999999999,0.11223800142790878,0.03957580179353144,0.0,0.0,0.03957580179353144,0.03957580179353144,0.061
1.8551999999999997,0.11213656958053428,0.03950430314322528,0.0,0.0,0.03950430314322528,0.03950430314322528,0.061
1.8563999999999998,0.11203479170357641,0.03943262555413188,0.0,0.0,0.03943262555413188,0.03943262555413188,0.061
1.8576,0.11193266896165749,0.039360770509169356,0.0,0.0,0.039360770509169356,0.039360770509169356,0.061
1.8587999999999998,0.11183020252045621,0.03928873949125585,0.0,0.0,0.03928873949125585,0.03928873949125585,0.061
1.8599999999999999,0.11172739354674842,0.03921653398330949,0.0,0.0,0.03921653398330949,0.03921653398330949,0.061
1.8611999999999997,0.11162424320844802,0.0391441554682484,0.0,0.0,0.0391441554682484,0.0391441554682484,0.061
1.8623999999999998,0.11152075267464798,0.039071605428990686,0.0,0.0,0.039071605428990686,0.039071605428990686,0.061
1.8636,0.11141692311566162,0.0389988853484545,0.0,0.0,0.0389988853484545,0.0389988853484545,0.061
1.8647999999999998,0.111312755703064,0.03892599670955796,0.0,0.0,0.03892599670955796,0.03892599670955796,0.061
1.8659999999999999,0.11120825160973331,0.03885294099521918,0.0,0.0,0.03885294099521918,0.03885294099521918,0.061
1.8671999999999997,0.11110341200989286,0.038779719688356314,0.0,0.0,0.038779719688356314,0.038779719688356314,0.061
1.8683999999999998,0.11099823807915266,0.03870633427188746,0.0,0.0,0.03870633427188746,0.03870633427188746,0.061
1.8696,0.11089273099455167,0.03863278622873075,0.0,0.0,0.03863278622873075,0.03863278622873075,0.061
1.8707999999999998,0.11078689193460008,0.038559077041804335,0.0,0.0,0.038559077041804335,0.038559077041804335,0.061
1.8719999999999999,0.11068072207932149,0.03848520819402631,0.0,0.0,0.03848520819402631,0.03848520819402631,0.061
1.8731999999999998,0.11057422261029581,0.03841118116831482,0.0,0.0,0.03841118116831482,0.03841118116831482,0.061
1.8743999999999998,0.11046739471070187,0.03833699744758798,0.0,0.0,0.03833699744758798,0.03833699744758798,0.061
1.8756,0.11036023956536045,0.03826265851476392,0.0,0.0,0.03826265851476392,0.03826265851476392,0.061
1.8767999999999998,0.11025275836077755,0.038188165852760775,0.0,0.0,0.038188165852760775,0.038188165852760775,0.061
1.878,0.1101449522851876,0.03811352094449665,0.0,0.0,0.03811352094449665,0.03811352094449665,0.061
1.8791999999999998,0.11003682252859723,0.038038725272889706,0.0,0.0,0.038038725272889706,0.038038725272889706,0.061
1.8803999999999998,0.10992837028282897,0.03796378032085804,0.0,0.0,0.03796378032085804,0.03796378032085804,0.061
1.8816,0.10981959674156522,0.037888687571319773,0.0,0.0,0.037888687571319773,0.037888687571319773,0.061
1.8827999999999998,0.1097105031003926,0.037813448507193065,0.0,0.0,0.037813448507193065,0.037813448507193065,0.061
1.884,0.10960109055684622,0.03773806461139601,0.0,0.0,0.03773806461139601,0.03773806461139601,0.061
1.8851999999999998,0.10949136031045444,0.03766253736684676,0.0,0.0,0.03766253736684676,0.03766253736684676,0.061
1.8863999999999999,0.10938131356278367,0.03758686825646341,0.0,0.0,0.03758686825646341,0.03758686825646341,0.061
1.8876,0.1092709515174836,0.03751105876316411,0.0,0.0,0.03751105876316411,0.03751105876316411,0.061
1.8887999999999998,0.1091602753803324,0.03743511036986699,0.0,0.0,0.03743511036986699,0.03743511036986699,0.061
1.89,0.10904928635928231,0.03735902455949016,0.0,0.0,0.03735902455949016,0.03735902455949016,0.061
1.8911999999999998,0.1089379856645055,0.037282802814951756,0.0,0.0,0.037282802814951756,0.037282802814951756,0.061
1.8923999999999999,0.10882637450844007,0.0372064466191699,0.0,0.0,0.0372064466191699,0.0372064466191699,0.061
1.8935999999999997,0.10871445410583638,0.03712995745506272,0.0,0.0,0.03712995745506272,0.03712995745506272,0.061
1.8947999999999998,0.10860222567380354,0.037053336805548336,0.0,0.0,0.037053336805548336,0.037053336805548336,0.061
1.896,0.10848969043185626,0.036976586153544884,0.0,0.0,0.036976586153544884,0.036976586153544884,0.061
1.8971999999999998,0.10837684960196184,0.036899706981970495,0.0,0.0,0.036899706981970495,0.036899706981970495,0.061
1.8983999999999999,0.10826370440858747,0.03682270077374327,0.0,0.0,0.03682270077374327,0.03682270077374327,0.061
1.8995999999999997,0.10815025607874794,0.03674556901178137,0.0,0.0,0.03674556901178137,0.03674556901178137,0.061
1.9007999999999998,0.10803650584205324,0.0366683131790029,0.0,0.0,0.0366683131790029,0.0366683131790029,0.061
1.902,0.10792245493075689,0.03659093475832598,0.0,0.0,0.03659093475832598,0.03659093475832598,0.061
1.9031999999999998,0.10780810457980422,0.036513435232668756,0.0,0.0,0.036513435232668756,0.036513435232668756,0.061
1.9043999999999999,0.107693456026881,0.036435816084949335,0.0,0.0,0.036435816084949335,0.036435816084949335,0.061
1.9055999999999997,0.10757851051246249,0.03635807879808586,0.0,0.0,0.03635807879808586,0.03635807879808586,0.061
1.9067999999999998,0.10746326927986256,0.03628022485499645,0.0,0.0,0.03628022485499645,0.03628022485499645,0.061
1.908,0.10734773357528328,0.03620225573859922,0.0,0.0,0.03620225573859922,0.03620225573859922,0.061
1.9091999999999998,0.10723190464786474,0.036124172931812325,0.0,0.0,0.036124172931812325,0.036124172931812325,0.061
1.9103999999999999,0.10711578374973504,0.036045977917553866,0.0,0.0,0.036045977917553866,0.036045977917553866,0.061
1.9115999999999997,0.10699937213606094,0.03596767217874198,0.0,0.0,0.03596767217874198,0.03596767217874198,0.061
1.9127999999999998,0.1068826710650983,0.03588925719829478,0.0,0.0,0.03588925719829478,0.03588925719829478,0.061
1.914,0.10676568179824333,0.035810734459130404,0.0,0.0,0.035810734459130404,0.035810734459130404,0.061
1.9151999999999998,0.10664840560008389,0.035732105444167,0.0,0.0,0.035732105444167,0.035732105444167,0.061
1.9163999999999999,0.10653084373845094,0.035653371636322644,0.0,0.0,0.035653371636322644,0.035653371636322644,0.061
1.9175999999999997,0.10641299748447088,0.035574534518515506,0.0,0.0,0.035574534518515506,0.035574534518515506,0.061
1.9187999999999998,0.10629486811261753,0.03549559557366369,0.0,0.0,0.03549559557366369,0.03549559557366369,0.061
1.92,0.10617645690076497,0.03541655628468532,0.0,0.0,0.03541655628468532,0.03541655628468532,0.061
1.9211999999999998,0.10605776513024048,0.03533741813449855,0.0,0.0,0.03533741813449855,0.03533741813449855,0.061
1.9223999999999999,0.10593879408587772,0.03525818260602147,0.0,0.0,0.03525818260602147,0.03525818260602147,0.061
1.9235999999999998,0.1058195450560706,0.03517885118217223,0.0,0.0,0.03517885118217223,0.03517885118217223,0.061
1.9247999999999998,0.10570001933282701,0.03509942534586895,0.0,0.0,0.03509942534586895,0.03509942534586895,0.061
1.926,0.10558021821182342,0.03501990658002974,0.0,0.0,0.03501990658002974,0.03501990658002974,0.061
1.9271999999999998,0.10546014299245951,0.03494029636757277,0.0,0.0,0.03494029636757277,0.03494029636757277,0.061
1.9284,0.10533979497791304,0.03486059619141612,0.0,0.0,0.03486059619141612,0.03486059619141612,0.061
1.9295999999999998,0.1052191754751956,0.034780807534477945,0.0,0.0,0.034780807534477945,0.034780807534477945,0.061
1.9307999999999998,0.10509828579520815,0.03470093187967635,0.0,0.0,0.03470093187967635,0.03470093187967635,0.061
1.932,0.10497712725279733,0.03462097070992948,0.0,0.0,0.03462097070992948,0.03462097070992948,0.061
1.9331999999999998,0.10485570116681188,0.03454092550815545,0.0,0.0,0.03454092550815545,0.03454092550815545,0.061
1.9344,0.10473400886015967,0.03446079775727239,0.0,0.0,0.03446079775727239,0.03446079775727239,0.061
1.9355999999999998,0.10461205165986497,0.03438058894019843,0.0,0.0,0.03438058894019843,0.03438058894019843,0.061
1.9367999999999999,0.10448983089712607,0.03430030053985168,0.0,0.0,0.03430030053985168,0.03430030053985168,0.061
1.9379999999999997,0.10436734790737356,0.034219934039150295,0.0,0.0,0.034219934039150295,0.034219934039150295,0.061
1.9391999999999998,0.10424460403032862,0.03413949092101237,0.0,0.0,0.03413949092101237,0.03413949092101237,0.061
1.9404,0.10412160061006194,0.03405897266835605,0.0,0.0,0.03405897266835605,0.03405897266835605,0.061
1.9415999999999998,0.1039983389950532,0.03397838076409947,0.0,0.0,0.03397838076409947,0.03397838076409947,0.061
1.9427999999999999,0.10387482053825052,0.03389771669116073,0.0,0.0,0.03389771669116073,0.03389771669116073,0.061
1.9439999999999997,0.10375104659713079,0.033816981932457975,0.0,0.0,0.033816981932457975,0.033816981932457975,0.061
1.9451999999999998,0.10362701853376008,0.033736177970909324,0.0,0.0,0.033736177970909324,0.033736177970909324,0.061
1.9464,0.10350273771485467,0.0336553062894329,0.0,0.0,0.0336553062894329,0.0336553062894329,0.061
1.9475999999999998,0.10337820551184254,0.03357436837094685,0.0,0.0,0.03357436837094685,0.03357436837094685,0.061
1.9487999999999999,0.103253423300925,0.033493365698369276,0.0,0.0,0.033493365698369276,0.033493365698369276,0.061
1.9499999999999997,0.10312839246313915,0.03341229975461832,0.0,0.0,0.03341229975461832,0.03341229975461832,0.061
1.9511999999999998,0.10300311438442046,0.03333117202261209,0.0,0.0,0.03333117202261209,0.03333117202261209,0.061
1.9524,0.10287759045566605,0.033249983985268725,0.0,0.0,0.033249983985268725,0.033249983985268725,0.061
1.9535999999999998,0.10275182207279832,0.033168737125506366,0.0,0.0,0.033168737125506366,0.033168737125506366,0.061
1.9547999999999999,0.10262581063682885,0.03308743292624311,0.0,0.0,0.03308743292624311,0.03308743292624311,0.061
1.9559999999999997,0.10249955755392315,0.033006072870397106,0.0,0.0,0.033006072870397106,0.033006072870397106,0.061
1.9571999999999998,0.10237306423546555,0.03292465844088647,0.0,0.0,0.03292465844088647,0.03292465844088647,0.061
1.9584,0.10224633209812467,0.03284319112062931,0.0,0.0,0.03284319112062931,0.03284319112062931,0.061
1.9595999999999998,0.10211936256391956,0.0327616723925438,0.0,0.0,0.0327616723925438,0.0327616723925438,0.061
1.9607999999999999,0.10199215706028579,0.03268010373954802,0.0,0.0,0.03268010373954802,0.03268010373954802,0.061
1.9619999999999997,0.10186471702014273,0.03259848664456013,0.0,0.0,0.03259848664456013,0.03259848664456013,0.061
1.9631999999999998,0.10173704388196073,0.03251682259049822,0.0,0.0,0.03251682259049822,0.03251682259049822,0.061
1.9644,0.10160913908982917,0.03243511306028044,0.0,0.0,0.03243511306028044,0.03243511306028044,0.061
1.9655999999999998,0.10148100409352485,0.032353359536824944,0.0,0.0,0.032353359536824944,0.032353359536824944,0.061
1.9667999999999999,0.10135264034858071,0.03227156350304979,0.0,0.0,0.03227156350304979,0.03227156350304979,0.061
1.9679999999999997,0.10122404931635567,0.032189726441873165,0.0,0.0,0.032189726441873165,0.032189726441873165,0.061
1.9691999999999998,0.10109523246410414,0.03210784983621316,0.0,0.0,0.03210784983621316,0.03210784983621316,0.061
1.9704,0.10096619126504673,0.032025935168987905,0.0,0.0,0.032025935168987905,0.032025935168987905,0.061
1.9715999999999998,0.10083692719844131,0.03194398392311556,0.0,0.0,0.03194398392311556,0.03194398392311556,0.061
1.9727999999999999,0.10070744174965424,0.03186199758151421,0.0,0.0,0.03186199758151421,0.03186199758151421,0.061
1.9739999999999998,0.10057773641023274,0.03177997762710201,0.0,0.0,0.03177997762710201,0.03177997762710201,0.061
1.9751999999999998,0.10044781267797723,0.03169792554279706,0.0,0.0,0.03169792554279706,0.03169792554279706,0.061
1.9764,0.10031767205701472,0.0316158428115175,0.0,0.0,0.0316158428115175,0.0316158428115175,0.061
1.9775999999999998,0.10018731605787232,0.03153373091618146,0.0,0.0,0.03153373091618146,0.03153373091618146,0.061
1.9788,0.10005674619755157,0.03145159133970706,0.0,0.0,0.03145159133970706,0.03145159133970706,0.061
1.9799999999999998,0.09992596399960325,0.031369425565012446,0.0,0.0,0.031369425565012446,0.031369425565012446,0.061
1.9811999999999999,0.09979497099420268,0.031287235075015705,0.0,0.0,0.031287235075015705,0.031287235075015705,0.061
1.9823999999999997,0.09966376871822581,0.031205021352635004,0.0,0.0,0.031205021352635004,0.031205021352635004,0.061
1.9835999999999998,0.0995323587153256,0.031122785880788435,0.0,0.0,0.031122785880788435,0.031122785880788435,0.061
1.9848,0.09940074253600927,0.03104053014239414,0.0,0.0,0.03104053014239414,0.03104053014239414,0.061
1.9859999999999998,0.09926892173771586,0.030958255620370256,0.0,0.0,0.030958255620370256,0.030958255620370256,0.061
1.9871999999999999,0.0991368978848945,0.030875963797634885,0.0,0.0,0.030875963797634885,0.030875963797634885,0.061
1.9883999999999997,0.09900467254908354,0.030793656157106192,0.0,0.0,0.030793656157106192,0.030793656157106192,0.061
1.9895999999999998,0.09887224730898961,0.03071133418170225,0.0,0.0,0.03071133418170225,0.03071133418170225,0.061
1.9908,0.0987396237505681,0.030628999354341224,0.0,0.0,0.030628999354341224,0.030628999354341224,0.061
1.9919999999999998,0.09860680346710365,0.030546653157941236,0.0,0.0,0.030546653157941236,0.030546653157941236,0.061
1.9931999999999999,0.09847378805929145,0.030464297075420393,0.0,0.0,0.030464297075420393,0.030464297075420393,0.061
1.9943999999999997,0.09834057913531934,0.03038193258969685,0.0,0.0,0.03038193258969685,0.03038193258969685,0.061
1.9955999999999998,0.09820717831095013,0.030299561183688702,0.0,0.0,0.030299561183688702,0.030299561183688702,0.061
1.9968,0.09807358720960502,0.030217184340314094,0.0,0.0,0.030217184340314094,0.030217184340314094,0.061
1.9979999999999998,0.09793980746244733,0.03013480354249116,0.0,0.0,0.03013480354249116,0.03013480354249116,0.061
1.9991999999999999,0.09780584070846692,0.030052420273138012,0.0,0.0,0.030052420273138012,0.030052420273138012,0.061
2.0004,0.09767168859456538,0.029970036015172768,0.0,0.0,0.029970036015172768,0.029970036015172768,0.061
2.0016,0.09753735277564182,0.02988765225151358,0.0,0.0,0.02988765225151358,0.02988765225151358,0.061
2.0027999999999997,0.09740283491467923,0.029805270465078564,0.0,0.0,0.029805270465078564,0.029805270465078564,0.061
2.004,0.09726813668283155,0.029722892138785813,0.0,0.0,0.029722892138785813,0.029722892138785813,0.061
2.0052,0.09713325975951158,0.029640518755553513,0.0,0.0,0.029640518755553513,0.029640518755553513,0.061
2.0063999999999997,0.09699820583247921,0.02955815179829976,0.0,0.0,0.02955815179829976,0.02955815179829976,0.061
2.0075999999999996,0.09686297659793064,0.02947579274994268,0.0,0.0,0.02947579274994268,0.02947579274994268,0.061
2.0088,0.09672757376058805,0.02939344309340037,0.0,0.0,0.02939344309340037,0.02939344309340037,0.061
2.01,0.09659199903379034,0.02931110431159102,0.0,0.0,0.02931110431159102,0.02931110431159102,0.061
2.0111999999999997,0.09645625413958395,0.02922877788743272,0.0,0.0,0.02922877788743272,0.02922877788743272,0.061
2.0124,0.0963203408088149,0.029146465303843568,0.0,0.0,0.029146465303843568,0.029146465303843568,0.061
2.0136,0.09618426078122139,0.02906416804374175,0.0,0.0,0.02906416804374175,0.02906416804374175,0.061
2.0147999999999997,0.09604801580552695,0.028981887590045365,0.0,0.0,0.028981887590045365,0.028981887590045365,0.061
2.016,0.09591160763953442,0.028899625425672506,0.0,0.0,0.028899625425672506,0.028899625425672506,0.061
2.0172,0.09577503805022086,0.028817383033541366,0.0,0.0,0.028817383033541366,0.028817383033541366,0.061
2.0183999999999997,0.09563830881383258,0.028735161896570032,0.0,0.0,0.028735161896570032,0.028735161896570032,0.061
2.0195999999999996,0.09550142171598157,0.02865296349767663,0.0,0.0,0.02865296349767663,0.02865296349767663,0.061
2.0208,0.09536437855174228,0.028570789319779268,0.0,0.0,0.028570789319779268,0.028570789319779268,0.061
2.022,0.09522718112574927,0.02848864084579613,0.0,0.0,0.02848864084579613,0.02848864084579613,0.061
2.0231999999999997,0.09508983125229535,0.02840651955864529,0.0,0.0,0.02840651955864529,0.02840651955864529,0.061
2.0244,0.09495233075543091,0.028324426941244877,0.0,0.0,0.028324426941244877,0.028324426941244877,0.061
2.0256,0.09481468146906365,0.02824236447651305,0.0,0.0,0.02824236447651305,0.02824236447651305,0.061
2.0267999999999997,0.09467688523705908,0.028160333647367926,0.0,0.0,0.028160333647367926,0.028160333647367926,0.061
2.028,0.09453894391334187,0.028078335936727598,0.0,0.0,0.028078335936727598,0.028078335936727598,0.061
2.0292,0.09440085936199814,0.027996372827510232,0.0,0.0,0.027996372827510232,0.027996372827510232,0.061
2.0303999999999998,0.09426263345737804,0.027914445802633945,0.0,0.0,0.027914445802633945,0.027914445802633945,0.061
2.0315999999999996,0.0941242680841995,0.02783255634501686,0.0,0.0,0.02783255634501686,0.02783255634501686,0.061
2.0328,0.09398576513765264,0.027750705937577072,0.0,0.0,0.027750705937577072,0.027750705937577072,0.061
2.034,0.09384712652350499,0.027668896063232765,0.0,0.0,0.027668896063232765,0.027668896063232765,0.061
2.0351999999999997,0.0937083541582073,0.02758712820490203,0.0,0.0,0.02758712820490203,0.02758712820490203,0.061
2.0364,0.0935694499690003,0.02750540384550297,0.0,0.0,0.02750540384550297,0.02750540384550297,0.061
2.0376,0.09343041589402246,0.02742372446795378,0.0,0.0,0.02742372446795378,0.02742372446795378,0.061
2.0387999999999997,0.09329125388241792,0.027342091555172546,0.0,0.0,0.027342091555172546,0.027342091555172546,0.061
2.04,0.09315196589444583,0.027260506590077352,0.0,0.0,0.027260506590077352,0.027260506590077352,0.061
2.0412,0.09301255390159037,0.027178971055586414,0.0,0.0,0.027178971055586414,0.027178971055586414,0.061
2.0423999999999998,0.0928730198866711,0.027097486434617804,0.0,0.0,0.027097486434617804,0.027097486434617804,0.061
2.0435999999999996,0.09273336584395478,0.027016054210089655,0.0,0.0,0.027016054210089655,0.027016054210089655,0.061
2.0448,0.09259359377926749,0.02693467586492007,0.0,0.0,0.02693467586492007,0.02693467586492007,0.061
2.046,0.09245370571010798,0.026853352882027226,0.0,0.0,0.026853352882027226,0.026853352882027226,0.061
2.0471999999999997,0.09231370366576137,0.02677208674432922,0.0,0.0,0.02677208674432922,0.02677208674432922,0.061
2.0484,0.09217358968741399,0.02669087893474416,0.0,0.0,0.02669087893474416,0.02669087893474416,0.061
2.0496,0.09203336582826906,0.02660973093619022,0.0,0.0,0.02660973093619022,0.02660973093619022,0.061
2.0507999999999997,0.0918930341536629,0.0265286442315855,0.0,0.0,0.0265286442315855,0.0265286442315855,0.061
2.0519999999999996,0.09175259674118226,0.026447620303848132,0.0,0.0,0.026447620303848132,0.026447620303848132,0.061
2.0532,0.09161205568078228,0.026366660635896193,0.0,0.0,0.026366660635896193,0.026366660635896193,0.061
2.0544,0.09147141307490556,0.02628576671064789,0.0,0.0,0.02628576671064789,0.02628576671064789,0.061
2.0555999999999996,0.09133067103860158,0.02620494001102132,0.0,0.0,0.02620494001102132,0.02620494001102132,0.061
2.0568,0.09118983169964731,0.02612418201993456,0.0,0.0,0.02612418201993456,0.02612418201993456,0.061
2.058,0.09104889719866877,0.026043494220305812,0.0,0.0,0.026043494220305812,0.026043494220305812,0.061
2.0591999999999997,0.09090786968926293,0.025962878095053175,0.0,0.0,0.025962878095053175,0.025962878095053175,0.061
2.0604,0.09076675133812077,0.025882335127094723,0.0,0.0,0.025882335127094723,0.025882335127094723,0.061
2.0616,0.09062554432515152,0.02580186679934867,0.0,0.0,0.02580186679934867,0.02580186679934867,0.061
2.0627999999999997,0.0904842508436068,0.0257214745947331,0.0,0.0,0.0257214745947331,0.0257214745947331,0.061
2.0639999999999996,0.09034287310020646,0.02564115999616613,0.0,0.0,0.02564115999616613,0.02564115999616613,0.061
2.0652,0.09020141331526492,0.025560924486565877,0.0,0.0,0.025560924486565877,0.025560924486565877,0.061
2.0664,0.09005987372281844,0.025480769548850507,0.0,0.0,0.025480769548850507,0.025480769548850507,0.061
2.0675999999999997,0.08991825657075296,0.025400696665938135,0.0,0.0,0.025400696665938135,0.025400696665938135,0.061
2.0688,0.08977656412093303,0.025320707320746833,0.0,0.0,0.025320707320746833,0.025320707320746833,0.061
2.07,0.0896347986493318,0.025240802996194807,0.0,0.0,0.025240802996194807,0.025240802996194807,0.061
2.0711999999999997,0.08949296244616112,0.02516098517520015,0.0,0.0,0.02516098517520015,0.02516098517520015,0.061
2.0724,0.08935105781600322,0.025081255340680966,0.0,0.0,0.025081255340680966,0.025081255340680966,0.061
2.0736,0.08920908707794291,0.025001614975555416,0.0,0.0,0.025001614975555416,0.025001614975555416,0.061
2.0747999999999998,0.0890670525657005,0.024922065562741624,0.0,0.0,0.024922065562741624,0.024922065562741624,0.061
2.0759999999999996,0.08892495662776569,0.0248426085851577,0.0,0.0,0.0248426085851577,0.0248426085851577,0.061
2.0772,0.0887828016275323,0.024763245525721744,0.0,0.0,0.024763245525721744,0.024763245525721744,0.061
2.0784,0.08864058994343395,0.02468397786735194,0.0,0.0,0.02468397786735194,0.02468397786735194,0.061
2.0795999999999997,0.08849832396908008,0.024604807092966384,0.0,0.0,0.024604807092966384,0.024604807092966384,0.061
2.0808,0.08835600611339332,0.02452573468548318,0.0,0.0,0.02452573468548318,0.02452573468548318,0.061
2.082,0.08821363880074755,0.024446762127820515,0.0,0.0,0.024446762127820515,0.024446762127820515,0.061
2.0831999999999997,0.08807122447110638,0.024367890902896476,0.0,0.0,0.024367890902896476,0.024367890902896476,0.061
2.0844,0.08792876558016295,0.024289122493629165,0.0,0.0,0.024289122493629165,0.024289122493629165,0.061
2.0856,0.0877862645994805,0.024210458382936763,0.0,0.0,0.024210458382936763,0.024210458382936763,0.061
2.0867999999999998,0.08764372401663313,0.024131900053737373,0.0,0.0,0.024131900053737373,0.024131900053737373,0.061
2.0879999999999996,0.08750114633534813,0.024053448988949115,0.0,0.0,0.024053448988949115,0.024053448988949115,0.061
2.0892,0.08735853407564856,0.02397510667149009,0.0,0.0,0.02397510667149009,0.02397510667149009,0.061
2.0904,0.08721588977399705,0.02389687458427848,0.0,0.0,0.02389687458427848,0.02389687458427848,0.061
2.0915999999999997,0.0870732159834398,0.023818754210232388,0.0,0.0,0.023818754210232388,0.023818754210232388,0.061
2.0928,0.08693051527375183,0.023740747032269905,0.0,0.0,0.023740747032269905,0.023740747032269905,0.061
2.094,0.08678779023158299,0.023662854533309217,0.0,0.0,0.023662854533309217,0.023662854533309217,0.061
2.0951999999999997,0.08664504346060428,0.023585078196268424,0.0,0.0,0.023585078196268424,0.023585078196268424,0.061
2.0963999999999996,0.08650227758165538,0.02350741950406565,0.0,0.0,0.02350741950406565,0.02350741950406565,0.061
2.0976,0.0863594952328926,0.02342987993961899,0.0,0.0,0.02342987993961899,0.02342987993961899,0.061
2.0987999999999998,0.08621669906993805,0.02335246098584664,0.0,0.0,0.02335246098584664,0.02335246098584664,0.061
2.0999999999999996,0.08607389176602862,0.023275164125666676,0.0,0.0,0.023275164125666676,0.023275164125666676,0.061
2.1012,0.08593107601216658,0.02319799084199721,0.0,0.0,0.02319799084199721,0.02319799084199721,0.061
2.1024,0.08578825451727062,0.023120942617756424,0.0,0.0,0.023120942617756424,0.023120942617756424,0.061
2.1035999999999997,0.0856454300083271,0.02304402093586242,0.0,0.0,0.02304402093586242,0.02304402093586242,0.061
2.1048,0.08550260523054254,0.022967227279233286,0.0,0.0,0.022967227279233286,0.022967227279233286,0.061
2.106,0.08535978294749672,0.022890563130787207,0.0,0.0,0.022890563130787207,0.022890563130787207,0.061
2.1071999999999997,0.085216965941296,0.022814029973442288,0.0,0.0,0.022814029973442288,0.022814029973442288,0.061
2.1083999999999996,0.08507415701272777,0.022737629290116655,0.0,0.0,0.022737629290116655,0.022737629290116655,0.061
2.1096,0.08493135898141511,0.022661362563728395,0.0,0.0,0.022661362563728395,0.022661362563728395,0.061
2.1108,0.0847885746859726,0.022585231277195705,0.0,0.0,0.022585231277195705,0.022585231277195705,0.061
2.1119999999999997,0.08464580698416199,0.022509236913436672,0.0,0.0,0.022509236913436672,0.022509236913436672,0.061
2.1132,0.084503058753049,0.0224333809553694,0.0,0.0,0.0224333809553694,0.0224333809553694,0.061
2.1144,0.08436033288916067,0.022357664885912065,0.0,0.0,0.022357664885912065,0.022357664885912065,0.061
2.1155999999999997,0.0842176323086428,0.022282090187982776,0.0,0.0,0.022282090187982776,0.022282090187982776,0.061
2.1168,0.08407495994741836,0.02220665834449962,0.0,0.0,0.02220665834449962,0.02220665834449962,0.061
2.118,0.08393231876134634,0.022131370838380782,0.0,0.0,0.022131370838380782,0.022131370838380782,0.061
2.1191999999999998,0.08378971172638085,0.02205622915254437,0.0,0.0,0.02205622915254437,0.02205622915254437,0.061
2.1203999999999996,0.08364714183873086,0.0219812347699085,0.0,0.0,0.0219812347699085,0.0219812347699085,0.061
2.1216,0.08350461211502035,0.02190638917339128,0.0,0.0,0.02190638917339128,0.02190638917339128,0.061
2.1228,0.08336212559244909,0.021831693845910875,0.0,0.0,0.021831693845910875,0.021831693845910875,0.061
2.1239999999999997,0.08321968532895331,0.021757150270385398,0.0,0.0,0.021757150270385398,0.021757150270385398,0.061
2.1252,0.08307729440336722,0.021682759929732943,0.0,0.0,0.021682759929732943,0.021682759929732943,0.061
2.1264,0.08293495591558486,0.021608524306871695,0.0,0.0,0.021608524306871695,0.021608524306871695,0.061
2.1275999999999997,0.08279267298672181,0.021534444884719745,0.0,0.0,0.021534444884719745,0.021534444884719745,0.061
2.1288,0.08265044875927777,0.0214605231461952,0.0,0.0,0.0214605231461952,0.0214605231461952,0.061
2.13,0.08250828639729922,0.021386760574216238,0.0,0.0,0.021386760574216238,0.021386760574216238,0.061
2.1311999999999998,0.08236513371156995,0.021312612475403097,0.0,5.461762978603037e-07,0.021313158651700956,0.021313158651700956,0.061
2.1323999999999996,0.08221995265225968,0.02123754525876259,0.0,2.173602804894062e-06,0.021239718861567485,0.021239718861567485,0.061
2.1336,0.08207276782397085,0.021161577163199153,0.0,4.865523534760772e-06,0.021166442686733913,0.021166442686733913,0.061
2.1348,0.08192359997430503,0.02108472442754974,0.0,8.607182568695394e-06,0.02109333161011844,0.02109333161011844,0.061
2.1359999999999997,0.08177247675275617,0.021007006833646247,0.0,1.3380280992900235e-05,0.021020387114639147,0.021020387114639147,0.061
2.1372,0.08161942604524407,0.020928444252305164,0.0,1.916643090897503e-05,0.02094761068321414,0.02094761068321414,0.061
2.1384,0.08146447417979026,0.020849055720367576,0.0,2.594807839401872e-05,0.020875003798761595,0.020875003798761595,0.061
2.1395999999999997,0.08130764796449869,0.020768860486167006,0.0,3.3707458032615966e-05,0.020802567944199622,0.020802567944199622,0.061
2.1407999999999996,0.08114897470849189,0.020687878014687914,0.0,4.242658775843364e-05,0.020730304602446348,0.020730304602446348,0.061
2.142,0.08098848202338257,0.02060612788088067,0.0,5.208737553918098e-05,0.02065821525641985,0.02065821525641985,0.061
2.1431999999999998,0.0808261923603022,0.020523626990625484,0.0,6.267439841284921e-05,0.020586301389038334,0.020586301389038334,0.061
2.1443999999999996,0.08066214078651154,0.0204403986136524,0.0,7.416586956748592e-05,0.020514564483219887,0.020514564483219887,0.061
2.1456,0.08049635683861653,0.0203564631371473,0.0,8.65428847353103e-05,0.02044300602188261,0.02044300602188261,0.061
2.1468,0.08032887067011951,0.020271841193807632,0.0,9.978629413705172e-05,0.020371627487944684,0.020371627487944684,0.061
2.1479999999999997,0.0801597130770849,0.020186553668303207,0.0,0.00011387669602099794,0.020300430364324204,0.020300430364324204,0.061
2.1492,0.07998891552472949,0.020100621703995722,0.0,0.000128794429943556,0.020229416133939276,0.020229416133939276,0.061
2.1504,0.07981650765373269,0.020014065445519872,0.0,0.00014452083418820436,0.020158586279708075,0.020158586279708075,0.061
2.1515999999999997,0.079642520929162,0.019926905871499163,0.0,0.00016103641304954501,0.02008794228454871,0.02008794228454871,0.061
2.1527999999999996,0.07946699291059381,0.019839166913609818,0.0,0.00017831871776947028,0.020017485631379287,0.020017485631379287,0.061
2.154,0.07928995802540958,0.019750870822909935,0.0,0.0001963469802079951,0.01994721780311793,0.01994721780311793,0.061
2.1552,0.0791114515186057,0.019662040147150818,0.0,0.00021510013553198797,0.019877140282682806,0.019877140282682806,0.061
2.1563999999999997,0.07893150948595133,0.019572697739376987,0.0,0.00023455681361502734,0.019807254552992013,0.019807254552992013,0.061
2.1576,0.07875016890843965,0.019482866766905898,0.0,0.00025469533005775515,0.019737562096963653,0.019737562096963653,0.061
2.1588,0.07856746279278638,0.019392568304120155,0.0,0.0002754960933957453,0.0196680643975159,0.0196680643975159,0.061
2.1599999999999997,0.07838343321681646,0.019301827777060087,0.0,0.0002969351605067807,0.019598762937566867,0.019598762937566867,0.061
2.1612,0.07819812168742893,0.019210670170360964,0.0,0.00031898902967368494,0.01952965920003465,0.01952965920003465,0.061
2.1624,0.07801156909889996,0.019119120006717377,0.0,0.0003416346611200418,0.019460754667837418,0.019460754667837418,0.061
2.1635999999999997,0.07782381742484866,0.019027202174547463,0.0,0.0003648486493458169,0.01939205082389328,0.01939205082389328,0.061
2.1647999999999996,0.07763490976198595,0.018934941939791446,0.0,0.00038860721132891646,0.01932354915112036,0.01932354915112036,0.061
2.166,0.077444889685013,0.018842364622193294,0.0,0.00041288651024346657,0.01925525113243676,0.01925525113243676,0.061
2.1672,0.07725379739603193,0.01874949372028353,0.0,0.0004376645304771243,0.019187158250760655,0.019187158250760655,0.061
2.1683999999999997,0.07706168558297179,0.018656358607284776,0.0,0.0004629133817253676,0.019119271989010145,0.019119271989010145,0.061
2.1696,0.0768686023107686,0.018562986189500242,0.0,0.0004886076406030854,0.01905159383010333,0.01905159383010333,0.061
2.1708,0.07667459701621171,0.018469403819283067,0.0,0.0005147214376753278,0.018984125256958397,0.018984125256958397,0.061
2.1719999999999997,0.07647972056453055,0.0183756393109682,0.0,0.0005412284415252331,0.018916867752493433,0.018916867752493433,0.061
2.1732,0.07628402530858595,0.018281720957673844,0.0,0.0005681018419527022,0.018849822799626548,0.018849822799626548,0.061
2.1744,0.07608756203750433,0.01818767606064345,0.0,0.0005953158206324743,0.018782991881275923,0.018782991881275923,0.061
2.1755999999999998,0.07589038570948042,0.018093533669916517,0.0,0.0006228428104431244,0.01871637648035964,0.01871637648035964,0.061
2.1767999999999996,0.07569255716446338,0.017999325370583838,0.0,0.0006506527092120061,0.018649978079795845,0.018649978079795845,0.061
2.178,0.07549413535560245,0.017905081558790285,0.0,0.0006787166037123447,0.018583798162502628,0.018583798162502628,0.061
2.1792,0.0752951810648924,0.017810833208998938,0.0,0.0007070050023992387,0.018517838211398175,0.018517838211398175,0.061
2.1803999999999997,0.07509575698191852,0.017716611897599738,0.0,0.000735487811800844,0.018452099709400583,0.018452099709400583,0.061
2.1816,0.07489592778668586,0.017622449827994408,0.0,0.000764134311433543,0.01838658413942795,0.01838658413942795,0.061
2.1828,0.0746957546109481,0.017528377216903097,0.0,0.0007929157674953482,0.018321292984398444,0.018321292984398444,0.061
2.1839999999999997,0.07449531071646351,0.01743442965368081,0.0,0.0008217980735493816,0.01825622772723019,0.01825622772723019,0.061
2.1851999999999996,0.07429466855565205,0.01734064198247096,0.0,0.0008507478683703344,0.018191389850841292,0.018191389850841292,0.061
2.1864,0.07409390169129317,0.017247049199939614,0.0,0.000879731638210255,0.018126780838149868,0.018126780838149868,0.061
2.1875999999999998,0.07389308616363227,0.017153687082258243,0.0,0.0009087150898158349,0.01806240217207408,0.01806240217207408,0.061
2.1887999999999996,0.07369230060519874,0.017060592222232763,0.0,0.0009376631132992805,0.017998255335532044,0.017998255335532044,0.061
2.19,0.07349162514955067,0.01696780150900982,0.0,0.0009665403024320201,0.01793434181144184,0.01793434181144184,0.061
2.1912,0.07329113939168098,0.016875351179728295,0.0,0.000995311902993372,0.017870663082721668,0.017870663082721668,0.061
2.1923999999999997,0.07309093627803911,0.016783283202569974,0.0,0.001023937429719637,0.01780722063228961,0.01780722063228961,0.061
2.1936,0.07289110610817395,0.01669163786702279,0.0,0.0010523780760409967,0.017744015943063785,0.017744015943063785,0.061
2.1948,0.0726917424665225,0.016600456511640427,0.0,0.001080593986321929,0.017681050497962356,0.017681050497962356,0.061
2.1959999999999997,0.07249294239025003,0.016509781582346977,0.0,0.0011085441975564444,0.01761832577990342,0.01761832577990342,0.061
2.1971999999999996,0.07229480654928588,0.016419656695742364,0.0,0.0011361865760627558,0.01755584327180512,0.01755584327180512,0.061
2.1984,0.07209877430680235,0.016330731410402335,0.0,0.0011628730461832235,0.017493604456585557,0.017493604456585557,0.061
2.1995999999999998,0.07190595155886108,0.016243497591525866,0.0,0.001188113225637024,0.01743161081716289,0.01743161081716289,0.061
2.2007999999999996,0.07171636748436387,0.01615795672203106,0.0,0.0012119071144241675,0.017369863836455227,0.017369863836455227,0.061
2.202,0.07153005113427398,0.01607411028483601,0.0,0.0012342547125446615,0.017308364997380674,0.017308364997380674,0.061
2.2032,0.0713470314166706,0.015991959762858922,0.0,0.0012551560199984902,0.01724711578285741,0.01724711578285741,0.061
2.2043999999999997,0.0711673370815461,0.015911506639017865,0.0,0.0012746110367856613,0.017186117675803525,0.017186117675803525,0.061
2.2056,0.07099099670535984,0.01583275239623095,0.0,0.001292619762906182,0.01712537215913713,0.01712537215913713,0.061
2.2068,0.07081803867536098,0.015755698517416362,0.0,0.0013091821983600386,0.0170648807157764,0.0170648807157764,0.061
2.2079999999999997,0.07064849117369333,0.0156803464854922,0.0,0.0013242983431472376,0.017004644828639438,0.017004644828639438,0.061
2.2091999999999996,0.07048238216129912,0.015606697783376578,0.0,0.0013379681972677797,0.01694466598064436,0.01694466598064436,0.061
2.2104,0.07031973936163581,0.015534753893987603,0.0,0.001350191760721669,0.01688494565470927,0.01688494565470927,0.061
2.2116,0.0701605902442238,0.01546451630024346,0.0,0.0013609690335088965,0.016825485333752357,0.016825485333752357,0.061
2.2127999999999997,0.07000496200804157,0.015395986485062246,0.0,0.0013703000156294663,0.016766286500691712,0.016766286500691712,0.061
2.214,0.06985288156478799,0.015329165931362056,0.0,0.001378184707083382,0.016707350638445438,0.016707350638445438,0.061
2.2152,0.06970437552203057,0.015264056122061075,0.0,0.001384623107870637,0.016648679229931712,0.016648679229931712,0.061
2.2163999999999997,0.06955947016625917,0.01520065854007739,0.0,0.0013896152179912354,0.016590273758068624,0.016590273758068624,0.061
2.2176,0.06941819144586765,0.015138974668329119,0.0,0.0013931610374451773,0.016532135705774297,0.016532135705774297,0.061
2.2188,0.0692805649540841,0.015079005989734435,0.0,0.0013952605662324606,0.016474266555966895,0.016474266555966895,0.061
2.2199999999999998,0.06914661591187228,0.015020753987211422,0.0,0.0013959138043530865,0.016416667791564508,0.016416667791564508,0.061
2.2211999999999996,0.06901636915082833,0.014964220143678238,0.0,0.0013951207518070555,0.016359340895485294,0.016359340895485294,0.061
2.2224,0.0688898490960955,0.014909405942052957,0.0,0.001392881408594366,0.016302287350647322,0.016302287350647322,0.061
2.2236,0.06876707974932271,0.014856312865253761,0.0,0.00138919577471502,0.01624550863996878,0.01624550863996878,0.061
2.2247999999999997,0.06864808467169063,0.014804942396198763,0.0,0.001384063850169017,0.01618900624636778,0.01618900624636778,0.061
2.226,0.06853288696703201,0.014755296017806055,0.0,0.001377485634956354,0.01613278165276241,0.01613278165276241,0.061
2.2272,0.06842150926507222,0.014707375212993812,0.0,0.0013694611290770357,0.016076836342070848,0.016076836342070848,0.061
2.2283999999999997,0.06831397370481558,0.014661181464680133,0.0,0.0013599903325310608,0.016021171797211194,0.016021171797211194,0.061
2.2296,0.0682103019181054,0.014616716255783136,0.0,0.001349073245318424,0.01596578950110156,0.01596578950110156,0.061
2.2308,0.06811051501338432,0.014573981069220981,0.0,0.0013367098674391341,0.015910690936660116,0.015910690936660116,0.061
2.2319999999999998,0.06801463355968183,0.01453297738791177,0.0,0.001322900198893187,0.015855877586804956,0.015855877586804956,0.061
2.2331999999999996,0.06792267757085729,0.014493706694773631,0.0,0.0013076442396805828,0.015801350934454214,0.015801350934454214,0.061
2.2344,0.06783466649012485,0.014456170472724673,0.0,0.0012909419898013148,0.015747112462525987,0.015747112462525987,0.061
2.2356,0.06775061917488868,0.014420370204683071,0.0,0.0012727934492553954,0.015693163653938465,0.015693163653938465,0.061
2.2367999999999997,0.06767055388191462,0.014386307373566904,0.0,0.0012531986180428193,0.015639505991609723,0.015639505991609723,0.061
2.238,0.06759448825286657,0.014353983462294313,0.0,0.0012321574961635777,0.015586140958457891,0.015586140958457891,0.061
2.2392,0.06752243930023351,0.014323399953783436,0.0,0.0012096700836176863,0.015533070037401123,0.015533070037401123,0.061
2.2403999999999997,0.06745442339367384,0.014294558330952395,0.0,0.0011857363804051381,0.015480294711357532,0.015480294711357532,0.061
2.2415999999999996,0.06739045624680322,0.014267460076719305,0.0,0.0011603563865259323,0.015427816463245238,0.015427816463245238,0.061
2.2428,0.067330552904451,0.014242106674002292,0.0,0.0011335301019800596,0.015375636775982353,0.015375636775982353,0.061
2.2439999999999998,0.06727472773041039,0.014218499605719505,0.0,0.001105257526767539,0.015323757132487044,0.015323757132487044,0.061
2.2451999999999996,0.06722299439570595,0.014196640354789052,0.0,0.0010755386608883616,0.015272179015677415,0.015272179015677415,0.061
2.2464,0.06717536586740236,0.014176530404129051,0.0,0.0010443735043425151,0.015220903908471566,0.015220903908471566,0.061
2.2476,0.0671318543979765,0.014158171236657654,0.0,0.0010117620571300225,0.015169933293787677,0.015169933293787677,0.061
2.2487999999999997,0.06709247151527403,0.014141564335292964,0.0,0.000977704319250873,0.015119268654543837,0.015119268654543837,0.061
2.25,0.06705722801307172,0.014126711182953116,0.0,0.0009422002907050527,0.015068911473658169,0.015068911473658169,0.061
2.2512,0.067026133942264,0.014113613262556238,0.0,0.0009052499714925883,0.015018863234048826,0.015018863234048826,0.061
2.2523999999999997,0.0669991986026925,0.014102272057020455,0.0,0.0008668533616134667,0.014969125418633922,0.014969125418633922,0.061
2.2535999999999996,0.06697643053563504,0.0140926890492639,0.0,0.0008270104610676878,0.014919699510331588,0.014919699510331588,0.061
2.2548,0.06695783751696993,0.014084865722204678,0.0,0.0007857212698552363,0.014870586992059915,0.014870586992059915,0.061
2.256,0.06694342655102994,0.014078803558760936,0.0,0.0007429857879761428,0.014821789346737078,0.014821789346737078,0.061
2.2571999999999997,0.06693319444355528,0.014074500079560888,0.0,0.0006988079777203049,0.014773308057281193,0.014773308057281193,0.061
2.2584,0.06692413948221686,0.014070692239980115,0.0,0.0006544523666302322,0.014725144606610348,0.014725144606610348,0.061
2.2596,0.0669137244233666,0.01406631308215476,0.0,0.000610987395487955,0.014677300477642716,0.014677300477642716,0.061
2.2607999999999997,0.06690176650538178,0.014061286048012631,0.0,0.0005684911052837864,0.014629777153296417,0.014629777153296417,0.061
2.262,0.06688807821117292,0.014055532677363055,0.0,0.0005270434391264808,0.014582576116489537,0.014582576116489537,0.061
2.2632,0.06687248720821418,0.014048981007239896,0.0,0.0004867178429003605,0.014535698850140256,0.014535698850140256,0.061
2.2643999999999997,0.06685483270679346,0.0140415640552007,0.0,0.00044758278196596824,0.014489146837166667,0.014489146837166667,0.061
2.2655999999999996,0.06683494746973122,0.014033212278875176,0.0,0.0004097092816117286,0.014442921560486904,0.014442921560486904,0.061
2.2668,0.06681268991415437,0.014023867078346065,0.0,0.00037315742467301804,0.014397024503019083,0.014397024503019083,0.061
2.268,0.06678790956794034,0.01401346630459298,0.0,0.0003379908430883758,0.014351457147681355,0.014351457147681355,0.061
2.2691999999999997,0.06676046676162564,0.014001952549022291,0.0,0.00030426842836954145,0.014306220977391832,0.014306220977391832,0.061
2.2704,0.06673023123848616,0.013989272574998617,0.0,0.00027204490007001026,0.014261317475068628,0.014261317475068628,0.061
2.2716,0.0666970623996202,0.013975369053320221,0.0,0.00024137907030967286,0.014216748123629894,0.014216748123629894,0.061
2.2727999999999997,0.06666084359296207,0.01396019495907079,0.0,0.00021231944692295325,0.014172514405993743,0.014172514405993743,0.061
2.274,0.06662144697692014,0.013943698860599827,0.0,0.00018491894447846555,0.014128617805078292,0.014128617805078292,0.061
2.2752,0.06657875268306329,0.01392583297357302,0.0,0.00015922683022867107,0.01408505980380169,0.01408505980380169,0.061
2.2763999999999998,0.06653264920061672,0.013906553336192737,0.0,0.00013528854888931164,0.014041841885082049,0.014041841885082049,0.061
2.2775999999999996,0.06648301286080387,0.0138858112515479,0.0,0.00011315428028960086,0.013998965531837501,0.013998965531837501,0.061
2.2788,0.06642974174204334,0.013863567483941047,0.0,9.286474304510584e-05,0.013956432226986153,0.013956432226986153,0.061
2.28,0.06637272222202015,0.013839778298993282,0.0,7.446515445287681e-05,0.013914243453446159,0.013914243453446159,0.061
2.2811999999999997,0.06631184628800585,0.013814402721959934,0.0,5.799797217569719e-05,0.013872400694135631,0.013872400694135631,0.061
2.2824,0.06624701384221889,0.013787403513056908,0.0,4.35019189157823e-05,0.01383090543197269,0.01383090543197269,0.061
2.2836,0.06617811139461054,0.013758738317127709,0.0,3.102083274777565e-05,0.013789759149875484,0.013789759149875484,0.061
2.2847999999999997,0.06610504539476501,0.013728373563995418,0.0,2.058976676670043e-05,0.013748963330762119,0.013748963330762119,0.061
2.2859999999999996,0.06602771054261782,0.01369627130268419,0.0,1.224815486654338e-05,0.013708519457550732,0.013708519457550732,0.061
2.2872,0.06594600512205234,0.013662395609813806,0.0,6.033403345622452e-06,0.01366842901315943,0.01366842901315943,0.061
2.2883999999999998,0.06585983521855202,0.013626714353792837,0.0,1.979126713529155e-06,0.013628693480506366,0.013628693480506366,0.061
2.2895999999999996,0.06576909254228054,0.01358919003645867,0.0,1.2430605098719093e-07,0.013589314342509658,0.013589314342509658,0.061
2.2908,0.06567489816296825,0.01355029308208741,0.0,0.0,0.01355029308208741,0.01355029308208741,0.061
2.292,0.06558113893300421,0.013511631182157785,0.0,0.0,0.013511631182157785,0.013511631182157785,0.061
2.2931999999999997,0.06548812242543492,0.013473330125638885,0.0,0.0,0.013473330125638885,0.013473330125638885,0.061
2.2944,0.06539585541852021,0.013435391395448833,0.0,0.0,0.013435391395448833,0.013435391395448833,0.061
2.2956,0.06530434470317616,0.013397816474505784,0.0,0.0,0.013397816474505784,0.013397816474505784,0.061
2.2967999999999997,0.06521359708228033,0.013360606845727836,0.0,0.0,0.013360606845727836,0.013360606845727836,0.061
2.2979999999999996,0.0651236193699625,0.01332376399203313,0.0,0.0,0.01332376399203313,0.01332376399203313,0.061
2.2992,0.06503441839087976,0.013287289396339766,0.0,0.0,0.013287289396339766,0.013287289396339766,0.061
2.3004,0.0649460009794772,0.013251184541565913,0.0,0.0,0.013251184541565913,0.013251184541565913,0.061
2.3015999999999996,0.06485837397923265,0.013215450910629669,0.0,0.0,0.013215450910629669,0.013215450910629669,0.061
2.3028,0.06477154424188719,0.013180089986449154,0.0,0.0,0.013180089986449154,0.013180089986449154,0.061
2.304,0.06468551862666017,0.013145103251942519,0.0,0.0,0.013145103251942519,0.013145103251942519,0.061
2.3051999999999997,0.0646003039994492,0.013110492190027884,0.0,0.0,0.013110492190027884,0.013110492190027884,0.061
2.3064,0.06451590723201527,0.01307625828362335,0.0,0.0,0.01307625828362335,0.01307625828362335,0.061
2.3076,0.06443233520115309,0.01304240301564708,0.0,0.0,0.01304240301564708,0.01304240301564708,0.061
2.3087999999999997,0.0643495947878462,0.013008927869017183,0.0,0.0,0.013008927869017183,0.013008927869017183,0.061
2.3099999999999996,0.0642676928764076,0.012975834326651782,0.0,0.0,0.012975834326651782,0.012975834326651782,0.061
2.3112,0.06418663635360558,0.012943123871468997,0.0,0.0,0.012943123871468997,0.012943123871468997,0.061
2.3124,0.06410643210777489,0.012910797986386974,0.0,0.0,0.012910797986386974,0.012910797986386974,0.061
2.3135999999999997,0.06402708702791343,0.012878858154323825,0.0,0.0,0.012878858154323825,0.012878858154323825,0.061
2.3148,0.0639486080027646,0.012847305858197674,0.0,0.0,0.012847305858197674,0.012847305858197674,0.061
2.316,0.06387100191988536,0.012816142580926664,0.0,0.0,0.012816142580926664,0.012816142580926664,0.061
2.3171999999999997,0.06379427566470013,0.012785369805428909,0.0,0.0,0.012785369805428909,0.012785369805428909,0.061
2.3184,0.06371843611954078,0.012754989014622537,0.0,0.0,0.012754989014622537,0.012754989014622537,0.061
2.3196,0.06364349016267297,0.012725001691425677,0.0,0.0,0.012725001691425677,0.012725001691425677,0.061
2.3207999999999998,0.06356944466730853,0.01269540931875645,0.0,0.0,0.01269540931875645,0.01269540931875645,0.061
2.3219999999999996,0.06349630650060484,0.012666213379532987,0.0,0.0,0.012666213379532987,0.012666213379532987,0.061
2.3232,0.06342408252265067,0.012637415356673409,0.0,0.0,0.012637415356673409,0.012637415356673409,0.061
2.3244,0.06335277958543926,0.012609016733095845,0.0,0.0,0.012609016733095845,0.012609016733095845,0.061
2.3255999999999997,0.06328240453182861,0.01258101899171843,0.0,0.0,0.01258101899171843,0.01258101899171843,0.061
2.3268,0.06321296419448902,0.012553423615459271,0.0,0.0,0.012553423615459271,0.012553423615459271,0.061
2.328,0.06314446539483884,0.01252623208723651,0.0,0.0,0.01252623208723651,0.01252623208723651,0.061
2.3291999999999997,0.06307691494196789,0.012499445889968276,0.0,0.0,0.012499445889968276,0.012499445889968276,0.061
2.3303999999999996,0.06301031963154927,0.012473066506572685,0.0,0.0,0.012473066506572685,0.012473066506572685,0.061
2.3316,0.06294468624473992,0.012447095419967857,0.0,0.0,0.012447095419967857,0.012447095419967857,0.061
2.3327999999999998,0.0628800215470701,0.012421534113071935,0.0,0.0,0.012421534113071935,0.012421534113071935,0.061
2.3339999999999996,0.062816332287322,0.012396384068803045,0.0,0.0,0.012396384068803045,0.012396384068803045,0.061
2.3352,0.06275362519639802,0.01237164677007929,0.0,0.0,0.01237164677007929,0.01237164677007929,0.061
2.3364,0.06269190698617925,0.012347323699818821,0.0,0.0,0.012347323699818821,0.012347323699818821,0.061
2.3375999999999997,0.06263118434837395,0.012323416340939763,0.0,0.0,0.012323416340939763,0.012323416340939763,0.061
2.3388,0.06257146395335696,0.012299926176360219,0.0,0.0,0.012299926176360219,0.012299926176360219,0.061
2.34,0.06251275244900037,0.012276854688998348,0.0,0.0,0.012276854688998348,0.012276854688998348,0.061
2.3411999999999997,0.062455056459495346,0.012254203361772254,0.0,0.0,0.012254203361772254,0.012254203361772254,0.061
2.3423999999999996,0.062398382584166405,0.012231973677600068,0.0,0.0,0.012231973677600068,0.012231973677600068,0.061
2.3436,0.06234273739627777,0.012210167119399918,0.0,0.0,0.012210167119399918,0.012210167119399918,0.061
2.3447999999999998,0.06228812744183278,0.01218878517008993,0.0,0.0,0.01218878517008993,0.01218878517008993,0.061
2.3459999999999996,0.062234559238366516,0.01216782931258823,0.0,0.0,0.01216782931258823,0.01216782931258823,0.061
2.3472,0.06218203927373241,0.012147301029812941,0.0,0.0,0.012147301029812941,0.012147301029812941,0.061
2.3484,0.06213057400488307,0.012127201804682198,0.0,0.0,0.012127201804682198,0.012127201804682198,0.061
2.3495999999999997,0.06208016985664586,0.01210753312011412,0.0,0.0,0.01210753312011412,0.01210753312011412,0.061
2.3508,0.06203083322049406,0.012088296459026827,0.0,0.0,0.012088296459026827,0.012088296459026827,0.061
2.352,0.06198257045331373,0.012069493304338461,0.0,0.0,0.012069493304338461,0.012069493304338461,0.061
2.3531999999999997,0.06193538787616697,0.012051125138967143,0.0,0.0,0.012051125138967143,0.012051125138967143,0.061
2.3543999999999996,0.061889291773052316,0.012033193445830998,0.0,0.0,0.012033193445830998,0.012033193445830998,0.061
2.3556,0.061844288389662556,0.012015699707848148,0.0,0.0,0.012015699707848148,0.012015699707848148,0.061
2.3568,0.06180038393214075,0.011998645407936721,0.0,0.0,0.011998645407936721,0.011998645407936721,0.061
2.3579999999999997,0.061757584565834925,0.011982032029014851,0.0,0.0,0.011982032029014851,0.011982032029014851,0.061
2.3592,0.06171589641405203,0.011965861054000649,0.0,0.0,0.011965861054000649,0.011965861054000649,0.061
2.3604,0.06167532555681203,0.011950133965812258,0.0,0.0,0.011950133965812258,0.011950133965812258,0.061
2.3615999999999997,0.06163587802960222,0.011934852247367796,0.0,0.0,0.011934852247367796,0.011934852247367796,0.061
2.3628,0.06159755982213297,0.011920017381585383,0.0,0.0,0.011920017381585383,0.011920017381585383,0.061
2.364,0.06156037687709522,0.011905630851383159,0.0,0.0,0.011905630851383159,0.011905630851383159,0.061
2.3651999999999997,0.06152433508892032,0.011891694139679247,0.0,0.0,0.011891694139679247,0.011891694139679247,0.061
2.3663999999999996,0.061489440302543025,0.011878208729391767,0.0,0.0,0.011878208729391767,0.011878208729391767,0.061
2.3676,0.06145569831216834,0.011865176103438842,0.0,0.0,0.011865176103438842,0.011865176103438842,0.061
2.3688,0.06142311486004273,0.011852597744738612,0.0,0.0,0.011852597744738612,0.011852597744738612,0.061
2.3699999999999997,0.06139169563523026,0.011840475136209188,0.0,0.0,0.011840475136209188,0.011840475136209188,0.061
2.3712,0.061361446272394864,0.011828809760768713,0.0,0.0,0.011828809760768713,0.011828809760768713,0.061
2.3724,0.061332372350588645,0.011817603101335297,0.0,0.0,0.011817603101335297,0.011817603101335297,0.061
2.3735999999999997,0.0613044793920477,0.01180685664082708,0.0,0.0,0.01180685664082708,0.01180685664082708,0.061
2.3747999999999996,0.06127777286099546,0.011796571862162179,0.0,0.0,0.011796571862162179,0.011796571862162179,0.061
2.376,0.06125225816245471,0.011786750248258721,0.0,0.0,0.011786750248258721,0.011786750248258721,0.061
2.3771999999999998,0.06122794064106885,0.01177739328203484,0.0,0.0,0.01177739328203484,0.01177739328203484,0.061
2.3783999999999996,0.06120482557993284,0.011768502446408657,0.0,0.0,0.011768502446408657,0.011768502446408657,0.061
2.3796,0.061182918199434964,0.01176007922429829,0.0,0.0,0.01176007922429829,0.01176007922429829,0.061
2.3808,0.06116222365610983,0.01175212509862188,0.0,0.0,0.01175212509862188,0.01175212509862188,0.061
2.3819999999999997,0.06114274704150322,0.011744641552297548,0.0,0.0,0.011744641552297548,0.011744641552297548,0.061
2.3832,0.0611244933810498,0.011737630068243413,0.0,0.0,0.011737630068243413,0.011737630068243413,0.061
2.3844,0.06110746763296407,0.011731092129377615,0.0,0.0,0.011731092129377615,0.011731092129377615,0.061
2.3855999999999997,0.06109167468714538,0.011725029218618264,0.0,0.0,0.011725029218618264,0.011725029218618264,0.061
2.3867999999999996,0.06107711936409781,0.011719442818883504,0.0,0.0,0.011719442818883504,0.011719442818883504,0.061
2.388,0.061063806413865156,0.011714334413091443,0.0,0.0,0.011714334413091443,0.011714334413091443,0.061
2.3891999999999998,0.06105174051498245,0.011709705484160223,0.0,0.0,0.011709705484160223,0.011709705484160223,0.061
2.3903999999999996,0.0610409262734438,0.011705557515007967,0.0,0.0,0.011705557515007967,0.011705557515007967,0.061
2.3916,0.06103136822168786,0.01170189198855279,0.0,0.0,0.01170189198855279,0.01170189198855279,0.061
2.3928,0.06102307081760144,0.011698710387712828,0.0,0.0,0.011698710387712828,0.011698710387712828,0.061
2.3939999999999997,0.06101603844354164,0.011696014195406211,0.0,0.0,0.011696014195406211,0.011696014195406211,0.061
2.3952,0.061010275405377415,0.011693804894551053,0.0,0.0,0.011693804894551053,0.011693804894551053,0.061
2.3964,0.061005785931551204,0.011692083968065491,0.0,0.0,0.011692083968065491,0.011692083968065491,0.061
2.3975999999999997,0.06100257417216097,0.011690852898867649,0.0,0.0,0.011690852898867649,0.011690852898867649,0.061
2.3987999999999996,0.06100064419806361,0.01169011316987565,0.0,0.0,0.01169011316987565,0.01169011316987565,0.061
2.4,0.061000000000000006,0.011689866264007621,0.0,0.0,0.011689866264007621,0.011689866264007621,0.061
